Usage_kWh,Lagging_Current_Reactive.Power_kVarh,Leading_Current_Reactive_Power_kVarh,CO2(tCO2),Lagging_Current_Power_Factor,Leading_Current_Power_Factor,NSM,WeekStatus,Day_of_week,Load_Type,timestamp,hour,dayofweek,is_weekend,month,usage_lag_1step,usage_lag_1day,usage_roll_mean_1day
128.52,70.85,0.0,0.0,87.57,100.0,40500,Weekday,Tuesday,Maximum_Load,2018-01-02 11:15:00,11,1,0,1,77.58,3.49,11.458333333333334
129.37415,78.48,0.0,0.0,87.87,100.0,41400,Weekday,Tuesday,Maximum_Load,2018-01-02 11:30:00,11,1,0,1,128.52,3.46,12.7699390625
123.3,66.06,0.0,0.0,88.15,100.0,43200,Weekday,Tuesday,Maximum_Load,2018-01-02 12:00:00,12,1,0,1,90.86,3.49,14.922751562499998
124.45,49.79,0.0,0.0,92.85,100.0,49500,Weekday,Tuesday,Medium_Load,2018-01-02 13:45:00,13,1,0,1,97.85,3.67,18.2474390625
108.61,43.34,0.0,0.0,92.88,100.0,50400,Weekday,Tuesday,Medium_Load,2018-01-02 14:00:00,14,1,0,1,124.45,4.28,19.33420989583333
123.12,55.26,0.0,0.0,91.23,100.0,51300,Weekday,Tuesday,Medium_Load,2018-01-02 14:15:00,14,1,0,1,108.61,3.64,20.578793229166667
129.1,53.5,0.0,0.0,92.38,100.0,52200,Weekday,Tuesday,Medium_Load,2018-01-02 14:30:00,14,1,0,1,123.12,3.78,21.884209895833333
129.37415,60.91,0.0,0.0,92.09,100.0,54000,Weekday,Tuesday,Medium_Load,2018-01-02 15:00:00,15,1,0,1,82.08,3.64,24.006232291666667
129.37415,62.57,0.0,0.0,91.45,100.0,55800,Weekday,Tuesday,Medium_Load,2018-01-02 15:30:00,15,1,0,1,86.9,4.1,26.17554635416667
116.53,52.88,0.0,0.0,91.06,100.0,56700,Weekday,Tuesday,Medium_Load,2018-01-02 15:45:00,15,1,0,1,129.37415,3.6,27.35190052083333
129.31,61.16,0.0,0.0,90.4,100.0,57600,Weekday,Tuesday,Medium_Load,2018-01-02 16:00:00,16,1,0,1,116.53,3.96,28.6576296875
129.37415,56.77,0.0,0.0,92.33,100.0,58500,Weekday,Tuesday,Medium_Load,2018-01-02 16:15:00,16,1,0,1,129.31,4.0,29.96361041666667
129.37415,65.27,0.0,0.0,91.44,100.0,60300,Weekday,Tuesday,Medium_Load,2018-01-02 16:45:00,16,1,0,1,85.72,4.07,32.124278645833336
115.78,50.04,0.0,0.0,91.79,100.0,63000,Weekday,Tuesday,Maximum_Load,2018-01-02 17:30:00,17,1,0,1,67.25,4.1,34.816882812500005
113.11,34.63,0.0,0.0,95.62,100.0,63900,Weekday,Tuesday,Maximum_Load,2018-01-02 17:45:00,17,1,0,1,115.78,3.6,35.95761197916667
109.48,53.32,0.0,0.05,89.9,100.0,31500,Weekday,Wednesday,Light_Load,2018-01-03 08:45:00,8,2,0,1,74.59,52.06,41.808445312500005
105.08,31.82,0.0,0.05,95.71,100.0,32400,Weekday,Wednesday,Light_Load,2018-01-03 09:00:00,9,2,0,1,109.48,56.2,42.31761197916666
121.79,41.26,0.0,0.06,94.71,100.0,33300,Weekday,Wednesday,Medium_Load,2018-01-03 09:15:00,9,2,0,1,105.08,56.84,42.99417447916667
114.48,30.24,0.0,0.05,96.68,100.0,34200,Weekday,Wednesday,Medium_Load,2018-01-03 09:30:00,9,2,0,1,121.79,51.26,43.65271614583333
116.53,41.9,0.0,0.05,94.1,100.0,59400,Weekday,Wednesday,Medium_Load,2018-01-03 16:30:00,16,2,0,1,85.0,85.72,35.6686890625
118.62,39.06,0.0,0.05,94.98,100.0,60300,Weekday,Wednesday,Medium_Load,2018-01-03 16:45:00,16,2,0,1,116.53,129.37415,35.556666666666665
105.05,35.64,0.0,0.05,94.7,100.0,61200,Weekday,Wednesday,Medium_Load,2018-01-03 17:00:00,17,2,0,1,118.62,86.94,35.745312500000004
129.37415,52.96,0.0,0.06,93.57,100.0,62100,Weekday,Wednesday,Maximum_Load,2018-01-03 17:15:00,17,2,0,1,105.05,67.25,36.3924390625
114.01,41.15,0.0,0.05,94.06,100.0,63000,Weekday,Wednesday,Maximum_Load,2018-01-03 17:30:00,17,2,0,1,129.37415,115.78,36.3740015625
125.96,39.2,0.0,0.06,95.48,100.0,63900,Weekday,Wednesday,Maximum_Load,2018-01-03 17:45:00,17,2,0,1,114.01,113.11,36.50785572916666
129.37415,74.88,0.0,0.06,87.63,100.0,30600,Weekday,Thursday,Light_Load,2018-01-04 08:30:00,8,3,0,1,83.23,74.59,38.00539895833334
108.29,75.82,0.0,0.05,81.92,100.0,31500,Weekday,Thursday,Light_Load,2018-01-04 08:45:00,8,3,0,1,129.37415,109.48,37.993003125
129.37415,53.6,0.0,0.06,92.57,100.0,32400,Weekday,Thursday,Light_Load,2018-01-04 09:00:00,9,3,0,1,108.29,105.08,38.2460671875
129.37415,56.7,0.0,0.06,92.3,100.0,33300,Weekday,Thursday,Medium_Load,2018-01-04 09:15:00,9,3,0,1,129.37415,121.79,38.32506875
128.02,46.22,0.0,0.06,94.06,100.0,34200,Weekday,Thursday,Medium_Load,2018-01-04 09:30:00,9,3,0,1,129.37415,114.48,38.46611041666667
129.37415,53.53,0.0,0.06,92.75,100.0,35100,Weekday,Thursday,Medium_Load,2018-01-04 09:45:00,9,3,0,1,128.02,74.2,39.04084114583333
111.49,39.17,0.0,0.05,94.35,100.0,36000,Weekday,Thursday,Medium_Load,2018-01-04 10:00:00,10,3,0,1,129.37415,54.32,39.63636197916667
124.78,38.95,0.0,0.06,95.46,100.0,36900,Weekday,Thursday,Maximum_Load,2018-01-04 10:15:00,10,3,0,1,111.49,75.17,40.1531328125
128.81,41.04,0.0,0.06,95.28,100.0,38700,Weekday,Thursday,Maximum_Load,2018-01-04 10:45:00,10,3,0,1,96.66,67.03,41.19865364583334
104.8,59.04,0.0,0.05,87.13,100.0,40500,Weekday,Thursday,Maximum_Load,2018-01-04 11:15:00,11,3,0,1,78.37,57.56,41.73011197916667
129.37415,61.2,0.0,0.06,90.7,100.0,41400,Weekday,Thursday,Maximum_Load,2018-01-04 11:30:00,11,3,0,1,104.8,78.62,42.258801041666665
113.11,60.19,0.0,0.05,88.28,100.0,42300,Weekday,Thursday,Maximum_Load,2018-01-04 11:45:00,11,3,0,1,129.37415,69.16,42.71661354166667
128.05,60.55,0.0,0.06,90.4,100.0,43200,Weekday,Thursday,Maximum_Load,2018-01-04 12:00:00,12,3,0,1,113.11,74.05,43.27911354166667
129.37415,51.95,0.0,0.06,93.37,100.0,48600,Weekday,Thursday,Medium_Load,2018-01-04 13:30:00,13,3,0,1,78.37,52.7,44.37405260416667
105.12,33.66,0.0,0.05,95.24,100.0,49500,Weekday,Thursday,Medium_Load,2018-01-04 13:45:00,13,3,0,1,129.37415,55.84,44.8873859375
120.6,41.4,0.0,0.06,94.58,100.0,50400,Weekday,Thursday,Medium_Load,2018-01-04 14:00:00,14,3,0,1,105.12,57.2,45.54780260416667
117.97,41.72,0.0,0.05,94.28,100.0,51300,Weekday,Thursday,Medium_Load,2018-01-04 14:15:00,14,3,0,1,120.6,76.57,45.97905260416667
121.93,43.56,0.0,0.06,94.17,100.0,52200,Weekday,Thursday,Medium_Load,2018-01-04 14:30:00,14,3,0,1,117.97,61.13,46.6123859375
121.07,44.35,0.0,0.06,93.9,100.0,53100,Weekday,Thursday,Medium_Load,2018-01-04 14:45:00,14,3,0,1,121.93,66.74,47.178323437500005
115.42,38.45,0.0,0.05,94.87,100.0,54000,Weekday,Thursday,Medium_Load,2018-01-04 15:00:00,15,3,0,1,121.07,55.8,47.79936510416667
115.49,41.15,0.0,0.05,94.2,100.0,54900,Weekday,Thursday,Medium_Load,2018-01-04 15:15:00,15,3,0,1,115.42,57.46,48.40384427083333
101.92,39.06,0.0,0.05,93.38,100.0,55800,Weekday,Thursday,Medium_Load,2018-01-04 15:30:00,15,3,0,1,115.49,71.28,48.7230109375
129.37415,51.8,0.0,0.06,93.63,100.0,56700,Weekday,Thursday,Medium_Load,2018-01-04 15:45:00,15,3,0,1,101.92,73.15,49.30867916666667
118.94,49.97,0.0,0.05,92.19,100.0,57600,Weekday,Thursday,Medium_Load,2018-01-04 16:00:00,16,3,0,1,129.37415,68.98,49.82909583333333
129.37415,54.94,0.0,0.07,93.45,100.0,58500,Weekday,Thursday,Medium_Load,2018-01-04 16:15:00,16,3,0,1,118.94,85.0,50.2913265625
119.99,38.99,0.0,0.06,95.1,100.0,60300,Weekday,Thursday,Medium_Load,2018-01-04 16:45:00,16,3,0,1,88.27,118.62,50.011222395833336
129.37415,43.88,0.0,0.06,94.79,100.0,62100,Weekday,Thursday,Maximum_Load,2018-01-04 17:15:00,17,3,0,1,97.63,129.37415,49.93393072916667
122.04,51.44,0.0,0.06,92.15,100.0,63000,Weekday,Thursday,Maximum_Load,2018-01-04 17:30:00,17,3,0,1,129.37415,114.01,50.0175765625
117.61,66.56,0.0,0.05,87.03,100.0,30600,Weekday,Friday,Light_Load,2018-01-05 08:30:00,8,4,0,1,72.14,129.37415,51.06086666666667
129.37415,59.44,0.0,0.06,91.68,100.0,32400,Weekday,Friday,Light_Load,2018-01-05 09:00:00,9,4,0,1,98.71,129.37415,50.961075
120.71,36.47,0.0,0.06,95.73,100.0,33300,Weekday,Friday,Medium_Load,2018-01-05 09:15:00,9,4,0,1,129.37415,129.37415,50.8708234375
114.7,39.02,0.0,0.05,94.67,100.0,35100,Weekday,Friday,Medium_Load,2018-01-05 09:45:00,9,4,0,1,94.82,129.37415,50.372134375
129.37415,45.47,0.0,0.06,94.56,100.0,36000,Weekday,Friday,Medium_Load,2018-01-05 10:00:00,10,4,0,1,114.7,111.49,50.55842760416667
128.56,45.4,0.0,0.06,94.29,100.0,37800,Weekday,Friday,Maximum_Load,2018-01-05 10:30:00,10,4,0,1,77.08,96.66,50.39384427083334
129.37415,46.04,0.0,0.06,94.46,100.0,38700,Weekday,Friday,Maximum_Load,2018-01-05 10:45:00,10,4,0,1,128.56,128.81,50.39972083333333
114.3,43.81,0.0,0.05,93.38,100.0,39600,Weekday,Friday,Maximum_Load,2018-01-05 11:00:00,11,4,0,1,129.37415,78.37,50.77399166666667
129.37415,63.86,0.0,0.06,89.74,100.0,40500,Weekday,Friday,Maximum_Load,2018-01-05 11:15:00,11,4,0,1,114.3,104.8,51.02997239583333
120.28,65.99,0.0,0.06,87.67,100.0,41400,Weekday,Friday,Maximum_Load,2018-01-05 11:30:00,11,4,0,1,129.37415,129.37415,50.93524166666666
129.37415,63.79,0.0,0.06,89.78,100.0,42300,Weekday,Friday,Maximum_Load,2018-01-05 11:45:00,11,4,0,1,120.28,113.11,51.10465989583333
124.63,41.83,0.0,0.06,94.8,100.0,48600,Weekday,Friday,Medium_Load,2018-01-05 13:30:00,13,4,0,1,50.08,129.37415,50.41149166666667
114.05,36.43,0.0,0.05,95.26,100.0,49500,Weekday,Friday,Medium_Load,2018-01-05 13:45:00,13,4,0,1,124.63,105.12,50.5045125
129.37415,59.04,0.0,0.06,91.31,100.0,53100,Weekday,Friday,Medium_Load,2018-01-05 14:45:00,14,4,0,1,87.05,121.07,49.22497239583333
129.37415,56.52,0.0,0.06,91.69,100.0,55800,Weekday,Friday,Medium_Load,2018-01-05 15:30:00,15,4,0,1,96.84,101.92,48.965640625
129.37415,66.92,0.0,0.07,90.94,100.0,57600,Weekday,Friday,Medium_Load,2018-01-05 16:00:00,16,4,0,1,92.95,118.94,48.69491145833333
129.37415,60.62,0.0,0.06,90.59,100.0,59400,Weekday,Friday,Medium_Load,2018-01-05 16:30:00,16,4,0,1,98.5,88.27,48.80147395833333
121.07,44.93,0.0,0.06,93.75,100.0,60300,Weekday,Friday,Medium_Load,2018-01-05 16:45:00,16,4,0,1,129.37415,119.99,48.81272395833333
129.37415,66.35,0.0,0.07,91.01,100.0,62100,Weekday,Friday,Maximum_Load,2018-01-05 17:15:00,17,4,0,1,69.8,129.37415,48.522828125
117.68,51.98,0.0,0.05,91.47,100.0,63000,Weekday,Friday,Maximum_Load,2018-01-05 17:30:00,17,4,0,1,129.37415,122.04,48.477411458333336
129.37415,77.8,0.0,0.06,85.9,100.0,30600,Weekday,Monday,Light_Load,2018-01-08 08:30:00,8,0,0,1,49.93,3.35,5.560147395833333
114.95,42.34,0.0,0.05,93.84,100.0,32400,Weekday,Monday,Light_Load,2018-01-08 09:00:00,9,0,0,1,81.36,4.14,7.527751562500001
108.04,30.56,0.0,0.05,96.22,100.0,33300,Weekday,Monday,Medium_Load,2018-01-08 09:15:00,9,0,0,1,114.95,3.56,8.616084895833334
129.37415,51.37,0.0,0.06,93.56,100.0,35100,Weekday,Monday,Medium_Load,2018-01-08 09:45:00,9,0,0,1,95.26,4.1,10.874669791666667
108.97,47.23,0.0,0.05,91.75,100.0,36000,Weekday,Monday,Medium_Load,2018-01-08 10:00:00,10,0,0,1,129.37415,3.56,11.972690625
129.37415,55.8,0.0,0.06,92.42,100.0,36900,Weekday,Monday,Maximum_Load,2018-01-08 10:15:00,10,0,0,1,108.97,3.82,13.280546354166669
107.14,45.07,0.0,0.05,92.18,100.0,37800,Weekday,Monday,Maximum_Load,2018-01-08 10:30:00,10,0,0,1,129.37415,3.96,14.355338020833337
129.37415,58.9,0.0,0.06,92.11,100.0,38700,Weekday,Monday,Maximum_Load,2018-01-08 10:45:00,10,0,0,1,107.14,3.56,15.665902083333334
129.37415,74.63,0.0,0.06,88.02,100.0,40500,Weekday,Monday,Maximum_Load,2018-01-08 11:15:00,11,0,0,1,95.08,3.64,17.925216145833335
125.46,70.7,0.0,0.06,87.12,100.0,41400,Weekday,Monday,Maximum_Load,2018-01-08 11:30:00,11,0,0,1,129.37415,3.42,19.19646614583333
116.24,65.95,0.0,0.05,86.98,100.0,42300,Weekday,Monday,Maximum_Load,2018-01-08 11:45:00,11,0,0,1,125.46,3.82,20.3675078125
120.02,65.63,0.0,0.06,87.74,100.0,43200,Weekday,Monday,Maximum_Load,2018-01-08 12:00:00,12,0,0,1,116.24,3.64,21.579799479166667
111.85,55.62,0.0,0.05,89.54,100.0,49500,Weekday,Monday,Medium_Load,2018-01-08 13:45:00,13,0,0,1,76.14,3.56,24.25802864583333
121.07,53.42,0.0,0.06,91.49,100.0,50400,Weekday,Monday,Medium_Load,2018-01-08 14:00:00,14,0,0,1,111.85,4.21,25.475320312500003
108.14,45.68,0.0,0.05,92.12,100.0,52200,Weekday,Monday,Medium_Load,2018-01-08 14:30:00,14,0,0,1,95.04,3.56,27.5171953125
111.89,43.13,0.0,0.05,93.31,100.0,54900,Weekday,Monday,Medium_Load,2018-01-08 15:15:00,15,0,0,1,83.84,3.6,30.407716145833334
111.02,44.14,0.0,0.05,92.92,100.0,55800,Weekday,Monday,Medium_Load,2018-01-08 15:30:00,15,0,0,1,111.89,4.18,31.5206328125
126.43,56.84,0.0,0.06,91.21,100.0,56700,Weekday,Monday,Medium_Load,2018-01-08 15:45:00,15,0,0,1,111.02,3.6,32.800111979166665
112.68,49.79,0.0,0.05,91.47,100.0,57600,Weekday,Monday,Medium_Load,2018-01-08 16:00:00,16,0,0,1,126.43,3.64,33.9359453125
129.37415,53.93,0.0,0.06,93.05,100.0,60300,Weekday,Monday,Medium_Load,2018-01-08 16:45:00,16,0,0,1,96.88,3.53,37.032238541666665
100.58,36.29,0.0,0.05,94.06,100.0,61200,Weekday,Monday,Medium_Load,2018-01-08 17:00:00,17,0,0,1,129.37415,4.14,38.036821875
129.37415,49.21,0.0,0.06,93.66,100.0,62100,Weekday,Monday,Maximum_Load,2018-01-08 17:15:00,17,0,0,1,100.58,3.56,39.3473859375
101.66,29.59,0.0,0.05,96.02,100.0,63000,Weekday,Monday,Maximum_Load,2018-01-08 17:30:00,17,0,0,1,129.37415,3.64,40.36842760416666
129.35,72.29,0.0,0.06,87.29,100.0,66600,Weekday,Monday,Maximum_Load,2018-01-08 18:30:00,18,0,0,1,74.02,3.96,43.07301093750001
126.97,57.35,0.0,0.06,91.13,100.0,67500,Weekday,Monday,Maximum_Load,2018-01-08 18:45:00,18,0,0,1,129.35,3.56,44.35853177083333
117.14,46.3,0.0,0.05,93.0,100.0,68400,Weekday,Monday,Maximum_Load,2018-01-08 19:00:00,19,0,0,1,126.97,3.56,45.541656770833335
129.37415,64.3,0.0,0.07,91.29,100.0,70200,Weekday,Monday,Maximum_Load,2018-01-08 19:30:00,19,0,0,1,70.74,3.56,47.54670000000001
107.89,46.94,0.0,0.05,91.7,100.0,71100,Weekday,Monday,Maximum_Load,2018-01-08 19:45:00,19,0,0,1,129.37415,3.67,48.632325
129.37415,61.74,0.0,0.07,92.04,100.0,72000,Weekday,Monday,Maximum_Load,2018-01-08 20:00:00,20,0,0,1,107.89,4.07,49.937576562500006
103.43,40.9,0.0,0.05,92.99,100.0,72900,Weekday,Monday,Medium_Load,2018-01-08 20:15:00,20,0,0,1,129.37415,3.6,50.97747239583333
129.37415,46.22,0.0,0.06,94.59,100.0,73800,Weekday,Monday,Medium_Load,2018-01-08 20:30:00,20,0,0,1,103.43,3.74,52.28616145833334
109.33,40.28,0.0,0.05,93.83,100.0,74700,Weekday,Monday,Medium_Load,2018-01-08 20:45:00,20,0,0,1,129.37415,4.0,53.383348958333336
99.43,59.69,0.0,0.05,85.74,100.0,29700,Weekday,Tuesday,Light_Load,2018-01-09 08:15:00,8,1,0,1,37.8,49.93,55.75699479166667
102.71,66.67,0.0,0.05,83.88,100.0,31500,Weekday,Tuesday,Light_Load,2018-01-09 08:45:00,8,1,0,1,83.74,81.36,55.504034895833335
128.38,51.88,0.0,0.06,92.72,100.0,32400,Weekday,Tuesday,Light_Load,2018-01-09 09:00:00,9,1,0,1,102.71,114.95,55.64393072916667
123.19,57.46,0.0,0.06,90.63,100.0,33300,Weekday,Tuesday,Medium_Load,2018-01-09 09:15:00,9,1,0,1,128.38,108.04,55.80174322916667
129.37415,50.94,0.0,0.06,93.38,100.0,34200,Weekday,Tuesday,Medium_Load,2018-01-09 09:30:00,9,1,0,1,123.19,95.26,56.157098958333336
105.66,33.44,0.0,0.05,95.34,100.0,35100,Weekday,Tuesday,Medium_Load,2018-01-09 09:45:00,9,1,0,1,129.37415,129.37415,55.9100765625
129.37415,48.02,0.0,0.06,93.98,100.0,36000,Weekday,Tuesday,Medium_Load,2018-01-09 10:00:00,10,1,0,1,105.66,108.97,56.122619791666665
106.42,33.55,0.0,0.05,95.37,100.0,36900,Weekday,Tuesday,Maximum_Load,2018-01-09 10:15:00,10,1,0,1,129.37415,129.37415,55.883514062500005
120.02,48.74,0.0,0.06,92.65,100.0,37800,Weekday,Tuesday,Maximum_Load,2018-01-09 10:30:00,10,1,0,1,106.42,107.14,56.01768072916667
128.81,45.83,0.0,0.06,94.21,100.0,38700,Weekday,Tuesday,Maximum_Load,2018-01-09 10:45:00,10,1,0,1,120.02,129.37415,56.01180416666667
116.68,43.74,0.0,0.05,93.64,100.0,39600,Weekday,Tuesday,Maximum_Load,2018-01-09 11:00:00,11,1,0,1,128.81,95.08,56.236804166666666
129.37415,70.96,0.0,0.06,88.68,100.0,40500,Weekday,Tuesday,Maximum_Load,2018-01-09 11:15:00,11,1,0,1,116.68,129.37415,56.236804166666666
106.49,55.62,0.0,0.05,88.64,100.0,41400,Weekday,Tuesday,Maximum_Load,2018-01-09 11:30:00,11,1,0,1,129.37415,125.46,56.0392
125.71,66.31,0.0,0.06,88.45,100.0,42300,Weekday,Tuesday,Maximum_Load,2018-01-09 11:45:00,11,1,0,1,106.49,116.24,56.13784583333334
107.64,50.11,0.0,0.05,90.66,100.0,43200,Weekday,Tuesday,Maximum_Load,2018-01-09 12:00:00,12,1,0,1,125.71,120.02,56.00888749999999
129.37415,50.94,0.0,0.06,93.7,100.0,48600,Weekday,Tuesday,Medium_Load,2018-01-09 13:30:00,13,1,0,1,84.92,76.14,56.93424322916667
103.64,33.88,0.0,0.05,95.05,100.0,49500,Weekday,Tuesday,Medium_Load,2018-01-09 13:45:00,13,1,0,1,129.37415,111.85,56.848722395833335
126.83,42.95,0.0,0.06,94.72,100.0,50400,Weekday,Tuesday,Medium_Load,2018-01-09 14:00:00,14,1,0,1,103.64,121.07,56.90872239583334
105.91,36.04,0.0,0.05,94.67,100.0,51300,Weekday,Tuesday,Medium_Load,2018-01-09 14:15:00,14,1,0,1,126.83,95.04,57.0219515625
127.73,45.54,0.0,0.06,94.19,100.0,52200,Weekday,Tuesday,Medium_Load,2018-01-09 14:30:00,14,1,0,1,105.91,108.14,57.22601406249999
106.99,34.78,0.0,0.05,95.1,100.0,53100,Weekday,Tuesday,Medium_Load,2018-01-09 14:45:00,14,1,0,1,127.73,93.17,57.36997239583334
124.92,40.39,0.0,0.06,95.15,100.0,54000,Weekday,Tuesday,Medium_Load,2018-01-09 15:00:00,15,1,0,1,106.99,83.84,57.79788906250001
112.03,37.55,0.0,0.05,94.82,100.0,56700,Weekday,Tuesday,Medium_Load,2018-01-09 15:45:00,15,1,0,1,71.14,126.43,56.76215989583334
123.3,49.03,0.0,0.06,92.92,100.0,57600,Weekday,Tuesday,Medium_Load,2018-01-09 16:00:00,16,1,0,1,112.03,112.68,56.87278489583334
110.05,34.24,0.0,0.05,95.49,100.0,58500,Weekday,Tuesday,Medium_Load,2018-01-09 16:15:00,16,1,0,1,123.3,82.22,57.16268072916666
127.48,46.48,0.0,0.06,93.95,100.0,59400,Weekday,Tuesday,Medium_Load,2018-01-09 16:30:00,16,1,0,1,110.05,96.88,57.48143072916667
105.84,34.52,0.0,0.05,95.07,100.0,60300,Weekday,Tuesday,Medium_Load,2018-01-09 16:45:00,16,1,0,1,127.48,129.37415,57.23628333333334
117.61,38.7,0.0,0.05,94.99,100.0,61200,Weekday,Tuesday,Medium_Load,2018-01-09 17:00:00,17,1,0,1,105.84,100.58,57.41367916666667
117.07,43.27,0.0,0.05,93.8,100.0,62100,Weekday,Tuesday,Maximum_Load,2018-01-09 17:15:00,17,1,0,1,117.61,129.37415,57.2855109375
117.58,41.0,0.0,0.05,94.42,100.0,63000,Weekday,Tuesday,Maximum_Load,2018-01-09 17:30:00,17,1,0,1,117.07,101.66,57.45134427083333
111.53,57.92,0.0,0.05,88.75,100.0,66600,Weekday,Tuesday,Maximum_Load,2018-01-09 18:30:00,18,1,0,1,77.8,129.35,57.286031770833326
121.36,49.25,0.0,0.06,92.66,100.0,67500,Weekday,Tuesday,Maximum_Load,2018-01-09 18:45:00,18,1,0,1,111.53,126.97,57.22759427083334
114.8,40.25,0.0,0.05,94.37,100.0,68400,Weekday,Tuesday,Maximum_Load,2018-01-09 19:00:00,19,1,0,1,121.36,117.14,57.20321927083334
103.68,33.34,0.0,0.05,95.2,100.0,69300,Weekday,Tuesday,Maximum_Load,2018-01-09 19:15:00,19,1,0,1,114.8,70.74,57.54634427083334
123.34,48.2,0.0,0.06,93.14,100.0,70200,Weekday,Tuesday,Maximum_Load,2018-01-09 19:30:00,19,1,0,1,103.68,129.37415,57.48348854166667
108.54,40.82,0.0,0.05,93.6,100.0,71100,Weekday,Tuesday,Maximum_Load,2018-01-09 19:45:00,19,1,0,1,123.34,107.89,57.490259375
113.0,36.83,0.0,0.05,95.08,100.0,72000,Weekday,Tuesday,Maximum_Load,2018-01-09 20:00:00,20,1,0,1,108.54,129.37415,57.3196953125
105.84,37.15,0.0,0.05,94.36,100.0,72900,Weekday,Tuesday,Medium_Load,2018-01-09 20:15:00,20,1,0,1,113.0,103.43,57.344799479166674
118.87,39.49,0.0,0.05,94.9,100.0,73800,Weekday,Tuesday,Medium_Load,2018-01-09 20:30:00,20,1,0,1,105.84,129.37415,57.23538125
99.72,25.88,0.0,0.05,96.79,100.0,74700,Weekday,Tuesday,Medium_Load,2018-01-09 20:45:00,20,1,0,1,118.87,109.33,57.135277083333335
107.64,63.65,0.0,0.05,86.08,100.0,30600,Weekday,Wednesday,Light_Load,2018-01-10 08:30:00,8,2,0,1,94.61,83.74,56.826318750000006
101.63,63.22,0.0,0.05,84.91,100.0,31500,Weekday,Wednesday,Light_Load,2018-01-10 08:45:00,8,2,0,1,107.64,102.71,56.81506875
124.31,50.26,0.0,0.06,92.71,100.0,32400,Weekday,Wednesday,Light_Load,2018-01-10 09:00:00,9,2,0,1,101.63,128.38,56.77267291666666
109.91,35.42,0.0,0.05,95.18,100.0,33300,Weekday,Wednesday,Medium_Load,2018-01-10 09:15:00,9,2,0,1,124.31,123.19,56.634339583333336
126.04,45.61,0.0,0.06,94.03,100.0,34200,Weekday,Wednesday,Medium_Load,2018-01-10 09:30:00,9,2,0,1,109.91,129.37415,56.59960885416666
121.43,43.49,0.0,0.06,94.14,100.0,36000,Weekday,Wednesday,Medium_Load,2018-01-10 10:00:00,10,2,0,1,98.39,129.37415,56.441128125000006
117.14,38.77,0.0,0.05,94.94,100.0,36900,Weekday,Wednesday,Maximum_Load,2018-01-10 10:15:00,10,2,0,1,121.43,106.42,56.55279479166666
105.8,32.65,0.0,0.05,95.55,100.0,37800,Weekday,Wednesday,Maximum_Load,2018-01-10 10:30:00,10,2,0,1,117.14,120.02,56.40466979166666
124.88,42.23,0.0,0.06,94.73,100.0,38700,Weekday,Wednesday,Maximum_Load,2018-01-10 10:45:00,10,2,0,1,105.8,128.81,56.36373229166667
110.34,36.11,0.0,0.05,95.04,100.0,39600,Weekday,Wednesday,Maximum_Load,2018-01-10 11:00:00,11,2,0,1,124.88,116.68,56.297690625
129.37415,70.56,0.0,0.07,89.7,100.0,40500,Weekday,Wednesday,Maximum_Load,2018-01-10 11:15:00,11,2,0,1,110.34,129.37415,56.297690625
101.59,51.98,0.0,0.05,89.02,100.0,41400,Weekday,Wednesday,Maximum_Load,2018-01-10 11:30:00,11,2,0,1,129.37415,106.49,56.24664895833333
129.37415,71.89,0.0,0.06,88.53,100.0,42300,Weekday,Wednesday,Maximum_Load,2018-01-10 11:45:00,11,2,0,1,101.59,125.71,56.2848171875
122.76,61.49,0.0,0.06,89.41,100.0,43200,Weekday,Wednesday,Maximum_Load,2018-01-10 12:00:00,12,2,0,1,129.37415,107.64,56.4423171875
129.37415,57.85,0.0,0.06,92.4,100.0,48600,Weekday,Wednesday,Medium_Load,2018-01-10 13:30:00,13,2,0,1,84.82,129.37415,56.38565052083334
120.49,40.39,0.0,0.06,94.81,100.0,50400,Weekday,Wednesday,Medium_Load,2018-01-10 14:00:00,14,2,0,1,98.32,126.83,56.2641921875
115.7,40.5,0.0,0.05,94.38,100.0,51300,Weekday,Wednesday,Medium_Load,2018-01-10 14:15:00,14,2,0,1,120.49,105.91,56.36617135416666
121.1,42.52,0.0,0.06,94.35,100.0,52200,Weekday,Wednesday,Medium_Load,2018-01-10 14:30:00,14,2,0,1,115.7,127.73,56.29710885416667
112.25,34.09,0.0,0.05,95.68,100.0,53100,Weekday,Wednesday,Medium_Load,2018-01-10 14:45:00,14,2,0,1,121.1,106.99,56.35190052083333
110.77,40.79,0.0,0.05,93.84,100.0,54900,Weekday,Wednesday,Medium_Load,2018-01-10 15:15:00,15,2,0,1,96.52,66.74,56.51471302083333
107.03,40.32,0.0,0.05,93.58,100.0,55800,Weekday,Wednesday,Medium_Load,2018-01-10 15:30:00,15,2,0,1,110.77,71.14,56.8885671875
100.48,29.41,0.0,0.05,95.97,100.0,56700,Weekday,Wednesday,Medium_Load,2018-01-10 15:45:00,15,2,0,1,107.03,112.03,56.7682546875
123.19,44.14,0.0,0.06,94.14,100.0,57600,Weekday,Wednesday,Medium_Load,2018-01-10 16:00:00,16,2,0,1,100.48,123.3,56.76710885416667
105.12,31.86,0.0,0.05,95.7,100.0,58500,Weekday,Wednesday,Medium_Load,2018-01-10 16:15:00,16,2,0,1,123.19,110.05,56.7157546875
112.46,34.74,0.0,0.05,95.55,100.0,59400,Weekday,Wednesday,Medium_Load,2018-01-10 16:30:00,16,2,0,1,105.12,127.48,56.55929635416666
122.58,46.69,0.0,0.06,93.45,100.0,60300,Weekday,Wednesday,Medium_Load,2018-01-10 16:45:00,16,2,0,1,112.46,105.84,56.73367135416666
126.18,43.27,0.0,0.06,94.59,100.0,61200,Weekday,Wednesday,Medium_Load,2018-01-10 17:00:00,17,2,0,1,122.58,117.61,56.8229421875
121.72,42.12,0.0,0.06,94.5,100.0,63000,Weekday,Wednesday,Maximum_Load,2018-01-10 17:30:00,17,2,0,1,95.58,117.58,56.64221302083334
129.37415,53.57,0.0,0.06,92.39,100.0,63900,Weekday,Wednesday,Maximum_Load,2018-01-10 17:45:00,17,2,0,1,121.72,35.86,57.61631875
101.09,32.15,0.0,0.05,95.3,100.0,64800,Weekday,Wednesday,Maximum_Load,2018-01-10 18:00:00,18,2,0,1,129.37415,33.52,58.32017291666667
129.37415,79.7,0.0,0.06,86.45,100.0,30600,Weekday,Thursday,Light_Load,2018-01-11 08:30:00,8,3,0,1,71.82,107.64,45.94865364583333
116.28,71.78,0.0,0.05,85.09,100.0,31500,Weekday,Thursday,Light_Load,2018-01-11 08:45:00,8,3,0,1,129.37415,101.63,46.1012578125
124.63,53.14,0.0,0.06,91.99,100.0,32400,Weekday,Thursday,Light_Load,2018-01-11 09:00:00,9,3,0,1,116.28,124.31,46.10459114583333
121.9,47.52,0.0,0.06,93.17,100.0,33300,Weekday,Thursday,Medium_Load,2018-01-11 09:15:00,9,3,0,1,124.63,109.91,46.22948697916667
123.08,48.53,0.0,0.06,93.03,100.0,34200,Weekday,Thursday,Medium_Load,2018-01-11 09:30:00,9,3,0,1,121.9,126.04,46.19865364583334
102.6,44.5,0.0,0.05,91.74,100.0,35100,Weekday,Thursday,Medium_Load,2018-01-11 09:45:00,9,3,0,1,123.08,98.39,46.2425078125
107.75,43.92,0.0,0.05,92.6,100.0,37800,Weekday,Thursday,Maximum_Load,2018-01-11 10:30:00,10,3,0,1,73.51,105.8,45.42990364583334
115.74,45.32,0.0,0.05,93.12,100.0,38700,Weekday,Thursday,Maximum_Load,2018-01-11 10:45:00,10,3,0,1,107.75,124.88,45.3346953125
119.12,49.86,0.0,0.05,92.25,100.0,48600,Weekday,Thursday,Medium_Load,2018-01-11 13:30:00,13,3,0,1,95.4,129.37415,43.40258645833333
120.28,50.76,0.0,0.06,92.13,100.0,49500,Weekday,Thursday,Medium_Load,2018-01-11 13:45:00,13,3,0,1,119.12,98.32,43.63133645833333
106.7,37.51,0.0,0.05,94.34,100.0,50400,Weekday,Thursday,Medium_Load,2018-01-11 14:00:00,14,3,0,1,120.28,120.49,43.487690625
105.66,34.52,0.0,0.05,95.06,100.0,51300,Weekday,Thursday,Medium_Load,2018-01-11 14:15:00,14,3,0,1,106.7,115.7,43.38310729166667
129.37415,56.99,0.0,0.06,92.26,100.0,53100,Weekday,Thursday,Medium_Load,2018-01-11 14:45:00,14,3,0,1,86.54,112.25,43.20148385416667
129.24,53.39,0.0,0.06,92.42,100.0,54000,Weekday,Thursday,Medium_Load,2018-01-11 15:00:00,15,3,0,1,129.37415,96.52,43.5423171875
127.94,49.86,0.0,0.06,93.17,100.0,54900,Weekday,Thursday,Medium_Load,2018-01-11 15:15:00,15,3,0,1,129.24,110.77,43.72117135416667
129.37415,54.65,0.0,0.06,92.55,100.0,55800,Weekday,Thursday,Medium_Load,2018-01-11 15:30:00,15,3,0,1,127.94,107.03,43.95392291666667
124.7,48.64,0.0,0.06,93.16,100.0,56700,Weekday,Thursday,Medium_Load,2018-01-11 15:45:00,15,3,0,1,129.37415,100.48,44.20621458333334
106.92,43.09,0.0,0.05,92.75,100.0,57600,Weekday,Thursday,Medium_Load,2018-01-11 16:00:00,16,3,0,1,124.7,123.19,44.036735416666666
129.37415,53.21,0.0,0.06,92.8,100.0,61200,Weekday,Thursday,Medium_Load,2018-01-11 17:00:00,17,3,0,1,96.95,126.18,43.42011197916667
127.4,50.94,0.0,0.06,92.85,100.0,62100,Weekday,Thursday,Maximum_Load,2018-01-11 17:15:00,17,3,0,1,129.37415,95.58,43.75157031250001
109.91,36.5,0.0,0.05,94.9,100.0,63000,Weekday,Thursday,Maximum_Load,2018-01-11 17:30:00,17,3,0,1,127.4,121.72,43.62854947916667
129.37415,70.99,0.0,0.06,88.19,100.0,66600,Weekday,Thursday,Maximum_Load,2018-01-11 18:30:00,18,3,0,1,96.37,13.1,43.96302864583333
116.06,47.88,0.0,0.05,92.44,100.0,67500,Weekday,Thursday,Maximum_Load,2018-01-11 18:45:00,18,3,0,1,129.37415,8.21,45.08646614583333
107.28,36.94,0.0,0.05,94.55,100.0,68400,Weekday,Thursday,Maximum_Load,2018-01-11 19:00:00,19,3,0,1,116.06,5.18,46.1500078125
107.75,34.45,0.0,0.05,95.25,100.0,69300,Weekday,Thursday,Maximum_Load,2018-01-11 19:15:00,19,3,0,1,107.28,5.29,47.21729947916666
113.51,41.4,0.0,0.05,93.95,100.0,70200,Weekday,Thursday,Maximum_Load,2018-01-11 19:30:00,19,3,0,1,107.75,5.18,48.345736979166674
129.37415,63.04,0.0,0.06,90.83,100.0,71100,Weekday,Thursday,Maximum_Load,2018-01-11 19:45:00,19,3,0,1,113.51,5.04,49.640884375000006
117.36,43.74,0.0,0.05,93.7,100.0,72000,Weekday,Thursday,Maximum_Load,2018-01-11 20:00:00,20,3,0,1,129.37415,5.04,50.81088437500001
122.51,45.79,0.0,0.06,93.67,100.0,72900,Weekday,Thursday,Medium_Load,2018-01-11 20:15:00,20,3,0,1,117.36,5.04,52.03453020833334
124.99,54.25,0.0,0.06,91.73,100.0,73800,Weekday,Thursday,Medium_Load,2018-01-11 20:30:00,20,3,0,1,122.51,5.04,53.284009375
102.96,28.94,0.0,0.05,96.27,100.0,74700,Weekday,Thursday,Medium_Load,2018-01-11 20:45:00,20,3,0,1,124.99,5.15,54.30286354166666
114.66,72.18,0.0,0.05,84.63,100.0,30600,Weekday,Friday,Light_Load,2018-01-12 08:30:00,8,4,0,1,36.76,129.37415,54.55042447916667
114.19,68.08,0.0,0.05,85.89,100.0,31500,Weekday,Friday,Light_Load,2018-01-12 08:45:00,8,4,0,1,114.66,116.28,54.52865364583334
119.2,51.3,0.0,0.05,91.85,100.0,32400,Weekday,Friday,Light_Load,2018-01-12 09:00:00,9,4,0,1,114.19,124.63,54.47209114583333
129.37415,50.08,0.0,0.06,93.33,100.0,33300,Weekday,Friday,Medium_Load,2018-01-12 09:15:00,9,4,0,1,119.2,121.9,54.549946875
129.37415,63.65,0.0,0.07,91.38,100.0,34200,Weekday,Friday,Medium_Load,2018-01-12 09:30:00,9,4,0,1,129.37415,123.08,54.6155109375
100.69,23.9,0.0,0.05,97.3,100.0,36000,Weekday,Friday,Medium_Load,2018-01-12 10:00:00,10,4,0,1,98.78,85.1,54.73811510416667
101.48,23.36,0.0,0.05,97.45,100.0,36900,Weekday,Friday,Maximum_Load,2018-01-12 10:15:00,10,4,0,1,100.69,73.51,55.02946927083333
102.1,24.48,0.0,0.05,97.24,100.0,37800,Weekday,Friday,Maximum_Load,2018-01-12 10:30:00,10,4,0,1,101.48,107.75,54.97061510416666
117.18,34.09,0.0,0.05,96.02,100.0,38700,Weekday,Friday,Maximum_Load,2018-01-12 10:45:00,10,4,0,1,102.1,115.74,54.98561510416667
108.32,30.85,0.0,0.05,96.18,100.0,39600,Weekday,Friday,Maximum_Load,2018-01-12 11:00:00,11,4,0,1,117.18,92.09,55.154677604166665
122.33,55.51,0.0,0.06,91.06,100.0,40500,Weekday,Friday,Maximum_Load,2018-01-12 11:15:00,11,4,0,1,108.32,68.62,55.71415677083333
105.84,59.98,0.0,0.05,87.0,100.0,42300,Weekday,Friday,Maximum_Load,2018-01-12 11:45:00,11,4,0,1,83.7,69.48,56.2189484375
114.12,61.88,0.0,0.05,87.91,100.0,43200,Weekday,Friday,Maximum_Load,2018-01-12 12:00:00,12,4,0,1,105.84,74.27,56.63405260416667
107.1,43.38,3.82,0.05,92.69,99.94,47700,Weekday,Friday,Medium_Load,2018-01-12 13:15:00,13,4,0,1,12.2,95.4,56.6520734375
100.3,40.46,0.0,0.05,92.74,100.0,48600,Weekday,Friday,Medium_Load,2018-01-12 13:30:00,13,4,0,1,107.1,119.12,56.45603177083333
104.8,42.91,0.0,0.05,92.54,100.0,50400,Weekday,Friday,Medium_Load,2018-01-12 14:00:00,14,4,0,1,95.58,106.7,56.1789484375
128.56,57.28,0.0,0.06,91.34,100.0,51300,Weekday,Friday,Medium_Load,2018-01-12 14:15:00,14,4,0,1,104.8,105.66,56.41749010416666
129.37415,58.28,0.0,0.06,91.51,100.0,52200,Weekday,Friday,Medium_Load,2018-01-12 14:30:00,14,4,0,1,128.56,86.54,56.86367916666666
116.89,48.1,0.0,0.05,92.48,100.0,53100,Weekday,Friday,Medium_Load,2018-01-12 14:45:00,14,4,0,1,129.37415,129.37415,56.7336359375
104.44,42.95,0.0,0.05,92.48,100.0,54000,Weekday,Friday,Medium_Load,2018-01-12 15:00:00,15,4,0,1,116.89,129.24,56.47530260416667
128.02,62.82,0.0,0.06,89.77,100.0,54900,Weekday,Friday,Medium_Load,2018-01-12 15:15:00,15,4,0,1,104.44,127.94,56.4761359375
129.37415,61.13,0.0,0.06,91.0,100.0,55800,Weekday,Friday,Medium_Load,2018-01-12 15:30:00,15,4,0,1,128.02,129.37415,56.4761359375
112.36,49.82,0.0,0.05,91.42,100.0,56700,Weekday,Friday,Medium_Load,2018-01-12 15:45:00,15,4,0,1,129.37415,124.7,56.34759427083333
112.43,46.8,0.0,0.05,92.32,100.0,58500,Weekday,Friday,Medium_Load,2018-01-12 16:15:00,16,4,0,1,88.67,96.26,56.32592760416667
116.24,46.4,0.0,0.05,92.87,100.0,60300,Weekday,Friday,Medium_Load,2018-01-12 16:45:00,16,4,0,1,83.52,96.95,56.51603177083333
129.37415,57.56,0.0,0.06,91.59,100.0,63000,Weekday,Friday,Maximum_Load,2018-01-12 17:30:00,17,4,0,1,72.07,109.91,55.62124010416667
113.76,63.54,0.0,0.05,87.3,100.0,66600,Weekday,Friday,Maximum_Load,2018-01-12 18:30:00,18,4,0,1,84.6,129.37415,55.250884375
117.65,57.02,0.0,0.05,89.99,100.0,67500,Weekday,Friday,Maximum_Load,2018-01-12 18:45:00,18,4,0,1,113.76,116.06,55.267446875
111.28,44.57,0.0,0.05,92.83,100.0,68400,Weekday,Friday,Maximum_Load,2018-01-12 19:00:00,19,4,0,1,117.65,107.28,55.30911354166667
120.53,50.62,0.0,0.06,92.2,100.0,70200,Weekday,Friday,Maximum_Load,2018-01-12 19:30:00,19,4,0,1,76.9,113.51,55.060884375
121.07,59.94,0.0,0.06,89.62,100.0,71100,Weekday,Friday,Maximum_Load,2018-01-12 19:45:00,19,4,0,1,120.53,129.37415,54.9743828125
105.3,40.1,0.0,0.05,93.45,100.0,72900,Weekday,Friday,Medium_Load,2018-01-12 20:15:00,20,4,0,1,90.07,122.51,54.51084114583333
117.29,48.02,0.0,0.05,92.54,100.0,73800,Weekday,Friday,Medium_Load,2018-01-12 20:30:00,20,4,0,1,105.3,124.99,54.4306328125
106.34,68.62,0.0,0.05,84.02,100.0,31500,Weekend,Saturday,Light_Load,2018-01-13 08:45:00,8,5,1,1,94.21,114.19,53.7937578125
100.58,29.88,0.0,0.05,95.86,100.0,33300,Weekend,Saturday,Medium_Load,2018-01-13 09:15:00,9,5,1,1,63.22,129.37415,52.91069375
101.7,26.17,0.0,0.05,96.85,100.0,38700,Weekend,Saturday,Maximum_Load,2018-01-13 10:45:00,10,5,1,1,97.7,117.18,50.88387968749999
106.81,51.26,0.0,0.05,90.16,100.0,40500,Weekend,Saturday,Maximum_Load,2018-01-13 11:15:00,11,5,1,1,98.42,122.33,50.61908802083334
102.35,46.51,0.0,0.05,91.04,100.0,42300,Weekend,Saturday,Maximum_Load,2018-01-13 11:45:00,11,5,1,1,95.33,105.84,50.703879687500006
99.18,49.43,0.0,0.05,89.5,100.0,43200,Weekend,Saturday,Maximum_Load,2018-01-13 12:00:00,12,5,1,1,102.35,114.12,50.5482546875
109.12,36.36,0.0,0.05,94.87,100.0,54900,Weekend,Saturday,Medium_Load,2018-01-13 15:15:00,15,5,1,1,79.81,128.02,47.87946145833334
112.39,41.87,0.0,0.05,93.71,100.0,56700,Weekend,Saturday,Medium_Load,2018-01-13 15:45:00,15,5,1,1,81.29,112.36,47.37889739583334
104.44,29.84,0.0,0.05,96.15,100.0,57600,Weekend,Saturday,Medium_Load,2018-01-13 16:00:00,16,5,1,1,112.39,88.67,47.54316822916667
109.58,65.59,0.0,0.05,85.8,100.0,36000,Weekday,Monday,Medium_Load,2018-01-15 10:00:00,10,0,0,1,87.91,11.66,16.269791666666666
105.84,64.12,0.0,0.05,85.53,100.0,37800,Weekday,Monday,Maximum_Load,2018-01-15 10:30:00,10,0,0,1,80.1,15.73,17.886458333333334
99.25,69.55,0.0,0.05,81.89,100.0,40500,Weekday,Monday,Maximum_Load,2018-01-15 11:15:00,11,0,0,1,84.92,13.28,20.315729166666667
104.87,68.47,0.0,0.05,83.73,100.0,42300,Weekday,Monday,Maximum_Load,2018-01-15 11:45:00,11,0,0,1,84.49,13.97,22.00770833333333
120.53,72.07,0.0,0.06,85.83,100.0,43200,Weekday,Monday,Maximum_Load,2018-01-15 12:00:00,12,0,0,1,104.87,8.64,23.17322916666667
129.37415,76.79,0.0,0.07,88.54,100.0,48600,Weekday,Monday,Medium_Load,2018-01-15 13:30:00,13,0,0,1,75.74,32.0,25.22170989583333
129.37415,70.45,0.0,0.07,90.85,100.0,49500,Weekday,Monday,Medium_Load,2018-01-15 13:45:00,13,0,0,1,129.37415,30.96,26.246857291666668
124.34,62.57,0.0,0.06,89.33,100.0,50400,Weekday,Monday,Medium_Load,2018-01-15 14:00:00,14,0,0,1,129.37415,30.78,27.221440625000003
100.98,55.19,0.0,0.05,87.75,100.0,72900,Weekday,Tuesday,Medium_Load,2018-01-16 20:15:00,20,1,0,1,78.48,79.09,41.94260416666666
104.04,57.6,0.0,0.05,87.49,100.0,49500,Weekday,Wednesday,Medium_Load,2018-01-17 13:45:00,13,2,0,1,66.74,87.12,40.13
127.69,56.56,0.0,0.06,91.43,100.0,36900,Weekday,Thursday,Maximum_Load,2018-01-18 10:15:00,10,3,0,1,69.98,60.88,48.386875
129.37415,53.32,0.0,0.06,92.81,100.0,37800,Weekday,Thursday,Maximum_Load,2018-01-18 10:30:00,10,3,0,1,127.69,56.16,49.14952239583334
129.37415,55.08,0.0,0.06,92.55,100.0,38700,Weekday,Thursday,Maximum_Load,2018-01-18 10:45:00,10,3,0,1,129.37415,73.08,49.73591979166667
129.37415,62.21,0.0,0.06,90.87,100.0,39600,Weekday,Thursday,Maximum_Load,2018-01-18 11:00:00,11,3,0,1,129.37415,76.97,50.281796354166666
129.37415,72.18,0.0,0.07,89.39,100.0,40500,Weekday,Thursday,Maximum_Load,2018-01-18 11:15:00,11,3,0,1,129.37415,61.56,50.98819375
129.37415,79.09,0.0,0.06,85.61,100.0,41400,Weekday,Thursday,Maximum_Load,2018-01-18 11:30:00,11,3,0,1,129.37415,63.54,51.67396614583333
129.37415,75.17,0.0,0.07,88.5,100.0,42300,Weekday,Thursday,Maximum_Load,2018-01-18 11:45:00,11,3,0,1,129.37415,69.19,52.300884375
129.37415,84.89,0.0,0.07,86.52,100.0,43200,Weekday,Thursday,Maximum_Load,2018-01-18 12:00:00,12,3,0,1,129.37415,66.92,52.9514484375
100.12,38.38,0.0,0.05,93.37,100.0,47700,Weekday,Thursday,Medium_Load,2018-01-18 13:15:00,13,3,0,1,9.43,66.6,53.369156770833335
122.65,55.55,0.0,0.06,91.09,100.0,48600,Weekday,Thursday,Medium_Load,2018-01-18 13:30:00,13,3,0,1,100.12,66.74,53.951552604166665
102.85,34.27,0.0,0.05,94.87,100.0,50400,Weekday,Thursday,Medium_Load,2018-01-18 14:00:00,14,3,0,1,89.5,80.75,54.03030260416667
122.11,43.92,0.0,0.06,94.1,100.0,52200,Weekday,Thursday,Medium_Load,2018-01-18 14:30:00,14,3,0,1,93.31,63.25,54.73530260416667
110.48,42.05,0.0,0.05,93.46,100.0,53100,Weekday,Thursday,Medium_Load,2018-01-18 14:45:00,14,3,0,1,122.11,52.42,55.34009427083333
108.83,39.24,0.0,0.05,94.07,100.0,54000,Weekday,Thursday,Medium_Load,2018-01-18 15:00:00,15,3,0,1,110.48,49.82,55.954781770833335
105.05,32.18,0.0,0.05,95.61,100.0,54900,Weekday,Thursday,Medium_Load,2018-01-18 15:15:00,15,3,0,1,108.83,58.1,56.44384427083333
117.04,45.72,0.0,0.05,93.15,100.0,56700,Weekday,Thursday,Medium_Load,2018-01-18 15:45:00,15,3,0,1,96.16,76.07,57.2073859375
129.37415,56.45,0.0,0.06,91.85,100.0,57600,Weekday,Thursday,Medium_Load,2018-01-18 16:00:00,16,3,0,1,117.04,61.24,57.917116666666665
114.48,47.02,0.0,0.05,92.5,100.0,58500,Weekday,Thursday,Medium_Load,2018-01-18 16:15:00,16,3,0,1,129.37415,50.51,58.58347083333334
129.37415,64.22,0.0,0.07,91.18,100.0,59400,Weekday,Thursday,Medium_Load,2018-01-18 16:30:00,16,3,0,1,114.48,59.08,59.31570156250001
106.16,35.6,0.0,0.05,94.81,100.0,60300,Weekday,Thursday,Medium_Load,2018-01-18 16:45:00,16,3,0,1,129.37415,58.14,59.815909895833336
120.02,39.92,0.0,0.06,94.89,100.0,61200,Weekday,Thursday,Medium_Load,2018-01-18 17:00:00,17,3,0,1,106.16,62.24,60.417784895833336
110.23,41.18,0.0,0.05,93.68,100.0,62100,Weekday,Thursday,Maximum_Load,2018-01-18 17:15:00,17,3,0,1,120.02,51.73,61.027159895833336
129.37415,64.87,0.0,0.07,91.75,100.0,63000,Weekday,Thursday,Maximum_Load,2018-01-18 17:30:00,17,3,0,1,110.23,65.38,61.693765625
129.37415,75.06,0.0,0.06,87.66,100.0,66600,Weekday,Thursday,Maximum_Load,2018-01-18 18:30:00,18,3,0,1,85.57,40.86,63.33162135416666
123.05,55.19,0.0,0.06,91.24,100.0,67500,Weekday,Thursday,Maximum_Load,2018-01-18 18:45:00,18,3,0,1,129.37415,38.92,64.20797552083333
129.37415,54.72,0.0,0.06,92.77,100.0,68400,Weekday,Thursday,Maximum_Load,2018-01-18 19:00:00,19,3,0,1,123.05,40.07,65.13822708333333
105.59,44.42,0.0,0.05,92.18,100.0,69300,Weekday,Thursday,Maximum_Load,2018-01-18 19:15:00,19,3,0,1,129.37415,38.09,65.84135208333333
129.37415,56.88,0.0,0.06,91.97,100.0,70200,Weekday,Thursday,Maximum_Load,2018-01-18 19:30:00,19,3,0,1,105.59,39.53,66.77722864583335
129.37415,60.01,0.0,0.06,92.08,100.0,71100,Weekday,Thursday,Maximum_Load,2018-01-18 19:45:00,19,3,0,1,129.37415,39.92,67.70904270833334
114.66,47.41,0.0,0.05,92.41,100.0,72000,Weekday,Thursday,Maximum_Load,2018-01-18 20:00:00,20,3,0,1,129.37415,38.12,68.50633437500001
118.01,51.59,0.0,0.05,91.63,100.0,72900,Weekday,Thursday,Medium_Load,2018-01-18 20:15:00,20,3,0,1,114.66,39.78,69.32123020833333
108.04,36.25,0.0,0.05,94.81,100.0,73800,Weekday,Thursday,Medium_Load,2018-01-18 20:30:00,20,3,0,1,118.01,38.92,70.04123020833333
119.2,40.36,0.0,0.05,94.72,100.0,74700,Weekday,Thursday,Medium_Load,2018-01-18 20:45:00,20,3,0,1,108.04,39.53,70.87112604166667
107.1,37.69,0.0,0.05,94.33,100.0,37800,Weekday,Friday,Maximum_Load,2018-01-19 10:30:00,10,4,0,1,93.64,129.37415,80.7429578125
102.85,35.46,0.0,0.05,94.54,100.0,38700,Weekday,Friday,Maximum_Load,2018-01-19 10:45:00,10,4,0,1,107.1,129.37415,80.46666458333334
118.69,45.83,0.0,0.05,93.29,100.0,39600,Weekday,Friday,Maximum_Load,2018-01-19 11:00:00,11,4,0,1,102.85,129.37415,80.35537135416666
116.75,60.8,0.0,0.05,88.69,100.0,40500,Weekday,Friday,Maximum_Load,2018-01-19 11:15:00,11,4,0,1,118.69,129.37415,80.22386979166667
119.2,60.34,0.0,0.05,89.22,100.0,41400,Weekday,Friday,Maximum_Load,2018-01-19 11:30:00,11,4,0,1,116.75,129.37415,80.1178890625
111.1,57.2,0.0,0.05,88.91,100.0,42300,Weekday,Friday,Maximum_Load,2018-01-19 11:45:00,11,4,0,1,119.2,129.37415,79.92753333333333
112.28,57.82,0.0,0.05,88.9,100.0,43200,Weekday,Friday,Maximum_Load,2018-01-19 12:00:00,12,4,0,1,111.1,129.37415,79.74946927083333
110.09,43.13,2.09,0.05,93.11,99.98,47700,Weekday,Friday,Medium_Load,2018-01-19 13:15:00,13,4,0,1,7.99,100.12,79.6620734375
122.98,50.76,0.0,0.06,92.44,100.0,48600,Weekday,Friday,Medium_Load,2018-01-19 13:30:00,13,4,0,1,110.09,122.65,79.6655109375
126.11,48.1,0.0,0.06,93.43,100.0,49500,Weekday,Friday,Medium_Load,2018-01-19 13:45:00,13,4,0,1,122.98,89.5,80.04686510416667
121.79,39.49,0.0,0.06,95.12,100.0,50400,Weekday,Friday,Medium_Load,2018-01-19 14:00:00,14,4,0,1,126.11,102.85,80.24415677083333
100.55,34.02,0.0,0.05,94.73,100.0,51300,Weekday,Friday,Medium_Load,2018-01-19 14:15:00,14,4,0,1,121.79,93.31,80.31957343750001
120.85,44.35,0.0,0.06,93.88,100.0,52200,Weekday,Friday,Medium_Load,2018-01-19 14:30:00,14,4,0,1,100.55,122.11,80.3064484375
100.26,33.44,0.0,0.05,94.86,100.0,53100,Weekday,Friday,Medium_Load,2018-01-19 14:45:00,14,4,0,1,120.85,110.48,80.19999010416667
120.71,44.39,0.0,0.06,93.86,100.0,55800,Weekday,Friday,Medium_Load,2018-01-19 15:30:00,15,4,0,1,77.87,96.16,79.80915677083334
105.8,46.3,0.0,0.05,91.61,100.0,56700,Weekday,Friday,Medium_Load,2018-01-19 15:45:00,15,4,0,1,120.71,117.04,79.6920734375
114.59,40.5,0.0,0.05,94.28,100.0,57600,Weekday,Friday,Medium_Load,2018-01-19 16:00:00,16,4,0,1,105.8,129.37415,79.538071875
105.16,40.0,0.0,0.05,93.47,100.0,61200,Weekday,Friday,Medium_Load,2018-01-19 17:00:00,17,4,0,1,95.26,120.02,78.30229947916668
125.75,53.57,0.0,0.06,92.0,100.0,62100,Weekday,Friday,Maximum_Load,2018-01-19 17:15:00,17,4,0,1,105.16,110.23,78.46396614583334
118.66,49.46,0.0,0.05,92.3,100.0,63000,Weekday,Friday,Maximum_Load,2018-01-19 17:30:00,17,4,0,1,125.75,129.37415,78.35236041666667
124.63,67.07,0.0,0.06,88.06,100.0,66600,Weekday,Friday,Maximum_Load,2018-01-19 18:30:00,18,4,0,1,75.6,129.37415,77.9235671875
100.98,36.72,0.0,0.05,93.98,100.0,67500,Weekday,Friday,Maximum_Load,2018-01-19 18:45:00,18,4,0,1,124.63,123.05,77.69367135416667
108.79,37.55,0.0,0.05,94.53,100.0,68400,Weekday,Friday,Maximum_Load,2018-01-19 19:00:00,19,4,0,1,100.98,129.37415,77.479253125
111.78,45.65,0.0,0.05,92.58,100.0,70200,Weekday,Friday,Maximum_Load,2018-01-19 19:30:00,19,4,0,1,75.24,129.37415,76.97983489583332
129.37415,63.25,0.0,0.06,90.21,100.0,71100,Weekday,Friday,Maximum_Load,2018-01-19 19:45:00,19,4,0,1,111.78,129.37415,76.97983489583333
106.74,42.84,0.0,0.05,92.8,100.0,72000,Weekday,Friday,Maximum_Load,2018-01-19 20:00:00,20,4,0,1,129.37415,114.66,76.89733489583334
103.21,38.52,0.0,0.05,93.69,100.0,72900,Weekday,Friday,Medium_Load,2018-01-19 20:15:00,20,4,0,1,106.74,118.01,76.74316822916667
104.87,51.3,0.0,0.05,89.83,100.0,33300,Weekday,Monday,Medium_Load,2018-01-22 09:15:00,9,0,0,1,81.36,5.11,8.753854166666665
111.89,79.7,0.0,0.05,81.45,100.0,42300,Weekday,Monday,Maximum_Load,2018-01-22 11:45:00,11,0,0,1,71.53,4.9,17.311354166666664
107.64,48.42,0.0,0.05,91.2,100.0,36000,Weekday,Friday,Medium_Load,2018-01-26 10:00:00,10,4,0,1,67.36,63.58,51.95520833333333
104.08,35.6,0.0,0.05,94.62,100.0,36900,Weekday,Friday,Maximum_Load,2018-01-26 10:15:00,10,4,0,1,107.64,57.2,52.44354166666667
107.03,34.52,0.0,0.05,95.17,100.0,37800,Weekday,Friday,Maximum_Load,2018-01-26 10:30:00,10,4,0,1,104.08,59.65,52.93708333333333
123.84,52.06,0.0,0.06,92.19,100.0,38700,Weekday,Friday,Maximum_Load,2018-01-26 10:45:00,10,4,0,1,107.03,59.83,53.60385416666666
108.29,50.51,0.0,0.05,90.63,100.0,40500,Weekday,Friday,Maximum_Load,2018-01-26 11:15:00,11,4,0,1,97.92,63.11,54.46968749999999
120.42,59.65,0.0,0.06,89.61,100.0,41400,Weekday,Friday,Maximum_Load,2018-01-26 11:30:00,11,4,0,1,108.29,64.15,55.05583333333333
101.02,48.89,0.0,0.05,90.01,100.0,42300,Weekday,Friday,Maximum_Load,2018-01-26 11:45:00,11,4,0,1,120.42,69.05,55.38885416666667
113.44,60.52,0.0,0.05,88.23,100.0,43200,Weekday,Friday,Maximum_Load,2018-01-26 12:00:00,12,4,0,1,101.02,75.17,55.7875
101.38,37.22,2.3,0.05,93.87,99.97,47700,Weekday,Friday,Medium_Load,2018-01-26 13:15:00,13,4,0,1,8.71,54.32,56.470416666666665
106.96,34.38,0.0,0.05,95.2,100.0,48600,Weekday,Friday,Medium_Load,2018-01-26 13:30:00,13,4,0,1,101.38,78.7,56.76479166666667
119.52,37.26,0.0,0.05,95.47,100.0,49500,Weekday,Friday,Medium_Load,2018-01-26 13:45:00,13,4,0,1,106.96,74.95,57.2290625
120.17,35.03,0.0,0.06,96.0,100.0,50400,Weekday,Friday,Medium_Load,2018-01-26 14:00:00,14,4,0,1,119.52,76.75,57.681354166666665
112.5,33.12,0.0,0.05,95.93,100.0,53100,Weekday,Friday,Medium_Load,2018-01-26 14:45:00,14,4,0,1,87.8,76.18,58.31802083333333
129.37415,44.6,0.0,0.06,94.86,100.0,54000,Weekday,Friday,Medium_Load,2018-01-26 15:00:00,15,4,0,1,112.5,81.65,58.81514739583333
108.0,37.15,0.0,0.05,94.56,100.0,54900,Weekday,Friday,Medium_Load,2018-01-26 15:15:00,15,4,0,1,129.37415,81.0,59.09639739583333
115.56,34.24,0.0,0.05,95.88,100.0,55800,Weekday,Friday,Medium_Load,2018-01-26 15:30:00,15,4,0,1,108.0,76.93,59.498793229166665
118.76,39.67,0.0,0.05,94.85,100.0,56700,Weekday,Friday,Medium_Load,2018-01-26 15:45:00,15,4,0,1,115.56,68.04,60.0271265625
117.47,40.79,0.0,0.05,94.47,100.0,57600,Weekday,Friday,Medium_Load,2018-01-26 16:00:00,16,4,0,1,118.76,68.58,60.536397395833326
129.37415,45.72,0.0,0.06,94.63,100.0,58500,Weekday,Friday,Medium_Load,2018-01-26 16:15:00,16,4,0,1,117.47,85.9,60.989253125000005
126.29,44.46,0.0,0.06,94.33,100.0,59400,Weekday,Friday,Medium_Load,2018-01-26 16:30:00,16,4,0,1,129.37415,87.73,61.39091979166667
114.59,36.47,0.0,0.05,95.29,100.0,60300,Weekday,Friday,Medium_Load,2018-01-26 16:45:00,16,4,0,1,126.29,98.82,61.555190625
129.37415,45.0,0.0,0.06,94.86,100.0,61200,Weekday,Friday,Medium_Load,2018-01-26 17:00:00,17,4,0,1,114.59,96.84,61.89408802083333
108.76,39.24,0.0,0.05,94.06,100.0,62100,Weekday,Friday,Maximum_Load,2018-01-26 17:15:00,17,4,0,1,129.37415,74.7,62.2488796875
120.13,26.78,0.0,0.06,97.6,100.0,63000,Weekday,Friday,Maximum_Load,2018-01-26 17:30:00,17,4,0,1,108.76,64.26,62.83085885416667
104.0,19.62,0.0,0.05,98.27,100.0,63900,Weekday,Friday,Maximum_Load,2018-01-26 17:45:00,17,4,0,1,120.13,38.05,63.51783802083333
104.47,48.67,0.0,0.05,90.65,100.0,65700,Weekday,Friday,Maximum_Load,2018-01-26 18:15:00,18,4,0,1,88.13,41.54,64.74033802083333
129.37415,54.11,0.0,0.07,93.62,100.0,67500,Weekday,Friday,Maximum_Load,2018-01-26 18:45:00,18,4,0,1,88.31,63.9,65.73590208333333
129.37415,42.19,0.0,0.06,95.2,100.0,69300,Weekday,Friday,Maximum_Load,2018-01-26 19:15:00,19,4,0,1,83.95,57.6,66.68823697916666
125.32,39.6,0.0,0.06,95.35,100.0,70200,Weekday,Friday,Maximum_Load,2018-01-26 19:30:00,19,4,0,1,129.37415,54.94,67.42136197916666
110.81,36.94,0.0,0.05,94.87,100.0,72000,Weekday,Friday,Maximum_Load,2018-01-26 20:00:00,20,4,0,1,78.95,69.16,67.93584114583334
129.37415,41.8,0.0,0.06,95.16,100.0,72900,Weekday,Friday,Medium_Load,2018-01-26 20:15:00,20,4,0,1,110.81,57.28,68.686821875
113.62,38.59,0.0,0.05,94.69,100.0,73800,Weekday,Friday,Medium_Load,2018-01-26 20:30:00,20,4,0,1,129.37415,57.1,69.27557187500001
103.03,18.58,0.0,0.05,98.41,100.0,75600,Weekday,Friday,Medium_Load,2018-01-26 21:00:00,21,4,0,1,65.48,44.89,70.03078020833333
99.22,15.98,0.0,0.05,98.73,100.0,79200,Weekday,Friday,Medium_Load,2018-01-26 22:00:00,22,4,0,1,91.62,40.21,71.76921770833333
129.37415,75.96,0.0,0.06,87.87,100.0,42300,Weekday,Monday,Maximum_Load,2018-01-29 11:45:00,11,0,0,1,78.44,28.22,19.282022395833334
122.72,55.19,0.0,0.06,91.2,100.0,43200,Weekday,Monday,Maximum_Load,2018-01-29 12:00:00,12,0,0,1,129.37415,28.12,20.2674390625
121.5,49.03,0.0,0.06,92.73,100.0,49500,Weekday,Monday,Medium_Load,2018-01-29 13:45:00,13,0,0,1,95.29,9.54,23.2524390625
117.07,46.44,0.0,0.05,92.95,100.0,50400,Weekday,Monday,Medium_Load,2018-01-29 14:00:00,14,0,0,1,121.5,28.51,24.1749390625
124.52,47.12,0.0,0.06,93.53,100.0,51300,Weekday,Monday,Medium_Load,2018-01-29 14:15:00,14,0,0,1,117.07,30.49,25.154418229166662
114.84,50.11,0.0,0.05,91.65,100.0,52200,Weekday,Monday,Medium_Load,2018-01-29 14:30:00,14,0,0,1,124.52,30.13,26.0368140625
129.37415,47.66,0.0,0.06,93.85,100.0,54000,Weekday,Monday,Medium_Load,2018-01-29 15:00:00,15,0,0,1,97.27,30.06,27.77071145833333
111.56,31.9,0.0,0.05,96.15,100.0,54900,Weekday,Monday,Medium_Load,2018-01-29 15:15:00,15,0,0,1,129.37415,29.99,28.620398958333336
109.48,31.54,0.0,0.05,96.09,100.0,57600,Weekday,Monday,Medium_Load,2018-01-29 16:00:00,16,0,0,1,97.09,30.78,30.57227395833333
102.46,34.09,0.0,0.05,94.89,100.0,59400,Weekday,Monday,Medium_Load,2018-01-29 16:30:00,16,0,0,1,83.45,31.18,31.850294791666663
129.13,46.58,0.0,0.06,94.07,100.0,60300,Weekday,Monday,Medium_Load,2018-01-29 16:45:00,16,0,0,1,102.46,30.35,32.879253125
126.61,44.5,0.0,0.06,94.34,100.0,61200,Weekday,Monday,Medium_Load,2018-01-29 17:00:00,17,0,0,1,129.13,30.13,33.884253125
117.43,51.3,0.0,0.05,91.64,100.0,62100,Weekday,Monday,Maximum_Load,2018-01-29 17:15:00,17,0,0,1,126.61,30.2,34.79289895833333
129.37415,56.09,0.0,0.07,93.07,100.0,63000,Weekday,Monday,Maximum_Load,2018-01-29 17:30:00,17,0,0,1,117.43,30.46,35.823254687500004
111.06,21.82,0.0,0.05,98.12,100.0,64800,Weekday,Monday,Maximum_Load,2018-01-29 18:00:00,18,0,0,1,68.62,6.44,37.423046354166665
129.37415,63.4,0.0,0.06,90.89,100.0,67500,Weekday,Monday,Maximum_Load,2018-01-29 18:45:00,18,0,0,1,89.6,6.37,40.525277083333336
127.33,52.85,0.0,0.06,92.36,100.0,68400,Weekday,Monday,Maximum_Load,2018-01-29 19:00:00,19,0,0,1,129.37415,6.41,41.78486041666667
129.37415,60.48,0.0,0.06,91.45,100.0,70200,Weekday,Monday,Maximum_Load,2018-01-29 19:30:00,19,0,0,1,89.82,6.37,43.936153645833336
108.22,40.5,0.0,0.05,93.66,100.0,71100,Weekday,Monday,Maximum_Load,2018-01-29 19:45:00,19,0,0,1,129.37415,6.34,44.99740364583334
129.37415,58.93,0.0,0.07,92.43,100.0,72900,Weekday,Monday,Medium_Load,2018-01-29 20:15:00,20,0,0,1,74.34,6.3,46.987446875
104.72,42.26,0.0,0.05,92.73,100.0,73800,Weekday,Monday,Medium_Load,2018-01-29 20:30:00,20,0,0,1,129.37415,6.3,48.012655208333335
100.73,50.44,0.0,0.05,89.42,100.0,1800,Weekday,Tuesday,Light_Load,2018-01-30 00:30:00,0,1,0,1,55.91,5.0,59.31328020833333
102.17,29.81,0.0,0.05,96.0,100.0,33300,Weekday,Tuesday,Medium_Load,2018-01-30 09:15:00,9,1,0,1,77.26,51.26,63.20109270833333
119.3,40.32,0.0,0.05,94.74,100.0,35100,Weekday,Tuesday,Medium_Load,2018-01-30 09:45:00,9,1,0,1,98.46,64.62,64.24203020833333
121.82,39.46,0.0,0.06,95.13,100.0,36900,Weekday,Tuesday,Maximum_Load,2018-01-30 10:15:00,10,1,0,1,93.24,62.78,65.00515520833333
114.26,49.07,0.0,0.05,91.88,100.0,37800,Weekday,Tuesday,Maximum_Load,2018-01-30 10:30:00,10,1,0,1,121.82,57.06,65.60098854166667
129.37415,47.99,0.0,0.06,93.86,100.0,38700,Weekday,Tuesday,Maximum_Load,2018-01-30 10:45:00,10,1,0,1,114.26,59.18,66.33217760416666
103.54,32.58,0.0,0.05,95.39,100.0,39600,Weekday,Tuesday,Maximum_Load,2018-01-30 11:00:00,11,1,0,1,129.37415,71.14,66.66967760416667
110.81,35.28,0.0,0.05,95.29,100.0,72000,Weekday,Tuesday,Maximum_Load,2018-01-30 20:00:00,20,1,0,1,81.65,74.34,53.667794791666665
128.27,42.84,0.0,0.06,94.85,100.0,72900,Weekday,Tuesday,Medium_Load,2018-01-30 20:15:00,20,1,0,1,110.81,129.37415,53.65629322916666
122.26,40.18,0.0,0.06,95.0,100.0,74700,Weekday,Tuesday,Medium_Load,2018-01-30 20:45:00,20,1,0,1,84.92,66.24,54.033584895833336
100.08,48.17,0.0,0.05,90.11,100.0,4500,Weekday,Wednesday,Light_Load,2018-01-31 01:15:00,1,2,0,1,66.67,75.38,54.0933765625
129.37415,51.41,0.0,0.06,93.3,100.0,39600,Weekday,Wednesday,Maximum_Load,2018-01-31 11:00:00,11,2,0,1,96.77,103.54,51.68254322916667
114.23,56.05,0.0,0.05,89.78,100.0,40500,Weekday,Wednesday,Maximum_Load,2018-01-31 11:15:00,11,2,0,1,129.37415,60.26,52.24473072916667
129.37415,70.7,0.0,0.06,88.62,100.0,41400,Weekday,Wednesday,Maximum_Load,2018-01-31 11:30:00,11,2,0,1,114.23,54.94,53.02008645833334
121.28,53.06,0.0,0.06,91.62,100.0,42300,Weekday,Wednesday,Maximum_Load,2018-01-31 11:45:00,11,2,0,1,129.37415,81.9,53.43029479166666
107.46,34.42,0.0,0.05,95.23,100.0,48600,Weekday,Wednesday,Medium_Load,2018-01-31 13:30:00,13,2,0,1,76.46,67.21,54.50800312500001
123.88,44.75,0.0,0.06,94.05,100.0,49500,Weekday,Wednesday,Medium_Load,2018-01-31 13:45:00,13,2,0,1,107.46,58.68,55.18716979166667
129.37415,54.54,0.0,0.06,92.98,100.0,50400,Weekday,Wednesday,Medium_Load,2018-01-31 14:00:00,14,2,0,1,123.88,60.01,55.90971302083333
104.58,40.79,0.0,0.05,93.16,100.0,51300,Weekday,Wednesday,Medium_Load,2018-01-31 14:15:00,14,2,0,1,129.37415,59.22,56.382213020833326
129.37415,56.56,0.0,0.07,93.06,100.0,52200,Weekday,Wednesday,Medium_Load,2018-01-31 14:30:00,14,2,0,1,104.58,70.78,56.99256875
108.94,44.57,0.0,0.05,92.55,100.0,53100,Weekday,Wednesday,Medium_Load,2018-01-31 14:45:00,14,2,0,1,129.37415,75.64,57.33944375
120.35,47.38,0.0,0.06,93.05,100.0,54000,Weekday,Wednesday,Medium_Load,2018-01-31 15:00:00,15,2,0,1,108.94,73.37,57.82881875
118.91,38.52,0.0,0.05,95.13,100.0,54900,Weekday,Wednesday,Medium_Load,2018-01-31 15:15:00,15,2,0,1,120.35,64.8,58.39246458333334
116.03,46.19,0.0,0.05,92.91,100.0,55800,Weekday,Wednesday,Medium_Load,2018-01-31 15:30:00,15,2,0,1,118.91,66.46,58.90881875
129.37415,52.6,0.0,0.06,93.14,100.0,56700,Weekday,Wednesday,Medium_Load,2018-01-31 15:45:00,15,2,0,1,116.03,77.4,59.45021614583334
124.88,49.32,0.0,0.06,93.01,100.0,57600,Weekday,Wednesday,Medium_Load,2018-01-31 16:00:00,16,2,0,1,129.37415,74.38,59.9762578125
129.37415,55.12,0.0,0.06,93.01,100.0,58500,Weekday,Wednesday,Medium_Load,2018-01-31 16:15:00,16,2,0,1,124.88,72.04,60.57348854166667
111.85,40.93,0.0,0.05,93.91,100.0,59400,Weekday,Wednesday,Medium_Load,2018-01-31 16:30:00,16,2,0,1,129.37415,68.36,61.026509375
129.37415,53.75,0.0,0.06,93.01,100.0,60300,Weekday,Wednesday,Medium_Load,2018-01-31 16:45:00,16,2,0,1,111.85,77.47,61.567177604166666
109.12,39.1,0.0,0.05,94.14,100.0,61200,Weekday,Wednesday,Medium_Load,2018-01-31 17:00:00,17,2,0,1,129.37415,76.64,61.9055109375
127.69,44.57,0.0,0.06,94.41,100.0,62100,Weekday,Wednesday,Maximum_Load,2018-01-31 17:15:00,17,2,0,1,109.12,69.44,62.51228177083333
99.29,18.61,0.0,0.05,98.29,100.0,63900,Weekday,Wednesday,Maximum_Load,2018-01-31 17:45:00,17,2,0,1,98.42,51.88,63.313219270833336
102.2,35.57,0.0,0.05,94.44,100.0,66600,Weekday,Wednesday,Maximum_Load,2018-01-31 18:30:00,18,2,0,1,59.69,65.45,64.3226984375
99.22,17.82,0.0,0.05,98.43,100.0,75600,Weekday,Wednesday,Medium_Load,2018-01-31 21:00:00,21,2,0,1,49.43,71.42,62.93061510416667
99.76,49.93,0.0,0.05,89.42,100.0,82800,Weekday,Wednesday,Maximum_Load,2018-01-31 23:00:00,23,2,0,1,54.54,68.4,63.289781770833336
104.65,55.08,0.0,0.05,88.49,100.0,0,Weekday,Thursday,Light_Load,2018-02-01 00:00:00,0,3,0,2,95.0,60.01,63.867906770833336
129.37415,76.79,0.0,0.06,86.42,100.0,30600,Weekday,Thursday,Light_Load,2018-02-01 08:30:00,8,3,0,2,66.56,60.88,64.30336666666666
119.38,72.4,0.0,0.05,85.5,100.0,31500,Weekday,Thursday,Light_Load,2018-02-01 08:45:00,8,3,0,2,129.37415,49.32,65.03315833333333
124.45,51.23,0.0,0.06,92.47,100.0,32400,Weekday,Thursday,Light_Load,2018-02-01 09:00:00,9,3,0,2,119.38,58.07,65.72461666666668
113.0,40.68,0.0,0.05,94.09,100.0,33300,Weekday,Thursday,Medium_Load,2018-02-01 09:15:00,9,3,0,2,124.45,76.54,66.10440833333334
99.76,39.13,0.0,0.05,93.09,100.0,36000,Weekday,Thursday,Medium_Load,2018-02-01 10:00:00,10,3,0,2,79.74,54.4,66.96045000000001
129.37415,59.44,0.0,0.06,91.5,100.0,36900,Weekday,Thursday,Maximum_Load,2018-02-01 10:15:00,10,3,0,2,99.76,59.08,67.69268072916667
115.45,48.96,0.0,0.05,92.06,100.0,37800,Weekday,Thursday,Maximum_Load,2018-02-01 10:30:00,10,3,0,2,129.37415,54.18,68.33090989583333
129.37415,60.48,0.0,0.06,91.41,100.0,38700,Weekday,Thursday,Maximum_Load,2018-02-01 10:45:00,10,3,0,2,115.45,96.77,68.67053645833333
108.11,58.32,0.0,0.05,88.01,100.0,41400,Weekday,Thursday,Maximum_Load,2018-02-01 11:30:00,11,3,0,2,74.59,129.37415,67.59336666666667
107.35,59.0,0.0,0.05,87.64,100.0,42300,Weekday,Thursday,Maximum_Load,2018-02-01 11:45:00,11,3,0,2,108.11,121.28,67.44826250000001
129.37415,81.94,0.0,0.07,87.13,100.0,43200,Weekday,Thursday,Maximum_Load,2018-02-01 12:00:00,12,3,0,2,107.35,97.7,67.7782015625
109.58,51.3,0.0,0.05,90.57,100.0,48600,Weekday,Thursday,Medium_Load,2018-02-01 13:30:00,13,3,0,2,51.8,107.46,67.65893072916667
127.8,55.55,0.0,0.06,91.71,100.0,49500,Weekday,Thursday,Medium_Load,2018-02-01 13:45:00,13,3,0,2,109.58,123.88,67.6997640625
105.37,48.1,0.0,0.05,90.97,100.0,50400,Weekday,Thursday,Medium_Load,2018-02-01 14:00:00,14,3,0,2,127.8,129.37415,67.44972083333333
129.37415,64.22,0.0,0.06,90.9,100.0,51300,Weekday,Thursday,Medium_Load,2018-02-01 14:15:00,14,3,0,2,105.37,104.58,67.70799322916668
122.54,51.88,0.0,0.06,92.09,100.0,53100,Weekday,Thursday,Medium_Load,2018-02-01 14:45:00,14,3,0,2,96.91,108.94,67.51149166666667
110.27,48.71,0.0,0.05,91.47,100.0,54000,Weekday,Thursday,Medium_Load,2018-02-01 15:00:00,15,3,0,2,122.54,120.35,67.40649166666667
103.25,42.95,0.0,0.05,92.33,100.0,71100,Weekday,Thursday,Maximum_Load,2018-02-01 19:45:00,19,3,0,2,92.84,76.32,62.43969531249999
120.13,41.04,0.0,0.06,94.63,100.0,72000,Weekday,Thursday,Maximum_Load,2018-02-01 20:00:00,20,3,0,2,103.25,55.87,63.1090703125
117.25,36.11,0.0,0.05,95.57,100.0,73800,Weekday,Thursday,Medium_Load,2018-02-01 20:30:00,20,3,0,2,80.21,66.2,63.44698697916667
103.97,25.34,0.0,0.05,97.16,100.0,76500,Weekday,Thursday,Medium_Load,2018-02-01 21:15:00,21,3,0,2,83.2,77.62,63.76677864583333
99.36,24.16,0.25,0.05,97.17,100.0,78300,Weekday,Thursday,Medium_Load,2018-02-01 21:45:00,21,3,0,2,39.56,96.7,63.36427864583334
102.24,56.38,0.0,0.05,87.57,100.0,81000,Weekday,Thursday,Maximum_Load,2018-02-01 22:30:00,22,3,0,2,54.68,80.5,63.39417447916667
105.37,56.7,0.0,0.05,88.06,100.0,82800,Weekday,Thursday,Maximum_Load,2018-02-01 23:00:00,23,3,0,2,72.07,99.76,63.63521614583334
105.16,54.86,0.0,0.05,88.66,100.0,84600,Weekday,Thursday,Light_Load,2018-02-01 23:30:00,23,3,0,2,69.26,87.19,63.593653645833335
105.55,55.76,0.0,0.05,88.42,100.0,1800,Weekday,Friday,Light_Load,2018-02-02 00:30:00,0,4,0,2,63.76,77.22,62.67542447916666
104.94,55.69,0.0,0.05,88.33,100.0,3600,Weekday,Friday,Light_Load,2018-02-02 01:00:00,1,4,0,2,67.03,88.96,62.768757812500006
109.48,38.66,0.0,0.05,94.29,100.0,58500,Weekday,Friday,Medium_Load,2018-02-02 16:15:00,16,4,0,2,84.6,74.59,50.58385416666667
112.32,37.62,0.0,0.05,94.82,100.0,59400,Weekday,Friday,Medium_Load,2018-02-02 16:30:00,16,4,0,2,109.48,85.07,50.86770833333333
102.35,28.66,0.0,0.05,96.3,100.0,61200,Weekday,Friday,Medium_Load,2018-02-02 17:00:00,17,4,0,2,94.93,72.86,51.31999999999999
105.8,41.22,0.0,0.05,93.18,100.0,37800,Weekday,Monday,Maximum_Load,2018-02-05 10:30:00,10,0,0,2,91.84,4.39,12.298020833333332
103.43,39.67,0.0,0.05,93.37,100.0,38700,Weekday,Monday,Maximum_Load,2018-02-05 10:45:00,10,0,0,2,105.8,5.08,13.3225
125.39,63.68,0.0,0.06,89.16,100.0,41400,Weekday,Monday,Maximum_Load,2018-02-05 11:30:00,11,0,0,2,93.56,4.07,16.4946875
114.59,57.02,0.0,0.05,89.53,100.0,42300,Weekday,Monday,Maximum_Load,2018-02-05 11:45:00,11,0,0,2,125.39,4.82,17.638125
108.76,55.58,0.0,0.05,89.05,100.0,43200,Weekday,Monday,Maximum_Load,2018-02-05 12:00:00,12,0,0,2,114.59,4.57,18.7234375
124.42,39.92,0.0,0.06,95.22,100.0,51300,Weekday,Monday,Medium_Load,2018-02-05 14:15:00,14,0,0,2,89.68,4.18,23.612604166666667
110.41,29.95,0.0,0.05,96.51,100.0,53100,Weekday,Monday,Medium_Load,2018-02-05 14:45:00,14,0,0,2,88.2,4.97,25.58541666666667
109.15,36.72,0.0,0.05,94.78,100.0,54000,Weekday,Monday,Medium_Load,2018-02-05 15:00:00,15,0,0,2,110.41,4.68,26.67364583333333
106.81,29.95,0.0,0.05,96.29,100.0,54900,Weekday,Monday,Medium_Load,2018-02-05 15:15:00,15,0,0,2,109.15,4.21,27.742395833333333
102.64,28.69,0.0,0.05,96.31,100.0,55800,Weekday,Monday,Medium_Load,2018-02-05 15:30:00,15,0,0,2,106.81,4.86,28.7609375
102.28,36.54,0.0,0.05,94.17,100.0,56700,Weekday,Monday,Medium_Load,2018-02-05 15:45:00,15,0,0,2,102.64,5.83,29.765625
101.52,25.92,0.0,0.05,96.89,100.0,58500,Weekday,Monday,Medium_Load,2018-02-05 16:15:00,16,0,0,2,67.25,4.18,31.431354166666665
113.15,33.7,0.0,0.05,95.84,100.0,59400,Weekday,Monday,Medium_Load,2018-02-05 16:30:00,16,0,0,2,101.52,4.18,32.56645833333334
100.66,39.71,0.0,0.05,93.02,100.0,61200,Weekday,Monday,Medium_Load,2018-02-05 17:00:00,17,0,0,2,75.28,4.79,34.2971875
102.56,61.6,0.0,0.05,85.73,100.0,31500,Weekday,Tuesday,Light_Load,2018-02-06 08:45:00,8,1,0,2,93.02,69.77,55.91041666666666
126.79,52.96,0.0,0.06,92.27,100.0,32400,Weekday,Tuesday,Light_Load,2018-02-06 09:00:00,9,1,0,2,102.56,70.49,56.496875
109.22,35.71,0.0,0.05,95.05,100.0,33300,Weekday,Tuesday,Medium_Load,2018-02-06 09:15:00,9,1,0,2,126.79,63.11,56.97718750000001
125.24,46.73,0.0,0.06,93.69,100.0,35100,Weekday,Tuesday,Medium_Load,2018-02-06 09:45:00,9,1,0,2,96.41,76.64,57.744062500000005
120.64,51.77,0.0,0.06,91.9,100.0,36000,Weekday,Tuesday,Medium_Load,2018-02-06 10:00:00,10,1,0,2,125.24,74.41,58.225625
102.53,36.14,0.0,0.05,94.31,100.0,36900,Weekday,Tuesday,Maximum_Load,2018-02-06 10:15:00,10,1,0,2,120.64,91.84,58.33697916666667
117.79,41.26,0.0,0.05,94.38,100.0,37800,Weekday,Tuesday,Maximum_Load,2018-02-06 10:30:00,10,1,0,2,102.53,105.8,58.461875
102.71,35.39,0.0,0.05,94.55,100.0,38700,Weekday,Tuesday,Maximum_Load,2018-02-06 10:45:00,10,1,0,2,117.79,103.43,58.454375
111.92,34.02,0.0,0.05,95.68,100.0,39600,Weekday,Tuesday,Maximum_Load,2018-02-06 11:00:00,11,1,0,2,102.71,98.32,58.59604166666667
119.92,55.91,0.0,0.05,90.63,100.0,40500,Weekday,Tuesday,Maximum_Load,2018-02-06 11:15:00,11,1,0,2,111.92,93.56,58.870625
117.94,65.77,0.0,0.05,87.34,100.0,41400,Weekday,Tuesday,Maximum_Load,2018-02-06 11:30:00,11,1,0,2,119.92,125.39,58.79302083333334
129.37415,67.75,0.0,0.06,88.92,100.0,42300,Weekday,Tuesday,Maximum_Load,2018-02-06 11:45:00,11,1,0,2,117.94,114.59,58.947022395833336
124.42,68.76,0.0,0.06,87.52,100.0,43200,Weekday,Tuesday,Maximum_Load,2018-02-06 12:00:00,12,1,0,2,129.37415,108.76,59.11014739583334
127.19,52.67,0.0,0.06,92.39,100.0,48600,Weekday,Tuesday,Medium_Load,2018-02-06 13:30:00,13,1,0,2,72.14,98.6,59.40535572916667
125.57,44.89,0.0,0.06,94.16,100.0,49500,Weekday,Tuesday,Medium_Load,2018-02-06 13:45:00,13,1,0,2,127.19,79.09,59.88952239583333
113.33,45.94,0.0,0.05,92.68,100.0,50400,Weekday,Thursday,Medium_Load,2018-02-08 14:00:00,14,3,0,2,82.33,67.93,37.85395833333333
124.63,55.33,0.0,0.06,91.4,100.0,51300,Weekday,Thursday,Medium_Load,2018-02-08 14:15:00,14,3,0,2,113.33,63.4,38.49177083333333
118.22,54.04,0.0,0.05,90.95,100.0,52200,Weekday,Thursday,Medium_Load,2018-02-08 14:30:00,14,3,0,2,124.63,77.04,38.92072916666667
108.65,38.3,0.0,0.05,94.31,100.0,54000,Weekday,Thursday,Medium_Load,2018-02-08 15:00:00,15,3,0,2,85.61,68.36,39.4296875
100.94,42.52,0.0,0.05,92.16,100.0,54900,Weekday,Thursday,Medium_Load,2018-02-08 15:15:00,15,3,0,2,108.65,71.28,39.73864583333333
113.9,47.99,0.0,0.05,92.15,100.0,56700,Weekday,Thursday,Medium_Load,2018-02-08 15:45:00,15,3,0,2,70.49,59.22,40.290625
106.56,33.44,0.0,0.05,95.41,100.0,57600,Weekday,Thursday,Medium_Load,2018-02-08 16:00:00,16,3,0,2,113.9,53.53,40.84302083333333
105.55,33.05,0.0,0.05,95.43,100.0,58500,Weekday,Thursday,Medium_Load,2018-02-08 16:15:00,16,3,0,2,106.56,53.6,41.384166666666665
129.37415,48.85,0.0,0.06,93.68,100.0,61200,Weekday,Thursday,Medium_Load,2018-02-08 17:00:00,17,3,0,2,89.03,70.02,42.3733765625
113.15,66.64,0.0,0.05,86.17,100.0,62100,Weekday,Thursday,Maximum_Load,2018-02-08 17:15:00,17,3,0,2,129.37415,66.42,42.86014739583334
111.49,31.36,0.0,0.05,96.26,100.0,71100,Weekday,Thursday,Maximum_Load,2018-02-08 19:45:00,19,3,0,2,76.32,37.4,45.98139739583333
109.15,30.35,0.0,0.05,96.34,100.0,73800,Weekday,Thursday,Medium_Load,2018-02-08 20:30:00,20,3,0,2,92.27,36.61,47.59952239583333
100.84,25.06,0.07,0.05,97.05,100.0,75600,Weekday,Thursday,Medium_Load,2018-02-08 21:00:00,21,3,0,2,51.59,41.26,48.30420989583333
107.5,28.69,0.0,0.05,96.62,100.0,76500,Weekday,Thursday,Medium_Load,2018-02-08 21:15:00,21,3,0,2,100.84,37.12,49.03733489583333
103.18,61.74,0.0,0.05,85.81,100.0,30600,Weekday,Friday,Light_Load,2018-02-09 08:30:00,8,4,0,2,57.56,57.74,52.9043140625
114.66,71.5,0.0,0.05,84.85,100.0,31500,Weekday,Friday,Light_Load,2018-02-09 08:45:00,8,4,0,2,103.18,58.03,53.494209895833336
113.29,50.76,0.0,0.05,91.26,100.0,32400,Weekday,Friday,Light_Load,2018-02-09 09:00:00,9,4,0,2,114.66,63.94,54.00827239583334
114.73,48.13,0.0,0.05,92.21,100.0,33300,Weekday,Friday,Medium_Load,2018-02-09 09:15:00,9,4,0,2,113.29,66.42,54.5115015625
129.37415,54.54,0.0,0.06,92.23,100.0,54000,Weekday,Friday,Medium_Load,2018-02-09 15:00:00,15,4,0,2,83.34,108.65,52.540190625
111.92,44.6,0.0,0.05,92.9,100.0,55800,Weekday,Friday,Medium_Load,2018-02-09 15:30:00,15,4,0,2,80.68,70.49,52.76071145833333
129.37415,58.79,0.0,0.06,92.06,100.0,56700,Weekday,Friday,Medium_Load,2018-02-09 15:45:00,15,4,0,2,111.92,113.9,52.92190052083333
111.56,30.24,0.0,0.05,96.52,100.0,72000,Weekday,Friday,Maximum_Load,2018-02-09 20:00:00,20,4,0,2,78.01,74.56,50.32321145833334
106.02,27.83,0.0,0.05,96.72,100.0,74700,Weekday,Friday,Medium_Load,2018-02-09 20:45:00,20,4,0,2,80.35,51.59,50.46602395833333
103.39,25.63,0.0,0.05,97.06,100.0,77400,Weekday,Friday,Medium_Load,2018-02-09 21:30:00,21,4,0,2,85.43,48.31,50.46560729166666
106.27,27.25,0.0,0.05,96.87,100.0,79200,Weekday,Friday,Medium_Load,2018-02-09 22:00:00,22,4,0,2,56.88,56.48,50.714253125
107.89,58.61,0.0,0.05,87.87,100.0,81900,Weekday,Friday,Maximum_Load,2018-02-09 22:45:00,22,4,0,2,64.66,38.56,52.25883645833333
107.82,58.14,0.0,0.05,88.02,100.0,84600,Weekday,Friday,Light_Load,2018-02-09 23:30:00,23,4,0,2,62.78,38.95,52.74404479166666
104.72,56.92,0.0,0.05,87.86,100.0,2700,Weekend,Saturday,Light_Load,2018-02-10 00:45:00,0,5,1,2,53.17,60.98,52.49133645833333
107.78,64.48,0.0,0.05,85.82,100.0,31500,Weekday,Monday,Light_Load,2018-02-12 08:45:00,8,0,0,2,97.45,4.39,7.1628125
128.99,57.6,0.0,0.06,91.31,100.0,32400,Weekday,Monday,Light_Load,2018-02-12 09:00:00,9,0,0,2,107.78,4.46,8.459999999999999
106.31,39.31,0.0,0.05,93.79,100.0,33300,Weekday,Monday,Medium_Load,2018-02-12 09:15:00,9,0,0,2,128.99,4.18,9.523854166666668
106.42,44.53,0.0,0.05,92.25,100.0,34200,Weekday,Monday,Medium_Load,2018-02-12 09:30:00,9,0,0,2,106.31,5.29,10.577291666666666
129.37415,56.12,0.0,0.06,91.96,100.0,35100,Weekday,Monday,Medium_Load,2018-02-12 09:45:00,9,0,0,2,106.42,5.0,11.872855729166666
115.49,48.31,0.0,0.05,92.25,100.0,36000,Weekday,Monday,Medium_Load,2018-02-12 10:00:00,10,0,0,2,129.37415,4.28,13.031293229166666
127.87,57.13,0.0,0.06,91.3,100.0,36900,Weekday,Monday,Maximum_Load,2018-02-12 10:15:00,10,0,0,2,115.49,4.1,14.320564062500004
129.37415,61.45,0.0,0.06,90.92,100.0,37800,Weekday,Monday,Maximum_Load,2018-02-12 10:30:00,10,0,0,2,127.87,4.68,15.619461458333332
106.78,54.29,0.0,0.05,89.14,100.0,41400,Weekday,Monday,Maximum_Load,2018-02-12 11:30:00,11,0,0,2,88.63,4.61,19.053836458333333
128.34,54.18,0.0,0.06,92.13,100.0,49500,Weekday,Monday,Medium_Load,2018-02-12 13:45:00,13,0,0,2,90.72,3.96,23.713315625000003
104.69,46.94,0.0,0.05,91.25,100.0,50400,Weekday,Monday,Medium_Load,2018-02-12 14:00:00,14,0,0,2,128.34,3.96,24.76258645833333
117.54,55.51,0.0,0.05,90.42,100.0,41400,Weekday,Tuesday,Maximum_Load,2018-02-13 11:30:00,11,1,0,2,95.44,106.78,40.79083333333333
112.21,51.8,0.0,0.05,90.79,100.0,42300,Weekday,Tuesday,Maximum_Load,2018-02-13 11:45:00,11,1,0,2,117.54,83.66,41.088229166666665
125.03,40.5,0.0,0.06,95.13,100.0,48600,Weekday,Tuesday,Medium_Load,2018-02-13 13:30:00,13,1,0,2,75.49,90.72,41.83802083333333
124.09,36.43,0.0,0.06,95.95,100.0,50400,Weekday,Tuesday,Medium_Load,2018-02-13 14:00:00,14,1,0,2,94.57,104.69,41.68833333333334
111.67,32.8,0.0,0.05,95.95,100.0,53100,Weekday,Tuesday,Medium_Load,2018-02-13 14:45:00,14,1,0,2,95.4,51.73,43.01125
100.37,23.98,0.0,0.05,97.26,100.0,54000,Weekday,Tuesday,Medium_Load,2018-02-13 15:00:00,15,1,0,2,111.67,48.46,43.55197916666666
111.28,35.17,0.0,0.05,95.35,100.0,56700,Weekday,Tuesday,Medium_Load,2018-02-13 15:45:00,15,1,0,2,54.72,51.52,44.28802083333333
120.24,38.84,0.0,0.06,95.16,100.0,57600,Weekday,Tuesday,Medium_Load,2018-02-13 16:00:00,16,1,0,2,111.28,69.66,44.81489583333333
110.34,27.25,0.0,0.05,97.08,100.0,59400,Weekday,Tuesday,Medium_Load,2018-02-13 16:30:00,16,1,0,2,75.64,50.9,45.701145833333335
100.98,23.15,0.5,0.05,97.47,100.0,60300,Weekday,Tuesday,Medium_Load,2018-02-13 16:45:00,16,1,0,2,110.34,60.62,46.1215625
103.1,47.88,0.0,0.05,90.7,100.0,0,Weekday,Monday,Light_Load,2018-02-19 00:00:00,0,0,0,2,3.24,3.53,4.562083333333333
100.98,33.84,0.0,0.05,94.82,100.0,72000,Weekday,Monday,Maximum_Load,2018-02-19 20:00:00,20,0,0,2,67.61,3.53,33.63583333333333
102.64,49.21,0.0,0.05,90.17,100.0,3600,Weekday,Tuesday,Light_Load,2018-02-20 01:00:00,1,1,0,2,73.12,3.28,47.884479166666665
129.37415,52.52,0.0,0.06,93.7,100.0,33300,Weekday,Tuesday,Medium_Load,2018-02-20 09:15:00,9,1,0,2,75.31,62.1,50.0649390625
116.82,44.39,0.0,0.05,93.48,100.0,35100,Weekday,Tuesday,Medium_Load,2018-02-20 09:45:00,9,1,0,2,84.17,59.54,50.74525156250001
104.36,44.71,0.0,0.05,91.92,100.0,36000,Weekday,Tuesday,Medium_Load,2018-02-20 10:00:00,10,1,0,2,116.82,75.28,51.04816822916666
129.37415,53.35,0.0,0.06,92.95,100.0,36900,Weekday,Tuesday,Maximum_Load,2018-02-20 10:15:00,10,1,0,2,104.36,54.61,51.82696145833334
116.53,32.29,0.0,0.05,96.37,100.0,38700,Weekday,Tuesday,Maximum_Load,2018-02-20 10:45:00,10,1,0,2,87.8,64.76,52.487690625000006
106.45,44.46,0.0,0.05,92.28,100.0,40500,Weekday,Tuesday,Maximum_Load,2018-02-20 11:15:00,11,1,0,2,61.24,76.61,52.73591979166667
120.6,51.88,0.0,0.06,91.86,100.0,41400,Weekday,Tuesday,Maximum_Load,2018-02-20 11:30:00,11,1,0,2,106.45,61.49,53.351648958333335
110.95,34.7,0.0,0.05,95.44,100.0,49500,Weekday,Tuesday,Medium_Load,2018-02-20 13:45:00,13,1,0,2,73.12,53.75,53.885607291666666
119.09,36.58,0.0,0.05,95.59,100.0,51300,Weekday,Tuesday,Medium_Load,2018-02-20 14:15:00,14,1,0,2,94.64,57.64,54.77654479166666
111.24,30.64,0.0,0.05,96.41,100.0,53100,Weekday,Tuesday,Medium_Load,2018-02-20 14:45:00,14,1,0,2,67.43,78.77,55.207378125
99.58,27.11,0.0,0.05,96.49,100.0,54000,Weekday,Tuesday,Medium_Load,2018-02-20 15:00:00,15,1,0,2,111.24,59.51,55.62477395833333
102.31,28.76,0.0,0.05,96.27,100.0,55800,Weekday,Tuesday,Medium_Load,2018-02-20 15:30:00,15,1,0,2,83.74,70.96,56.21873229166667
100.66,31.21,0.0,0.05,95.51,100.0,56700,Weekday,Tuesday,Medium_Load,2018-02-20 15:45:00,15,1,0,2,102.31,63.5,56.605815625
123.19,38.38,0.0,0.06,95.47,100.0,58500,Weekday,Tuesday,Medium_Load,2018-02-20 16:15:00,16,1,0,2,69.8,71.53,57.206128125
104.36,26.93,0.0,0.05,96.83,100.0,61200,Weekday,Tuesday,Medium_Load,2018-02-20 17:00:00,17,1,0,2,64.19,91.73,57.27216979166667
108.54,32.58,0.0,0.05,95.78,100.0,62100,Weekday,Tuesday,Maximum_Load,2018-02-20 17:15:00,17,1,0,2,104.36,87.19,57.494565625
108.97,40.75,0.0,0.05,93.67,100.0,65700,Weekday,Tuesday,Maximum_Load,2018-02-20 18:15:00,18,1,0,2,75.71,54.76,58.98185729166667
117.65,37.8,0.0,0.05,95.21,100.0,67500,Weekday,Tuesday,Maximum_Load,2018-02-20 18:45:00,18,1,0,2,94.75,67.97,59.85404479166667
112.18,31.07,0.0,0.05,96.37,100.0,69300,Weekday,Tuesday,Maximum_Load,2018-02-20 19:15:00,19,1,0,2,92.63,58.18,60.747690625
105.12,28.91,0.0,0.05,96.42,100.0,71100,Weekday,Tuesday,Maximum_Load,2018-02-20 19:45:00,19,1,0,2,98.57,67.61,61.48946145833333
104.15,30.46,0.0,0.05,95.98,100.0,72000,Weekday,Tuesday,Maximum_Load,2018-02-20 20:00:00,20,1,0,2,105.12,100.98,61.52248229166667
113.65,34.85,0.0,0.05,95.61,100.0,73800,Weekday,Tuesday,Medium_Load,2018-02-20 20:30:00,20,1,0,2,68.69,55.76,62.03060729166668
104.62,45.0,0.0,0.05,91.86,100.0,50400,Weekday,Wednesday,Medium_Load,2018-02-21 14:00:00,14,2,0,2,66.2,94.64,56.573125
129.37415,56.77,0.0,0.06,92.15,100.0,52200,Weekday,Wednesday,Medium_Load,2018-02-21 14:30:00,14,2,0,2,73.66,67.43,56.745147395833335
117.04,43.13,0.0,0.05,93.83,100.0,53100,Weekday,Wednesday,Medium_Load,2018-02-21 14:45:00,14,2,0,2,129.37415,111.24,56.8055640625
101.95,46.62,0.0,0.05,90.94,100.0,54000,Weekday,Wednesday,Medium_Load,2018-02-21 15:00:00,15,2,0,2,117.04,99.58,56.8302515625
129.37415,56.45,0.0,0.06,92.0,100.0,54900,Weekday,Wednesday,Medium_Load,2018-02-21 15:15:00,15,2,0,2,101.95,83.74,57.30560729166666
103.5,41.72,0.0,0.05,92.75,100.0,56700,Weekday,Wednesday,Medium_Load,2018-02-21 15:45:00,15,2,0,2,93.6,100.66,57.24446145833334
124.42,47.88,0.0,0.06,93.33,100.0,57600,Weekday,Wednesday,Medium_Load,2018-02-21 16:00:00,16,2,0,2,103.5,69.8,57.81341979166667
129.37415,54.76,0.0,0.06,92.43,100.0,59400,Weekday,Wednesday,Medium_Load,2018-02-21 16:30:00,16,2,0,2,91.19,84.64,57.946067187500006
115.81,48.6,0.0,0.05,92.21,100.0,60300,Weekday,Wednesday,Medium_Load,2018-02-21 16:45:00,16,2,0,2,129.37415,64.19,58.483775520833326
99.86,29.88,0.0,0.05,95.8,100.0,62100,Weekday,Wednesday,Maximum_Load,2018-02-21 17:15:00,17,2,0,2,87.34,108.54,58.2160671875
108.4,24.08,0.0,0.05,97.62,100.0,63000,Weekday,Wednesday,Maximum_Load,2018-02-21 17:30:00,17,2,0,2,99.86,79.85,58.513463020833335
103.39,73.76,0.0,0.05,81.41,100.0,31500,Weekday,Thursday,Light_Load,2018-02-22 08:45:00,8,3,0,2,80.24,72.5,56.77898385416666
129.37415,67.93,0.0,0.06,90.0,100.0,32400,Weekday,Thursday,Light_Load,2018-02-22 09:00:00,9,3,0,2,103.39,55.26,57.55100625
104.36,34.31,0.0,0.05,95.0,100.0,34200,Weekday,Thursday,Medium_Load,2018-02-22 09:30:00,9,3,0,2,91.4,83.7,58.087152083333336
112.97,38.74,0.0,0.05,94.59,100.0,35100,Weekday,Thursday,Medium_Load,2018-02-22 09:45:00,9,3,0,2,104.36,80.78,58.42246458333333
123.3,51.34,0.0,0.06,92.32,100.0,36900,Weekday,Thursday,Maximum_Load,2018-02-22 10:15:00,10,3,0,2,86.15,73.55,59.12673541666666
121.93,48.67,0.0,0.06,92.87,100.0,37800,Weekday,Thursday,Maximum_Load,2018-02-22 10:30:00,10,3,0,2,123.3,62.86,59.74204791666667
104.54,52.16,0.0,0.05,89.48,100.0,40500,Weekday,Thursday,Maximum_Load,2018-02-22 11:15:00,11,3,0,2,86.65,83.16,60.155172916666665
114.7,58.1,0.0,0.05,89.21,100.0,41400,Weekday,Thursday,Maximum_Load,2018-02-22 11:30:00,11,3,0,2,104.54,90.07,60.411735416666666
113.94,51.34,0.0,0.05,91.17,100.0,48600,Weekday,Thursday,Medium_Load,2018-02-22 13:30:00,13,3,0,2,89.86,65.84,61.92881875
110.48,38.77,0.0,0.05,94.36,100.0,50400,Weekday,Thursday,Medium_Load,2018-02-22 14:00:00,14,3,0,2,69.37,104.62,62.022881250000005
109.4,41.0,0.0,0.05,93.64,100.0,51300,Weekday,Thursday,Medium_Load,2018-02-22 14:15:00,14,3,0,2,110.48,73.66,62.39517291666667
118.19,44.32,0.0,0.05,93.63,100.0,53100,Weekday,Thursday,Medium_Load,2018-02-22 14:45:00,14,3,0,2,68.94,117.04,61.7776296875
111.02,40.9,0.0,0.05,93.83,100.0,54000,Weekday,Thursday,Medium_Load,2018-02-22 15:00:00,15,3,0,2,118.19,101.95,61.87210885416667
108.14,36.68,0.0,0.05,94.7,100.0,56700,Weekday,Thursday,Medium_Load,2018-02-22 15:45:00,15,3,0,2,96.8,103.5,61.27591979166667
106.85,35.14,0.0,0.05,94.99,100.0,59400,Weekday,Thursday,Medium_Load,2018-02-22 16:30:00,16,3,0,2,97.16,129.37415,60.66389739583333
102.82,37.66,0.0,0.05,93.9,100.0,60300,Weekday,Thursday,Medium_Load,2018-02-22 16:45:00,16,3,0,2,106.85,115.81,60.52858489583334
110.27,47.66,0.0,0.05,91.79,100.0,62100,Weekday,Thursday,Maximum_Load,2018-02-22 17:15:00,17,3,0,2,79.81,99.86,60.55858489583334
121.28,54.68,0.0,0.06,91.16,100.0,63000,Weekday,Thursday,Maximum_Load,2018-02-22 17:30:00,17,3,0,2,110.27,108.4,60.6927515625
129.37415,72.9,0.0,0.06,87.47,100.0,66600,Weekday,Thursday,Maximum_Load,2018-02-22 18:30:00,18,3,0,2,76.54,58.93,61.374565625
109.62,45.65,0.0,0.05,92.32,100.0,67500,Weekday,Thursday,Maximum_Load,2018-02-22 18:45:00,18,3,0,2,129.37415,63.79,61.851961458333335
111.71,48.56,0.0,0.05,91.71,100.0,68400,Weekday,Thursday,Maximum_Load,2018-02-22 19:00:00,19,3,0,2,109.62,67.82,62.30914895833334
129.37415,56.52,0.0,0.06,91.8,100.0,69300,Weekday,Thursday,Maximum_Load,2018-02-22 19:15:00,19,3,0,2,111.71,84.2,62.77971302083333
119.95,47.66,0.0,0.05,92.93,100.0,70200,Weekday,Thursday,Maximum_Load,2018-02-22 19:30:00,19,3,0,2,129.37415,71.1,63.2885671875
99.47,40.03,0.0,0.05,92.77,100.0,71100,Weekday,Thursday,Maximum_Load,2018-02-22 19:45:00,19,3,0,2,119.95,65.41,63.64335885416667
107.93,31.86,0.0,0.05,95.91,100.0,72900,Weekday,Thursday,Medium_Load,2018-02-22 20:15:00,20,3,0,2,91.01,70.09,64.00377552083333
107.14,31.1,0.0,0.05,96.04,100.0,74700,Weekday,Thursday,Medium_Load,2018-02-22 20:45:00,20,3,0,2,92.59,77.36,64.26367135416668
100.87,36.5,0.0,0.05,94.03,100.0,75600,Weekday,Thursday,Medium_Load,2018-02-22 21:00:00,21,3,0,2,107.14,94.21,64.33304635416667
113.51,36.43,0.0,0.05,95.22,100.0,76500,Weekday,Thursday,Medium_Load,2018-02-22 21:15:00,21,3,0,2,100.87,83.7,64.64356718750001
102.28,40.82,0.0,0.05,92.88,100.0,77400,Weekday,Thursday,Medium_Load,2018-02-22 21:30:00,21,3,0,2,113.51,84.67,64.82700468750001
129.37415,65.95,0.0,0.06,89.87,100.0,32400,Weekday,Friday,Light_Load,2018-02-23 09:00:00,9,4,0,2,61.31,129.37415,61.77742135416667
106.16,45.76,0.0,0.05,91.83,100.0,33300,Weekday,Friday,Medium_Load,2018-02-23 09:15:00,9,4,0,2,129.37415,91.4,61.93117135416666
123.34,52.24,0.0,0.06,92.08,100.0,35100,Weekday,Friday,Medium_Load,2018-02-23 09:45:00,9,4,0,2,77.29,112.97,61.757213020833326
103.86,55.22,0.0,0.05,88.3,100.0,37800,Weekday,Friday,Maximum_Load,2018-02-23 10:30:00,10,4,0,2,85.36,121.93,60.970546354166665
109.04,69.7,0.0,0.05,84.26,100.0,41400,Weekday,Friday,Maximum_Load,2018-02-23 11:30:00,11,4,0,2,68.08,114.7,60.15867135416667
109.22,69.16,0.0,0.05,84.49,100.0,42300,Weekday,Friday,Maximum_Load,2018-02-23 11:45:00,11,4,0,2,109.04,84.46,60.41658802083333
125.6,67.79,0.0,0.06,88.0,100.0,43200,Weekday,Friday,Maximum_Load,2018-02-23 12:00:00,12,4,0,2,109.22,92.02,60.766379687500006
129.37415,57.13,0.0,0.06,92.4,100.0,51300,Weekday,Friday,Medium_Load,2018-02-23 14:15:00,14,4,0,2,64.91,109.4,60.39038125
100.55,34.13,0.0,0.05,94.69,100.0,36900,Weekday,Monday,Maximum_Load,2018-02-26 10:15:00,10,0,0,2,53.35,4.54,9.543541666666668
103.82,26.68,0.0,0.05,96.85,100.0,39600,Weekday,Monday,Maximum_Load,2018-02-26 11:00:00,11,0,0,2,66.6,4.28,11.885729166666666
99.61,34.2,0.0,0.05,94.58,100.0,69300,Weekday,Tuesday,Maximum_Load,2018-02-27 19:15:00,19,1,0,2,54.86,63.36,31.17239583333333
108.4,35.82,0.0,0.05,94.95,100.0,70200,Weekday,Tuesday,Maximum_Load,2018-02-27 19:30:00,19,1,0,2,99.61,60.73,31.66895833333333
121.93,48.31,0.0,0.06,92.97,100.0,71100,Weekday,Tuesday,Maximum_Load,2018-02-27 19:45:00,19,1,0,2,108.4,60.48,32.3090625
126.97,54.36,0.0,0.06,91.93,100.0,74700,Weekday,Tuesday,Medium_Load,2018-02-27 20:45:00,20,1,0,2,94.97,65.05,33.1921875
108.94,71.42,0.0,0.05,83.63,100.0,30600,Weekday,Wednesday,Light_Load,2018-02-28 08:30:00,8,2,0,2,44.86,61.7,34.288020833333334
107.1,73.76,0.0,0.05,82.36,100.0,31500,Weekday,Wednesday,Light_Load,2018-02-28 08:45:00,8,2,0,2,108.94,69.16,34.68322916666666
100.91,45.54,0.0,0.05,91.15,100.0,32400,Weekday,Wednesday,Light_Load,2018-02-28 09:00:00,9,2,0,2,107.1,72.61,34.97802083333333
121.46,56.2,0.0,0.06,90.76,100.0,33300,Weekday,Wednesday,Medium_Load,2018-02-28 09:15:00,9,2,0,2,100.91,74.3,35.46927083333333
127.91,58.0,0.0,0.06,91.07,100.0,35100,Weekday,Wednesday,Medium_Load,2018-02-28 09:45:00,9,2,0,2,83.3,72.4,36.1828125
129.37415,58.79,0.0,0.06,91.63,100.0,37800,Weekday,Wednesday,Maximum_Load,2018-02-28 10:30:00,10,2,0,2,93.2,66.02,37.0305640625
113.72,48.38,0.0,0.05,92.02,100.0,39600,Weekday,Wednesday,Maximum_Load,2018-02-28 11:00:00,11,2,0,2,75.13,66.6,37.59452239583333
116.06,62.68,0.0,0.05,87.99,100.0,40500,Weekday,Wednesday,Maximum_Load,2018-02-28 11:15:00,11,2,0,2,113.72,68.18,38.09327239583333
116.35,53.1,0.0,0.05,90.97,100.0,54900,Weekday,Wednesday,Medium_Load,2018-02-28 15:15:00,15,2,0,2,97.88,57.31,40.003272395833335
127.76,60.37,0.0,0.06,90.41,100.0,55800,Weekday,Wednesday,Medium_Load,2018-02-28 15:30:00,15,2,0,2,116.35,48.56,40.82827239583333
113.94,45.54,0.0,0.05,92.86,100.0,57600,Weekday,Wednesday,Medium_Load,2018-02-28 16:00:00,16,2,0,2,89.64,70.99,41.72379322916667
107.17,54.25,0.0,0.05,89.22,100.0,58500,Weekday,Wednesday,Medium_Load,2018-02-28 16:15:00,16,2,0,2,113.94,51.41,42.3046265625
106.52,46.76,0.0,0.05,91.57,100.0,59400,Weekday,Wednesday,Medium_Load,2018-02-28 16:30:00,16,2,0,2,107.17,53.96,42.8521265625
126.29,54.61,0.0,0.06,91.79,100.0,60300,Weekday,Wednesday,Medium_Load,2018-02-28 16:45:00,16,2,0,2,106.52,55.62,43.588272395833336
120.2,59.51,0.0,0.06,89.62,100.0,62100,Weekday,Wednesday,Maximum_Load,2018-02-28 17:15:00,17,2,0,2,90.43,40.79,44.89285572916666
104.62,34.96,0.18,0.05,94.84,100.0,63000,Weekday,Wednesday,Maximum_Load,2018-02-28 17:30:00,17,2,0,2,120.2,37.91,45.5877515625
129.37415,71.35,0.0,0.06,88.54,100.0,66600,Weekday,Wednesday,Maximum_Load,2018-02-28 18:30:00,18,2,0,2,59.11,54.0,46.56758645833333
129.37415,55.37,0.0,0.06,92.48,100.0,69300,Weekday,Wednesday,Maximum_Load,2018-02-28 19:15:00,19,2,0,2,98.1,99.61,47.658046354166665
107.39,28.98,0.0,0.05,96.55,100.0,33300,Weekday,Friday,Medium_Load,2018-03-02 09:15:00,9,4,0,3,66.2,31.25,19.631979166666667
115.16,49.46,0.0,0.05,91.88,100.0,38700,Weekday,Monday,Maximum_Load,2018-03-05 10:45:00,10,0,0,3,78.8,3.28,10.679270833333334
118.55,64.33,0.0,0.05,87.89,100.0,40500,Weekday,Monday,Maximum_Load,2018-03-05 11:15:00,11,0,0,3,88.7,3.13,12.771041666666669
113.15,36.25,0.0,0.05,95.23,100.0,48600,Weekday,Monday,Maximum_Load,2018-03-05 13:30:00,13,0,0,3,54.22,3.24,16.8975
112.72,40.1,0.0,0.05,94.22,100.0,50400,Weekday,Monday,Maximum_Load,2018-03-05 14:00:00,14,0,0,3,74.84,3.28,18.78375
123.66,47.41,0.0,0.06,93.37,100.0,52200,Weekday,Monday,Maximum_Load,2018-03-05 14:30:00,14,0,0,3,78.66,3.46,20.821041666666662
121.75,58.64,0.0,0.06,90.09,100.0,56700,Weekday,Monday,Maximum_Load,2018-03-05 15:45:00,15,0,0,3,91.04,3.24,24.378958333333333
129.37415,70.49,0.0,0.07,90.16,100.0,57600,Weekday,Monday,Maximum_Load,2018-03-05 16:00:00,16,0,0,3,121.75,3.92,25.68577239583333
99.61,29.66,0.0,0.05,95.84,100.0,72900,Weekday,Monday,Medium_Load,2018-03-05 20:15:00,20,0,0,3,65.66,3.31,35.010147395833336
102.56,24.98,0.0,0.05,97.16,100.0,75600,Weekday,Monday,Medium_Load,2018-03-05 21:00:00,21,0,0,3,95.58,3.31,37.807959895833335
108.68,63.68,0.0,0.05,86.28,100.0,31500,Weekday,Tuesday,Light_Load,2018-03-06 08:45:00,8,1,0,3,82.98,90.5,39.40598072916666
120.89,47.38,0.0,0.06,93.1,100.0,32400,Weekday,Tuesday,Light_Load,2018-03-06 09:00:00,9,1,0,3,108.68,56.99,40.07160572916667
104.4,39.38,0.0,0.05,93.56,100.0,34200,Weekday,Tuesday,Medium_Load,2018-03-06 09:30:00,9,1,0,3,92.92,50.26,41.01098072916667
128.41,46.4,0.0,0.06,94.05,100.0,35100,Weekday,Tuesday,Medium_Load,2018-03-06 09:45:00,9,1,0,3,104.4,56.05,41.764730729166665
114.91,48.64,0.0,0.05,92.09,100.0,61200,Weekday,Tuesday,Maximum_Load,2018-03-06 17:00:00,17,1,0,3,77.76,63.65,39.34583333333334
100.87,63.5,0.0,0.05,84.63,100.0,31500,Weekday,Wednesday,Light_Load,2018-03-07 08:45:00,8,2,0,3,85.68,108.68,38.64020833333333
99.9,30.02,0.0,0.05,95.77,100.0,33300,Weekday,Wednesday,Medium_Load,2018-03-07 09:15:00,9,2,0,3,90.11,92.92,38.392291666666665
111.67,39.46,0.0,0.05,94.29,100.0,35100,Weekday,Wednesday,Medium_Load,2018-03-07 09:45:00,9,2,0,3,86.58,128.41,38.032291666666666
109.73,33.3,0.0,0.05,95.69,100.0,38700,Weekday,Wednesday,Maximum_Load,2018-03-07 10:45:00,10,2,0,3,94.14,71.21,38.9353125
102.28,43.78,0.0,0.05,91.93,100.0,48600,Weekday,Wednesday,Maximum_Load,2018-03-07 13:30:00,13,2,0,3,62.96,63.04,39.131458333333335
122.87,53.89,0.0,0.06,91.58,100.0,52200,Weekday,Wednesday,Maximum_Load,2018-03-07 14:30:00,14,2,0,3,87.44,50.44,40.16520833333333
100.44,37.48,0.0,0.05,93.69,100.0,53100,Weekday,Wednesday,Maximum_Load,2018-03-07 14:45:00,14,2,0,3,122.87,61.7,40.56875
127.12,53.86,0.0,0.06,92.08,100.0,54900,Weekday,Wednesday,Maximum_Load,2018-03-07 15:15:00,15,2,0,3,86.04,74.63,41.313541666666666
105.62,36.54,0.0,0.05,94.5,100.0,59400,Weekday,Wednesday,Maximum_Load,2018-03-07 16:30:00,16,2,0,3,94.75,83.09,42.08177083333333
110.88,38.59,0.0,0.05,94.44,100.0,60300,Weekday,Wednesday,Maximum_Load,2018-03-07 16:45:00,16,2,0,3,105.62,77.76,42.42677083333333
102.02,34.6,0.0,0.05,94.7,100.0,62100,Weekday,Wednesday,Medium_Load,2018-03-07 17:15:00,17,2,0,3,88.16,75.67,42.422604166666666
104.36,63.9,0.0,0.05,85.28,100.0,31500,Weekday,Thursday,Light_Load,2018-03-08 08:45:00,8,3,0,3,94.28,100.87,36.31822916666667
121.57,49.75,0.0,0.06,92.55,100.0,34200,Weekday,Thursday,Medium_Load,2018-03-08 09:30:00,9,3,0,3,93.13,86.58,36.67739583333333
110.77,43.02,0.0,0.05,93.22,100.0,35100,Weekday,Thursday,Medium_Load,2018-03-08 09:45:00,9,3,0,3,121.57,111.67,36.66802083333334
108.04,37.58,0.0,0.05,94.45,100.0,36000,Weekday,Thursday,Medium_Load,2018-03-08 10:00:00,10,3,0,3,110.77,96.12,36.7921875
115.45,43.56,0.0,0.05,93.56,100.0,36900,Weekday,Thursday,Maximum_Load,2018-03-08 10:15:00,10,3,0,3,108.04,58.93,37.3809375
100.44,35.42,0.0,0.05,94.31,100.0,37800,Weekday,Thursday,Maximum_Load,2018-03-08 10:30:00,10,3,0,3,115.45,94.14,37.446562500000006
109.19,43.78,0.0,0.05,92.82,100.0,38700,Weekday,Thursday,Maximum_Load,2018-03-08 10:45:00,10,3,0,3,100.44,109.73,37.4409375
109.94,69.12,0.0,0.05,84.66,100.0,31500,Weekday,Monday,Light_Load,2018-03-12 08:45:00,8,0,0,3,87.3,27.76,20.976145833333334
102.71,36.36,0.0,0.05,94.27,100.0,36000,Weekday,Tuesday,Medium_Load,2018-03-13 10:00:00,10,1,0,3,74.81,58.21,35.6371875
111.82,49.28,0.0,0.05,91.51,100.0,36900,Weekday,Tuesday,Maximum_Load,2018-03-13 10:15:00,10,1,0,3,102.71,52.99,36.25
106.7,46.26,0.0,0.05,91.75,100.0,49500,Weekday,Tuesday,Maximum_Load,2018-03-13 13:45:00,13,1,0,3,78.84,78.55,36.43
107.5,45.54,0.0,0.05,92.08,100.0,51300,Weekday,Tuesday,Maximum_Load,2018-03-13 14:15:00,14,1,0,3,84.53,96.48,36.49229166666667
102.24,43.81,0.0,0.05,91.92,100.0,53100,Weekday,Tuesday,Maximum_Load,2018-03-13 14:45:00,14,1,0,3,96.62,83.56,36.8878125
118.33,54.83,0.0,0.05,90.73,100.0,37800,Weekday,Wednesday,Maximum_Load,2018-03-14 10:30:00,10,2,0,3,84.6,84.56,35.169895833333335
113.11,41.62,0.0,0.05,93.85,100.0,60300,Weekday,Wednesday,Maximum_Load,2018-03-14 16:45:00,16,2,0,3,58.07,65.2,33.23072916666667
113.72,42.26,0.0,0.05,93.74,100.0,62100,Weekday,Wednesday,Medium_Load,2018-03-14 17:15:00,17,2,0,3,68.08,62.42,33.8184375
118.22,74.88,0.0,0.05,84.48,100.0,30600,Weekday,Thursday,Light_Load,2018-03-15 08:30:00,8,3,0,3,63.18,62.14,29.808333333333334
123.44,56.3,0.0,0.06,90.98,100.0,32400,Weekday,Thursday,Light_Load,2018-03-15 09:00:00,9,3,0,3,96.7,71.35,30.59927083333333
117.18,49.5,0.0,0.05,92.12,100.0,34200,Weekday,Thursday,Medium_Load,2018-03-15 09:30:00,9,3,0,3,95.94,62.1,31.57947916666667
120.6,50.76,0.0,0.06,92.17,100.0,36000,Weekday,Thursday,Medium_Load,2018-03-15 10:00:00,10,3,0,3,91.87,73.08,32.375625
100.73,45.97,0.0,0.05,90.97,100.0,36900,Weekday,Thursday,Maximum_Load,2018-03-15 10:15:00,10,3,0,3,120.6,84.6,32.543645833333336
125.1,50.22,0.0,0.06,92.8,100.0,37800,Weekday,Thursday,Maximum_Load,2018-03-15 10:30:00,10,3,0,3,100.73,118.33,32.61416666666667
101.12,43.56,0.0,0.05,91.84,100.0,39600,Weekday,Thursday,Maximum_Load,2018-03-15 11:00:00,11,3,0,3,97.92,98.75,32.92458333333333
107.68,60.7,0.0,0.05,87.11,100.0,41400,Weekday,Thursday,Maximum_Load,2018-03-15 11:30:00,11,3,0,3,90.86,81.68,33.12520833333333
107.06,62.32,0.0,0.05,86.42,100.0,42300,Weekday,Thursday,Maximum_Load,2018-03-15 11:45:00,11,3,0,3,107.68,89.68,33.30625
127.37,53.89,0.0,0.06,92.1,100.0,49500,Weekday,Thursday,Maximum_Load,2018-03-15 13:45:00,13,3,0,3,92.38,52.96,34.93604166666667
127.69,53.86,0.0,0.06,92.14,100.0,54000,Weekday,Thursday,Maximum_Load,2018-03-15 15:00:00,15,3,0,3,96.88,48.74,37.16666666666666
114.7,55.76,0.0,0.05,89.94,100.0,55800,Weekday,Thursday,Maximum_Load,2018-03-15 15:30:00,15,3,0,3,85.32,49.28,38.19385416666667
105.88,48.2,0.0,0.05,91.01,100.0,62100,Weekday,Thursday,Medium_Load,2018-03-15 17:15:00,17,3,0,3,68.8,113.72,38.094479166666666
101.77,55.66,0.0,0.05,87.74,100.0,72000,Weekday,Thursday,Medium_Load,2018-03-15 20:00:00,20,3,0,3,49.93,4.46,42.53489583333334
114.73,56.99,0.0,0.05,89.56,100.0,73800,Weekday,Thursday,Medium_Load,2018-03-15 20:30:00,20,3,0,3,98.82,4.43,44.66750000000001
118.66,69.26,0.0,0.05,86.36,100.0,30600,Weekday,Friday,Light_Load,2018-03-16 08:30:00,8,4,0,3,60.55,118.22,45.63916666666666
114.77,82.44,0.0,0.05,81.22,100.0,31500,Weekday,Friday,Light_Load,2018-03-16 08:45:00,8,4,0,3,118.66,96.7,45.82739583333333
108.9,32.83,0.0,0.05,95.74,100.0,34200,Weekday,Friday,Medium_Load,2018-03-16 09:30:00,9,4,0,3,69.91,117.18,44.96156249999999
104.72,41.44,0.0,0.05,92.98,100.0,35100,Weekday,Friday,Medium_Load,2018-03-16 09:45:00,9,4,0,3,108.9,91.87,45.095416666666665
121.75,49.32,0.0,0.06,92.68,100.0,36000,Weekday,Friday,Medium_Load,2018-03-16 10:00:00,10,4,0,3,104.72,120.6,45.10739583333333
110.74,49.28,0.0,0.05,91.36,100.0,36900,Weekday,Friday,Maximum_Load,2018-03-16 10:15:00,10,4,0,3,121.75,100.73,45.211666666666666
109.44,62.93,0.0,0.05,86.69,100.0,40500,Weekday,Friday,Maximum_Load,2018-03-16 11:15:00,11,4,0,3,59.0,90.86,44.1271875
103.72,61.13,0.0,0.05,86.15,100.0,41400,Weekday,Friday,Maximum_Load,2018-03-16 11:30:00,11,4,0,3,109.44,107.68,44.0859375
111.42,50.65,0.0,0.05,91.04,100.0,48600,Weekday,Friday,Maximum_Load,2018-03-16 13:30:00,13,4,0,3,55.69,92.38,43.99666666666667
114.23,46.91,0.0,0.05,92.5,100.0,49500,Weekday,Friday,Maximum_Load,2018-03-16 13:45:00,13,4,0,3,111.42,127.37,43.859791666666666
122.94,55.08,0.0,0.06,91.26,100.0,55800,Weekday,Friday,Maximum_Load,2018-03-16 15:30:00,15,4,0,3,86.83,114.7,43.24770833333333
113.8,51.91,0.0,0.05,90.98,100.0,58500,Weekday,Friday,Maximum_Load,2018-03-16 16:15:00,16,4,0,3,82.04,70.34,44.18
104.65,36.32,0.0,0.05,94.47,100.0,70200,Weekday,Friday,Medium_Load,2018-03-16 19:30:00,19,4,0,3,86.26,76.64,43.78218749999999
103.46,28.87,0.0,0.05,96.32,100.0,72000,Weekday,Friday,Medium_Load,2018-03-16 20:00:00,20,4,0,3,93.24,101.77,44.2509375
100.55,25.63,0.0,0.05,96.9,100.0,74700,Weekday,Friday,Medium_Load,2018-03-16 20:45:00,20,4,0,3,51.08,73.94,43.5703125
122.8,74.34,0.0,0.06,85.55,100.0,31500,Weekday,Monday,Light_Load,2018-03-19 08:45:00,8,0,0,3,90.68,3.1,5.454999999999999
119.3,44.35,0.0,0.05,93.73,100.0,33300,Weekday,Monday,Medium_Load,2018-03-19 09:15:00,9,0,0,3,95.04,3.17,7.621666666666667
116.71,52.52,0.0,0.05,91.19,100.0,35100,Weekday,Monday,Medium_Load,2018-03-19 09:45:00,9,0,0,3,86.4,3.17,9.671041666666667
129.37415,55.94,0.0,0.06,91.88,100.0,36000,Weekday,Monday,Medium_Load,2018-03-19 10:00:00,10,0,0,3,116.71,3.74,10.979730729166668
113.58,38.12,0.0,0.05,94.8,100.0,37800,Weekday,Monday,Maximum_Load,2018-03-19 10:30:00,10,0,0,3,87.41,3.17,13.0040015625
111.56,39.92,0.0,0.05,94.15,100.0,48600,Weekday,Tuesday,Maximum_Load,2018-03-20 13:30:00,13,1,0,3,56.48,56.12,29.61708333333333
129.37415,79.31,0.0,0.06,86.13,100.0,30600,Weekday,Thursday,Light_Load,2018-03-22 08:30:00,8,3,0,3,61.81,73.19,38.120147395833335
113.18,74.38,0.0,0.05,83.57,100.0,31500,Weekday,Thursday,Light_Load,2018-03-22 08:45:00,8,3,0,3,129.37415,64.12,38.6311890625
129.37415,54.65,0.0,0.06,92.26,100.0,32400,Weekday,Thursday,Light_Load,2018-03-22 09:00:00,9,3,0,3,113.18,75.96,39.187586458333335
109.51,43.27,0.0,0.05,93.0,100.0,33300,Weekday,Thursday,Medium_Load,2018-03-22 09:15:00,9,3,0,3,129.37415,57.85,39.725711458333336
129.37415,57.6,0.0,0.06,92.32,100.0,34200,Weekday,Thursday,Medium_Load,2018-03-22 09:30:00,9,3,0,3,109.51,61.88,40.42877552083333
115.2,48.49,0.0,0.05,92.17,100.0,43200,Weekday,Thursday,Maximum_Load,2018-03-22 12:00:00,12,3,0,3,75.31,58.68,41.1382546875
105.44,33.95,0.0,0.05,95.19,100.0,48600,Weekday,Thursday,Maximum_Load,2018-03-22 13:30:00,13,3,0,3,52.99,57.6,41.8279421875
106.81,34.09,0.0,0.05,95.27,100.0,53100,Weekday,Thursday,Maximum_Load,2018-03-22 14:45:00,14,3,0,3,58.03,72.79,41.855963020833336
104.76,36.22,0.0,0.05,94.51,100.0,54900,Weekday,Thursday,Maximum_Load,2018-03-22 15:15:00,15,3,0,3,96.52,55.94,42.65221302083334
110.66,30.2,0.0,0.05,96.47,100.0,56700,Weekday,Thursday,Maximum_Load,2018-03-22 15:45:00,15,3,0,3,71.57,58.9,43.117108854166666
99.76,35.06,0.0,0.05,94.34,100.0,59400,Weekday,Thursday,Maximum_Load,2018-03-22 16:30:00,16,3,0,3,90.29,67.25,43.758358854166666
104.08,69.88,0.0,0.05,83.02,100.0,30600,Weekday,Friday,Light_Load,2018-03-23 08:30:00,8,4,0,3,70.34,129.37415,37.07498229166666
125.35,73.87,0.0,0.06,86.15,100.0,31500,Weekday,Friday,Light_Load,2018-03-23 08:45:00,8,4,0,3,104.08,113.18,37.201753125
109.73,46.37,0.0,0.05,92.11,100.0,32400,Weekday,Friday,Light_Load,2018-03-23 09:00:00,9,4,0,3,125.35,129.37415,36.9971265625
129.37415,65.2,0.0,0.07,91.84,100.0,33300,Weekday,Friday,Medium_Load,2018-03-23 09:15:00,9,4,0,3,109.73,109.51,37.20404479166667
122.9,51.3,0.0,0.06,92.28,100.0,34200,Weekday,Friday,Medium_Load,2018-03-23 09:30:00,9,4,0,3,129.37415,129.37415,37.13660572916667
121.9,54.22,0.0,0.06,91.37,100.0,35100,Weekday,Friday,Medium_Load,2018-03-23 09:45:00,9,4,0,3,122.9,89.57,37.4733765625
126.65,52.27,0.0,0.06,92.44,100.0,36000,Weekday,Friday,Medium_Load,2018-03-23 10:00:00,10,4,0,3,121.9,71.86,38.04410572916667
114.52,44.14,0.0,0.05,93.31,100.0,36900,Weekday,Friday,Maximum_Load,2018-03-23 10:15:00,10,4,0,3,126.65,60.19,38.61004322916667
102.82,39.56,0.0,0.05,93.33,100.0,38700,Weekday,Friday,Maximum_Load,2018-03-23 10:45:00,10,4,0,3,92.41,52.99,39.466605729166666
112.07,63.32,0.0,0.05,87.06,100.0,41400,Weekday,Friday,Maximum_Load,2018-03-23 11:30:00,11,4,0,3,89.53,64.91,40.53879322916666
129.37415,82.94,0.0,0.06,85.84,100.0,43200,Weekday,Friday,Maximum_Load,2018-03-23 12:00:00,12,4,0,3,92.3,115.2,40.863419791666665
101.56,40.46,0.0,0.05,92.9,100.0,49500,Weekday,Friday,Maximum_Load,2018-03-23 13:45:00,13,4,0,3,92.84,66.2,41.342065625
100.91,40.5,0.0,0.05,92.8,100.0,50400,Weekday,Friday,Maximum_Load,2018-03-23 14:00:00,14,4,0,3,101.56,57.17,41.797690625
120.24,58.0,0.0,0.06,90.07,100.0,51300,Weekday,Friday,Maximum_Load,2018-03-23 14:15:00,14,4,0,3,100.91,55.62,42.470815625
127.51,53.78,0.0,0.06,92.14,100.0,52200,Weekday,Friday,Maximum_Load,2018-03-23 14:30:00,14,4,0,3,120.24,58.03,43.194565625
129.37415,67.32,0.0,0.07,90.45,100.0,54000,Weekday,Friday,Maximum_Load,2018-03-23 15:00:00,15,4,0,3,76.03,96.52,43.21617135416667
102.89,48.64,0.0,0.05,90.41,100.0,54900,Weekday,Friday,Maximum_Load,2018-03-23 15:15:00,15,4,0,3,129.37415,104.76,43.1966921875
116.03,41.9,0.0,0.05,94.06,100.0,55800,Weekday,Friday,Maximum_Load,2018-03-23 15:30:00,15,4,0,3,102.89,71.57,43.6598171875
102.56,30.64,0.0,0.05,95.82,100.0,57600,Weekday,Friday,Maximum_Load,2018-03-23 16:00:00,16,4,0,3,89.78,68.54,43.79669218749999
129.37415,49.25,0.0,0.06,93.83,100.0,58500,Weekday,Friday,Maximum_Load,2018-03-23 16:15:00,16,4,0,3,102.56,90.29,44.20381875
127.01,41.04,0.0,0.06,95.16,100.0,61200,Weekday,Friday,Maximum_Load,2018-03-23 17:00:00,17,4,0,3,95.8,37.12,45.12933958333334
99.36,34.52,0.0,0.05,94.46,100.0,62100,Weekday,Friday,Medium_Load,2018-03-23 17:15:00,17,4,0,3,127.01,34.88,45.80100625
129.37415,70.34,0.0,0.06,89.02,100.0,66600,Weekday,Friday,Medium_Load,2018-03-23 18:30:00,18,4,0,3,71.96,42.23,47.60094531250001
99.25,23.11,0.0,0.05,97.39,100.0,34200,Weekday,Monday,Medium_Load,2018-03-26 09:30:00,9,0,0,3,87.23,35.1,14.997916666666669
116.39,47.02,0.0,0.05,92.72,100.0,59400,Weekday,Thursday,Maximum_Load,2018-03-29 16:30:00,16,3,0,3,92.52,57.64,28.668541666666663
112.97,45.86,0.0,0.05,92.66,100.0,61200,Weekday,Thursday,Maximum_Load,2018-03-29 17:00:00,17,3,0,3,92.63,55.01,29.668645833333333
103.97,44.96,0.0,0.05,91.79,100.0,62100,Weekday,Thursday,Medium_Load,2018-03-29 17:15:00,17,3,0,3,112.97,54.54,30.183541666666667
110.59,47.45,0.0,0.05,91.9,100.0,63000,Weekday,Thursday,Medium_Load,2018-03-29 17:30:00,17,3,0,3,103.97,54.07,30.772291666666664
111.67,43.31,0.0,0.05,93.23,100.0,54900,Weekday,Monday,Maximum_Load,2018-04-02 15:15:00,15,0,0,4,81.94,3.06,17.302500000000002
110.09,37.01,0.0,0.05,94.79,100.0,56700,Weekday,Monday,Maximum_Load,2018-04-02 15:45:00,15,0,0,4,91.84,3.06,19.3421875
102.35,34.92,0.0,0.05,94.64,100.0,71100,Weekday,Monday,Medium_Load,2018-04-02 19:45:00,19,0,0,4,71.89,3.1,27.785208333333333
102.67,33.16,0.0,0.05,95.16,100.0,72000,Weekday,Monday,Medium_Load,2018-04-02 20:00:00,20,0,0,4,102.35,3.1,28.82239583333333
112.64,72.36,0.0,0.05,84.14,100.0,30600,Weekday,Tuesday,Light_Load,2018-04-03 08:30:00,8,1,0,4,51.26,52.81,32.747708333333335
104.44,42.91,0.0,0.05,92.5,100.0,32400,Weekday,Tuesday,Light_Load,2018-04-03 09:00:00,9,1,0,4,96.12,68.62,33.48791666666667
99.68,28.8,0.0,0.05,96.07,100.0,33300,Weekday,Tuesday,Medium_Load,2018-04-03 09:15:00,9,1,0,4,104.44,53.21,33.971979166666664
100.3,31.18,0.0,0.05,95.49,100.0,35100,Weekday,Tuesday,Medium_Load,2018-04-03 09:45:00,9,1,0,4,70.92,61.31,34.50114583333333
99.72,33.23,0.0,0.05,94.87,100.0,37800,Weekday,Tuesday,Maximum_Load,2018-04-03 10:30:00,10,1,0,4,96.55,53.1,35.69291666666667
114.88,70.16,0.0,0.05,85.34,100.0,43200,Weekday,Tuesday,Maximum_Load,2018-04-03 12:00:00,12,1,0,4,87.44,62.75,38.30416666666667
104.29,53.17,0.0,0.05,89.09,100.0,48600,Weekday,Tuesday,Maximum_Load,2018-04-03 13:30:00,13,1,0,4,66.06,51.73,39.35302083333333
108.79,42.95,0.0,0.05,93.01,100.0,49500,Weekday,Tuesday,Maximum_Load,2018-04-03 13:45:00,13,1,0,4,104.29,58.64,39.875416666666666
101.41,39.35,0.0,0.05,93.23,100.0,51300,Weekday,Tuesday,Maximum_Load,2018-04-03 14:15:00,14,1,0,4,77.62,55.55,40.56427083333333
111.46,49.32,0.0,0.05,91.45,100.0,52200,Weekday,Tuesday,Maximum_Load,2018-04-03 14:30:00,14,1,0,4,101.41,65.59,41.04208333333334
109.73,49.03,0.0,0.05,91.3,100.0,54900,Weekday,Tuesday,Maximum_Load,2018-04-03 15:15:00,15,1,0,4,95.76,111.67,41.22916666666666
102.56,42.44,0.0,0.05,92.4,100.0,55800,Weekday,Tuesday,Maximum_Load,2018-04-03 15:30:00,15,1,0,4,109.73,91.84,41.34083333333333
108.83,51.08,0.0,0.05,90.52,100.0,56700,Weekday,Tuesday,Maximum_Load,2018-04-03 15:45:00,15,1,0,4,102.56,110.09,41.32770833333333
105.88,46.8,0.0,0.05,91.46,100.0,58500,Weekday,Tuesday,Maximum_Load,2018-04-03 16:15:00,16,1,0,4,67.36,44.89,41.90947916666666
108.32,53.78,0.0,0.05,89.57,100.0,40500,Weekday,Friday,Maximum_Load,2018-04-06 11:15:00,11,4,0,4,86.08,58.25,29.808333333333334
102.2,47.45,0.0,0.05,90.7,100.0,41400,Weekday,Friday,Maximum_Load,2018-04-06 11:30:00,11,4,0,4,108.32,48.89,30.363645833333337
104.47,46.04,0.0,0.05,91.51,100.0,42300,Weekday,Friday,Maximum_Load,2018-04-06 11:45:00,11,4,0,4,102.2,44.5,30.988333333333333
102.85,30.89,0.0,0.05,95.77,100.0,48600,Weekday,Friday,Maximum_Load,2018-04-06 13:30:00,13,4,0,4,60.37,47.16,32.186145833333335
102.02,43.63,0.0,0.05,91.94,100.0,49500,Weekday,Friday,Maximum_Load,2018-04-06 13:45:00,13,4,0,4,102.85,60.91,32.614375
103.03,29.27,0.0,0.05,96.19,100.0,51300,Weekday,Friday,Maximum_Load,2018-04-06 14:15:00,14,4,0,4,72.0,49.1,33.42364583333333
108.43,42.05,0.0,0.05,93.23,100.0,52200,Weekday,Friday,Maximum_Load,2018-04-06 14:30:00,14,4,0,4,103.03,60.73,33.920520833333335
110.81,39.46,0.0,0.05,94.21,100.0,55800,Weekday,Friday,Maximum_Load,2018-04-06 15:30:00,15,4,0,4,93.24,54.86,35.292291666666664
105.59,31.82,0.0,0.05,95.75,100.0,56700,Weekday,Friday,Maximum_Load,2018-04-06 15:45:00,15,4,0,4,110.81,55.87,35.810208333333335
111.13,37.58,0.0,0.05,94.73,100.0,60300,Weekday,Friday,Maximum_Load,2018-04-06 16:45:00,16,4,0,4,82.4,68.94,37.052708333333335
110.09,47.88,0.0,0.05,91.7,100.0,61200,Weekday,Friday,Maximum_Load,2018-04-06 17:00:00,17,4,0,4,111.13,56.16,37.61447916666667
102.92,26.42,0.0,0.05,96.86,100.0,58500,Weekend,Saturday,Maximum_Load,2018-04-07 16:15:00,16,5,1,4,68.51,94.0,39.32072916666667
102.28,25.7,0.0,0.05,96.99,100.0,60300,Weekend,Saturday,Maximum_Load,2018-04-07 16:45:00,16,5,1,4,60.44,111.13,38.99979166666667
99.14,52.99,0.0,0.05,88.19,100.0,30600,Weekend,Sunday,Light_Load,2018-04-08 08:30:00,8,6,1,4,46.8,92.95,26.61239583333333
100.44,29.12,0.0,0.05,96.04,100.0,32400,Weekend,Sunday,Light_Load,2018-04-08 09:00:00,9,6,1,4,68.9,92.48,26.7590625
101.7,23.87,0.0,0.05,97.35,100.0,36900,Weekend,Sunday,Maximum_Load,2018-04-08 10:15:00,10,6,1,4,79.09,72.07,27.47083333333333
102.71,41.0,0.0,0.05,92.87,100.0,40500,Weekend,Sunday,Maximum_Load,2018-04-08 11:15:00,11,6,1,4,75.53,63.32,27.97645833333333
102.78,42.05,0.0,0.05,92.55,100.0,42300,Weekend,Sunday,Maximum_Load,2018-04-08 11:45:00,11,6,1,4,67.28,68.0,28.095
101.59,24.12,0.0,0.05,97.3,100.0,48600,Weekend,Sunday,Maximum_Load,2018-04-08 13:30:00,13,6,1,4,18.36,41.72,28.3703125
107.24,48.13,0.0,0.05,91.23,100.0,53100,Weekday,Monday,Maximum_Load,2018-04-09 14:45:00,14,0,0,4,94.68,27.25,19.59447916666667
110.95,59.26,0.0,0.05,88.21,100.0,69300,Weekday,Monday,Medium_Load,2018-04-09 19:15:00,19,0,0,4,72.25,4.68,29.73270833333333
111.13,55.04,0.0,0.05,89.61,100.0,70200,Weekday,Monday,Medium_Load,2018-04-09 19:30:00,19,0,0,4,110.95,4.0,30.848645833333336
108.5,55.37,0.0,0.05,89.07,100.0,72000,Weekday,Monday,Medium_Load,2018-04-09 20:00:00,20,0,0,4,90.25,4.0,32.835625
121.61,61.13,0.0,0.06,89.35,100.0,72900,Weekday,Monday,Medium_Load,2018-04-09 20:15:00,20,0,0,4,108.5,4.0,34.06072916666667
110.74,79.78,0.0,0.05,81.14,100.0,31500,Weekday,Tuesday,Light_Load,2018-04-10 08:45:00,8,1,0,4,87.48,61.78,41.693333333333335
117.47,56.16,0.0,0.05,90.22,100.0,32400,Weekday,Tuesday,Light_Load,2018-04-10 09:00:00,9,1,0,4,110.74,53.39,42.36083333333334
117.58,44.64,0.0,0.05,93.49,100.0,68400,Weekday,Wednesday,Medium_Load,2018-04-11 19:00:00,19,2,0,4,85.03,48.17,30.16552083333333
104.11,40.1,0.0,0.05,93.32,100.0,72000,Weekday,Wednesday,Medium_Load,2018-04-11 20:00:00,20,2,0,4,94.0,47.05,32.1434375
105.19,33.88,0.0,0.05,95.18,100.0,72900,Weekday,Wednesday,Medium_Load,2018-04-11 20:15:00,20,2,0,4,104.11,48.85,32.7303125
102.31,71.1,0.0,0.05,82.12,100.0,30600,Weekday,Thursday,Light_Load,2018-04-12 08:30:00,8,3,0,4,77.04,63.22,34.1528125
125.89,82.26,0.0,0.06,83.71,100.0,31500,Weekday,Thursday,Light_Load,2018-04-12 08:45:00,8,3,0,4,102.31,62.03,34.818020833333335
101.27,55.04,0.0,0.05,87.86,100.0,32400,Weekday,Thursday,Light_Load,2018-04-12 09:00:00,9,3,0,4,125.89,52.78,35.323125
118.55,49.82,0.0,0.05,92.19,100.0,33300,Weekday,Thursday,Medium_Load,2018-04-12 09:15:00,9,3,0,4,101.27,58.0,35.953854166666666
104.54,47.95,0.0,0.05,90.89,100.0,34200,Weekday,Thursday,Medium_Load,2018-04-12 09:30:00,9,3,0,4,118.55,70.13,36.31229166666667
108.68,69.01,0.0,0.05,84.42,100.0,40500,Weekday,Tuesday,Maximum_Load,2018-04-17 11:15:00,11,1,0,4,73.37,77.83,29.05125
104.8,58.75,0.0,0.05,87.23,100.0,41400,Weekday,Tuesday,Maximum_Load,2018-04-17 11:30:00,11,1,0,4,108.68,67.68,29.437916666666663
124.74,70.85,0.0,0.06,86.95,100.0,43200,Weekday,Tuesday,Maximum_Load,2018-04-17 12:00:00,12,1,0,4,77.58,59.4,30.31583333333333
102.92,41.87,0.0,0.05,92.63,100.0,52200,Weekday,Tuesday,Maximum_Load,2018-04-17 14:30:00,14,1,0,4,80.17,75.67,32.09260416666667
119.02,48.92,0.0,0.05,92.49,100.0,53100,Weekday,Tuesday,Maximum_Load,2018-04-17 14:45:00,14,1,0,4,102.92,65.27,32.6525
105.19,45.04,0.0,0.05,91.93,100.0,54000,Weekday,Tuesday,Maximum_Load,2018-04-17 15:00:00,15,1,0,4,119.02,69.77,33.021458333333335
101.09,40.07,0.0,0.05,92.96,100.0,54900,Weekday,Tuesday,Maximum_Load,2018-04-17 15:15:00,15,1,0,4,105.19,67.82,33.36802083333333
105.08,38.41,0.0,0.05,93.92,100.0,56700,Weekday,Tuesday,Maximum_Load,2018-04-17 15:45:00,15,1,0,4,87.23,68.26,33.98666666666667
109.66,39.56,0.0,0.05,94.07,100.0,59400,Weekday,Tuesday,Maximum_Load,2018-04-17 16:30:00,16,1,0,4,82.76,58.9,35.06520833333333
99.72,46.55,0.0,0.05,90.61,100.0,66600,Weekday,Tuesday,Medium_Load,2018-04-17 18:30:00,18,1,0,4,53.75,43.06,37.08875
127.4,55.22,0.0,0.06,91.75,100.0,68400,Weekday,Tuesday,Medium_Load,2018-04-17 19:00:00,19,1,0,4,86.44,44.6,38.43395833333333
127.73,63.86,0.0,0.06,89.44,100.0,70200,Weekday,Tuesday,Medium_Load,2018-04-17 19:30:00,19,1,0,4,95.58,44.21,39.89572916666667
111.74,45.65,0.0,0.05,92.57,100.0,72000,Weekday,Tuesday,Medium_Load,2018-04-17 20:00:00,20,1,0,4,94.64,43.52,41.1703125
100.33,30.46,0.0,0.05,95.69,100.0,73800,Weekday,Tuesday,Medium_Load,2018-04-17 20:30:00,20,1,0,4,89.6,40.97,42.29447916666667
113.9,71.5,0.0,0.05,84.7,100.0,30600,Weekday,Wednesday,Light_Load,2018-04-18 08:30:00,8,2,0,4,54.58,40.1,43.910625
117.65,80.82,0.0,0.05,82.43,100.0,31500,Weekday,Wednesday,Light_Load,2018-04-18 08:45:00,8,2,0,4,113.9,41.44,44.704479166666665
111.64,58.39,0.0,0.05,88.61,100.0,32400,Weekday,Wednesday,Light_Load,2018-04-18 09:00:00,9,2,0,4,117.65,48.06,45.36677083333333
115.78,46.8,0.0,0.05,92.71,100.0,33300,Weekday,Wednesday,Medium_Load,2018-04-18 09:15:00,9,2,0,4,111.64,50.65,46.045208333333335
121.18,52.96,0.0,0.06,91.63,100.0,34200,Weekday,Wednesday,Medium_Load,2018-04-18 09:30:00,9,2,0,4,115.78,63.47,46.64635416666667
109.55,33.44,0.0,0.05,95.64,100.0,36000,Weekday,Wednesday,Medium_Load,2018-04-18 10:00:00,10,2,0,4,78.91,62.24,47.28385416666666
100.08,44.39,0.0,0.05,91.41,100.0,39600,Weekday,Wednesday,Maximum_Load,2018-04-18 11:00:00,11,2,0,4,79.02,73.37,48.414791666666666
99.18,52.02,0.0,0.05,88.56,100.0,42300,Weekday,Wednesday,Maximum_Load,2018-04-18 11:45:00,11,2,0,4,83.09,77.58,48.26104166666667
114.84,62.75,0.0,0.05,87.75,100.0,43200,Weekday,Wednesday,Maximum_Load,2018-04-18 12:00:00,12,2,0,4,99.18,124.74,48.157916666666665
99.79,41.4,0.0,0.05,92.37,100.0,50400,Weekday,Wednesday,Maximum_Load,2018-04-18 14:00:00,14,2,0,4,70.92,94.0,48.0059375
110.3,47.66,0.0,0.05,91.8,100.0,53100,Weekday,Friday,Maximum_Load,2018-04-20 14:45:00,14,4,0,4,65.2,58.54,29.431979166666665
100.48,46.15,0.0,0.05,90.87,100.0,54000,Weekday,Friday,Maximum_Load,2018-04-20 15:00:00,15,4,0,4,110.3,69.52,29.754479166666663
106.67,43.74,0.0,0.05,92.52,100.0,55800,Weekday,Friday,Maximum_Load,2018-04-20 15:30:00,15,4,0,4,95.44,66.06,30.602395833333333
115.42,52.24,0.0,0.05,91.1,100.0,58500,Weekday,Friday,Maximum_Load,2018-04-20 16:15:00,16,4,0,4,91.3,61.24,31.4934375
111.53,52.63,0.0,0.05,90.44,100.0,60300,Weekday,Friday,Maximum_Load,2018-04-20 16:45:00,16,4,0,4,96.05,52.88,32.329375
124.7,50.47,0.0,0.06,92.7,100.0,63000,Weekday,Friday,Medium_Load,2018-04-20 17:30:00,17,4,0,4,82.84,51.16,33.74125
103.21,67.0,0.0,0.05,83.88,100.0,30600,Weekday,Wednesday,Light_Load,2018-04-25 08:30:00,8,2,0,4,57.35,47.05,30.803541666666664
113.29,52.96,0.0,0.05,90.59,100.0,34200,Weekday,Wednesday,Medium_Load,2018-04-25 09:30:00,9,2,0,4,60.52,53.5,32.3275
106.56,51.55,0.0,0.05,90.02,100.0,39600,Weekday,Wednesday,Maximum_Load,2018-04-25 11:00:00,11,2,0,4,49.25,48.49,33.086875
117.68,57.35,0.0,0.05,89.89,100.0,60300,Weekday,Wednesday,Maximum_Load,2018-04-25 16:45:00,16,2,0,4,86.83,68.04,35.1403125
104.58,62.86,0.0,0.05,85.71,100.0,63000,Weekday,Wednesday,Medium_Load,2018-04-25 17:30:00,17,2,0,4,76.25,69.84,35.49166666666667
101.27,25.99,0.11,0.05,96.86,100.0,73800,Weekday,Wednesday,Medium_Load,2018-04-25 20:30:00,20,2,0,4,84.56,85.97,36.5059375
128.05,96.91,0.0,0.06,79.74,100.0,30600,Weekday,Thursday,Light_Load,2018-04-26 08:30:00,8,3,0,4,93.53,103.21,36.87760416666666
111.74,47.3,0.0,0.05,92.09,100.0,34200,Weekday,Thursday,Medium_Load,2018-04-26 09:30:00,9,3,0,4,87.73,113.29,37.031666666666666
106.74,45.61,0.0,0.05,91.96,100.0,35100,Weekday,Thursday,Medium_Load,2018-04-26 09:45:00,9,3,0,4,111.74,53.64,37.58479166666667
129.37415,58.36,0.0,0.06,91.51,100.0,36000,Weekday,Thursday,Medium_Load,2018-04-26 10:00:00,10,3,0,4,106.74,63.14,38.27473072916667
118.98,51.88,0.0,0.05,91.66,100.0,36900,Weekday,Thursday,Maximum_Load,2018-04-26 10:15:00,10,3,0,4,129.37415,61.52,38.87327239583333
111.64,52.34,0.0,0.05,90.54,100.0,38700,Weekday,Thursday,Maximum_Load,2018-04-26 10:45:00,10,3,0,4,76.9,49.25,39.80816822916667
104.26,48.06,0.0,0.05,90.82,100.0,39600,Weekday,Thursday,Maximum_Load,2018-04-26 11:00:00,11,3,0,4,111.64,106.56,39.784209895833335
107.06,65.12,0.0,0.05,85.44,100.0,40500,Weekday,Thursday,Maximum_Load,2018-04-26 11:15:00,11,3,0,4,104.26,78.08,40.08608489583333
110.45,63.79,0.0,0.05,86.6,100.0,41400,Weekday,Thursday,Maximum_Load,2018-04-26 11:30:00,11,3,0,4,107.06,80.96,40.393272395833336
129.37415,71.46,0.0,0.06,87.57,100.0,43200,Weekday,Thursday,Maximum_Load,2018-04-26 12:00:00,12,3,0,4,67.43,39.38,41.57789895833333
114.88,48.1,0.0,0.05,92.24,100.0,62100,Weekday,Thursday,Medium_Load,2018-04-26 17:15:00,17,3,0,4,59.87,76.25,40.141023958333335
104.33,64.19,0.0,0.05,85.17,100.0,66600,Weekday,Thursday,Medium_Load,2018-04-26 18:30:00,18,3,0,4,84.28,45.29,40.84602395833333
129.37415,58.28,0.0,0.06,91.22,100.0,68400,Weekday,Thursday,Medium_Load,2018-04-26 19:00:00,19,3,0,4,84.6,86.51,41.73242135416667
119.34,52.81,0.0,0.05,91.45,100.0,70200,Weekday,Thursday,Medium_Load,2018-04-26 19:30:00,19,3,0,4,94.46,80.35,42.426900520833335
111.53,50.18,0.0,0.05,91.19,100.0,32400,Weekday,Friday,Light_Load,2018-04-27 09:00:00,9,4,0,4,57.31,73.08,42.03273385416667
116.03,40.9,0.0,0.05,94.31,100.0,33300,Weekday,Friday,Medium_Load,2018-04-27 09:15:00,9,4,0,4,111.53,87.73,42.32752552083333
114.19,45.36,0.0,0.05,92.94,100.0,50400,Weekday,Friday,Maximum_Load,2018-04-27 14:00:00,14,4,0,4,61.38,55.58,36.39952239583334
108.07,49.1,0.0,0.05,91.04,100.0,52200,Weekday,Friday,Maximum_Load,2018-04-27 14:30:00,14,4,0,4,98.35,38.77,37.67941822916666
119.45,53.71,0.0,0.05,91.2,100.0,53100,Weekday,Friday,Maximum_Load,2018-04-27 14:45:00,14,4,0,4,108.07,39.31,38.51420989583333
99.43,44.68,0.0,0.05,91.21,100.0,54000,Weekday,Friday,Maximum_Load,2018-04-27 15:00:00,15,4,0,4,119.45,53.35,38.99420989583333
116.28,51.62,0.0,0.05,91.4,100.0,58500,Weekday,Friday,Maximum_Load,2018-04-27 16:15:00,16,4,0,4,97.16,51.08,41.2577515625
104.47,50.87,0.0,0.05,89.91,100.0,60300,Weekday,Friday,Maximum_Load,2018-04-27 16:45:00,16,4,0,4,79.13,72.83,41.74973072916666
110.81,50.0,0.0,0.05,91.15,100.0,72900,Weekday,Friday,Medium_Load,2018-04-27 20:15:00,20,4,0,4,88.16,85.61,37.89125
129.37415,72.4,0.0,0.06,88.69,100.0,32400,Weekday,Monday,Light_Load,2018-04-30 09:00:00,9,0,0,4,79.96,2.92,6.5240015625
123.8,85.5,0.0,0.06,82.28,100.0,31500,Weekday,Wednesday,Light_Load,2018-05-02 08:45:00,8,2,0,5,66.35,2.81,5.566770833333333
108.97,53.06,0.0,0.05,89.91,100.0,32400,Weekday,Wednesday,Light_Load,2018-05-02 09:00:00,9,2,0,5,123.8,3.2,6.668541666666667
118.76,57.24,0.0,0.05,90.08,100.0,33300,Weekday,Wednesday,Medium_Load,2018-05-02 09:15:00,9,2,0,5,108.97,3.74,7.866666666666667
128.95,63.36,0.0,0.06,89.75,100.0,34200,Weekday,Wednesday,Medium_Load,2018-05-02 09:30:00,9,2,0,5,118.76,3.2,9.1765625
100.84,47.77,0.0,0.05,90.37,100.0,35100,Weekday,Wednesday,Medium_Load,2018-05-02 09:45:00,9,2,0,5,128.95,3.17,10.193958333333333
122.29,57.56,0.0,0.06,90.48,100.0,36000,Weekday,Wednesday,Medium_Load,2018-05-02 10:00:00,10,2,0,5,100.84,3.1,11.435520833333332
129.37415,75.28,0.0,0.06,86.45,100.0,43200,Weekday,Wednesday,Maximum_Load,2018-05-02 12:00:00,12,2,0,5,93.64,2.99,18.0265015625
104.94,39.42,0.0,0.05,93.61,100.0,50400,Weekday,Wednesday,Maximum_Load,2018-05-02 14:00:00,14,2,0,5,97.09,3.13,21.5043140625
119.74,49.0,0.0,0.05,92.55,100.0,52200,Weekday,Wednesday,Maximum_Load,2018-05-02 14:30:00,14,2,0,5,95.51,3.1,23.68191822916667
118.76,46.62,0.0,0.05,93.08,100.0,53100,Weekday,Wednesday,Maximum_Load,2018-05-02 14:45:00,14,2,0,5,119.74,3.1,24.88670989583333
101.27,42.66,0.0,0.05,92.16,100.0,54000,Weekday,Wednesday,Maximum_Load,2018-05-02 15:00:00,15,2,0,5,118.76,3.1,25.9093140625
119.92,50.29,0.0,0.05,92.22,100.0,54900,Weekday,Wednesday,Maximum_Load,2018-05-02 15:15:00,15,2,0,5,101.27,3.13,27.1258765625
117.54,42.91,0.0,0.05,93.94,100.0,55800,Weekday,Wednesday,Maximum_Load,2018-05-02 15:30:00,15,2,0,5,119.92,3.13,28.317647395833337
102.2,39.1,0.0,0.05,93.4,100.0,57600,Weekday,Wednesday,Maximum_Load,2018-05-02 16:00:00,16,2,0,5,89.46,3.67,30.24066822916667
99.58,41.33,0.0,0.05,92.36,100.0,58500,Weekday,Wednesday,Maximum_Load,2018-05-02 16:15:00,16,2,0,5,102.2,3.1,31.245668229166668
116.78,47.56,0.0,0.05,92.61,100.0,59400,Weekday,Wednesday,Maximum_Load,2018-05-02 16:30:00,16,2,0,5,99.58,3.06,32.430251562500004
111.53,44.28,0.0,0.05,92.94,100.0,60300,Weekday,Wednesday,Maximum_Load,2018-05-02 16:45:00,16,2,0,5,116.78,3.1,33.55973072916667
106.88,31.28,0.0,0.05,95.97,100.0,68400,Weekday,Wednesday,Medium_Load,2018-05-02 19:00:00,19,2,0,5,92.84,3.17,39.9261890625
102.82,31.14,0.0,0.05,95.71,100.0,71100,Weekday,Wednesday,Medium_Load,2018-05-02 19:45:00,19,2,0,5,75.13,3.2,42.71170989583334
109.66,32.98,0.0,0.05,95.76,100.0,72900,Weekday,Wednesday,Medium_Load,2018-05-02 20:15:00,20,2,0,5,77.62,3.78,44.5905640625
104.18,78.77,0.0,0.05,79.77,100.0,30600,Weekday,Thursday,Light_Load,2018-05-03 08:30:00,8,3,0,5,90.14,66.35,47.52108489583333
117.29,73.76,0.0,0.05,84.65,100.0,31500,Weekday,Thursday,Light_Load,2018-05-03 08:45:00,8,3,0,5,104.18,123.8,47.45327239583333
118.48,52.7,0.0,0.05,91.37,100.0,33300,Weekday,Thursday,Medium_Load,2018-05-03 09:15:00,9,3,0,5,92.56,118.76,47.27941822916667
110.95,37.87,0.0,0.05,94.64,100.0,34200,Weekday,Thursday,Medium_Load,2018-05-03 09:30:00,9,3,0,5,118.48,128.95,47.09191822916667
129.37415,61.52,0.0,0.06,91.27,100.0,36000,Weekday,Thursday,Medium_Load,2018-05-03 10:00:00,10,3,0,5,78.19,122.29,46.929773958333335
118.37,51.55,0.0,0.05,91.68,100.0,38700,Weekday,Thursday,Maximum_Load,2018-05-03 10:45:00,10,3,0,5,63.97,71.53,47.263628125
106.92,38.2,0.0,0.05,94.17,100.0,39600,Weekday,Thursday,Maximum_Load,2018-05-03 11:00:00,11,3,0,5,118.37,60.08,47.751544791666674
113.18,67.18,0.0,0.05,85.99,100.0,40500,Weekday,Thursday,Maximum_Load,2018-05-03 11:15:00,11,3,0,5,106.92,61.24,48.292586458333325
129.37415,70.99,0.0,0.06,88.0,100.0,41400,Weekday,Thursday,Maximum_Load,2018-05-03 11:30:00,11,3,0,5,113.18,78.7,48.8204421875
115.31,70.16,0.0,0.05,85.43,100.0,42300,Weekday,Thursday,Maximum_Load,2018-05-03 11:45:00,11,3,0,5,129.37415,93.64,49.04617135416666
112.86,57.89,0.0,0.05,88.98,100.0,43200,Weekday,Thursday,Maximum_Load,2018-05-03 12:00:00,12,3,0,5,115.31,129.37415,48.874148958333336
101.92,45.18,0.0,0.05,91.42,100.0,48600,Weekday,Thursday,Maximum_Load,2018-05-03 13:30:00,13,3,0,5,88.09,64.44,49.723003125
110.05,41.0,0.0,0.05,93.71,100.0,52200,Weekday,Thursday,Maximum_Load,2018-05-03 14:30:00,14,3,0,5,78.26,119.74,48.98529479166667
113.11,47.66,0.0,0.05,92.15,100.0,54000,Weekday,Thursday,Maximum_Load,2018-05-03 15:00:00,15,3,0,5,94.64,101.27,48.857378125
122.08,49.79,0.0,0.06,92.59,100.0,60300,Weekday,Thursday,Maximum_Load,2018-05-03 16:45:00,16,3,0,5,76.68,111.53,47.289878125
100.01,44.17,0.0,0.05,91.48,100.0,61200,Weekday,Thursday,Maximum_Load,2018-05-03 17:00:00,17,3,0,5,122.08,76.86,47.53102395833334
113.62,42.91,0.0,0.05,93.55,100.0,62100,Weekday,Thursday,Medium_Load,2018-05-03 17:15:00,17,3,0,5,100.01,58.75,48.10258645833334
103.54,37.98,0.0,0.05,93.88,100.0,63900,Weekday,Friday,Medium_Load,2018-05-04 17:45:00,17,4,0,5,84.89,31.57,30.76697916666667
101.38,35.57,0.0,0.05,94.36,100.0,64800,Weekday,Friday,Medium_Load,2018-05-04 18:00:00,18,4,0,5,103.54,28.87,31.522291666666664
103.32,63.07,0.0,0.05,85.35,100.0,30600,Weekday,Monday,Light_Load,2018-05-07 08:30:00,8,0,0,5,37.08,2.92,4.59
109.08,43.27,0.0,0.05,92.95,100.0,33300,Weekday,Monday,Medium_Load,2018-05-07 09:15:00,9,0,0,5,70.99,3.2,7.374479166666666
110.41,43.49,0.0,0.05,93.04,100.0,34200,Weekday,Monday,Medium_Load,2018-05-07 09:30:00,9,0,0,5,109.08,3.17,8.491562499999999
108.9,51.16,0.0,0.05,90.51,100.0,35100,Weekday,Monday,Medium_Load,2018-05-07 09:45:00,9,0,0,5,110.41,3.17,9.592916666666667
103.36,39.53,0.0,0.05,93.4,100.0,36000,Weekday,Monday,Medium_Load,2018-05-07 10:00:00,10,0,0,5,108.9,3.17,10.636562499999998
116.71,43.52,0.0,0.05,93.7,100.0,37800,Weekday,Monday,Maximum_Load,2018-05-07 10:30:00,10,0,0,5,83.02,3.17,12.6503125
129.37415,52.88,0.0,0.06,92.59,100.0,39600,Weekday,Monday,Maximum_Load,2018-05-07 11:00:00,11,0,0,5,96.41,3.82,14.927959895833332
103.03,58.75,0.0,0.05,86.87,100.0,40500,Weekday,Monday,Maximum_Load,2018-05-07 11:15:00,11,0,0,5,129.37415,3.6,15.9636890625
129.37415,75.78,0.0,0.06,86.61,100.0,41400,Weekday,Monday,Maximum_Load,2018-05-07 11:30:00,11,0,0,5,103.03,3.24,17.277586458333335
119.41,65.81,0.0,0.05,87.58,100.0,42300,Weekday,Monday,Maximum_Load,2018-05-07 11:45:00,11,0,0,5,129.37415,3.02,18.489982291666667
104.9,50.11,0.0,0.05,90.23,100.0,48600,Weekday,Monday,Maximum_Load,2018-05-07 13:30:00,13,0,0,5,91.15,3.17,21.594253125
117.47,45.22,0.0,0.05,93.32,100.0,49500,Weekday,Monday,Maximum_Load,2018-05-07 13:45:00,13,0,0,5,104.9,3.2,22.784565625
113.54,43.13,0.0,0.05,93.48,100.0,51300,Weekday,Monday,Maximum_Load,2018-05-07 14:15:00,14,0,0,5,98.75,3.28,24.92841979166667
105.91,40.68,0.0,0.05,93.35,100.0,52200,Weekday,Monday,Maximum_Load,2018-05-07 14:30:00,14,0,0,5,113.54,3.35,25.996753125
104.22,38.3,0.0,0.05,93.86,100.0,54000,Weekday,Monday,Maximum_Load,2018-05-07 15:00:00,15,0,0,5,96.59,3.2,28.015815625
113.36,48.46,0.0,0.05,91.95,100.0,54900,Weekday,Monday,Maximum_Load,2018-05-07 15:15:00,15,0,0,5,104.22,3.24,29.162898958333333
119.34,50.4,0.0,0.05,92.12,100.0,55800,Weekday,Monday,Maximum_Load,2018-05-07 15:30:00,15,0,0,5,113.36,3.2,30.372690625
111.53,53.32,0.0,0.05,90.22,100.0,56700,Weekday,Monday,Maximum_Load,2018-05-07 15:45:00,15,0,0,5,119.34,3.82,31.494669791666663
108.86,36.5,0.0,0.05,94.81,100.0,57600,Weekday,Monday,Maximum_Load,2018-05-07 16:00:00,16,0,0,5,111.53,3.49,32.59227395833334
109.8,38.59,0.0,0.05,94.34,100.0,59400,Weekday,Monday,Maximum_Load,2018-05-07 16:30:00,16,0,0,5,85.57,3.17,34.56102395833333
103.79,43.02,0.0,0.05,92.38,100.0,61200,Weekday,Monday,Maximum_Load,2018-05-07 17:00:00,17,0,0,5,71.14,3.17,36.31716979166666
119.2,58.1,0.0,0.05,89.89,100.0,62100,Weekday,Monday,Medium_Load,2018-05-07 17:15:00,17,0,0,5,103.79,3.17,37.525815625
105.41,37.01,0.0,0.05,94.35,100.0,67500,Weekday,Monday,Medium_Load,2018-05-07 18:45:00,18,0,0,5,87.55,3.2,41.85904479166667
106.09,31.1,0.0,0.05,95.96,100.0,69300,Weekday,Monday,Medium_Load,2018-05-07 19:15:00,19,0,0,5,85.21,3.2,43.78539895833334
109.19,39.56,0.0,0.05,94.02,100.0,72000,Weekday,Monday,Medium_Load,2018-05-07 20:00:00,20,0,0,5,96.95,3.71,46.764773958333336
128.48,58.54,0.0,0.06,91.0,100.0,73800,Weekday,Monday,Medium_Load,2018-05-07 20:30:00,20,0,0,5,85.79,3.28,48.923940625
129.37415,64.87,0.0,0.06,89.52,100.0,32400,Weekday,Tuesday,Light_Load,2018-05-08 09:00:00,9,1,0,5,71.68,70.99,50.54127552083333
110.56,58.25,0.0,0.05,88.47,100.0,33300,Weekday,Tuesday,Medium_Load,2018-05-08 09:15:00,9,1,0,5,129.37415,109.08,50.5566921875
104.8,41.33,0.0,0.05,93.03,100.0,34200,Weekday,Tuesday,Medium_Load,2018-05-08 09:30:00,9,1,0,5,110.56,110.41,50.4982546875
111.71,55.19,0.0,0.05,89.66,100.0,35100,Weekday,Tuesday,Medium_Load,2018-05-08 09:45:00,9,1,0,5,104.8,108.9,50.527525520833336
129.37415,59.87,0.0,0.06,91.05,100.0,36000,Weekday,Tuesday,Medium_Load,2018-05-08 10:00:00,10,1,0,5,111.71,103.36,50.79850625
102.82,43.38,0.0,0.05,92.14,100.0,37800,Weekday,Tuesday,Maximum_Load,2018-05-08 10:30:00,10,1,0,5,83.7,116.71,50.66090208333333
129.37415,63.25,0.0,0.06,91.14,100.0,38700,Weekday,Tuesday,Maximum_Load,2018-05-08 10:45:00,10,1,0,5,102.82,96.41,51.00427864583333
99.18,34.38,0.0,0.05,94.48,100.0,56700,Weekday,Tuesday,Maximum_Load,2018-05-08 15:45:00,15,1,0,5,90.47,111.53,43.587108854166665
105.98,42.12,0.0,0.05,92.93,100.0,50400,Weekday,Tuesday,Maximum_Load,2018-05-15 14:00:00,14,1,0,5,96.01,57.85,31.53395833333333
102.6,40.18,0.0,0.05,93.11,100.0,51300,Weekday,Tuesday,Maximum_Load,2018-05-15 14:15:00,14,1,0,5,105.98,65.66,31.91875
103.5,42.91,0.0,0.05,92.38,100.0,52200,Weekday,Tuesday,Maximum_Load,2018-05-15 14:30:00,14,1,0,5,102.6,48.24,32.494375
103.1,36.83,0.0,0.05,94.17,100.0,54900,Weekday,Tuesday,Maximum_Load,2018-05-15 15:15:00,15,1,0,5,86.8,75.49,33.631458333333335
112.57,51.3,0.0,0.05,91.0,100.0,55800,Weekday,Tuesday,Maximum_Load,2018-05-15 15:30:00,15,1,0,5,103.1,56.48,34.21572916666667
113.26,46.48,0.0,0.05,92.51,100.0,58500,Weekday,Tuesday,Maximum_Load,2018-05-15 16:15:00,16,1,0,5,95.33,54.22,35.45697916666666
105.26,38.12,0.0,0.05,94.02,100.0,60300,Weekday,Tuesday,Maximum_Load,2018-05-15 16:45:00,16,1,0,5,96.7,69.34,36.1765625
103.75,39.46,0.0,0.05,93.47,100.0,61200,Weekday,Tuesday,Maximum_Load,2018-05-15 17:00:00,17,1,0,5,105.26,60.91,36.6228125
119.34,54.68,0.0,0.05,90.91,100.0,62100,Weekday,Tuesday,Medium_Load,2018-05-15 17:15:00,17,1,0,5,103.75,64.12,37.19802083333333
101.74,34.92,0.0,0.05,94.58,100.0,63000,Weekday,Tuesday,Medium_Load,2018-05-15 17:30:00,17,1,0,5,119.34,54.79,37.68708333333333
111.71,65.77,0.0,0.05,86.17,100.0,41400,Weekday,Wednesday,Maximum_Load,2018-05-16 11:30:00,11,2,0,5,66.13,74.99,38.31729166666667
105.23,61.49,0.0,0.05,86.34,100.0,42300,Weekday,Wednesday,Maximum_Load,2018-05-16 11:45:00,11,2,0,5,111.71,61.42,38.77364583333333
117.18,66.85,0.0,0.05,86.86,100.0,43200,Weekday,Wednesday,Maximum_Load,2018-05-16 12:00:00,12,2,0,5,105.23,71.64,39.248020833333335
109.76,49.64,0.0,0.05,91.11,100.0,48600,Weekday,Wednesday,Maximum_Load,2018-05-16 13:30:00,13,2,0,5,38.23,64.04,39.86229166666666
124.88,57.28,0.0,0.06,90.89,100.0,49500,Weekday,Wednesday,Maximum_Load,2018-05-16 13:45:00,13,2,0,5,109.76,96.01,40.16302083333333
110.2,46.66,0.0,0.05,92.09,100.0,50400,Weekday,Wednesday,Maximum_Load,2018-05-16 14:00:00,14,2,0,5,124.88,105.98,40.20697916666667
120.56,50.44,0.0,0.06,92.25,100.0,51300,Weekday,Wednesday,Maximum_Load,2018-05-16 14:15:00,14,2,0,5,110.2,102.6,40.3940625
100.84,49.9,0.0,0.05,89.63,100.0,52200,Weekday,Wednesday,Maximum_Load,2018-05-16 14:30:00,14,2,0,5,120.56,103.5,40.36635416666667
125.39,52.31,0.0,0.06,92.29,100.0,53100,Weekday,Wednesday,Maximum_Load,2018-05-16 14:45:00,14,2,0,5,100.84,99.11,40.64010416666667
126.07,56.99,0.0,0.06,91.12,100.0,56700,Weekday,Wednesday,Maximum_Load,2018-05-16 15:45:00,15,2,0,5,61.02,87.08,40.047604166666666
109.69,44.68,0.0,0.05,92.61,100.0,59400,Weekday,Wednesday,Maximum_Load,2018-05-16 16:30:00,16,2,0,5,95.08,96.7,39.978541666666665
99.76,41.47,0.0,0.05,92.34,100.0,61200,Weekday,Wednesday,Maximum_Load,2018-05-16 17:00:00,17,2,0,5,96.01,103.75,39.840625
103.57,41.51,0.0,0.05,92.82,100.0,62100,Weekday,Wednesday,Medium_Load,2018-05-16 17:15:00,17,2,0,5,99.76,119.34,39.67635416666667
110.45,53.28,0.0,0.05,90.07,100.0,36900,Weekday,Thursday,Maximum_Load,2018-05-17 10:15:00,10,3,0,5,85.18,44.5,42.74875
100.66,48.96,0.0,0.05,89.93,100.0,37800,Weekday,Thursday,Maximum_Load,2018-05-17 10:30:00,10,3,0,5,110.45,53.17,43.2434375
113.15,69.91,0.0,0.05,85.07,100.0,41400,Weekday,Thursday,Maximum_Load,2018-05-17 11:30:00,11,3,0,5,91.08,111.71,43.89854166666667
125.68,80.75,0.0,0.06,84.13,100.0,42300,Weekday,Thursday,Maximum_Load,2018-05-17 11:45:00,11,3,0,5,113.15,105.23,44.1115625
103.72,50.18,0.0,0.05,90.02,100.0,48600,Weekday,Thursday,Maximum_Load,2018-05-17 13:30:00,13,3,0,5,71.24,109.76,43.99614583333334
129.37415,67.21,0.0,0.06,89.36,100.0,49500,Weekday,Thursday,Maximum_Load,2018-05-17 13:45:00,13,3,0,5,103.72,124.88,44.04295989583333
105.59,47.12,0.0,0.05,91.32,100.0,50400,Weekday,Thursday,Maximum_Load,2018-05-17 14:00:00,14,3,0,5,129.37415,110.2,43.9949390625
116.32,55.19,0.0,0.05,90.35,100.0,51300,Weekday,Thursday,Maximum_Load,2018-05-17 14:15:00,14,3,0,5,105.59,120.56,43.95077239583333
101.02,50.4,0.0,0.05,89.48,100.0,54900,Weekday,Thursday,Maximum_Load,2018-05-17 15:15:00,15,3,0,5,97.02,64.15,43.81764739583334
119.66,54.07,0.0,0.05,91.13,100.0,56700,Weekday,Thursday,Maximum_Load,2018-05-17 15:45:00,15,3,0,5,84.38,126.07,43.994209895833336
123.84,53.39,0.0,0.06,91.83,100.0,58500,Weekday,Thursday,Maximum_Load,2018-05-17 16:15:00,16,3,0,5,77.26,95.08,44.1205640625
107.57,43.52,0.0,0.05,92.7,100.0,60300,Weekday,Thursday,Maximum_Load,2018-05-17 16:45:00,16,3,0,5,85.93,96.01,43.99348072916667
109.87,41.15,0.0,0.05,93.65,100.0,62100,Weekday,Thursday,Medium_Load,2018-05-17 17:15:00,17,3,0,5,90.0,103.57,43.95743906250001
112.28,64.04,0.0,0.05,86.86,100.0,66600,Weekday,Thursday,Medium_Load,2018-05-17 18:30:00,18,3,0,5,61.81,73.01,44.572647395833336
114.08,45.11,0.0,0.05,92.99,100.0,68400,Weekday,Thursday,Medium_Load,2018-05-17 19:00:00,19,3,0,5,77.98,72.76,45.0574390625
102.17,46.3,0.0,0.05,91.08,100.0,70200,Weekday,Thursday,Medium_Load,2018-05-17 19:30:00,19,3,0,5,90.4,81.76,45.46504322916667
100.4,41.65,0.0,0.05,92.37,100.0,71100,Weekday,Thursday,Medium_Load,2018-05-17 19:45:00,19,3,0,5,102.17,70.81,45.77327239583334
103.36,43.27,0.0,0.05,92.24,100.0,72900,Weekday,Thursday,Medium_Load,2018-05-17 20:15:00,20,3,0,5,84.85,87.12,46.045876562500005
103.1,38.56,0.0,0.05,93.66,100.0,73800,Weekday,Thursday,Medium_Load,2018-05-17 20:30:00,20,3,0,5,103.36,76.21,46.325980729166666
103.36,45.14,0.0,0.05,91.64,100.0,74700,Weekday,Thursday,Medium_Load,2018-05-17 20:45:00,20,3,0,5,103.1,88.27,46.483168229166665
100.94,71.42,0.0,0.05,81.63,100.0,30600,Weekday,Friday,Light_Load,2018-05-18 08:30:00,8,4,0,5,77.29,62.93,47.12389739583333
120.49,83.59,0.0,0.06,82.16,100.0,31500,Weekday,Friday,Light_Load,2018-05-18 08:45:00,8,4,0,5,100.94,65.92,47.69233489583333
107.14,39.85,0.0,0.05,93.73,100.0,33300,Weekday,Friday,Medium_Load,2018-05-18 09:15:00,9,4,0,5,85.5,81.5,48.09858489583334
102.2,69.84,0.0,0.05,82.56,100.0,30600,Weekday,Wednesday,Light_Load,2018-05-23 08:30:00,8,2,0,5,40.86,24.41,23.52125
124.13,58.57,0.0,0.06,90.44,100.0,32400,Weekday,Wednesday,Light_Load,2018-05-23 09:00:00,9,2,0,5,97.06,24.62,25.31572916666667
103.82,36.32,0.0,0.05,94.39,100.0,34200,Weekday,Wednesday,Medium_Load,2018-05-23 09:30:00,9,2,0,5,93.71,24.77,26.85802083333333
104.51,44.35,0.0,0.05,92.05,100.0,36000,Weekday,Wednesday,Medium_Load,2018-05-23 10:00:00,10,2,0,5,95.65,25.52,28.419166666666666
116.1,56.05,0.0,0.05,90.05,100.0,36900,Weekday,Wednesday,Maximum_Load,2018-05-23 10:15:00,10,2,0,5,104.51,26.75,29.34989583333333
120.92,51.91,0.0,0.06,91.89,100.0,37800,Weekday,Wednesday,Maximum_Load,2018-05-23 10:30:00,10,2,0,5,116.1,28.12,30.316562500000003
114.59,57.6,0.0,0.05,89.35,100.0,38700,Weekday,Wednesday,Maximum_Load,2018-05-23 10:45:00,10,2,0,5,120.92,33.8,31.158125
113.36,41.15,0.0,0.05,94.0,100.0,39600,Weekday,Wednesday,Maximum_Load,2018-05-23 11:00:00,11,2,0,5,114.59,34.52,31.979375
110.09,73.3,0.0,0.05,83.24,100.0,40500,Weekday,Wednesday,Maximum_Load,2018-05-23 11:15:00,11,2,0,5,113.36,61.56,32.48489583333333
108.68,63.36,0.0,0.05,86.39,100.0,41400,Weekday,Wednesday,Maximum_Load,2018-05-23 11:30:00,11,2,0,5,110.09,49.54,33.1009375
99.5,43.2,0.0,0.05,91.73,100.0,48600,Weekday,Wednesday,Maximum_Load,2018-05-23 13:30:00,13,2,0,5,93.53,63.79,34.55052083333334
102.46,47.48,0.0,0.05,90.73,100.0,49500,Weekday,Wednesday,Maximum_Load,2018-05-23 13:45:00,13,2,0,5,99.5,90.68,34.673229166666665
129.37415,65.84,0.0,0.06,89.29,100.0,50400,Weekday,Wednesday,Maximum_Load,2018-05-23 14:00:00,14,2,0,5,102.46,72.4,35.26670989583333
109.3,39.24,0.0,0.05,94.12,100.0,52200,Weekday,Wednesday,Maximum_Load,2018-05-23 14:30:00,14,2,0,5,91.76,68.26,35.690772395833335
129.37415,61.96,0.0,0.06,90.65,100.0,54000,Weekday,Wednesday,Maximum_Load,2018-05-23 15:00:00,15,2,0,5,92.63,52.2,37.11873229166667
111.35,45.43,0.0,0.05,92.59,100.0,55800,Weekday,Wednesday,Maximum_Load,2018-05-23 15:30:00,15,2,0,5,84.71,73.4,37.53654479166666
124.13,57.46,0.0,0.06,90.75,100.0,57600,Weekday,Wednesday,Maximum_Load,2018-05-23 16:00:00,16,2,0,5,84.13,86.83,38.06008645833334
123.08,56.92,0.0,0.06,90.76,100.0,59400,Weekday,Wednesday,Maximum_Load,2018-05-23 16:30:00,16,2,0,5,83.77,87.48,38.576753125
106.99,46.3,0.0,0.05,91.78,100.0,60300,Weekday,Wednesday,Maximum_Load,2018-05-23 16:45:00,16,2,0,5,123.08,77.58,38.88310729166667
107.1,54.07,0.0,0.05,89.27,100.0,61200,Weekday,Wednesday,Maximum_Load,2018-05-23 17:00:00,17,2,0,5,106.99,60.01,39.373628125
129.37415,61.7,0.0,0.06,90.29,100.0,62100,Weekday,Wednesday,Medium_Load,2018-05-23 17:15:00,17,2,0,5,107.1,66.06,40.03315052083333
111.38,70.24,0.0,0.05,84.58,100.0,30600,Weekday,Thursday,Light_Load,2018-05-24 08:30:00,8,3,0,5,79.27,102.2,43.901900520833344
122.58,53.53,0.0,0.06,91.64,100.0,32400,Weekday,Thursday,Light_Load,2018-05-24 09:00:00,9,3,0,5,66.1,124.13,43.5632546875
108.47,39.02,0.0,0.05,94.1,100.0,34200,Weekday,Thursday,Medium_Load,2018-05-24 09:30:00,9,3,0,5,94.93,103.82,43.62440052083334
99.58,38.99,0.0,0.05,93.12,100.0,35100,Weekday,Thursday,Medium_Load,2018-05-24 09:45:00,9,3,0,5,108.47,95.65,43.66533802083333
103.72,40.32,0.0,0.05,93.21,100.0,36000,Weekday,Thursday,Medium_Load,2018-05-24 10:00:00,10,3,0,5,99.58,104.51,43.657108854166665
119.66,49.64,0.0,0.05,92.37,100.0,36900,Weekday,Thursday,Maximum_Load,2018-05-24 10:15:00,10,3,0,5,103.72,116.1,43.6941921875
110.66,37.76,0.0,0.05,94.64,100.0,39600,Weekday,Thursday,Maximum_Load,2018-05-24 11:00:00,11,3,0,5,53.42,113.36,42.728879687500005
100.44,48.56,0.0,0.05,90.03,100.0,40500,Weekday,Thursday,Maximum_Load,2018-05-24 11:15:00,11,3,0,5,110.66,110.09,42.62835885416666
123.19,59.26,0.0,0.06,90.12,100.0,41400,Weekday,Thursday,Maximum_Load,2018-05-24 11:30:00,11,3,0,5,100.44,108.68,42.7795046875
99.47,33.77,0.0,0.05,94.69,100.0,55800,Weekday,Thursday,Maximum_Load,2018-05-24 15:30:00,15,3,0,5,56.7,111.35,39.02483489583333
107.1,34.85,0.0,0.05,95.09,100.0,56700,Weekday,Thursday,Maximum_Load,2018-05-24 15:45:00,15,3,0,5,99.47,84.13,39.264105729166666
129.37415,68.15,0.0,0.06,89.26,100.0,58500,Weekday,Thursday,Maximum_Load,2018-05-24 16:15:00,16,3,0,5,86.72,83.77,39.34946145833333
103.79,32.76,0.0,0.05,95.36,100.0,62100,Weekday,Thursday,Medium_Load,2018-05-24 17:15:00,17,3,0,5,88.13,129.37415,37.9411890625
109.55,54.68,0.0,0.05,89.47,100.0,66600,Weekday,Thursday,Medium_Load,2018-05-24 18:30:00,18,3,0,5,60.05,33.88,38.9421265625
102.24,42.12,0.0,0.05,92.46,100.0,68400,Weekday,Thursday,Medium_Load,2018-05-24 19:00:00,19,3,0,5,65.45,33.3,39.9733765625
108.14,36.54,0.0,0.05,94.74,100.0,69300,Weekday,Thursday,Medium_Load,2018-05-24 19:15:00,19,3,0,5,102.24,41.76,40.66483489583333
101.38,45.22,0.0,0.05,91.33,100.0,73800,Weekday,Thursday,Medium_Load,2018-05-24 20:30:00,20,3,0,5,61.34,35.75,43.014105729166666
100.58,30.96,0.0,0.05,95.57,100.0,74700,Weekday,Thursday,Medium_Load,2018-05-24 20:45:00,20,3,0,5,101.38,42.77,43.616293229166665
109.76,49.18,0.0,0.05,91.26,100.0,35100,Weekday,Wednesday,Medium_Load,2018-05-30 09:45:00,9,2,0,5,68.22,53.32,25.0421875
109.12,43.02,0.0,0.05,93.03,100.0,36000,Weekday,Wednesday,Medium_Load,2018-05-30 10:00:00,10,2,0,5,109.76,55.58,25.59989583333333
102.53,36.32,0.0,0.05,94.26,100.0,37800,Weekday,Wednesday,Maximum_Load,2018-05-30 10:30:00,10,2,0,5,82.8,51.59,26.482604166666665
109.58,42.95,0.0,0.05,93.1,100.0,38700,Weekday,Wednesday,Maximum_Load,2018-05-30 10:45:00,10,2,0,5,102.53,46.8,27.1365625
116.1,64.01,0.0,0.05,87.57,100.0,41400,Weekday,Wednesday,Maximum_Load,2018-05-30 11:30:00,11,2,0,5,91.84,59.0,28.057604166666668
106.74,33.19,0.0,0.05,95.49,100.0,54000,Weekday,Wednesday,Maximum_Load,2018-05-30 15:00:00,15,2,0,5,96.08,65.88,29.271979166666668
115.78,37.19,0.0,0.05,95.21,100.0,58500,Weekday,Wednesday,Maximum_Load,2018-05-30 16:15:00,16,2,0,5,95.11,45.83,31.56864583333333
108.65,33.84,0.0,0.05,95.48,100.0,60300,Weekday,Wednesday,Maximum_Load,2018-05-30 16:45:00,16,2,0,5,67.75,48.85,32.3453125
104.69,32.36,0.0,0.05,95.54,100.0,61200,Weekday,Wednesday,Maximum_Load,2018-05-30 17:00:00,17,2,0,5,108.65,54.18,32.87145833333333
108.86,35.03,0.0,0.05,95.19,100.0,63000,Weekday,Wednesday,Medium_Load,2018-05-30 17:30:00,17,2,0,5,91.51,47.23,33.89895833333333
104.83,37.26,0.0,0.05,94.23,100.0,67500,Weekday,Wednesday,Medium_Load,2018-05-30 18:45:00,18,2,0,5,94.36,39.31,35.76625
107.78,34.2,0.0,0.05,95.32,100.0,72900,Weekday,Wednesday,Medium_Load,2018-05-30 20:15:00,20,2,0,5,67.1,40.75,37.313854166666665
101.23,40.5,0.0,0.05,92.85,100.0,73800,Weekday,Wednesday,Medium_Load,2018-05-30 20:30:00,20,2,0,5,107.78,35.1,38.00270833333334
129.37415,71.78,0.0,0.06,88.02,100.0,32400,Weekday,Thursday,Light_Load,2018-05-31 09:00:00,9,3,0,5,67.75,56.2,40.529105729166666
115.16,47.02,0.0,0.05,92.58,100.0,35100,Weekday,Thursday,Medium_Load,2018-05-31 09:45:00,9,3,0,5,54.54,109.76,40.93827239583333
121.46,63.72,0.0,0.06,88.55,100.0,36000,Weekday,Thursday,Medium_Load,2018-05-31 10:00:00,10,3,0,5,115.16,109.12,41.0668140625
99.68,38.45,0.0,0.05,93.3,100.0,36900,Weekday,Thursday,Maximum_Load,2018-05-31 10:15:00,10,3,0,5,121.46,82.8,41.24264739583333
110.09,43.99,0.0,0.05,92.86,100.0,37800,Weekday,Thursday,Maximum_Load,2018-05-31 10:30:00,10,3,0,5,99.68,102.53,41.32139739583334
107.75,44.17,0.0,0.05,92.53,100.0,55800,Weekday,Thursday,Maximum_Load,2018-05-31 15:30:00,15,3,0,5,91.8,91.08,39.32535572916667
116.93,45.97,0.0,0.05,93.07,100.0,57600,Weekday,Thursday,Maximum_Load,2018-05-31 16:00:00,16,3,0,5,82.76,95.11,39.507230729166665
107.96,44.86,0.0,0.05,92.35,100.0,51300,Weekday,Monday,Maximum_Load,2018-06-04 14:15:00,14,0,0,6,98.68,2.95,16.9890625
108.11,42.12,0.0,0.05,93.18,100.0,53100,Weekday,Monday,Maximum_Load,2018-06-04 14:45:00,14,0,0,6,58.28,3.02,18.660104166666667
105.98,42.48,0.0,0.05,92.82,100.0,61200,Weekday,Monday,Maximum_Load,2018-06-04 17:00:00,17,0,0,6,89.5,2.92,24.784375
110.09,60.88,0.0,0.05,87.51,100.0,67500,Weekday,Monday,Medium_Load,2018-06-04 18:45:00,18,0,0,6,86.36,2.95,29.725
115.38,55.55,0.0,0.05,90.1,100.0,69300,Weekday,Monday,Medium_Load,2018-06-04 19:15:00,19,0,0,6,90.11,2.99,31.80364583333333
102.28,47.56,0.0,0.05,90.68,100.0,70200,Weekday,Monday,Medium_Load,2018-06-04 19:30:00,19,0,0,6,115.38,2.95,32.83833333333333
106.67,54.18,0.0,0.05,89.16,100.0,72000,Weekday,Monday,Medium_Load,2018-06-04 20:00:00,20,0,0,6,80.14,3.53,34.717083333333335
117.79,55.69,0.0,0.05,90.41,100.0,72900,Weekday,Monday,Medium_Load,2018-06-04 20:15:00,20,0,0,6,106.67,3.35,35.90916666666667
104.72,44.17,0.0,0.05,92.14,100.0,74700,Weekday,Monday,Medium_Load,2018-06-04 20:45:00,20,0,0,6,62.53,3.1,37.58041666666667
102.6,33.34,0.04,0.05,95.1,100.0,75600,Weekday,Monday,Medium_Load,2018-06-04 21:00:00,21,0,0,6,104.72,3.1,38.616875
101.88,68.08,0.0,0.05,83.14,100.0,41400,Weekday,Tuesday,Maximum_Load,2018-06-05 11:30:00,11,1,0,6,89.32,83.3,37.89010416666667
116.1,66.49,0.0,0.05,86.78,100.0,42300,Weekday,Tuesday,Maximum_Load,2018-06-05 11:45:00,11,1,0,6,101.88,46.87,38.611250000000005
124.45,64.04,0.0,0.06,88.92,100.0,48600,Weekday,Tuesday,Maximum_Load,2018-06-05 13:30:00,13,1,0,6,68.08,56.12,39.52979166666667
101.16,42.91,0.0,0.05,92.06,100.0,50400,Weekday,Tuesday,Maximum_Load,2018-06-05 14:00:00,14,1,0,6,87.48,98.68,39.743854166666665
102.2,46.69,0.0,0.05,90.96,100.0,51300,Weekday,Tuesday,Maximum_Load,2018-06-05 14:15:00,14,1,0,6,101.16,107.96,39.68385416666667
109.76,52.16,0.0,0.05,90.32,100.0,53100,Weekday,Tuesday,Maximum_Load,2018-06-05 14:45:00,14,1,0,6,69.55,108.11,39.8184375
104.94,43.2,0.0,0.05,92.47,100.0,54000,Weekday,Tuesday,Maximum_Load,2018-06-05 15:00:00,15,1,0,6,109.76,54.04,40.34864583333333
125.6,56.66,0.0,0.06,91.15,100.0,56700,Weekday,Tuesday,Maximum_Load,2018-06-05 15:45:00,15,1,0,6,65.7,64.26,41.141666666666666
110.77,52.06,0.0,0.05,90.5,100.0,58500,Weekday,Tuesday,Maximum_Load,2018-06-05 16:15:00,16,1,0,6,89.35,61.74,41.80802083333333
104.87,50.87,0.0,0.05,89.97,100.0,59400,Weekday,Tuesday,Maximum_Load,2018-06-05 16:30:00,16,1,0,6,110.77,47.34,42.407291666666666
119.38,53.5,0.0,0.05,91.26,100.0,62100,Weekday,Tuesday,Medium_Load,2018-06-05 17:15:00,17,1,0,6,88.16,98.28,42.32666666666666
125.39,75.24,0.0,0.06,85.75,100.0,66600,Weekday,Tuesday,Medium_Load,2018-06-05 18:30:00,18,1,0,6,65.12,86.36,42.66041666666666
122.65,60.19,0.0,0.06,89.77,100.0,68400,Weekday,Tuesday,Medium_Load,2018-06-05 19:00:00,19,1,0,6,88.56,90.11,42.775104166666665
124.27,59.11,0.0,0.06,90.3,100.0,70200,Weekday,Tuesday,Medium_Load,2018-06-05 19:30:00,19,1,0,6,95.65,102.28,42.79864583333333
116.93,49.03,0.0,0.05,92.22,100.0,73800,Weekday,Tuesday,Medium_Load,2018-06-05 20:30:00,20,1,0,6,87.37,62.53,42.92541666666667
102.6,77.65,0.0,0.05,79.74,100.0,31500,Weekday,Wednesday,Light_Load,2018-06-06 08:45:00,8,2,0,6,94.9,45.94,44.0684375
110.56,56.7,0.0,0.05,88.98,100.0,32400,Weekday,Wednesday,Light_Load,2018-06-06 09:00:00,9,2,0,6,102.6,66.17,44.53083333333333
102.38,40.93,0.0,0.05,92.85,100.0,34200,Weekday,Wednesday,Medium_Load,2018-06-06 09:30:00,9,2,0,6,90.61,65.05,45.30104166666667
122.04,54.18,0.0,0.06,91.4,100.0,35100,Weekday,Wednesday,Medium_Load,2018-06-06 09:45:00,9,2,0,6,102.38,48.67,46.065312500000005
115.56,58.57,0.0,0.05,89.2,100.0,50400,Weekday,Wednesday,Maximum_Load,2018-06-06 14:00:00,14,2,0,6,56.99,101.16,42.358125
110.74,57.56,0.0,0.05,88.73,100.0,54000,Weekday,Wednesday,Maximum_Load,2018-06-06 15:00:00,15,2,0,6,78.88,104.94,42.078854166666666
123.62,67.54,0.0,0.06,87.76,100.0,54900,Weekday,Wednesday,Maximum_Load,2018-06-06 15:15:00,15,2,0,6,110.74,68.04,42.6578125
111.49,62.64,0.0,0.05,87.18,100.0,59400,Weekday,Wednesday,Maximum_Load,2018-06-06 16:30:00,16,2,0,6,50.4,104.87,41.6428125
126.0,69.16,0.0,0.06,87.66,100.0,60300,Weekday,Wednesday,Maximum_Load,2018-06-06 16:45:00,16,2,0,6,111.49,78.48,42.1378125
115.7,61.42,0.0,0.05,88.33,100.0,61200,Weekday,Wednesday,Maximum_Load,2018-06-06 17:00:00,17,2,0,6,126.0,88.16,42.4246875
127.48,53.96,0.0,0.06,92.09,100.0,63900,Weekday,Wednesday,Medium_Load,2018-06-06 17:45:00,17,2,0,6,92.45,30.49,43.38395833333333
105.73,74.16,0.0,0.05,81.87,100.0,30600,Weekday,Thursday,Light_Load,2018-06-07 08:30:00,8,3,0,6,78.26,94.9,31.79739583333333
104.69,84.96,0.0,0.05,77.65,100.0,31500,Weekday,Thursday,Light_Load,2018-06-07 08:45:00,8,3,0,6,105.73,102.6,31.819166666666664
105.48,44.32,0.0,0.05,92.19,100.0,33300,Weekday,Thursday,Medium_Load,2018-06-07 09:15:00,9,3,0,6,95.22,90.61,31.81427083333333
106.27,49.86,0.0,0.05,90.53,100.0,54900,Weekday,Thursday,Maximum_Load,2018-06-07 15:15:00,15,3,0,6,84.28,123.62,31.060625
112.5,53.68,0.0,0.05,90.25,100.0,55800,Weekday,Thursday,Maximum_Load,2018-06-07 15:30:00,15,3,0,6,106.27,85.54,31.341458333333332
113.98,56.27,0.0,0.05,89.67,100.0,36900,Weekday,Monday,Maximum_Load,2018-06-11 10:15:00,10,0,0,6,92.99,3.06,9.401666666666666
112.64,48.67,0.0,0.05,91.8,100.0,38700,Weekday,Monday,Maximum_Load,2018-06-11 10:45:00,10,0,0,6,84.24,3.56,11.382395833333334
129.37415,81.18,0.0,0.06,85.5,100.0,40500,Weekday,Monday,Maximum_Load,2018-06-11 11:15:00,11,0,0,6,90.68,2.95,13.605980729166667
121.07,54.54,0.0,0.06,91.18,100.0,52200,Weekday,Monday,Maximum_Load,2018-06-11 14:30:00,14,0,0,6,89.93,3.1,20.305772395833333
117.22,52.88,0.0,0.05,91.15,100.0,54000,Weekday,Monday,Maximum_Load,2018-06-11 15:00:00,15,0,0,6,96.8,3.1,22.470564062500003
124.49,55.3,0.0,0.06,91.39,100.0,71100,Weekday,Monday,Medium_Load,2018-06-11 19:45:00,19,0,0,6,72.36,3.1,33.23816822916667
111.53,51.59,0.0,0.05,90.76,100.0,72000,Weekday,Monday,Medium_Load,2018-06-11 20:00:00,20,0,0,6,124.49,3.06,34.368064062500004
108.04,41.04,0.0,0.05,93.48,100.0,73800,Weekday,Monday,Medium_Load,2018-06-11 20:30:00,20,0,0,6,69.55,3.64,36.1477515625
115.24,80.24,0.0,0.05,82.07,100.0,30600,Weekday,Tuesday,Light_Load,2018-06-12 08:30:00,8,1,0,6,69.73,69.88,38.2649390625
102.13,30.89,0.0,0.05,95.72,100.0,51300,Weekday,Tuesday,Maximum_Load,2018-06-12 14:15:00,14,1,0,6,62.1,89.93,34.264270833333335
110.77,35.93,0.0,0.05,95.12,100.0,55800,Weekday,Tuesday,Maximum_Load,2018-06-12 15:30:00,15,1,0,6,55.55,40.43,33.94510416666667
112.82,52.96,0.0,0.05,90.52,100.0,68400,Weekday,Tuesday,Medium_Load,2018-06-12 19:00:00,19,1,0,6,96.55,97.92,37.176770833333336
99.65,30.82,0.0,0.05,95.54,100.0,70200,Weekday,Tuesday,Medium_Load,2018-06-12 19:30:00,19,1,0,6,63.04,72.36,37.50416666666667
113.9,48.74,0.0,0.05,91.94,100.0,71100,Weekday,Tuesday,Medium_Load,2018-06-12 19:45:00,19,1,0,6,99.65,124.49,37.39385416666667
101.02,30.42,0.0,0.05,95.75,100.0,72900,Weekday,Tuesday,Medium_Load,2018-06-12 20:15:00,20,1,0,6,78.84,69.55,37.38114583333333
105.16,49.68,0.0,0.05,90.42,100.0,40500,Weekday,Wednesday,Maximum_Load,2018-06-13 11:15:00,11,2,0,6,72.83,61.34,38.22739583333333
113.08,67.93,0.0,0.05,85.72,100.0,30600,Weekday,Thursday,Light_Load,2018-06-14 08:30:00,8,3,0,6,80.24,56.23,15.556979166666666
104.04,42.34,0.0,0.05,92.62,100.0,40500,Weekday,Thursday,Maximum_Load,2018-06-14 11:15:00,11,3,0,6,79.24,105.16,14.881979166666666
104.04,45.36,0.0,0.05,91.67,100.0,42300,Weekday,Thursday,Maximum_Load,2018-06-14 11:45:00,11,3,0,6,82.04,61.45,15.553958333333334
101.74,38.09,0.0,0.05,93.65,100.0,71100,Weekday,Friday,Medium_Load,2018-06-15 19:45:00,19,4,0,6,79.56,51.88,31.9653125
111.78,59.65,0.0,0.05,88.22,100.0,32400,Weekday,Monday,Light_Load,2018-06-18 09:00:00,9,0,0,6,92.41,3.49,6.509687499999999
107.21,78.95,0.0,0.05,80.52,100.0,31500,Weekday,Wednesday,Light_Load,2018-06-20 08:45:00,8,2,0,6,64.69,67.86,27.76895833333333
109.08,48.17,0.0,0.05,91.48,100.0,34200,Weekday,Wednesday,Medium_Load,2018-06-20 09:30:00,9,2,0,6,92.05,86.22,28.328854166666662
99.4,37.55,0.0,0.05,93.55,100.0,36000,Weekday,Wednesday,Medium_Load,2018-06-20 10:00:00,10,2,0,6,65.92,39.53,28.97125
102.17,45.47,0.0,0.05,91.36,100.0,38700,Weekday,Wednesday,Maximum_Load,2018-06-20 10:45:00,10,2,0,6,69.12,39.13,30.5425
105.95,48.17,0.0,0.05,91.03,100.0,39600,Weekday,Wednesday,Maximum_Load,2018-06-20 11:00:00,11,2,0,6,102.17,39.02,31.2396875
105.34,62.68,0.0,0.05,85.94,100.0,41400,Weekday,Wednesday,Maximum_Load,2018-06-20 11:30:00,11,2,0,6,90.68,35.64,32.55552083333333
103.18,63.5,0.0,0.05,85.16,100.0,43200,Weekday,Wednesday,Maximum_Load,2018-06-20 12:00:00,12,2,0,6,83.66,47.45,33.569895833333334
110.99,50.11,0.0,0.05,91.14,100.0,48600,Weekday,Wednesday,Maximum_Load,2018-06-20 13:30:00,13,2,0,6,34.56,43.27,34.221041666666665
110.02,46.12,0.0,0.05,92.22,100.0,50400,Weekday,Wednesday,Maximum_Load,2018-06-20 14:00:00,14,2,0,6,74.38,45.11,35.215625
101.77,40.9,0.0,0.05,92.79,100.0,51300,Weekday,Wednesday,Maximum_Load,2018-06-20 14:15:00,14,2,0,6,110.02,50.83,35.74625
104.9,54.36,0.0,0.05,88.79,100.0,40500,Weekday,Monday,Maximum_Load,2018-06-25 11:15:00,11,0,0,6,69.3,21.82,14.112708333333336
104.83,57.17,0.0,0.05,87.79,100.0,42300,Weekday,Monday,Maximum_Load,2018-06-25 11:45:00,11,0,0,6,74.45,9.97,15.642395833333332
116.35,47.48,0.0,0.05,92.59,100.0,49500,Weekday,Monday,Maximum_Load,2018-06-25 13:45:00,13,0,0,6,82.26,29.34,18.644166666666667
108.94,40.64,0.0,0.05,93.69,100.0,52200,Weekday,Monday,Maximum_Load,2018-06-25 14:30:00,14,0,0,6,93.78,28.01,20.87989583333333
111.71,46.62,0.0,0.05,92.29,100.0,54000,Weekday,Monday,Maximum_Load,2018-06-25 15:00:00,15,0,0,6,92.99,28.51,22.424166666666665
114.52,47.16,0.0,0.05,92.47,100.0,55800,Weekday,Monday,Maximum_Load,2018-06-25 15:30:00,15,0,0,6,85.07,28.19,23.911041666666662
108.04,46.58,0.0,0.05,91.83,100.0,58500,Weekday,Tuesday,Maximum_Load,2018-06-26 16:15:00,16,1,0,6,65.02,49.32,25.03052083333333
101.41,41.26,0.0,0.05,92.63,100.0,59400,Weekday,Tuesday,Maximum_Load,2018-06-26 16:30:00,16,1,0,6,108.04,52.34,25.541666666666668
105.66,36.97,0.0,0.05,94.39,100.0,57600,Weekday,Tuesday,Maximum_Load,2018-07-03 16:00:00,16,1,0,7,78.34,62.32,28.237291666666664
113.26,42.41,0.0,0.05,93.65,100.0,61200,Weekday,Tuesday,Maximum_Load,2018-07-03 17:00:00,17,1,0,7,95.54,58.03,29.56552083333333
103.36,34.7,0.0,0.05,94.8,100.0,70200,Weekday,Tuesday,Medium_Load,2018-07-03 19:30:00,19,1,0,7,81.07,44.57,31.89625
109.73,42.48,0.0,0.05,93.26,100.0,72000,Weekday,Tuesday,Medium_Load,2018-07-03 20:00:00,20,1,0,7,90.83,45.43,33.04864583333333
106.56,37.55,0.0,0.05,94.32,100.0,72900,Weekday,Tuesday,Medium_Load,2018-07-03 20:15:00,20,1,0,7,109.73,46.08,33.678645833333334
118.98,53.39,0.0,0.05,91.24,100.0,33300,Weekday,Wednesday,Medium_Load,2018-07-04 09:15:00,9,2,0,7,68.8,60.62,37.63645833333333
116.06,53.86,0.0,0.05,90.71,100.0,35100,Weekday,Wednesday,Medium_Load,2018-07-04 09:45:00,9,2,0,7,98.57,71.82,38.48729166666667
111.38,45.86,0.0,0.05,92.47,100.0,37800,Weekday,Wednesday,Maximum_Load,2018-07-04 10:30:00,10,2,0,7,86.62,46.73,39.81333333333333
105.05,34.49,0.0,0.05,95.01,100.0,39600,Weekday,Wednesday,Maximum_Load,2018-07-04 11:00:00,11,2,0,7,90.36,59.83,40.6275
108.22,56.05,0.0,0.05,88.8,100.0,41400,Weekday,Wednesday,Maximum_Load,2018-07-04 11:30:00,11,2,0,7,91.4,54.4,41.399166666666666
117.32,79.63,0.0,0.05,82.74,100.0,31500,Weekday,Thursday,Light_Load,2018-07-05 08:45:00,8,3,0,7,71.14,93.85,31.8315625
121.68,62.24,0.0,0.06,89.03,100.0,32400,Weekday,Thursday,Light_Load,2018-07-05 09:00:00,9,3,0,7,117.32,68.8,32.382395833333334
106.96,47.27,0.0,0.05,91.47,100.0,36900,Weekday,Thursday,Maximum_Load,2018-07-05 10:15:00,10,3,0,7,85.97,86.62,31.76770833333333
101.7,57.53,0.0,0.05,87.04,100.0,41400,Weekday,Thursday,Maximum_Load,2018-07-05 11:30:00,11,3,0,7,74.88,108.22,30.684791666666666
107.75,56.3,0.0,0.05,88.63,100.0,42300,Weekday,Thursday,Maximum_Load,2018-07-05 11:45:00,11,3,0,7,101.7,67.07,31.108541666666667
105.12,39.74,0.0,0.05,93.54,100.0,55800,Weekday,Thursday,Maximum_Load,2018-07-05 15:30:00,15,3,0,7,81.04,40.86,34.438125
109.87,38.63,0.0,0.05,94.34,100.0,73800,Weekday,Thursday,Medium_Load,2018-07-05 20:30:00,20,3,0,7,65.23,45.22,37.35895833333333
106.74,42.41,0.0,0.05,92.93,100.0,74700,Weekday,Thursday,Medium_Load,2018-07-05 20:45:00,20,3,0,7,109.87,53.21,37.916562500000005
112.32,78.34,0.0,0.05,82.02,100.0,30600,Weekday,Friday,Light_Load,2018-07-06 08:30:00,8,4,0,7,58.0,71.14,37.3428125
115.52,83.74,0.0,0.05,80.97,100.0,31500,Weekday,Friday,Light_Load,2018-07-06 08:45:00,8,4,0,7,112.32,117.32,37.3240625
112.72,53.1,0.0,0.05,90.46,100.0,32400,Weekday,Friday,Light_Load,2018-07-06 09:00:00,9,4,0,7,115.52,121.68,37.23072916666667
106.52,42.95,0.0,0.05,92.74,100.0,34200,Weekday,Friday,Medium_Load,2018-07-06 09:30:00,9,4,0,7,86.4,98.17,37.340625
105.37,40.5,0.0,0.05,93.34,100.0,35100,Weekday,Friday,Medium_Load,2018-07-06 09:45:00,9,4,0,7,106.52,74.52,37.66197916666667
108.94,44.21,0.0,0.05,92.66,100.0,36900,Weekday,Friday,Maximum_Load,2018-07-06 10:15:00,10,4,0,7,78.12,106.96,37.60083333333333
118.91,49.61,0.0,0.05,92.29,100.0,39600,Weekday,Friday,Maximum_Load,2018-07-06 11:00:00,11,4,0,7,96.7,75.89,38.41760416666667
110.84,61.7,0.0,0.05,87.37,100.0,41400,Weekday,Friday,Maximum_Load,2018-07-06 11:30:00,11,4,0,7,76.9,101.7,38.53385416666666
99.32,55.98,0.0,0.05,87.12,100.0,43200,Weekday,Friday,Maximum_Load,2018-07-06 12:00:00,12,4,0,7,97.56,82.73,38.60052083333333
115.13,45.29,0.0,0.05,93.06,100.0,52200,Weekday,Friday,Maximum_Load,2018-07-06 14:30:00,14,4,0,7,89.35,61.02,40.0521875
112.72,48.64,0.0,0.05,91.82,100.0,54000,Weekday,Friday,Maximum_Load,2018-07-06 15:00:00,15,4,0,7,93.24,47.59,41.019375
111.24,44.28,0.0,0.05,92.91,100.0,56700,Weekday,Friday,Maximum_Load,2018-07-06 15:45:00,15,4,0,7,78.88,82.19,41.19
107.93,41.9,0.0,0.05,93.22,100.0,58500,Weekday,Friday,Maximum_Load,2018-07-06 16:15:00,16,4,0,7,81.11,58.68,41.774687500000006
99.43,42.73,0.0,0.05,91.88,100.0,59400,Weekday,Friday,Maximum_Load,2018-07-06 16:30:00,16,4,0,7,107.93,53.46,42.25354166666667
104.87,44.64,0.0,0.05,92.01,100.0,60300,Weekday,Friday,Maximum_Load,2018-07-06 16:45:00,16,4,0,7,99.43,51.48,42.8096875
102.89,37.12,0.0,0.05,94.07,100.0,61200,Weekday,Friday,Maximum_Load,2018-07-06 17:00:00,17,4,0,7,104.87,64.04,43.214375
112.03,65.12,0.0,0.05,86.46,100.0,66600,Weekday,Friday,Medium_Load,2018-07-06 18:30:00,18,4,0,7,60.44,62.42,44.13010416666666
103.32,40.18,0.0,0.05,93.2,100.0,68400,Weekday,Friday,Medium_Load,2018-07-06 19:00:00,19,4,0,7,90.36,57.46,44.9490625
104.83,43.56,0.0,0.05,92.34,100.0,69300,Weekday,Friday,Medium_Load,2018-07-06 19:15:00,19,4,0,7,103.32,55.51,45.462812500000005
116.21,55.91,0.0,0.05,90.11,100.0,71100,Weekday,Friday,Medium_Load,2018-07-06 19:45:00,19,4,0,7,88.02,47.74,46.4903125
117.0,45.83,0.0,0.05,93.11,100.0,72000,Weekday,Friday,Medium_Load,2018-07-06 20:00:00,20,4,0,7,116.21,49.61,47.192291666666655
115.34,42.66,0.0,0.05,93.79,100.0,73800,Weekday,Friday,Medium_Load,2018-07-06 20:30:00,20,4,0,7,89.35,109.87,47.50052083333333
110.27,65.3,0.0,0.05,86.04,100.0,30600,Weekend,Saturday,Light_Load,2018-07-07 08:30:00,8,5,1,7,39.53,112.32,47.11979166666666
100.33,63.94,0.0,0.05,84.33,100.0,31500,Weekend,Saturday,Light_Load,2018-07-07 08:45:00,8,5,1,7,110.27,115.52,46.96156249999999
101.81,50.54,0.0,0.05,89.57,100.0,43200,Weekend,Saturday,Maximum_Load,2018-07-07 12:00:00,12,5,1,7,80.78,99.32,41.4296875
105.23,35.64,0.0,0.05,94.72,100.0,49500,Weekend,Saturday,Maximum_Load,2018-07-07 13:45:00,13,5,1,7,79.78,84.71,41.805
106.16,33.7,0.0,0.05,95.31,100.0,50400,Weekend,Saturday,Maximum_Load,2018-07-07 14:00:00,14,5,1,7,105.23,96.98,41.900625
109.98,33.7,0.0,0.05,95.61,100.0,57600,Weekend,Saturday,Maximum_Load,2018-07-07 16:00:00,16,5,1,7,98.71,81.11,41.53635416666667
107.21,31.93,0.0,0.05,95.84,100.0,59400,Weekend,Saturday,Maximum_Load,2018-07-07 16:30:00,16,5,1,7,90.9,99.43,41.44
105.91,67.9,0.0,0.05,84.18,100.0,30600,Weekend,Sunday,Light_Load,2018-07-08 08:30:00,8,6,1,7,54.58,110.27,27.14447916666667
112.36,66.74,0.0,0.05,85.98,100.0,31500,Weekend,Sunday,Light_Load,2018-07-08 08:45:00,8,6,1,7,105.91,100.33,27.269791666666663
99.94,30.56,0.0,0.05,95.63,100.0,33300,Weekend,Sunday,Medium_Load,2018-07-08 09:15:00,9,6,1,7,86.51,62.5,28.110520833333336
104.69,33.16,0.0,0.05,95.33,100.0,34200,Weekend,Sunday,Medium_Load,2018-07-08 09:30:00,9,6,1,7,99.94,54.9,28.629166666666663
116.78,46.76,0.0,0.05,92.83,100.0,38700,Weekend,Sunday,Maximum_Load,2018-07-08 10:45:00,10,6,1,7,79.78,45.61,30.6859375
110.2,58.03,0.0,0.05,88.48,100.0,40500,Weekend,Sunday,Maximum_Load,2018-07-08 11:15:00,11,6,1,7,90.04,59.44,31.73
113.29,49.21,0.0,0.05,91.72,100.0,55800,Weekday,Tuesday,Maximum_Load,2018-07-10 15:30:00,15,1,0,7,86.22,47.45,29.453541666666663
118.91,53.82,0.0,0.05,91.1,100.0,57600,Weekday,Tuesday,Maximum_Load,2018-07-10 16:00:00,16,1,0,7,99.0,66.24,30.48635416666667
110.41,51.73,0.0,0.05,90.55,100.0,60300,Weekday,Tuesday,Maximum_Load,2018-07-10 16:45:00,16,1,0,7,92.74,59.11,31.740416666666672
101.52,52.24,0.0,0.05,88.92,100.0,62100,Weekday,Tuesday,Medium_Load,2018-07-10 17:15:00,17,1,0,7,95.11,57.24,32.49
108.58,39.71,0.0,0.05,93.92,100.0,68400,Weekday,Tuesday,Medium_Load,2018-07-10 19:00:00,19,1,0,7,86.18,48.82,34.57385416666667
111.2,76.54,0.0,0.05,82.37,100.0,30600,Weekday,Wednesday,Light_Load,2018-07-11 08:30:00,8,2,0,7,18.14,49.54,35.805104166666666
111.92,58.79,0.0,0.05,88.53,100.0,32400,Weekend,Sunday,Light_Load,2018-07-15 09:00:00,9,6,1,7,71.75,37.33,20.399791666666665
101.05,50.26,0.0,0.05,89.54,100.0,35100,Weekend,Sunday,Medium_Load,2018-07-15 09:45:00,9,6,1,7,82.66,37.08,22.0434375
108.47,52.56,0.0,0.05,89.99,100.0,36900,Weekend,Sunday,Maximum_Load,2018-07-15 10:15:00,10,6,1,7,77.62,37.84,23.18010416666667
107.71,51.91,0.0,0.05,90.08,100.0,39600,Weekend,Sunday,Maximum_Load,2018-07-15 11:00:00,11,6,1,7,80.46,37.48,25.0021875
99.86,36.94,0.0,0.05,93.79,100.0,51300,Weekend,Sunday,Maximum_Load,2018-07-15 14:15:00,14,6,1,7,94.86,35.86,29.3934375
99.61,32.51,0.0,0.05,95.06,100.0,54000,Weekend,Sunday,Maximum_Load,2018-07-15 15:00:00,15,6,1,7,95.72,77.18,30.460625
101.27,53.46,0.0,0.05,88.43,100.0,36900,Weekday,Monday,Maximum_Load,2018-07-16 10:15:00,10,0,0,7,91.37,108.47,36.84302083333333
104.94,35.32,0.0,0.05,94.78,100.0,52200,Weekday,Tuesday,Maximum_Load,2018-07-17 14:30:00,14,1,0,7,79.74,62.5,30.8434375
104.58,33.12,0.0,0.05,95.33,100.0,56700,Weekday,Tuesday,Maximum_Load,2018-07-17 15:45:00,15,1,0,7,72.97,59.76,31.938333333333333
108.4,35.75,0.0,0.05,94.97,100.0,58500,Weekday,Tuesday,Maximum_Load,2018-07-17 16:15:00,16,1,0,7,78.55,67.18,32.51770833333334
100.55,33.59,0.0,0.05,94.85,100.0,59400,Weekday,Tuesday,Maximum_Load,2018-07-17 16:30:00,16,1,0,7,108.4,65.3,32.88489583333333
104.26,33.55,0.0,0.05,95.19,100.0,61200,Weekday,Tuesday,Maximum_Load,2018-07-17 17:00:00,17,1,0,7,88.45,67.07,33.47479166666667
100.3,77.58,0.0,0.05,79.1,100.0,42300,Weekday,Thursday,Maximum_Load,2018-07-19 11:45:00,11,3,0,7,88.81,55.04,25.6003125
106.27,41.98,0.0,0.05,93.01,100.0,53100,Weekday,Thursday,Maximum_Load,2018-07-19 14:45:00,14,3,0,7,97.85,60.48,27.01875
111.42,51.98,0.0,0.05,90.62,100.0,58500,Weekday,Thursday,Maximum_Load,2018-07-19 16:15:00,16,3,0,7,78.73,61.96,28.827291666666667
99.14,38.23,0.0,0.05,93.3,100.0,67500,Weekday,Thursday,Medium_Load,2018-07-19 18:45:00,18,3,0,7,82.66,3.42,32.21979166666667
99.18,44.32,0.0,0.05,91.3,100.0,60300,Weekday,Friday,Maximum_Load,2018-07-20 16:45:00,16,4,0,7,68.18,90.9,33.358125
102.35,34.7,0.0,0.05,94.71,100.0,69300,Weekday,Friday,Medium_Load,2018-07-20 19:15:00,19,4,0,7,82.66,51.44,32.60239583333333
103.43,54.68,0.0,0.05,88.41,100.0,66600,Weekday,Monday,Medium_Load,2018-07-23 18:30:00,18,0,0,7,57.64,2.88,25.09364583333333
99.29,34.42,0.0,0.05,94.48,100.0,70200,Weekday,Monday,Medium_Load,2018-07-23 19:30:00,19,0,0,7,79.99,3.53,28.589791666666667
101.09,33.84,0.0,0.05,94.83,100.0,72900,Weekday,Monday,Medium_Load,2018-07-23 20:15:00,20,0,0,7,74.3,3.06,31.237604166666667
99.18,57.35,0.0,0.05,86.57,100.0,37800,Weekday,Tuesday,Maximum_Load,2018-07-24 10:30:00,10,1,0,7,97.06,54.79,36.07708333333333
104.94,57.02,0.0,0.05,87.87,100.0,38700,Weekday,Tuesday,Maximum_Load,2018-07-24 10:45:00,10,1,0,7,99.18,59.0,36.555625
105.37,57.92,0.0,0.05,87.63,100.0,39600,Weekday,Tuesday,Maximum_Load,2018-07-24 11:00:00,11,1,0,7,104.94,62.78,36.99927083333333
102.56,69.91,0.0,0.05,82.63,100.0,40500,Weekday,Tuesday,Maximum_Load,2018-07-24 11:15:00,11,1,0,7,105.37,65.16,37.38885416666667
103.64,72.76,0.0,0.05,81.84,100.0,41400,Weekday,Tuesday,Maximum_Load,2018-07-24 11:30:00,11,1,0,7,102.56,60.01,37.84333333333333
102.92,71.06,0.0,0.05,82.29,100.0,43200,Weekday,Tuesday,Maximum_Load,2018-07-24 12:00:00,12,1,0,7,88.06,52.81,38.74302083333333
103.64,56.23,0.0,0.05,87.9,100.0,49500,Weekday,Tuesday,Maximum_Load,2018-07-24 13:45:00,13,1,0,7,83.56,57.2,39.41229166666667
103.86,51.73,0.0,0.05,89.51,100.0,67500,Weekday,Wednesday,Medium_Load,2018-07-25 18:45:00,18,2,0,7,93.17,58.61,29.874479166666664
113.47,42.8,0.0,0.05,93.57,100.0,72000,Weekday,Wednesday,Medium_Load,2018-07-25 20:00:00,20,2,0,7,79.67,46.66,31.952708333333334
105.55,37.62,0.0,0.05,94.2,100.0,73800,Weekday,Wednesday,Medium_Load,2018-07-25 20:30:00,20,2,0,7,84.28,61.27,32.744375
107.17,73.22,0.0,0.05,82.57,100.0,30600,Weekday,Thursday,Light_Load,2018-07-26 08:30:00,8,3,0,7,35.46,49.68,33.58208333333334
102.42,36.86,0.0,0.05,94.09,100.0,32400,Weekday,Thursday,Light_Load,2018-07-26 09:00:00,9,3,0,7,79.74,59.9,34.26010416666667
100.12,38.66,0.0,0.05,93.29,100.0,33300,Weekday,Thursday,Medium_Load,2018-07-26 09:15:00,9,3,0,7,102.42,57.38,34.7053125
106.52,64.51,0.0,0.05,85.54,100.0,57600,Weekday,Monday,Maximum_Load,2018-07-30 16:00:00,16,0,0,7,83.77,34.02,19.812083333333334
115.56,50.69,0.0,0.05,91.58,100.0,48600,Weekday,Tuesday,Maximum_Load,2018-07-31 13:30:00,13,1,0,7,58.32,60.41,36.48354166666667
109.22,50.65,0.0,0.05,90.72,100.0,33300,Weekday,Monday,Medium_Load,2018-08-06 09:15:00,9,0,0,8,83.81,3.06,6.572187500000001
102.24,47.74,0.0,0.05,90.61,100.0,36000,Weekday,Monday,Medium_Load,2018-08-06 10:00:00,10,0,0,8,93.28,3.67,9.338229166666666
106.56,52.78,0.0,0.05,89.61,100.0,40500,Weekday,Monday,Maximum_Load,2018-08-06 11:15:00,11,0,0,8,64.4,2.84,12.681041666666667
103.9,52.96,0.0,0.05,89.09,100.0,43200,Weekday,Monday,Maximum_Load,2018-08-06 12:00:00,12,0,0,8,90.18,2.81,15.536666666666669
99.18,41.87,0.0,0.05,92.13,100.0,69300,Weekday,Monday,Medium_Load,2018-08-06 19:15:00,19,0,0,8,96.12,3.06,31.3534375
113.65,49.68,0.0,0.05,91.63,100.0,71100,Weekday,Monday,Medium_Load,2018-08-06 19:45:00,19,0,0,8,86.98,3.1,33.378750000000004
118.12,53.06,0.0,0.05,91.22,100.0,73800,Weekday,Monday,Medium_Load,2018-08-06 20:30:00,20,0,0,8,91.73,3.1,36.2396875
108.32,38.59,0.0,0.05,94.2,100.0,36000,Weekday,Tuesday,Medium_Load,2018-08-07 10:00:00,10,1,0,8,65.45,102.24,37.5009375
101.59,39.13,0.0,0.05,93.32,100.0,36900,Weekday,Tuesday,Maximum_Load,2018-08-07 10:15:00,10,1,0,8,108.32,49.03,38.0484375
112.21,43.78,0.0,0.05,93.16,100.0,38700,Weekday,Tuesday,Maximum_Load,2018-08-07 10:45:00,10,1,0,8,83.41,58.9,38.86958333333334
99.79,46.44,0.0,0.05,90.66,100.0,48600,Weekday,Tuesday,Maximum_Load,2018-08-07 13:30:00,13,1,0,8,62.64,97.67,39.05125
103.61,51.98,0.0,0.05,89.38,100.0,49500,Weekday,Tuesday,Maximum_Load,2018-08-07 13:45:00,13,1,0,8,99.79,98.93,39.1
104.76,48.46,0.14,0.05,90.76,100.0,63000,Weekday,Tuesday,Medium_Load,2018-08-07 17:30:00,17,1,0,8,72.25,98.21,39.4796875
103.93,53.03,0.0,0.05,89.07,100.0,36000,Weekday,Wednesday,Medium_Load,2018-08-08 10:00:00,10,2,0,8,63.5,108.32,34.760729166666664
106.99,46.58,0.0,0.05,91.69,100.0,39600,Weekday,Wednesday,Maximum_Load,2018-08-08 11:00:00,11,2,0,8,91.08,87.01,34.672604166666666
117.68,75.42,0.0,0.05,84.19,100.0,42300,Weekday,Wednesday,Maximum_Load,2018-08-08 11:45:00,11,2,0,8,76.1,95.87,34.80479166666667
123.16,62.03,0.0,0.06,89.31,100.0,48600,Weekday,Wednesday,Maximum_Load,2018-08-08 13:30:00,13,2,0,8,44.42,99.79,34.805729166666666
104.0,46.84,0.0,0.05,91.18,100.0,51300,Weekday,Wednesday,Maximum_Load,2018-08-08 14:15:00,14,2,0,8,93.92,58.75,35.45885416666667
115.67,57.56,0.0,0.05,89.53,100.0,53100,Weekday,Wednesday,Maximum_Load,2018-08-08 14:45:00,14,2,0,8,79.56,43.49,36.508854166666666
115.74,58.93,0.0,0.05,89.11,100.0,54900,Weekday,Wednesday,Maximum_Load,2018-08-08 15:15:00,15,2,0,8,81.68,49.93,37.598958333333336
111.38,53.89,0.0,0.05,90.02,100.0,55800,Weekday,Wednesday,Maximum_Load,2018-08-08 15:30:00,15,2,0,8,115.74,54.11,38.19552083333334
111.06,50.8,0.0,0.05,90.94,100.0,72000,Weekday,Wednesday,Medium_Load,2018-08-08 20:00:00,20,2,0,8,53.42,47.59,36.96635416666667
109.98,87.7,0.0,0.05,78.19,100.0,31500,Weekday,Thursday,Light_Load,2018-08-09 08:45:00,8,3,0,8,98.32,64.91,38.43708333333333
103.39,54.43,0.0,0.05,88.49,100.0,35100,Weekday,Thursday,Medium_Load,2018-08-09 09:45:00,9,3,0,8,98.86,63.5,39.567708333333336
110.66,52.45,0.0,0.05,90.36,100.0,36000,Weekday,Thursday,Medium_Load,2018-08-09 10:00:00,10,3,0,8,103.39,103.93,39.6378125
111.67,63.4,0.0,0.05,86.96,100.0,36900,Weekday,Thursday,Maximum_Load,2018-08-09 10:15:00,10,3,0,8,110.66,87.08,39.89395833333333
111.64,51.95,0.0,0.05,90.66,100.0,38700,Weekday,Thursday,Maximum_Load,2018-08-09 10:45:00,10,3,0,8,88.88,91.08,40.09010416666667
126.29,80.46,0.0,0.06,84.34,100.0,40500,Weekday,Thursday,Maximum_Load,2018-08-09 11:15:00,11,3,0,8,72.11,93.85,40.0646875
103.72,61.78,0.0,0.05,85.91,100.0,42300,Weekday,Thursday,Maximum_Load,2018-08-09 11:45:00,11,3,0,8,94.54,117.68,40.111354166666665
107.21,48.31,0.0,0.05,91.17,100.0,48600,Weekday,Thursday,Maximum_Load,2018-08-09 13:30:00,13,3,0,8,50.72,123.16,40.06458333333333
129.37415,68.11,0.0,0.06,89.02,100.0,50400,Weekday,Thursday,Maximum_Load,2018-08-09 14:00:00,14,3,0,8,72.43,93.92,40.2958765625
105.77,63.0,0.0,0.05,85.91,100.0,42300,Weekday,Friday,Maximum_Load,2018-08-10 11:45:00,11,4,0,8,94.32,103.72,29.953168229166664
113.72,72.9,0.0,0.05,84.19,100.0,43200,Weekday,Friday,Maximum_Load,2018-08-10 12:00:00,12,4,0,8,105.77,89.39,30.206605729166668
123.8,62.24,0.0,0.06,89.34,100.0,48600,Weekday,Friday,Maximum_Load,2018-08-10 13:30:00,13,4,0,8,30.06,107.21,30.089939062500004
105.7,49.82,0.0,0.05,90.46,100.0,49500,Weekday,Friday,Maximum_Load,2018-08-10 13:45:00,13,4,0,8,123.8,72.43,30.4365015625
115.45,61.42,0.0,0.05,88.28,100.0,51300,Weekday,Friday,Maximum_Load,2018-08-10 14:15:00,14,4,0,8,94.93,66.1,30.59177083333333
106.67,46.87,0.0,0.05,91.55,100.0,55800,Weekday,Friday,Maximum_Load,2018-08-10 15:30:00,15,4,0,8,90.18,40.0,32.948229166666664
129.37415,62.42,0.0,0.06,90.28,100.0,56700,Weekday,Friday,Maximum_Load,2018-08-10 15:45:00,15,4,0,8,106.67,49.9,33.776084895833336
107.46,58.75,0.0,0.05,87.74,100.0,57600,Weekday,Friday,Maximum_Load,2018-08-10 16:00:00,16,4,0,8,129.37415,67.43,34.1930640625
103.46,39.6,0.0,0.05,93.39,100.0,58500,Weekday,Friday,Maximum_Load,2018-08-10 16:15:00,16,4,0,8,107.46,59.8,34.64785572916667
100.22,42.37,0.0,0.05,92.11,100.0,59400,Weekday,Friday,Maximum_Load,2018-08-10 16:30:00,16,4,0,8,103.46,54.04,35.12889739583333
118.04,52.38,0.0,0.05,91.4,100.0,60300,Weekday,Friday,Maximum_Load,2018-08-10 16:45:00,16,4,0,8,100.22,46.26,35.87660572916666
99.83,48.13,0.0,0.05,90.08,100.0,63000,Weekday,Friday,Medium_Load,2018-08-10 17:30:00,17,4,0,8,83.27,44.03,36.8430640625
110.84,47.23,0.0,0.05,92.0,100.0,69300,Weekday,Friday,Medium_Load,2018-08-10 19:15:00,19,4,0,8,86.9,52.78,38.88223072916667
112.61,50.04,0.0,0.05,91.38,100.0,71100,Weekday,Friday,Medium_Load,2018-08-10 19:45:00,19,4,0,8,73.55,49.03,39.76691822916667
100.33,35.75,0.0,0.05,94.2,100.0,72900,Weekday,Friday,Medium_Load,2018-08-10 20:15:00,20,4,0,8,91.8,50.36,40.798584895833336
102.46,31.39,0.0,0.05,95.61,100.0,74700,Weekday,Friday,Medium_Load,2018-08-10 20:45:00,20,4,0,8,84.46,46.55,41.745147395833335
111.38,70.56,0.0,0.05,84.48,100.0,30600,Weekend,Saturday,Light_Load,2018-08-11 08:30:00,8,5,1,8,68.94,49.9,43.10754322916667
109.84,41.9,0.0,0.05,93.43,100.0,32400,Weekend,Saturday,Light_Load,2018-08-11 09:00:00,9,5,1,8,77.72,47.84,43.9824390625
109.91,39.42,0.0,0.05,94.13,100.0,34200,Weekend,Saturday,Medium_Load,2018-08-11 09:30:00,9,5,1,8,91.19,55.08,44.9758765625
110.59,40.9,0.0,0.05,93.79,100.0,36000,Weekend,Saturday,Medium_Load,2018-08-11 10:00:00,10,5,1,8,87.88,52.09,45.9636890625
103.82,50.76,0.0,0.05,89.84,100.0,42300,Weekend,Saturday,Maximum_Load,2018-08-11 11:45:00,11,5,1,8,71.71,105.77,46.80920989583333
109.33,43.92,0.0,0.05,92.79,100.0,50400,Weekend,Saturday,Maximum_Load,2018-08-11 14:00:00,14,5,1,8,95.65,94.93,45.81504322916666
105.59,40.86,0.0,0.05,93.26,100.0,52200,Weekend,Saturday,Maximum_Load,2018-08-11 14:30:00,14,5,1,8,89.32,86.47,45.74202239583333
103.57,36.76,0.0,0.05,94.24,100.0,54000,Weekend,Saturday,Maximum_Load,2018-08-11 15:00:00,15,5,1,8,96.3,89.35,45.936605729166665
103.36,36.97,0.0,0.05,94.16,100.0,58500,Weekend,Saturday,Maximum_Load,2018-08-11 16:15:00,16,5,1,8,86.9,103.46,44.7996875
119.92,59.8,0.0,0.05,89.49,100.0,32400,Weekday,Monday,Light_Load,2018-08-13 09:00:00,9,0,0,8,82.08,2.95,6.224583333333334
110.2,50.44,0.0,0.05,90.93,100.0,34200,Weekday,Monday,Medium_Load,2018-08-13 09:30:00,9,0,0,8,92.34,3.02,8.271041666666667
106.34,43.31,0.0,0.05,92.61,100.0,36000,Weekday,Monday,Medium_Load,2018-08-13 10:00:00,10,0,0,8,89.78,3.06,10.249791666666669
104.62,43.02,0.0,0.05,92.49,100.0,37800,Weekday,Monday,Maximum_Load,2018-08-13 10:30:00,10,0,0,8,84.31,3.1,12.153645833333334
100.66,43.7,0.0,0.05,91.73,100.0,39600,Weekday,Monday,Maximum_Load,2018-08-13 11:00:00,11,0,0,8,81.94,3.13,13.985208333333334
101.99,53.75,0.0,0.05,88.47,100.0,40500,Weekday,Monday,Maximum_Load,2018-08-13 11:15:00,11,0,0,8,100.66,3.02,15.016145833333336
100.94,53.82,0.0,0.05,88.24,100.0,42300,Weekday,Monday,Maximum_Load,2018-08-13 11:45:00,11,0,0,8,81.54,2.7,16.855104166666667
107.6,53.24,0.0,0.05,89.63,100.0,49500,Weekday,Monday,Maximum_Load,2018-08-13 13:45:00,13,0,0,8,90.07,3.1,20.953333333333337
111.46,61.38,0.0,0.05,87.6,100.0,50400,Weekday,Monday,Maximum_Load,2018-08-13 14:00:00,14,0,0,8,107.6,3.02,22.082916666666662
105.19,47.84,0.0,0.05,91.03,100.0,51300,Weekday,Monday,Maximum_Load,2018-08-13 14:15:00,14,0,0,8,111.46,3.02,23.1471875
109.19,50.4,0.0,0.05,90.79,100.0,53100,Weekday,Monday,Maximum_Load,2018-08-13 14:45:00,14,0,0,8,85.75,3.06,25.114791666666665
102.64,52.99,0.0,0.05,88.86,100.0,60300,Weekday,Monday,Maximum_Load,2018-08-13 16:45:00,16,0,0,8,85.18,3.02,31.5246875
110.05,49.21,0.0,0.05,91.29,100.0,61200,Weekday,Monday,Maximum_Load,2018-08-13 17:00:00,17,0,0,8,102.64,3.02,32.639583333333334
101.2,43.92,0.0,0.05,91.73,100.0,63000,Weekday,Monday,Medium_Load,2018-08-13 17:30:00,17,0,0,8,95.36,3.56,34.618541666666665
103.1,55.8,0.0,0.05,87.95,100.0,67500,Weekday,Monday,Medium_Load,2018-08-13 18:45:00,18,0,0,8,86.9,2.88,37.8565625
103.68,47.95,0.0,0.05,90.76,100.0,69300,Weekday,Monday,Medium_Load,2018-08-13 19:15:00,19,0,0,8,70.13,3.02,39.60447916666667
104.4,48.85,0.0,0.05,90.58,100.0,71100,Weekday,Monday,Medium_Load,2018-08-13 19:45:00,19,0,0,8,88.74,3.02,41.553020833333335
99.68,45.25,0.0,0.05,91.06,100.0,72900,Weekday,Monday,Medium_Load,2018-08-13 20:15:00,20,0,0,8,83.63,3.02,43.39916666666667
105.37,48.82,0.0,0.05,90.73,100.0,74700,Weekday,Monday,Medium_Load,2018-08-13 20:45:00,20,0,0,8,91.98,3.28,45.384687500000005
101.63,71.39,0.0,0.05,81.83,100.0,30600,Weekday,Tuesday,Light_Load,2018-08-14 08:30:00,8,1,0,8,22.32,92.23,46.27312499999999
105.88,55.58,0.0,0.05,88.54,100.0,36900,Weekday,Tuesday,Maximum_Load,2018-08-14 10:15:00,10,1,0,8,97.49,84.31,45.61614583333334
106.49,46.76,0.0,0.05,91.56,100.0,38700,Weekday,Tuesday,Maximum_Load,2018-08-14 10:45:00,10,1,0,8,91.8,81.94,45.73833333333334
105.26,37.37,0.0,0.05,94.24,100.0,60300,Weekday,Tuesday,Maximum_Load,2018-08-14 16:45:00,16,1,0,8,88.09,102.64,42.94260416666666
105.48,38.23,0.0,0.05,94.02,100.0,62100,Weekday,Tuesday,Medium_Load,2018-08-14 17:15:00,17,1,0,8,86.0,95.36,42.79750000000001
106.45,55.44,0.0,0.05,88.69,100.0,66600,Weekday,Tuesday,Medium_Load,2018-08-14 18:30:00,18,1,0,8,67.5,86.9,42.60104166666667
108.36,42.59,0.0,0.05,93.07,100.0,68400,Weekday,Tuesday,Medium_Load,2018-08-14 19:00:00,19,1,0,8,85.03,70.13,42.81104166666668
119.34,55.73,0.0,0.05,90.61,100.0,74700,Weekday,Tuesday,Medium_Load,2018-08-14 20:45:00,20,1,0,8,81.61,105.37,42.42416666666667
101.02,41.08,0.0,0.05,92.63,100.0,35100,Weekday,Wednesday,Medium_Load,2018-08-15 09:45:00,9,2,0,8,81.11,76.28,41.13885416666667
100.69,40.46,0.0,0.05,92.79,100.0,36900,Weekday,Wednesday,Maximum_Load,2018-08-15 10:15:00,10,2,0,8,82.3,105.88,40.9265625
112.68,48.85,0.0,0.05,91.75,100.0,37800,Weekday,Wednesday,Maximum_Load,2018-08-15 10:30:00,10,2,0,8,100.69,91.8,41.1440625
99.97,44.32,0.0,0.05,91.42,100.0,38700,Weekday,Wednesday,Maximum_Load,2018-08-15 10:45:00,10,2,0,8,112.68,106.49,41.076145833333335
111.17,45.86,0.0,0.05,92.44,100.0,39600,Weekday,Wednesday,Maximum_Load,2018-08-15 11:00:00,11,2,0,8,99.97,57.28,41.6375
113.98,63.4,0.0,0.05,87.39,100.0,41400,Weekday,Wednesday,Maximum_Load,2018-08-15 11:30:00,11,2,0,8,83.34,72.68,42.27135416666666
107.35,45.97,0.0,0.05,91.93,100.0,48600,Weekday,Wednesday,Maximum_Load,2018-08-15 13:30:00,13,2,0,8,46.12,63.25,42.765625
103.32,41.9,0.0,0.05,92.67,100.0,50400,Weekday,Wednesday,Maximum_Load,2018-08-15 14:00:00,14,2,0,8,67.68,66.1,43.114375
108.68,42.73,0.0,0.05,93.07,100.0,51300,Weekday,Wednesday,Maximum_Load,2018-08-15 14:15:00,14,2,0,8,103.32,74.48,43.470625000000005
99.76,40.61,0.0,0.05,92.62,100.0,53100,Weekday,Wednesday,Maximum_Load,2018-08-15 14:45:00,14,2,0,8,66.35,81.22,43.35364583333333
99.68,40.43,0.0,0.05,92.67,100.0,57600,Weekday,Wednesday,Maximum_Load,2018-08-15 16:00:00,16,2,0,8,78.05,93.64,42.73708333333334
111.89,55.37,0.0,0.05,89.63,100.0,32400,Weekday,Thursday,Light_Load,2018-08-16 09:00:00,9,3,0,8,89.89,62.42,30.256875
116.6,56.52,0.0,0.05,89.99,100.0,35100,Weekday,Thursday,Medium_Load,2018-08-16 09:45:00,9,3,0,8,98.53,101.02,30.835729166666663
103.03,49.97,0.0,0.05,89.98,100.0,36900,Weekday,Thursday,Maximum_Load,2018-08-16 10:15:00,10,3,0,8,80.21,100.69,30.83833333333333
105.62,50.33,0.0,0.05,90.27,100.0,37800,Weekday,Thursday,Maximum_Load,2018-08-16 10:30:00,10,3,0,8,103.03,112.68,30.764791666666667
108.68,60.48,0.0,0.05,87.38,100.0,48600,Weekday,Thursday,Maximum_Load,2018-08-16 13:30:00,13,3,0,8,32.51,107.35,28.006875
100.51,46.98,0.0,0.05,90.59,100.0,49500,Weekday,Thursday,Maximum_Load,2018-08-16 13:45:00,13,3,0,8,108.68,67.68,28.34885416666667
109.73,63.32,0.0,0.05,86.61,100.0,60300,Weekday,Friday,Maximum_Load,2018-08-17 16:45:00,16,4,0,8,85.14,53.14,28.9578125
118.76,65.56,0.0,0.05,87.55,100.0,61200,Weekday,Friday,Maximum_Load,2018-08-17 17:00:00,17,4,0,8,109.73,43.31,29.74375
110.7,83.41,0.0,0.05,79.87,100.0,30600,Weekend,Saturday,Light_Load,2018-08-18 08:30:00,8,5,1,8,81.43,40.72,32.3628125
109.12,53.42,0.0,0.05,89.81,100.0,36900,Weekend,Saturday,Maximum_Load,2018-08-18 10:15:00,10,5,1,8,80.96,46.08,34.80114583333333
115.38,53.03,0.0,0.05,90.86,100.0,39600,Weekend,Saturday,Maximum_Load,2018-08-18 11:00:00,11,5,1,8,72.07,43.49,36.263645833333335
107.68,90.68,0.0,0.05,76.49,100.0,31500,Weekday,Monday,Light_Load,2018-08-20 08:45:00,8,0,0,8,59.04,2.63,5.439270833333334
127.66,76.36,0.0,0.06,85.82,100.0,32400,Weekday,Monday,Light_Load,2018-08-20 09:00:00,9,0,0,8,107.68,2.81,6.739791666666666
111.31,62.14,0.0,0.05,87.32,100.0,35100,Weekday,Monday,Medium_Load,2018-08-20 09:45:00,9,0,0,8,60.3,3.2,9.4409375
115.56,63.14,0.0,0.05,87.76,100.0,36000,Weekday,Monday,Medium_Load,2018-08-20 10:00:00,10,0,0,8,111.31,3.56,10.607604166666668
105.01,62.39,0.0,0.05,85.97,100.0,36900,Weekday,Monday,Maximum_Load,2018-08-20 10:15:00,10,0,0,8,115.56,3.64,11.663541666666667
101.2,63.22,0.0,0.05,84.81,100.0,38700,Weekday,Monday,Maximum_Load,2018-08-20 10:45:00,10,0,0,8,55.98,3.6,13.225104166666668
129.37415,72.58,0.0,0.06,87.89,100.0,39600,Weekday,Monday,Maximum_Load,2018-08-20 11:00:00,11,0,0,8,101.2,4.14,14.5296265625
118.12,71.53,0.0,0.05,85.54,100.0,40500,Weekday,Monday,Maximum_Load,2018-08-20 11:15:00,11,0,0,8,129.37415,3.78,15.720668229166668
103.36,63.79,0.0,0.05,85.1,100.0,60300,Weekday,Monday,Maximum_Load,2018-08-20 16:45:00,16,0,0,8,97.42,3.17,26.329939062500003
101.48,58.57,0.0,0.05,86.61,100.0,61200,Weekday,Monday,Maximum_Load,2018-08-20 17:00:00,17,0,0,8,103.36,2.81,27.357751562500003
114.12,68.36,0.0,0.05,85.79,100.0,63000,Weekday,Monday,Medium_Load,2018-08-20 17:30:00,17,0,0,8,92.41,2.77,29.45170989583333
100.58,45.61,0.0,0.05,91.07,100.0,65700,Weekday,Thursday,Medium_Load,2018-08-30 18:15:00,18,3,0,8,47.38,36.18,26.29072916666667
113.04,60.88,0.0,0.05,88.04,100.0,33300,Weekday,Friday,Medium_Load,2018-08-31 09:15:00,9,4,0,8,88.99,56.74,26.67375
112.68,55.62,0.0,0.05,89.67,100.0,34200,Weekday,Friday,Medium_Load,2018-08-31 09:30:00,9,4,0,8,113.04,53.6,27.28916666666667
113.65,60.55,0.0,0.05,88.26,100.0,58500,Weekday,Monday,Maximum_Load,2018-09-03 16:15:00,16,0,0,9,83.16,5.04,17.77625
118.04,69.08,0.0,0.05,86.31,100.0,60300,Weekday,Monday,Maximum_Load,2018-09-03 16:45:00,16,0,0,9,63.83,3.6,19.5953125
110.56,59.83,0.0,0.05,87.95,100.0,61200,Weekday,Monday,Maximum_Load,2018-09-03 17:00:00,17,0,0,9,118.04,3.64,20.7090625
99.25,52.24,0.0,0.05,88.49,100.0,36900,Weekday,Tuesday,Maximum_Load,2018-09-04 10:15:00,10,1,0,9,84.42,41.22,29.071250000000003
102.67,55.19,0.0,0.05,88.08,100.0,38700,Weekday,Tuesday,Maximum_Load,2018-09-04 10:45:00,10,1,0,9,89.53,39.17,30.238958333333333
105.95,50.22,0.0,0.05,90.36,100.0,39600,Weekday,Tuesday,Maximum_Load,2018-09-04 11:00:00,11,1,0,9,102.67,44.24,30.88177083333333
122.65,65.3,0.0,0.06,88.27,100.0,40500,Weekday,Tuesday,Maximum_Load,2018-09-04 11:15:00,11,1,0,9,105.95,59.94,31.535
113.51,57.35,0.0,0.05,89.25,100.0,42300,Weekday,Tuesday,Maximum_Load,2018-09-04 11:45:00,11,1,0,9,98.24,39.6,32.920625
107.17,51.95,0.0,0.05,89.99,100.0,48600,Weekday,Tuesday,Maximum_Load,2018-09-04 13:30:00,13,1,0,9,47.52,46.26,34.51666666666667
112.0,59.83,0.0,0.05,88.2,100.0,50400,Weekday,Tuesday,Maximum_Load,2018-09-04 14:00:00,14,1,0,9,90.97,54.22,35.40385416666667
103.9,50.51,0.0,0.05,89.94,100.0,52200,Weekday,Tuesday,Maximum_Load,2018-09-04 14:30:00,14,1,0,9,90.79,51.34,36.305729166666666
101.92,49.64,0.0,0.05,89.9,100.0,53100,Weekday,Tuesday,Maximum_Load,2018-09-04 14:45:00,14,1,0,9,103.9,54.94,36.79510416666667
99.4,58.32,0.0,0.05,86.25,100.0,54000,Weekday,Tuesday,Maximum_Load,2018-09-04 15:00:00,15,1,0,9,101.92,60.88,37.19635416666667
100.51,44.24,0.0,0.05,91.53,100.0,54900,Weekday,Tuesday,Maximum_Load,2018-09-04 15:15:00,15,1,0,9,99.4,58.9,37.62979166666667
102.6,48.71,0.0,0.05,90.34,100.0,56700,Weekday,Tuesday,Maximum_Load,2018-09-04 15:45:00,15,1,0,9,85.9,79.67,38.18895833333333
118.69,59.08,0.0,0.05,89.52,100.0,58500,Weekday,Tuesday,Maximum_Load,2018-09-04 16:15:00,16,1,0,9,82.15,113.65,38.2309375
102.28,53.82,0.0,0.05,88.5,100.0,60300,Weekday,Tuesday,Maximum_Load,2018-09-04 16:45:00,16,1,0,9,90.83,118.04,38.34802083333334
102.96,47.84,0.0,0.05,90.69,100.0,61200,Weekday,Tuesday,Maximum_Load,2018-09-04 17:00:00,17,1,0,9,102.28,110.56,38.26885416666667
100.19,51.66,0.0,0.05,88.88,100.0,63000,Weekday,Tuesday,Medium_Load,2018-09-04 17:30:00,17,1,0,9,68.36,88.74,38.345729166666665
111.92,52.74,0.0,0.05,90.46,100.0,32400,Weekday,Wednesday,Light_Load,2018-09-05 09:00:00,9,2,0,9,98.06,65.02,44.2240625
100.08,48.35,0.0,0.05,90.04,100.0,34200,Weekday,Wednesday,Medium_Load,2018-09-05 09:30:00,9,2,0,9,97.81,59.15,44.81875
103.54,50.08,0.0,0.05,90.02,100.0,35100,Weekday,Wednesday,Medium_Load,2018-09-05 09:45:00,9,2,0,9,100.08,55.58,45.318333333333335
107.93,40.75,0.0,0.05,93.55,100.0,33300,Weekday,Friday,Medium_Load,2018-09-07 09:15:00,9,4,0,9,84.89,62.89,30.6415625
103.9,38.74,0.0,0.05,93.7,100.0,35100,Weekday,Friday,Medium_Load,2018-09-07 09:45:00,9,4,0,9,93.42,50.9,31.56489583333333
107.24,40.43,0.0,0.05,93.57,100.0,36900,Weekday,Friday,Maximum_Load,2018-09-07 10:15:00,10,4,0,9,85.39,50.94,32.535000000000004
100.15,38.02,0.0,0.05,93.49,100.0,38700,Weekday,Friday,Maximum_Load,2018-09-07 10:45:00,10,4,0,9,91.69,58.14,33.31875
102.24,37.66,0.0,0.05,93.84,100.0,39600,Weekday,Friday,Maximum_Load,2018-09-07 11:00:00,11,4,0,9,100.15,51.66,33.845625
101.12,37.91,0.0,0.05,93.64,100.0,40500,Weekday,Friday,Maximum_Load,2018-09-07 11:15:00,11,4,0,9,102.24,55.37,34.3221875
104.15,38.12,0.0,0.05,93.91,100.0,41400,Weekday,Friday,Maximum_Load,2018-09-07 11:30:00,11,4,0,9,101.12,59.51,34.7871875
114.37,46.26,0.0,0.05,92.7,100.0,48600,Weekday,Friday,Maximum_Load,2018-09-07 13:30:00,13,4,0,9,43.16,61.38,36.06875
107.35,48.85,0.0,0.05,91.02,100.0,49500,Weekday,Friday,Maximum_Load,2018-09-07 13:45:00,13,4,0,9,114.37,54.94,36.6146875
118.69,53.03,0.0,0.05,91.3,100.0,51300,Weekday,Friday,Maximum_Load,2018-09-07 14:15:00,14,4,0,9,95.65,54.32,37.67520833333334
113.51,49.93,0.0,0.05,91.54,100.0,53100,Weekday,Friday,Maximum_Load,2018-09-07 14:45:00,14,4,0,9,96.34,48.46,38.75447916666666
111.42,53.1,0.0,0.05,90.27,100.0,58500,Weekday,Friday,Maximum_Load,2018-09-07 16:15:00,16,4,0,9,51.91,56.41,39.1178125
100.73,47.81,0.0,0.05,90.34,100.0,59400,Weekday,Friday,Maximum_Load,2018-09-07 16:30:00,16,4,0,9,111.42,57.92,39.56375
107.68,45.11,0.0,0.05,92.23,100.0,60300,Weekday,Friday,Maximum_Load,2018-09-07 16:45:00,16,4,0,9,100.73,49.72,40.1675
106.96,44.06,0.0,0.05,92.46,100.0,71100,Weekday,Friday,Medium_Load,2018-09-07 19:45:00,19,4,0,9,73.62,55.37,41.7628125
105.05,47.52,0.0,0.05,91.11,100.0,72000,Weekday,Friday,Medium_Load,2018-09-07 20:00:00,20,4,0,9,106.96,66.89,42.1603125
114.98,50.47,0.0,0.05,91.57,100.0,74700,Weekday,Friday,Medium_Load,2018-09-07 20:45:00,20,4,0,9,91.33,58.5,43.406041666666674
108.07,47.09,0.0,0.05,91.68,100.0,48600,Weekday,Monday,Maximum_Load,2018-09-10 13:30:00,13,0,0,9,58.32,21.1,15.53125
103.46,44.89,0.0,0.05,91.74,100.0,50400,Weekday,Monday,Maximum_Load,2018-09-10 14:00:00,14,0,0,9,89.75,29.48,16.9371875
116.68,49.93,0.0,0.05,91.94,100.0,51300,Weekday,Monday,Maximum_Load,2018-09-10 14:15:00,14,0,0,9,103.46,29.59,17.844375
108.32,46.91,0.0,0.05,91.76,100.0,53100,Weekday,Monday,Maximum_Load,2018-09-10 14:45:00,14,0,0,9,63.65,25.42,19.0859375
104.08,43.45,0.0,0.05,92.28,100.0,54000,Weekday,Monday,Maximum_Load,2018-09-10 15:00:00,15,0,0,9,108.32,25.52,19.90427083333333
109.87,45.43,0.0,0.05,92.41,100.0,55800,Weekday,Monday,Maximum_Load,2018-09-10 15:30:00,15,0,0,9,73.33,23.26,21.321354166666666
101.95,61.24,0.0,0.05,85.72,100.0,57600,Weekday,Monday,Maximum_Load,2018-09-10 16:00:00,16,0,0,9,87.7,17.71,22.866041666666664
122.54,61.63,0.0,0.06,89.34,100.0,58500,Weekday,Monday,Maximum_Load,2018-09-10 16:15:00,16,0,0,9,101.95,4.25,24.098229166666663
106.06,44.68,0.0,0.05,92.16,100.0,60300,Weekday,Monday,Maximum_Load,2018-09-10 16:45:00,16,0,0,9,92.23,5.18,26.062916666666663
120.46,60.95,0.0,0.06,89.23,100.0,61200,Weekday,Monday,Maximum_Load,2018-09-10 17:00:00,17,0,0,9,106.06,6.26,27.2525
121.46,54.79,0.0,0.06,91.15,100.0,63000,Weekday,Monday,Medium_Load,2018-09-10 17:30:00,17,0,0,9,82.44,3.67,29.298125
108.14,45.86,0.0,0.05,92.06,100.0,63900,Weekday,Monday,Medium_Load,2018-09-10 17:45:00,17,0,0,9,121.46,3.64,30.386666666666667
106.52,72.29,0.0,0.05,82.74,100.0,30600,Weekday,Tuesday,Light_Load,2018-09-11 08:30:00,8,1,0,9,52.38,80.21,31.6265625
102.46,66.17,0.0,0.05,84.0,100.0,31500,Weekday,Tuesday,Light_Load,2018-09-11 08:45:00,8,1,0,9,106.52,58.28,32.08677083333333
115.13,61.56,0.0,0.05,88.19,100.0,33300,Weekday,Tuesday,Medium_Load,2018-09-11 09:15:00,9,1,0,9,93.92,46.66,33.25635416666666
106.7,69.62,0.0,0.05,83.75,100.0,34200,Weekday,Tuesday,Medium_Load,2018-09-11 09:30:00,9,1,0,9,115.13,57.06,33.7734375
125.46,66.17,0.0,0.06,88.45,100.0,36900,Weekday,Tuesday,Maximum_Load,2018-09-11 10:15:00,10,1,0,9,86.15,55.66,34.9865625
107.14,65.74,0.0,0.05,85.23,100.0,39600,Weekday,Tuesday,Maximum_Load,2018-09-11 11:00:00,11,1,0,9,77.69,56.74,36.2478125
109.58,56.2,0.0,0.05,88.98,100.0,40500,Weekday,Tuesday,Maximum_Load,2018-09-11 11:15:00,11,1,0,9,107.14,51.08,36.8571875
122.11,69.88,0.0,0.06,86.79,100.0,42300,Weekday,Tuesday,Maximum_Load,2018-09-11 11:45:00,11,1,0,9,90.25,54.79,37.90791666666667
114.84,65.45,0.0,0.05,86.88,100.0,43200,Weekday,Tuesday,Maximum_Load,2018-09-11 12:00:00,12,1,0,9,122.11,59.08,38.48875
122.94,69.26,0.0,0.06,87.13,100.0,49500,Weekday,Tuesday,Maximum_Load,2018-09-11 13:45:00,13,1,0,9,96.84,89.75,38.8034375
125.89,67.93,0.0,0.06,88.01,100.0,50400,Weekday,Tuesday,Maximum_Load,2018-09-11 14:00:00,14,1,0,9,122.94,103.46,39.037083333333335
106.67,59.15,0.0,0.05,87.45,100.0,57600,Weekday,Tuesday,Maximum_Load,2018-09-11 16:00:00,16,1,0,9,70.16,101.95,36.67072916666667
115.34,62.1,0.0,0.05,88.05,100.0,59400,Weekday,Tuesday,Maximum_Load,2018-09-11 16:30:00,16,1,0,9,73.44,92.23,36.4
122.76,68.98,0.0,0.06,87.18,100.0,61200,Weekday,Tuesday,Maximum_Load,2018-09-11 17:00:00,17,1,0,9,99.11,120.46,36.3515625
118.84,62.96,0.0,0.05,88.37,100.0,62100,Weekday,Tuesday,Medium_Load,2018-09-11 17:15:00,17,1,0,9,122.76,82.44,36.73072916666667
126.25,87.59,0.0,0.06,82.16,100.0,30600,Weekday,Wednesday,Light_Load,2018-09-12 08:30:00,8,2,0,9,58.07,106.52,39.787083333333335
115.7,64.8,0.0,0.05,87.25,100.0,54000,Weekday,Wednesday,Maximum_Load,2018-09-12 15:00:00,15,2,0,9,76.82,53.64,32.39
99.68,55.94,0.0,0.05,87.21,100.0,55800,Weekday,Wednesday,Maximum_Load,2018-09-12 15:30:00,15,2,0,9,77.44,58.07,32.97833333333333
120.13,66.17,0.0,0.06,87.59,100.0,56700,Weekday,Wednesday,Maximum_Load,2018-09-12 15:45:00,15,2,0,9,99.68,70.16,33.49885416666667
108.72,60.16,0.0,0.05,87.5,100.0,33300,Weekday,Thursday,Medium_Load,2018-09-13 09:15:00,9,3,0,9,90.79,54.25,30.80302083333333
105.52,55.22,0.0,0.05,88.6,100.0,34200,Weekday,Thursday,Medium_Load,2018-09-13 09:30:00,9,3,0,9,108.72,41.69,31.467916666666667
116.64,65.66,0.0,0.05,87.14,100.0,36000,Weekday,Thursday,Medium_Load,2018-09-13 10:00:00,10,3,0,9,59.51,59.33,32.135
123.55,67.03,0.0,0.06,87.9,100.0,36900,Weekday,Thursday,Maximum_Load,2018-09-13 10:15:00,10,3,0,9,116.64,47.84,32.92364583333333
109.01,54.58,0.0,0.05,89.42,100.0,54900,Weekday,Thursday,Maximum_Load,2018-09-13 15:15:00,15,3,0,9,67.9,77.44,32.3
99.72,50.29,0.0,0.05,89.29,100.0,55800,Weekday,Thursday,Maximum_Load,2018-09-13 15:30:00,15,3,0,9,109.01,99.68,32.30041666666667
101.02,54.07,0.0,0.05,88.17,100.0,57600,Weekday,Thursday,Maximum_Load,2018-09-13 16:00:00,16,3,0,9,68.0,87.52,31.898020833333334
122.87,63.07,0.0,0.06,88.96,100.0,58500,Weekday,Thursday,Maximum_Load,2018-09-13 16:15:00,16,3,0,9,101.02,53.75,32.61802083333333
111.78,56.16,0.0,0.05,89.36,100.0,59400,Weekday,Friday,Maximum_Load,2018-09-14 16:30:00,16,4,0,9,65.81,74.56,28.931979166666668
106.16,51.44,0.0,0.05,89.99,100.0,60300,Weekday,Friday,Maximum_Load,2018-09-14 16:45:00,16,4,0,9,111.78,49.32,29.5240625
115.49,58.79,0.0,0.05,89.12,100.0,49500,Weekday,Monday,Maximum_Load,2018-09-17 13:45:00,13,0,0,9,74.77,2.81,13.362291666666666
114.12,58.86,0.0,0.05,88.87,100.0,50400,Weekday,Monday,Maximum_Load,2018-09-17 14:00:00,14,0,0,9,115.49,2.81,14.521770833333331
111.64,51.41,0.0,0.05,90.83,100.0,52200,Weekday,Monday,Maximum_Load,2018-09-17 14:30:00,14,0,0,9,96.23,2.88,16.62666666666667
121.14,59.0,0.0,0.06,89.9,100.0,54000,Weekday,Monday,Maximum_Load,2018-09-17 15:00:00,15,0,0,9,97.85,2.92,18.841041666666666
108.5,50.72,0.0,0.05,90.59,100.0,55800,Weekday,Monday,Maximum_Load,2018-09-17 15:30:00,15,0,0,9,85.9,3.13,20.803854166666664
107.82,55.84,0.0,0.05,88.8,100.0,56700,Weekday,Monday,Maximum_Load,2018-09-17 15:45:00,15,0,0,9,108.5,3.38,21.891770833333336
105.19,51.62,0.0,0.05,89.77,100.0,57600,Weekday,Monday,Maximum_Load,2018-09-17 16:00:00,16,0,0,9,107.82,2.88,22.9575
110.52,56.09,0.0,0.05,89.17,100.0,58500,Weekday,Monday,Maximum_Load,2018-09-17 16:15:00,16,0,0,9,105.19,2.84,24.07916666666667
100.3,55.58,0.0,0.05,87.47,100.0,59400,Weekday,Monday,Maximum_Load,2018-09-17 16:30:00,16,0,0,9,110.52,2.88,25.093958333333333
122.54,60.95,0.0,0.06,89.54,100.0,60300,Weekday,Monday,Maximum_Load,2018-09-17 16:45:00,16,0,0,9,100.3,2.84,26.34083333333333
121.46,67.82,0.0,0.06,87.31,100.0,51300,Weekday,Thursday,Maximum_Load,2018-09-27 14:15:00,14,3,0,9,60.62,2.59,14.005937500000002
127.62,71.06,0.0,0.06,87.37,100.0,52200,Weekday,Thursday,Maximum_Load,2018-09-27 14:30:00,14,3,0,9,121.46,2.59,15.308333333333332
112.46,56.7,0.0,0.05,89.29,100.0,54000,Weekday,Thursday,Maximum_Load,2018-09-27 15:00:00,15,3,0,9,71.14,2.66,17.16614583333333
110.05,61.06,0.0,0.05,87.44,100.0,54900,Weekday,Thursday,Maximum_Load,2018-09-27 15:15:00,15,3,0,9,112.46,3.24,18.27875
115.24,60.62,0.0,0.05,88.5,100.0,56700,Weekday,Thursday,Maximum_Load,2018-09-27 15:45:00,15,3,0,9,96.01,2.59,20.4234375
117.47,69.37,0.0,0.05,86.11,100.0,69300,Weekday,Tuesday,Medium_Load,2018-10-02 19:15:00,19,1,0,10,71.24,35.71,28.40395833333333
128.12,86.94,0.0,0.06,82.75,100.0,70200,Weekday,Tuesday,Medium_Load,2018-10-02 19:30:00,19,1,0,10,117.47,32.04,29.404791666666668
100.37,39.74,0.0,0.05,92.98,100.0,72000,Weekday,Tuesday,Medium_Load,2018-10-02 20:00:00,20,1,0,10,96.95,39.6,30.639375
128.66,73.22,0.0,0.06,86.91,100.0,73800,Weekday,Tuesday,Medium_Load,2018-10-02 20:30:00,20,1,0,10,81.54,37.04,32.12583333333333
105.12,47.63,0.0,0.05,91.09,100.0,50400,Weekend,Saturday,Maximum_Load,2018-10-06 14:00:00,14,5,1,10,97.38,54.22,27.642916666666668
112.1,50.54,0.0,0.05,91.16,100.0,52200,Weekend,Saturday,Maximum_Load,2018-10-06 14:30:00,14,5,1,10,61.49,56.23,28.309687499999995
105.26,43.6,0.0,0.05,92.39,100.0,53100,Weekend,Saturday,Maximum_Load,2018-10-06 14:45:00,14,5,1,10,112.1,56.2,28.820729166666663
108.29,53.71,0.0,0.05,89.59,100.0,54000,Weekend,Saturday,Maximum_Load,2018-10-06 15:00:00,15,5,1,10,105.26,41.98,29.511458333333334
104.47,41.83,0.0,0.05,92.83,100.0,54900,Weekend,Saturday,Maximum_Load,2018-10-06 15:15:00,15,5,1,10,108.29,43.27,30.148958333333336
99.22,46.8,0.0,0.05,90.44,100.0,55800,Weekend,Saturday,Maximum_Load,2018-10-06 15:30:00,15,5,1,10,104.47,44.86,30.715208333333333
108.43,43.2,0.0,0.05,92.9,100.0,56700,Weekend,Saturday,Maximum_Load,2018-10-06 15:45:00,15,5,1,10,99.22,50.22,31.3215625
103.32,41.04,0.0,0.05,92.94,100.0,58500,Weekend,Saturday,Maximum_Load,2018-10-06 16:15:00,16,5,1,10,78.44,50.4,32.151041666666664
102.96,49.14,0.0,0.05,90.25,100.0,59400,Weekend,Saturday,Maximum_Load,2018-10-06 16:30:00,16,5,1,10,103.32,48.42,32.719166666666666
103.03,40.03,0.0,0.05,93.21,100.0,60300,Weekend,Saturday,Maximum_Load,2018-10-06 16:45:00,16,5,1,10,102.96,46.04,33.3128125
110.09,58.9,0.0,0.05,88.17,100.0,32400,Weekday,Monday,Light_Load,2018-10-08 09:00:00,9,0,0,10,89.1,2.74,5.946875
104.04,56.92,0.0,0.05,87.73,100.0,35100,Weekday,Monday,Medium_Load,2018-10-08 09:45:00,9,0,0,10,88.38,2.63,8.7675
105.88,60.73,0.0,0.05,86.74,100.0,37800,Weekday,Monday,Maximum_Load,2018-10-08 10:30:00,10,0,0,10,72.54,3.02,11.55375
103.25,49.64,0.0,0.05,90.13,100.0,38700,Weekday,Monday,Maximum_Load,2018-10-08 10:45:00,10,0,0,10,105.88,3.1,12.596979166666667
112.93,52.81,0.0,0.05,90.58,100.0,40500,Weekday,Monday,Maximum_Load,2018-10-08 11:15:00,11,0,0,10,85.82,2.63,14.612500000000002
111.2,53.71,0.0,0.05,90.05,100.0,42300,Weekday,Monday,Maximum_Load,2018-10-08 11:45:00,11,0,0,10,87.7,2.63,16.629270833333333
102.64,50.04,0.0,0.05,89.89,100.0,50400,Weekday,Monday,Maximum_Load,2018-10-08 14:00:00,14,0,0,10,95.15,3.02,21.323125
109.33,61.7,0.0,0.05,87.09,100.0,51300,Weekday,Monday,Maximum_Load,2018-10-08 14:15:00,14,0,0,10,102.64,3.13,22.429375000000004
106.7,50.54,0.0,0.05,90.37,100.0,52200,Weekday,Monday,Maximum_Load,2018-10-08 14:30:00,14,0,0,10,109.33,2.7,23.51270833333333
111.92,54.22,0.0,0.05,90.0,100.0,53100,Weekday,Monday,Maximum_Load,2018-10-08 14:45:00,14,0,0,10,106.7,2.7,24.65041666666667
112.18,54.61,0.0,0.05,89.91,100.0,54900,Weekday,Monday,Maximum_Load,2018-10-08 15:15:00,15,0,0,10,73.19,3.42,26.51458333333333
103.32,54.11,0.0,0.05,88.59,100.0,56700,Weekday,Monday,Maximum_Load,2018-10-08 15:45:00,15,0,0,10,94.93,2.66,28.521979166666668
107.46,49.5,0.0,0.05,90.83,100.0,57600,Weekday,Monday,Maximum_Load,2018-10-08 16:00:00,16,0,0,10,103.32,2.66,29.613645833333333
111.56,49.14,0.0,0.05,91.52,100.0,59400,Weekday,Monday,Maximum_Load,2018-10-08 16:30:00,16,0,0,10,87.84,2.74,31.634479166666665
107.68,48.64,0.0,0.05,91.13,100.0,61200,Weekday,Monday,Maximum_Load,2018-10-08 17:00:00,17,0,0,10,94.68,2.63,33.68729166666667
110.99,53.93,0.0,0.05,89.94,100.0,62100,Weekday,Monday,Medium_Load,2018-10-08 17:15:00,17,0,0,10,107.68,2.84,34.813854166666665
117.4,62.35,0.0,0.05,88.32,100.0,59400,Weekday,Tuesday,Maximum_Load,2018-10-09 16:30:00,16,1,0,10,93.06,111.56,32.56041666666666
117.5,59.47,0.0,0.05,89.22,100.0,62100,Weekday,Tuesday,Medium_Load,2018-10-09 17:15:00,17,1,0,10,68.72,110.99,32.21302083333333
104.51,46.73,0.0,0.05,91.29,100.0,63000,Weekday,Tuesday,Medium_Load,2018-10-09 17:30:00,17,1,0,10,117.5,58.21,32.6953125
114.05,53.03,0.0,0.05,90.68,100.0,35100,Weekday,Wednesday,Medium_Load,2018-10-10 09:45:00,9,2,0,10,79.45,50.8,28.1259375
99.4,44.06,0.0,0.05,91.42,100.0,36900,Weekday,Wednesday,Maximum_Load,2018-10-10 10:15:00,10,2,0,10,87.52,56.81,28.856145833333333
119.59,57.2,0.0,0.05,90.21,100.0,37800,Weekday,Wednesday,Maximum_Load,2018-10-10 10:30:00,10,2,0,10,99.4,55.4,29.52479166666667
120.82,59.15,0.0,0.06,89.81,100.0,39600,Weekday,Wednesday,Maximum_Load,2018-10-10 11:00:00,11,2,0,10,81.5,67.1,30.41541666666667
120.74,58.32,0.0,0.06,90.05,100.0,41400,Weekday,Wednesday,Maximum_Load,2018-10-10 11:30:00,11,2,0,10,90.5,61.16,31.48229166666667
113.15,43.67,0.0,0.05,93.29,100.0,51300,Weekday,Wednesday,Maximum_Load,2018-10-10 14:15:00,14,2,0,10,84.13,58.0,33.35489583333334
111.71,57.42,0.0,0.05,88.94,100.0,56700,Weekday,Wednesday,Maximum_Load,2018-10-10 15:45:00,15,2,0,10,50.29,86.8,32.70125
105.52,38.3,0.0,0.05,94.0,100.0,57600,Weekday,Wednesday,Maximum_Load,2018-10-10 16:00:00,16,2,0,10,111.71,85.1,32.91395833333333
101.52,37.62,0.0,0.05,93.77,100.0,59400,Weekday,Wednesday,Maximum_Load,2018-10-10 16:30:00,16,2,0,10,86.15,117.4,32.6765625
114.16,54.76,0.0,0.05,90.16,100.0,61200,Weekday,Wednesday,Maximum_Load,2018-10-10 17:00:00,17,2,0,10,79.45,68.72,33.00062500000001
104.83,37.44,0.0,0.05,94.17,100.0,62100,Weekday,Wednesday,Medium_Load,2018-10-10 17:15:00,17,2,0,10,114.16,117.5,32.86864583333334
119.88,55.33,0.0,0.05,90.8,100.0,66600,Weekday,Wednesday,Medium_Load,2018-10-10 18:30:00,18,2,0,10,63.43,3.67,34.288020833333334
100.37,34.88,0.0,0.05,94.46,100.0,68400,Weekday,Wednesday,Medium_Load,2018-10-10 19:00:00,19,2,0,10,82.62,3.92,36.11510416666667
100.73,36.83,0.0,0.05,93.92,100.0,72900,Weekday,Wednesday,Medium_Load,2018-10-10 20:15:00,20,2,0,10,70.42,3.67,40.033125
99.4,41.0,0.0,0.05,92.44,100.0,74700,Weekday,Wednesday,Medium_Load,2018-10-10 20:45:00,20,2,0,10,81.18,3.67,41.837291666666665
106.49,74.59,0.0,0.05,81.91,100.0,30600,Weekday,Thursday,Light_Load,2018-10-11 08:30:00,8,3,0,10,47.16,61.56,44.34645833333334
129.37415,93.2,0.0,0.06,82.49,100.0,31500,Weekday,Thursday,Light_Load,2018-10-11 08:45:00,8,3,0,10,106.49,61.74,45.05098072916667
113.83,56.02,0.0,0.05,89.72,100.0,32400,Weekday,Thursday,Light_Load,2018-10-11 09:00:00,9,3,0,10,129.37415,58.64,45.6258765625
129.37415,73.91,0.0,0.06,88.16,100.0,33300,Weekday,Thursday,Medium_Load,2018-10-11 09:15:00,9,3,0,10,113.83,66.17,46.284253125
103.0,44.82,0.0,0.05,91.69,100.0,35100,Weekday,Thursday,Medium_Load,2018-10-11 09:45:00,9,3,0,10,95.94,114.05,46.34091979166667
99.97,52.49,0.0,0.05,88.54,100.0,36900,Weekday,Thursday,Maximum_Load,2018-10-11 10:15:00,10,3,0,10,75.13,99.4,46.21779479166667
101.48,50.36,0.0,0.05,89.58,100.0,37800,Weekday,Thursday,Maximum_Load,2018-10-11 10:30:00,10,3,0,10,99.97,119.59,46.02914895833334
119.77,55.84,0.0,0.05,90.63,100.0,38700,Weekday,Thursday,Maximum_Load,2018-10-11 10:45:00,10,3,0,10,101.48,81.5,46.42779479166666
102.1,54.29,0.0,0.05,88.29,100.0,39600,Weekday,Thursday,Maximum_Load,2018-10-11 11:00:00,11,3,0,10,119.77,120.82,46.23279479166667
129.37415,73.48,0.0,0.06,88.15,100.0,40500,Weekday,Thursday,Maximum_Load,2018-10-11 11:15:00,11,3,0,10,102.1,90.5,46.63773385416667
99.47,50.65,0.0,0.05,89.11,100.0,42300,Weekday,Thursday,Maximum_Load,2018-10-11 11:45:00,11,3,0,10,85.68,93.74,46.33221302083333
110.52,60.98,0.0,0.05,87.56,100.0,43200,Weekday,Thursday,Maximum_Load,2018-10-11 12:00:00,12,3,0,10,99.47,39.78,47.06908802083333
109.51,50.47,0.0,0.05,90.82,100.0,68400,Weekday,Thursday,Medium_Load,2018-10-11 19:00:00,19,3,0,10,95.15,100.37,41.3823171875
114.98,56.09,0.0,0.05,89.88,100.0,71100,Weekday,Thursday,Medium_Load,2018-10-11 19:45:00,19,3,0,10,79.38,52.09,41.73773385416666
114.37,56.84,0.0,0.05,89.55,100.0,74700,Weekday,Thursday,Medium_Load,2018-10-11 20:45:00,20,3,0,10,95.15,99.4,41.97471302083333
121.72,67.39,0.0,0.06,87.49,100.0,32400,Weekday,Friday,Light_Load,2018-10-12 09:00:00,9,4,0,10,98.35,113.83,39.98341979166667
106.67,45.18,0.0,0.05,92.08,100.0,55800,Weekend,Saturday,Maximum_Load,2018-10-13 15:30:00,15,5,1,10,64.84,44.32,26.65020833333333
102.06,53.68,0.0,0.05,88.5,100.0,31500,Weekday,Monday,Light_Load,2018-10-15 08:45:00,8,0,0,10,91.8,2.77,5.254375
112.39,49.64,0.0,0.05,91.47,100.0,33300,Weekday,Monday,Medium_Load,2018-10-15 09:15:00,9,0,0,10,85.68,2.99,7.256041666666667
112.43,51.37,0.0,0.05,90.96,100.0,35100,Weekday,Monday,Medium_Load,2018-10-15 09:45:00,9,0,0,10,97.34,3.02,9.378229166666667
118.66,56.52,0.0,0.05,90.28,100.0,36000,Weekday,Monday,Medium_Load,2018-10-15 10:00:00,10,0,0,10,112.43,4.39,10.568541666666668
117.79,54.9,0.0,0.05,90.64,100.0,37800,Weekday,Monday,Maximum_Load,2018-10-15 10:30:00,10,0,0,10,87.12,2.99,12.629479166666668
123.98,61.45,0.0,0.06,89.6,100.0,39600,Weekday,Monday,Maximum_Load,2018-10-15 11:00:00,11,0,0,10,86.33,2.95,14.758020833333331
103.25,53.89,0.0,0.05,88.65,100.0,40500,Weekday,Monday,Maximum_Load,2018-10-15 11:15:00,11,0,0,10,123.98,2.95,15.8028125
125.21,62.96,0.0,0.06,89.34,100.0,41400,Weekday,Monday,Maximum_Load,2018-10-15 11:30:00,11,0,0,10,103.25,2.95,17.076354166666665
102.24,57.38,0.0,0.05,87.2,100.0,42300,Weekday,Monday,Maximum_Load,2018-10-15 11:45:00,11,0,0,10,125.21,2.95,18.110625
113.08,60.98,0.0,0.05,88.02,100.0,48600,Weekday,Monday,Maximum_Load,2018-10-15 13:30:00,13,0,0,10,56.52,3.06,20.94375
116.28,61.49,0.0,0.05,88.4,100.0,49500,Weekday,Monday,Maximum_Load,2018-10-15 13:45:00,13,0,0,10,113.08,3.02,22.123541666666668
118.73,64.4,0.0,0.05,87.9,100.0,50400,Weekday,Monday,Maximum_Load,2018-10-15 14:00:00,14,0,0,10,116.28,3.06,23.328437500000003
100.15,52.34,0.0,0.05,88.63,100.0,51300,Weekday,Monday,Maximum_Load,2018-10-15 14:15:00,14,0,0,10,118.73,3.64,24.33375000000001
109.4,52.81,0.0,0.05,90.06,100.0,52200,Weekday,Monday,Maximum_Load,2018-10-15 14:30:00,14,0,0,10,100.15,3.2,25.44
129.37415,82.4,0.0,0.06,85.45,100.0,54900,Weekday,Monday,Maximum_Load,2018-10-15 15:15:00,15,0,0,10,98.35,2.99,28.481189062500004
105.44,45.79,0.0,0.05,91.72,100.0,56700,Weekday,Monday,Maximum_Load,2018-10-15 15:45:00,15,0,0,10,88.13,3.31,30.432334895833336
111.2,52.49,0.0,0.05,90.43,100.0,58500,Weekday,Monday,Maximum_Load,2018-10-15 16:15:00,16,0,0,10,77.98,2.92,32.33545989583333
108.32,56.38,0.0,0.05,88.7,100.0,60300,Weekday,Monday,Maximum_Load,2018-10-15 16:45:00,16,0,0,10,79.96,2.95,34.2352515625
107.46,54.29,0.0,0.05,89.26,100.0,61200,Weekday,Monday,Maximum_Load,2018-10-15 17:00:00,17,0,0,10,108.32,2.88,35.3246265625
99.9,36.22,0.0,0.05,94.01,100.0,63000,Weekday,Monday,Medium_Load,2018-10-15 17:30:00,17,0,0,10,87.52,2.95,37.21545989583333
110.02,44.42,0.0,0.05,92.73,100.0,67500,Weekday,Monday,Medium_Load,2018-10-15 18:45:00,18,0,0,10,81.72,2.99,40.19816822916667
122.8,58.9,0.0,0.06,90.16,100.0,32400,Weekday,Tuesday,Light_Load,2018-10-16 09:00:00,9,1,0,10,92.74,85.68,46.63702239583333
104.22,53.14,0.0,0.05,89.09,100.0,33300,Weekday,Tuesday,Medium_Load,2018-10-16 09:15:00,9,1,0,10,122.8,112.39,46.55191822916667
110.52,49.18,0.0,0.05,91.36,100.0,34200,Weekday,Tuesday,Medium_Load,2018-10-16 09:30:00,9,1,0,10,104.22,97.34,46.68920989583333
114.62,53.32,0.0,0.05,90.67,100.0,36000,Weekday,Tuesday,Medium_Load,2018-10-16 10:00:00,10,1,0,10,88.63,118.66,46.39920989583333
115.16,58.68,0.0,0.05,89.1,100.0,38700,Weekday,Tuesday,Maximum_Load,2018-10-16 10:45:00,10,1,0,10,77.69,86.33,46.36129322916667
111.13,48.02,0.0,0.05,91.8,100.0,34200,Weekday,Wednesday,Medium_Load,2018-10-17 09:30:00,9,2,0,10,79.45,110.52,33.60145833333333
125.35,64.87,0.0,0.06,88.81,100.0,36000,Weekday,Wednesday,Medium_Load,2018-10-17 10:00:00,10,2,0,10,97.67,114.62,33.80739583333333
106.63,52.45,0.0,0.05,89.73,100.0,38700,Weekday,Wednesday,Maximum_Load,2018-10-17 10:45:00,10,2,0,10,69.8,115.16,33.36864583333333
127.04,60.7,0.0,0.06,90.23,100.0,39600,Weekday,Wednesday,Maximum_Load,2018-10-17 11:00:00,11,2,0,10,106.63,62.17,34.044374999999995
107.86,57.13,0.0,0.05,88.37,100.0,40500,Weekday,Wednesday,Maximum_Load,2018-10-17 11:15:00,11,2,0,10,127.04,54.61,34.599062499999995
121.43,63.11,0.0,0.06,88.73,100.0,41400,Weekday,Wednesday,Maximum_Load,2018-10-17 11:30:00,11,2,0,10,107.86,63.0,35.20770833333333
128.88,64.94,0.0,0.06,89.3,100.0,49500,Weekday,Thursday,Maximum_Load,2018-10-18 13:45:00,13,3,0,10,60.34,45.32,25.96291666666667
122.4,88.16,0.0,0.06,81.14,100.0,31500,Weekday,Friday,Light_Load,2018-10-19 08:45:00,8,4,0,10,93.46,41.15,33.636041666666664
122.98,67.0,0.0,0.06,87.81,100.0,33300,Weekday,Friday,Medium_Load,2018-10-19 09:15:00,9,4,0,10,66.35,43.67,34.69020833333333
115.45,55.08,0.0,0.05,90.25,100.0,34200,Weekday,Friday,Medium_Load,2018-10-19 09:30:00,9,4,0,10,122.98,44.53,35.428958333333334
99.36,63.68,0.0,0.05,84.19,100.0,57600,Weekday,Friday,Maximum_Load,2018-10-19 16:00:00,16,4,0,10,61.42,65.99,34.8890625
104.44,46.4,0.0,0.05,91.39,100.0,49500,Weekend,Saturday,Maximum_Load,2018-10-20 13:45:00,13,5,1,10,62.96,53.39,38.235416666666666
104.51,48.64,0.0,0.05,90.66,100.0,54900,Weekend,Saturday,Maximum_Load,2018-10-20 15:15:00,15,5,1,10,67.61,62.5,39.55729166666666
103.82,45.5,0.0,0.05,91.59,100.0,60300,Weekend,Saturday,Maximum_Load,2018-10-20 16:45:00,16,5,1,10,71.78,56.66,39.458958333333335
112.61,67.54,0.29,0.05,85.76,100.0,43200,Weekday,Monday,Maximum_Load,2018-10-22 12:00:00,12,0,0,10,88.42,2.99,12.860729166666667
120.28,66.31,0.0,0.06,87.57,100.0,49500,Weekday,Monday,Maximum_Load,2018-10-22 13:45:00,13,0,0,10,63.11,3.31,15.0084375
99.97,57.2,0.0,0.05,86.8,100.0,51300,Weekday,Monday,Maximum_Load,2018-10-22 14:15:00,14,0,0,10,85.97,3.02,16.8759375
105.73,59.87,0.0,0.05,87.02,100.0,52200,Weekday,Monday,Maximum_Load,2018-10-22 14:30:00,14,0,0,10,99.97,2.99,17.946145833333333
105.08,52.49,0.0,0.05,89.46,100.0,68400,Weekday,Monday,Medium_Load,2018-10-22 19:00:00,19,0,0,10,82.26,3.02,27.38677083333333
118.48,67.07,0.0,0.05,87.02,100.0,52200,Weekday,Tuesday,Maximum_Load,2018-10-23 14:30:00,14,1,0,10,64.37,105.73,33.0234375
110.23,56.52,0.0,0.05,88.98,100.0,53100,Weekday,Tuesday,Maximum_Load,2018-10-23 14:45:00,14,1,0,10,118.48,92.56,33.2075
125.28,80.46,0.0,0.06,84.14,100.0,66600,Weekday,Tuesday,Medium_Load,2018-10-23 18:30:00,18,1,0,10,74.05,93.02,35.065
129.37415,63.29,0.0,0.06,89.89,100.0,37800,Weekday,Wednesday,Maximum_Load,2018-10-24 10:30:00,10,2,0,10,80.78,47.02,38.897543229166665
111.89,49.36,0.0,0.05,91.49,100.0,39600,Weekday,Wednesday,Maximum_Load,2018-10-24 11:00:00,11,2,0,10,90.43,48.17,40.04160572916667
100.69,65.77,0.0,0.05,83.72,100.0,30600,Weekday,Friday,Light_Load,2018-10-26 08:30:00,8,4,0,10,25.99,54.36,31.697916666666668
104.65,53.71,0.0,0.05,88.97,100.0,32400,Weekday,Friday,Light_Load,2018-10-26 09:00:00,9,4,0,10,80.68,74.56,32.0575
121.18,56.12,0.0,0.06,90.74,100.0,33300,Weekday,Friday,Medium_Load,2018-10-26 09:15:00,9,4,0,10,104.65,64.84,32.644375
106.06,51.44,0.0,0.05,89.98,100.0,34200,Weekday,Friday,Medium_Load,2018-10-26 09:30:00,9,4,0,10,121.18,55.26,33.17354166666667
106.52,55.01,0.0,0.05,88.85,100.0,35100,Weekday,Friday,Medium_Load,2018-10-26 09:45:00,9,4,0,10,106.06,84.06,33.407500000000006
122.69,55.48,0.0,0.06,91.12,100.0,36000,Weekday,Friday,Medium_Load,2018-10-26 10:00:00,10,4,0,10,106.52,67.79,33.979375
107.64,35.39,0.0,0.05,95.0,100.0,33300,Weekday,Monday,Medium_Load,2018-10-29 09:15:00,9,0,0,10,67.82,3.67,6.309895833333333
101.23,46.3,0.0,0.05,90.94,100.0,34200,Weekday,Monday,Medium_Load,2018-10-29 09:30:00,9,0,0,10,107.64,3.49,7.328020833333333
112.0,38.34,0.0,0.05,94.61,100.0,35100,Weekday,Monday,Medium_Load,2018-10-29 09:45:00,9,0,0,10,101.23,3.02,8.463229166666666
113.51,44.32,0.0,0.05,93.15,100.0,37800,Weekday,Monday,Maximum_Load,2018-10-29 10:30:00,10,0,0,10,94.93,3.02,11.514583333333334
111.2,37.04,0.0,0.05,94.88,100.0,39600,Weekday,Monday,Maximum_Load,2018-10-29 11:00:00,11,0,0,10,78.44,2.99,13.427708333333332
107.93,35.78,0.0,0.05,94.92,100.0,41400,Weekday,Monday,Maximum_Load,2018-10-29 11:30:00,11,0,0,10,90.83,3.1,15.433958333333331
101.48,33.3,0.0,0.05,95.02,100.0,49500,Weekday,Monday,Maximum_Load,2018-10-29 13:45:00,13,0,0,10,89.46,3.2,19.821250000000003
118.15,46.62,0.0,0.05,93.02,100.0,51300,Weekday,Monday,Maximum_Load,2018-10-29 14:15:00,14,0,0,10,87.98,3.1,21.9046875
109.15,46.66,0.0,0.05,91.95,100.0,54900,Weekday,Monday,Maximum_Load,2018-10-29 15:15:00,15,0,0,10,83.48,3.06,25.45552083333333
111.31,48.17,0.0,0.05,91.77,100.0,56700,Weekday,Monday,Maximum_Load,2018-10-29 15:45:00,15,0,0,10,88.96,3.49,27.468541666666667
115.24,51.12,0.0,0.05,91.41,100.0,57600,Weekday,Monday,Maximum_Load,2018-10-29 16:00:00,16,0,0,10,111.31,3.13,28.636354166666667
129.37415,66.24,0.0,0.06,89.72,100.0,59400,Weekday,Monday,Maximum_Load,2018-10-29 16:30:00,16,0,0,10,73.76,3.02,30.6890015625
101.27,47.59,0.0,0.05,90.5,100.0,60300,Weekday,Monday,Maximum_Load,2018-10-29 16:45:00,16,0,0,10,129.37415,3.02,31.7124390625
113.98,61.92,0.0,0.05,87.87,100.0,73800,Weekday,Tuesday,Medium_Load,2018-10-30 20:30:00,20,1,0,10,51.16,57.42,30.716458333333332
110.09,50.58,0.0,0.05,90.87,100.0,74700,Weekday,Tuesday,Medium_Load,2018-10-30 20:45:00,20,1,0,10,113.98,48.82,31.3546875
115.56,72.36,0.0,0.05,84.76,100.0,31500,Weekday,Wednesday,Light_Load,2018-10-31 08:45:00,8,2,0,10,59.0,54.22,32.094479166666666
129.37415,74.12,0.0,0.06,88.3,100.0,32400,Weekday,Wednesday,Light_Load,2018-10-31 09:00:00,9,2,0,10,115.56,75.49,32.65577239583333
105.88,51.88,0.0,0.05,89.8,100.0,33300,Weekday,Wednesday,Medium_Load,2018-10-31 09:15:00,9,2,0,10,129.37415,68.36,33.046605729166664
124.85,62.75,0.0,0.06,89.35,100.0,36000,Weekday,Wednesday,Medium_Load,2018-10-31 10:00:00,10,2,0,10,86.98,59.76,33.95983489583333
111.31,59.8,0.0,0.05,88.09,100.0,39600,Weekday,Wednesday,Maximum_Load,2018-10-31 11:00:00,11,2,0,10,71.71,65.77,34.8921265625
117.47,60.01,0.0,0.05,89.05,100.0,40500,Weekday,Wednesday,Maximum_Load,2018-10-31 11:15:00,11,2,0,10,111.31,61.31,35.4771265625
103.5,52.34,0.0,0.05,89.24,100.0,41400,Weekday,Wednesday,Maximum_Load,2018-10-31 11:30:00,11,2,0,10,117.47,69.91,35.82702239583333
112.25,60.73,0.0,0.05,87.95,100.0,51300,Weekday,Wednesday,Maximum_Load,2018-10-31 14:15:00,14,2,0,10,96.37,65.02,37.72702239583333
113.58,55.87,0.0,0.05,89.73,100.0,67500,Weekday,Wednesday,Medium_Load,2018-10-31 18:45:00,18,2,0,10,50.33,67.61,39.208793229166666
119.23,54.0,0.0,0.05,91.09,100.0,70200,Weekday,Wednesday,Medium_Load,2018-10-31 19:30:00,19,2,0,10,96.48,52.6,40.7965015625
101.77,47.59,0.0,0.05,90.59,100.0,71100,Weekday,Wednesday,Medium_Load,2018-10-31 19:45:00,19,2,0,10,119.23,59.36,41.23827239583333
103.86,42.62,0.0,0.05,92.51,100.0,72000,Weekday,Wednesday,Medium_Load,2018-10-31 20:00:00,20,2,0,10,101.77,59.08,41.70473072916666
106.49,69.55,0.0,0.05,83.73,100.0,30600,Weekday,Thursday,Light_Load,2018-11-01 08:30:00,8,3,0,11,47.27,59.0,42.15879322916667
110.7,62.82,0.0,0.05,86.97,100.0,31500,Weekday,Thursday,Light_Load,2018-11-01 08:45:00,8,3,0,11,106.49,115.56,42.108168229166665
104.18,55.4,0.0,0.05,88.29,100.0,39600,Weekday,Thursday,Maximum_Load,2018-11-01 11:00:00,11,3,0,11,77.87,111.31,39.4315625
102.6,54.22,0.0,0.05,88.41,100.0,41400,Weekday,Thursday,Maximum_Load,2018-11-01 11:30:00,11,3,0,11,84.82,103.5,39.08208333333334
114.66,55.33,0.0,0.05,90.06,100.0,42300,Weekday,Thursday,Maximum_Load,2018-11-01 11:45:00,11,3,0,11,102.6,69.37,39.55385416666666
110.66,60.37,0.0,0.05,87.79,100.0,48600,Weekday,Thursday,Medium_Load,2018-11-01 13:30:00,13,3,0,11,49.64,71.06,39.99166666666667
120.17,64.76,0.0,0.06,88.03,100.0,49500,Weekday,Thursday,Medium_Load,2018-11-01 13:45:00,13,3,0,11,110.66,87.3,40.3340625
113.9,53.96,0.0,0.05,90.37,100.0,52200,Weekday,Thursday,Medium_Load,2018-11-01 14:30:00,14,3,0,11,90.47,97.09,40.301770833333336
109.08,64.04,0.0,0.05,86.24,100.0,59400,Weekday,Thursday,Medium_Load,2018-11-08 16:30:00,16,3,0,11,56.48,50.76,29.15177083333333
108.5,56.95,0.0,0.05,88.54,100.0,32400,Weekday,Friday,Light_Load,2018-11-09 09:00:00,9,4,0,11,80.53,66.85,33.54333333333333
102.89,57.1,0.0,0.05,87.44,100.0,33300,Weekday,Friday,Medium_Load,2018-11-09 09:15:00,9,4,0,11,108.5,54.65,34.045833333333334
108.47,53.93,0.0,0.05,89.54,100.0,34200,Weekday,Friday,Medium_Load,2018-11-09 09:30:00,9,4,0,11,102.89,56.34,34.58885416666667
115.13,51.73,0.0,0.05,91.22,100.0,57600,Weekday,Monday,Medium_Load,2018-11-12 16:00:00,16,0,0,11,82.04,2.99,20.74052083333333
105.7,53.35,0.0,0.05,89.27,100.0,58500,Weekday,Monday,Medium_Load,2018-11-12 16:15:00,16,0,0,11,115.13,2.95,21.81083333333333
104.4,56.34,0.0,0.05,88.0,100.0,59400,Weekday,Monday,Medium_Load,2018-11-12 16:30:00,16,0,0,11,105.7,3.46,22.862291666666668
107.5,45.58,0.0,0.05,92.07,100.0,60300,Weekday,Monday,Medium_Load,2018-11-12 16:45:00,16,0,0,11,104.4,4.03,23.940104166666668
108.97,44.75,0.04,0.05,92.5,100.0,63000,Weekday,Monday,Maximum_Load,2018-11-12 17:30:00,17,0,0,11,86.83,2.95,26.875208333333333
108.61,37.22,0.0,0.05,94.6,100.0,67500,Weekday,Monday,Maximum_Load,2018-11-12 18:45:00,18,0,0,11,96.34,3.02,30.485416666666666
109.37,49.14,0.0,0.05,91.22,100.0,68400,Weekday,Monday,Maximum_Load,2018-11-12 19:00:00,19,0,0,11,108.61,2.92,31.59427083333333
108.5,38.09,0.0,0.05,94.35,100.0,69300,Weekday,Monday,Maximum_Load,2018-11-12 19:15:00,19,0,0,11,109.37,2.95,32.69375
108.0,40.86,0.0,0.05,93.53,100.0,71100,Weekday,Monday,Maximum_Load,2018-11-12 19:45:00,19,0,0,11,90.25,2.99,34.696979166666665
123.73,51.66,0.0,0.06,92.28,100.0,72000,Weekday,Monday,Maximum_Load,2018-11-12 20:00:00,20,0,0,11,108.0,2.95,35.955104166666665
111.35,42.23,0.0,0.05,93.5,100.0,73800,Weekday,Monday,Medium_Load,2018-11-12 20:30:00,20,0,0,11,86.83,3.2,37.955000000000005
100.19,39.74,0.0,0.05,92.95,100.0,74700,Weekday,Monday,Medium_Load,2018-11-12 20:45:00,20,0,0,11,111.35,3.56,38.9615625
103.1,72.14,0.0,0.05,81.93,100.0,30600,Weekday,Tuesday,Light_Load,2018-11-13 08:30:00,8,1,0,11,62.17,50.58,41.15239583333333
105.7,67.36,0.0,0.05,84.33,100.0,31500,Weekday,Tuesday,Light_Load,2018-11-13 08:45:00,8,1,0,11,103.1,61.16,41.61635416666667
129.37415,57.89,0.0,0.06,91.41,100.0,32400,Weekday,Tuesday,Light_Load,2018-11-13 09:00:00,9,1,0,11,105.7,55.01,42.39098072916667
115.34,48.02,0.0,0.05,92.32,100.0,35100,Weekday,Tuesday,Medium_Load,2018-11-13 09:45:00,9,1,0,11,72.14,67.07,43.30691822916666
106.42,49.82,0.0,0.05,90.57,100.0,36000,Weekday,Tuesday,Medium_Load,2018-11-13 10:00:00,10,1,0,11,115.34,57.89,43.8124390625
102.42,38.48,0.0,0.05,93.61,100.0,37800,Weekday,Tuesday,Maximum_Load,2018-11-13 10:30:00,10,1,0,11,87.55,70.02,44.52045989583333
104.0,38.34,0.0,0.05,93.83,100.0,38700,Weekday,Tuesday,Maximum_Load,2018-11-13 10:45:00,10,1,0,11,102.42,60.08,44.97795989583333
107.75,35.86,0.0,0.05,94.88,100.0,40500,Weekday,Tuesday,Maximum_Load,2018-11-13 11:15:00,11,1,0,11,83.38,52.06,45.82545989583334
100.15,43.02,0.0,0.05,91.88,100.0,42300,Weekday,Tuesday,Maximum_Load,2018-11-13 11:45:00,11,1,0,11,84.17,78.19,46.33545989583333
100.33,38.95,0.0,0.05,93.22,100.0,50400,Weekday,Tuesday,Medium_Load,2018-11-13 14:00:00,14,1,0,11,78.84,70.06,48.32639739583333
112.03,43.31,0.0,0.05,93.27,100.0,53100,Weekday,Tuesday,Medium_Load,2018-11-13 14:45:00,14,1,0,11,85.79,73.4,49.122543229166666
107.89,41.69,0.0,0.05,93.28,100.0,56700,Weekday,Tuesday,Medium_Load,2018-11-13 15:45:00,15,1,0,11,77.29,82.04,49.7146265625
114.91,49.97,0.0,0.05,91.7,100.0,61200,Weekday,Tuesday,Medium_Load,2018-11-13 17:00:00,17,1,0,11,92.7,96.26,48.1386890625
107.17,45.47,0.0,0.05,92.06,100.0,66600,Weekday,Tuesday,Maximum_Load,2018-11-13 18:30:00,18,1,0,11,71.17,96.34,48.01483489583333
104.26,43.38,0.0,0.05,92.33,100.0,70200,Weekday,Tuesday,Maximum_Load,2018-11-13 19:30:00,19,1,0,11,74.45,90.25,47.30920989583333
100.73,44.57,0.0,0.05,91.45,100.0,73800,Weekday,Tuesday,Medium_Load,2018-11-13 20:30:00,20,1,0,11,70.38,111.35,46.204834895833336
103.03,73.8,0.0,0.05,81.3,100.0,30600,Weekday,Wednesday,Light_Load,2018-11-14 08:30:00,8,2,0,11,51.23,103.1,49.97431406250001
123.77,79.63,0.0,0.06,84.1,100.0,31500,Weekday,Wednesday,Light_Load,2018-11-14 08:45:00,8,2,0,11,103.03,105.7,50.162543229166666
116.6,52.81,0.0,0.05,91.09,100.0,51300,Weekday,Wednesday,Medium_Load,2018-11-14 14:15:00,14,2,0,11,81.65,66.38,45.50208333333334
120.64,53.86,0.0,0.06,91.31,100.0,52200,Weekday,Wednesday,Medium_Load,2018-11-14 14:30:00,14,2,0,11,116.6,85.79,45.86510416666667
107.06,45.22,0.0,0.05,92.12,100.0,54000,Weekday,Wednesday,Medium_Load,2018-11-14 15:00:00,15,2,0,11,87.26,70.31,45.98989583333334
120.85,59.29,0.0,0.06,89.78,100.0,60300,Weekday,Wednesday,Medium_Load,2018-11-14 16:45:00,16,2,0,11,65.27,92.7,45.9234375
119.59,52.63,0.0,0.05,91.53,100.0,62100,Weekday,Wednesday,Maximum_Load,2018-11-14 17:15:00,17,2,0,11,97.45,92.56,46.02312499999999
108.97,36.5,0.0,0.05,94.82,100.0,63000,Weekday,Wednesday,Maximum_Load,2018-11-14 17:30:00,17,2,0,11,119.59,90.79,46.2125
115.31,69.95,0.0,0.05,85.5,100.0,30600,Weekday,Thursday,Light_Load,2018-11-15 08:30:00,8,3,0,11,52.13,103.03,32.91197916666666
119.12,73.12,0.0,0.05,85.22,100.0,31500,Weekday,Thursday,Light_Load,2018-11-15 08:45:00,8,3,0,11,115.31,123.77,32.86354166666666
107.24,41.36,0.0,0.05,93.3,100.0,33300,Weekday,Thursday,Medium_Load,2018-11-15 09:15:00,9,3,0,11,87.3,97.78,32.88
123.48,53.89,0.0,0.06,91.65,100.0,34200,Weekday,Thursday,Medium_Load,2018-11-15 09:30:00,9,3,0,11,107.24,82.04,33.31166666666666
113.15,54.97,0.0,0.05,89.95,100.0,35100,Weekday,Thursday,Medium_Load,2018-11-15 09:45:00,9,3,0,11,123.48,71.89,33.741458333333334
117.43,47.23,0.0,0.05,92.78,100.0,36000,Weekday,Thursday,Medium_Load,2018-11-15 10:00:00,10,3,0,11,113.15,76.43,34.16854166666667
108.5,57.46,0.0,0.05,88.37,100.0,36900,Weekday,Thursday,Maximum_Load,2018-11-15 10:15:00,10,3,0,11,117.43,78.41,34.48197916666667
99.76,45.4,0.0,0.05,91.02,100.0,38700,Weekday,Thursday,Maximum_Load,2018-11-15 10:45:00,10,3,0,11,88.42,58.1,35.22270833333334
112.82,50.58,0.0,0.05,91.25,100.0,39600,Weekday,Thursday,Maximum_Load,2018-11-15 11:00:00,11,3,0,11,99.76,75.2,35.614583333333336
123.98,62.57,0.0,0.06,89.28,100.0,40500,Weekday,Thursday,Maximum_Load,2018-11-15 11:15:00,11,3,0,11,112.82,71.93,36.15677083333333
115.56,46.69,0.0,0.05,92.72,100.0,41400,Weekday,Thursday,Maximum_Load,2018-11-15 11:30:00,11,3,0,11,123.98,59.47,36.74104166666667
121.64,64.84,0.0,0.06,88.25,100.0,42300,Weekday,Thursday,Maximum_Load,2018-11-15 11:45:00,11,3,0,11,115.56,60.48,37.378125
125.71,57.78,0.0,0.06,90.86,100.0,49500,Weekday,Thursday,Medium_Load,2018-11-15 13:45:00,13,3,0,11,85.97,68.72,38.70875
111.74,46.69,0.0,0.05,92.27,100.0,50400,Weekday,Thursday,Medium_Load,2018-11-15 14:00:00,14,3,0,11,125.71,81.65,39.0221875
101.77,47.2,0.0,0.05,90.72,100.0,54900,Weekday,Friday,Medium_Load,2018-11-16 15:15:00,15,4,0,11,98.86,50.29,30.785312500000003
105.84,47.99,0.0,0.05,91.08,100.0,55800,Weekday,Friday,Medium_Load,2018-11-16 15:30:00,15,4,0,11,101.77,61.67,31.245416666666667
122.8,54.18,0.0,0.06,91.49,100.0,72900,Weekday,Friday,Medium_Load,2018-11-16 20:15:00,20,4,0,11,94.72,55.37,33.23010416666666
119.34,53.5,0.0,0.05,91.25,100.0,74700,Weekday,Friday,Medium_Load,2018-11-16 20:45:00,20,4,0,11,80.35,42.7,34.38583333333333
102.71,53.82,0.0,0.05,88.58,100.0,31500,Weekend,Saturday,Light_Load,2018-11-17 08:45:00,8,5,1,11,82.62,58.72,35.17916666666667
105.59,44.17,0.0,0.05,92.25,100.0,32400,Weekend,Saturday,Light_Load,2018-11-17 09:00:00,9,5,1,11,102.71,60.16,35.65239583333334
115.45,42.23,0.0,0.05,93.91,100.0,33300,Weekend,Saturday,Medium_Load,2018-11-17 09:15:00,9,5,1,11,105.59,65.3,36.17479166666666
104.04,47.41,0.0,0.05,91.0,100.0,34200,Weekend,Saturday,Medium_Load,2018-11-17 09:30:00,9,5,1,11,115.45,69.23,36.537395833333335
123.62,48.74,0.0,0.06,93.03,100.0,35100,Weekend,Saturday,Medium_Load,2018-11-17 09:45:00,9,5,1,11,104.04,71.32,37.0821875
105.01,40.43,0.0,0.05,93.32,100.0,36000,Weekend,Saturday,Medium_Load,2018-11-17 10:00:00,10,5,1,11,123.62,65.23,37.4965625
113.0,50.18,0.0,0.05,91.39,100.0,36900,Weekend,Saturday,Maximum_Load,2018-11-17 10:15:00,10,5,1,11,105.01,67.68,37.96864583333333
117.72,42.98,0.0,0.05,93.93,100.0,37800,Weekend,Saturday,Maximum_Load,2018-11-17 10:30:00,10,5,1,11,113.0,64.51,38.52291666666667
100.87,45.94,0.0,0.05,91.01,100.0,38700,Weekend,Saturday,Maximum_Load,2018-11-17 10:45:00,10,5,1,11,117.72,63.18,38.91552083333333
106.49,36.04,0.0,0.05,94.72,100.0,39600,Weekend,Saturday,Maximum_Load,2018-11-17 11:00:00,11,5,1,11,100.87,60.52,39.394375
127.98,58.43,0.0,0.06,90.97,100.0,42300,Weekend,Saturday,Maximum_Load,2018-11-17 11:45:00,11,5,1,11,93.82,62.1,40.8096875
107.1,40.54,0.0,0.05,93.52,100.0,48600,Weekend,Saturday,Medium_Load,2018-11-17 13:30:00,13,5,1,11,46.33,73.22,41.322291666666665
121.43,56.63,0.0,0.06,90.63,100.0,50400,Weekend,Saturday,Medium_Load,2018-11-17 14:00:00,14,5,1,11,75.02,59.15,42.000625
103.0,55.91,0.0,0.05,87.89,100.0,51300,Weekend,Saturday,Medium_Load,2018-11-17 14:15:00,14,5,1,11,121.43,51.37,42.5384375
105.08,39.82,0.0,0.05,93.51,100.0,52200,Weekend,Saturday,Medium_Load,2018-11-17 14:30:00,14,5,1,11,103.0,59.26,43.01572916666667
100.01,48.1,0.0,0.05,90.12,100.0,53100,Weekend,Saturday,Medium_Load,2018-11-17 14:45:00,14,5,1,11,105.08,96.19,43.05552083333333
129.37415,70.56,0.0,0.06,88.4,100.0,54000,Weekend,Saturday,Medium_Load,2018-11-17 15:00:00,15,5,1,11,100.01,98.86,43.3733765625
101.2,37.91,0.0,0.05,93.65,100.0,54900,Weekend,Saturday,Medium_Load,2018-11-17 15:15:00,15,5,1,11,129.37415,101.77,43.3674390625
129.37415,70.06,0.0,0.06,88.37,100.0,56700,Weekend,Saturday,Medium_Load,2018-11-17 15:45:00,15,5,1,11,95.18,55.22,44.02883645833333
110.34,48.46,0.0,0.05,91.56,100.0,58500,Weekend,Saturday,Medium_Load,2018-11-17 16:15:00,16,5,1,11,81.5,60.16,44.828211458333335
128.16,69.48,0.0,0.06,87.91,100.0,59400,Weekend,Saturday,Medium_Load,2018-11-17 16:30:00,16,5,1,11,110.34,58.79,45.550815625000006
109.33,38.23,0.14,0.05,94.4,100.0,43200,Weekday,Wednesday,Maximum_Load,2018-11-21 12:00:00,12,2,0,11,83.95,52.7,24.370000000000005
109.19,39.64,0.0,0.05,94.0,100.0,49500,Weekday,Wednesday,Medium_Load,2018-11-21 13:45:00,13,2,0,11,74.52,48.67,25.474791666666665
127.33,50.62,0.0,0.06,92.93,100.0,54000,Weekday,Wednesday,Medium_Load,2018-11-21 15:00:00,15,2,0,11,91.76,47.41,27.639687500000004
122.98,43.31,0.0,0.06,94.32,100.0,55800,Weekday,Wednesday,Medium_Load,2018-11-21 15:30:00,15,2,0,11,94.82,46.51,28.891041666666663
103.9,33.52,0.0,0.05,95.17,100.0,59400,Weekday,Wednesday,Medium_Load,2018-11-21 16:30:00,16,2,0,11,70.6,67.32,30.226458333333337
106.13,37.01,0.0,0.05,94.42,100.0,60300,Weekday,Wednesday,Medium_Load,2018-11-21 16:45:00,16,2,0,11,103.9,45.47,30.85833333333333
103.54,39.64,0.0,0.05,93.39,100.0,61200,Weekday,Wednesday,Medium_Load,2018-11-21 17:00:00,17,2,0,11,106.13,64.84,31.261458333333334
126.22,47.02,0.0,0.06,93.71,100.0,62100,Weekday,Wednesday,Maximum_Load,2018-11-21 17:15:00,17,2,0,11,103.54,41.15,32.14760416666667
115.49,49.97,0.0,0.05,91.78,100.0,63000,Weekday,Wednesday,Maximum_Load,2018-11-21 17:30:00,17,2,0,11,126.22,31.97,33.017604166666665
127.4,62.96,0.0,0.06,89.65,100.0,66600,Weekday,Wednesday,Maximum_Load,2018-11-21 18:30:00,18,2,0,11,74.27,8.17,35.235625
106.52,47.12,0.0,0.05,91.45,100.0,67500,Weekday,Wednesday,Maximum_Load,2018-11-21 18:45:00,18,2,0,11,127.4,8.39,36.2578125
119.59,54.25,0.0,0.05,91.07,100.0,68400,Weekday,Wednesday,Maximum_Load,2018-11-21 19:00:00,19,2,0,11,106.52,8.32,37.416875000000005
99.32,45.86,0.0,0.05,90.79,100.0,71100,Weekday,Wednesday,Maximum_Load,2018-11-21 19:45:00,19,2,0,11,93.53,7.6,40.04750000000001
119.45,52.67,0.0,0.05,91.5,100.0,72000,Weekday,Wednesday,Maximum_Load,2018-11-21 20:00:00,20,2,0,11,99.32,6.44,41.2246875
101.48,59.04,0.0,0.05,86.44,100.0,30600,Weekday,Thursday,Light_Load,2018-11-22 08:30:00,8,3,0,11,41.51,50.08,45.53322916666667
120.67,65.66,0.0,0.06,87.84,100.0,31500,Weekday,Thursday,Light_Load,2018-11-22 08:45:00,8,3,0,11,101.48,64.04,46.123125
124.49,51.73,0.0,0.06,92.34,100.0,32400,Weekday,Thursday,Light_Load,2018-11-22 09:00:00,9,3,0,11,120.67,77.9,46.60843750000001
129.37415,55.51,0.0,0.06,92.92,100.0,33300,Weekday,Thursday,Medium_Load,2018-11-22 09:15:00,9,3,0,11,124.49,65.12,47.2777515625
120.82,47.66,0.0,0.06,93.02,100.0,34200,Weekday,Thursday,Medium_Load,2018-11-22 09:30:00,9,3,0,11,129.37415,67.43,47.83389739583333
129.37415,77.72,0.0,0.07,89.64,100.0,35100,Weekday,Thursday,Medium_Load,2018-11-22 09:45:00,9,3,0,11,120.82,67.43,48.47914895833333
129.37415,59.9,0.0,0.06,91.56,100.0,36000,Weekday,Thursday,Medium_Load,2018-11-22 10:00:00,10,3,0,11,129.37415,75.67,49.0385671875
129.37415,58.9,0.0,0.06,92.13,100.0,36900,Weekday,Thursday,Maximum_Load,2018-11-22 10:15:00,10,3,0,11,129.37415,69.66,49.66058958333334
103.5,39.35,0.0,0.05,93.47,100.0,37800,Weekday,Thursday,Maximum_Load,2018-11-22 10:30:00,10,3,0,11,129.37415,69.08,50.01913125000001
113.87,42.84,0.0,0.05,93.6,100.0,38700,Weekday,Thursday,Maximum_Load,2018-11-22 10:45:00,10,3,0,11,103.5,69.66,50.47965208333334
129.37415,54.61,0.0,0.06,92.52,100.0,39600,Weekday,Thursday,Maximum_Load,2018-11-22 11:00:00,11,3,0,11,113.87,68.87,51.10990364583333
129.37415,67.21,0.0,0.06,89.47,100.0,40500,Weekday,Thursday,Maximum_Load,2018-11-22 11:15:00,11,3,0,11,129.37415,81.32,51.61046770833334
99.25,56.38,0.0,0.05,86.95,100.0,32400,Weekday,Friday,Light_Load,2018-11-23 09:00:00,9,4,0,11,90.9,124.49,43.12067604166666
100.69,59.62,0.0,0.05,86.05,100.0,37800,Weekday,Friday,Maximum_Load,2018-11-23 10:30:00,10,4,0,11,70.96,103.5,40.366648958333336
110.48,68.65,0.0,0.05,84.94,100.0,55800,Weekday,Friday,Medium_Load,2018-11-23 15:30:00,15,4,0,11,78.23,80.24,39.16114583333333
104.29,62.78,0.0,0.05,85.67,100.0,60300,Weekday,Friday,Medium_Load,2018-11-23 16:45:00,16,4,0,11,76.0,95.04,39.17989583333333
111.64,52.13,0.0,0.05,90.61,100.0,32400,Weekday,Tuesday,Light_Load,2018-11-27 09:00:00,9,1,0,11,73.62,90.61,37.00739583333333
103.1,45.9,0.0,0.05,91.36,100.0,34200,Weekday,Tuesday,Medium_Load,2018-11-27 09:30:00,9,1,0,11,81.54,92.2,36.998333333333335
126.43,56.84,0.0,0.06,91.21,100.0,35100,Weekday,Tuesday,Medium_Load,2018-11-27 09:45:00,9,1,0,11,103.1,94.43,37.33166666666667
104.44,46.66,0.0,0.05,91.3,100.0,36000,Weekday,Tuesday,Medium_Load,2018-11-27 10:00:00,10,1,0,11,126.43,85.43,37.5296875
129.2,56.81,0.0,0.06,91.54,100.0,36900,Weekday,Tuesday,Maximum_Load,2018-11-27 10:15:00,10,1,0,11,104.44,64.55,38.203125
129.37415,56.59,0.0,0.06,91.89,100.0,37800,Weekday,Tuesday,Maximum_Load,2018-11-27 10:30:00,10,1,0,11,129.2,70.06,38.82098072916667
129.37415,60.23,0.0,0.06,91.14,100.0,38700,Weekday,Tuesday,Maximum_Load,2018-11-27 10:45:00,10,1,0,11,129.37415,73.12,39.406961458333335
129.37415,69.73,0.0,0.07,90.86,100.0,39600,Weekday,Tuesday,Maximum_Load,2018-11-27 11:00:00,11,1,0,11,129.37415,80.75,39.91346302083333
126.11,57.74,0.0,0.06,90.92,100.0,40500,Weekday,Tuesday,Maximum_Load,2018-11-27 11:15:00,11,1,0,11,129.37415,82.66,40.3660671875
129.37415,62.71,0.0,0.07,91.79,100.0,41400,Weekday,Tuesday,Maximum_Load,2018-11-27 11:30:00,11,1,0,11,126.11,79.13,40.88944375
123.8,57.89,0.0,0.06,90.59,100.0,42300,Weekday,Tuesday,Maximum_Load,2018-11-27 11:45:00,11,1,0,11,129.37415,84.74,41.296318750000005
108.61,46.51,0.61,0.05,91.93,100.0,43200,Weekday,Tuesday,Maximum_Load,2018-11-27 12:00:00,12,1,0,11,123.8,61.34,41.78871458333334
121.25,55.58,0.0,0.06,90.9,100.0,48600,Weekday,Tuesday,Medium_Load,2018-11-27 13:30:00,13,1,0,11,71.06,93.17,42.22256875
129.37415,60.12,0.0,0.06,91.07,100.0,49500,Weekday,Tuesday,Medium_Load,2018-11-27 13:45:00,13,1,0,11,121.25,82.58,42.7100078125
126.68,55.12,0.0,0.06,91.7,100.0,50400,Weekday,Tuesday,Medium_Load,2018-11-27 14:00:00,14,1,0,11,129.37415,90.65,43.0853203125
107.42,37.58,0.0,0.05,94.39,100.0,54000,Weekday,Tuesday,Medium_Load,2018-11-27 15:00:00,15,1,0,11,76.72,71.6,43.58709114583333
105.91,41.98,0.0,0.05,92.96,100.0,54900,Weekday,Wednesday,Medium_Load,2018-11-28 15:15:00,15,2,0,11,98.53,81.58,39.4909375
100.84,49.32,0.0,0.05,89.83,100.0,58500,Weekday,Wednesday,Medium_Load,2018-11-28 16:15:00,16,2,0,11,73.44,59.26,40.33760416666667
111.78,58.28,0.0,0.05,88.67,100.0,61200,Weekday,Wednesday,Medium_Load,2018-11-28 17:00:00,17,2,0,11,83.3,47.48,41.716458333333335
100.58,27.36,0.0,0.05,96.49,100.0,32400,Weekday,Thursday,Light_Load,2018-11-29 09:00:00,9,3,0,11,88.06,54.43,34.46375
102.82,30.46,0.0,0.05,95.88,100.0,34200,Weekday,Thursday,Medium_Load,2018-11-29 09:30:00,9,3,0,11,82.08,52.78,35.22833333333333
128.41,49.46,0.0,0.06,93.32,100.0,35100,Weekday,Thursday,Medium_Load,2018-11-29 09:45:00,9,3,0,11,102.82,58.97,35.95166666666667
104.26,32.72,0.0,0.05,95.41,100.0,36000,Weekday,Thursday,Medium_Load,2018-11-29 10:00:00,10,3,0,11,128.41,51.16,36.50479166666667
104.9,34.38,0.0,0.05,95.03,100.0,36900,Weekday,Thursday,Maximum_Load,2018-11-29 10:15:00,10,3,0,11,104.26,50.0,37.07666666666667
116.71,43.74,0.0,0.05,93.64,100.0,37800,Weekday,Thursday,Maximum_Load,2018-11-29 10:30:00,10,3,0,11,104.9,48.56,37.7865625
109.3,51.26,0.0,0.05,90.54,100.0,54900,Weekday,Wednesday,Medium_Load,2018-12-05 15:15:00,15,2,0,12,85.46,64.62,29.657083333333336
105.91,47.12,0.0,0.05,91.37,100.0,57600,Weekday,Wednesday,Medium_Load,2018-12-05 16:00:00,16,2,0,12,96.01,53.82,30.9028125
105.37,38.2,0.0,0.05,94.01,100.0,59400,Weekday,Thursday,Medium_Load,2018-12-13 16:30:00,16,3,0,12,88.92,75.1,33.583958333333335
102.89,46.12,0.0,0.05,91.25,100.0,60300,Weekday,Thursday,Medium_Load,2018-12-13 16:45:00,16,3,0,12,105.37,66.13,33.966874999999995
129.37415,63.47,0.0,0.06,90.44,100.0,32400,Weekday,Friday,Light_Load,2018-12-14 09:00:00,9,4,0,12,97.88,76.36,35.73139739583333
109.26,54.83,0.0,0.05,89.38,100.0,34200,Weekday,Friday,Medium_Load,2018-12-14 09:30:00,9,4,0,12,93.67,65.66,36.50389739583333
128.34,57.17,0.0,0.06,91.35,100.0,35100,Weekday,Friday,Medium_Load,2018-12-14 09:45:00,9,4,0,12,109.26,72.07,37.09004322916667
109.69,44.57,0.0,0.05,92.64,100.0,36900,Weekday,Friday,Maximum_Load,2018-12-14 10:15:00,10,4,0,12,81.47,69.3,37.767334895833336
120.67,61.85,0.0,0.06,88.99,100.0,37800,Weekday,Friday,Maximum_Load,2018-12-14 10:30:00,10,4,0,12,109.69,65.66,38.34035572916667
104.9,49.36,0.0,0.05,90.48,100.0,40500,Weekday,Friday,Maximum_Load,2018-12-14 11:15:00,11,4,0,12,91.58,55.4,39.33295989583333
124.2,60.37,0.0,0.06,89.94,100.0,41400,Weekday,Friday,Maximum_Load,2018-12-14 11:30:00,11,4,0,12,104.9,60.08,40.0008765625
129.37415,62.28,0.0,0.06,90.44,100.0,43200,Weekday,Friday,Maximum_Load,2018-12-14 12:00:00,12,4,0,12,88.85,51.3,41.135503125
116.42,52.38,0.0,0.05,91.19,100.0,49500,Weekday,Friday,Medium_Load,2018-12-14 13:45:00,13,4,0,12,74.66,46.66,42.03664895833334
107.57,43.63,0.0,0.05,92.67,100.0,50400,Weekday,Friday,Medium_Load,2018-12-14 14:00:00,14,4,0,12,116.42,52.52,42.610086458333335
103.82,55.08,0.0,0.05,88.34,100.0,51300,Weekday,Friday,Medium_Load,2018-12-14 14:15:00,14,4,0,12,107.57,58.25,43.08477395833334
114.73,49.1,0.0,0.05,91.93,100.0,52200,Weekday,Friday,Medium_Load,2018-12-14 14:30:00,14,4,0,12,103.82,72.61,43.523523958333335
109.4,51.08,0.0,0.05,90.61,100.0,54000,Weekday,Friday,Medium_Load,2018-12-14 15:00:00,15,4,0,12,84.74,73.08,44.094565625
125.21,61.81,0.0,0.06,89.67,100.0,54900,Weekday,Friday,Medium_Load,2018-12-14 15:15:00,15,4,0,12,109.4,60.52,44.768419791666666
122.26,67.25,0.0,0.06,87.62,100.0,56700,Weekday,Friday,Medium_Load,2018-12-14 15:45:00,15,4,0,12,89.35,63.5,45.687586458333335
114.66,60.7,0.0,0.05,88.38,100.0,57600,Weekday,Friday,Medium_Load,2018-12-14 16:00:00,16,4,0,12,122.26,60.52,46.251544791666674
118.12,59.47,0.0,0.05,89.32,100.0,59400,Weekday,Friday,Medium_Load,2018-12-14 16:30:00,16,4,0,12,96.8,105.37,46.46644062500001
129.37415,65.84,0.0,0.06,89.65,100.0,60300,Weekday,Friday,Medium_Load,2018-12-14 16:45:00,16,4,0,12,118.12,102.89,46.7423171875
102.64,47.74,0.0,0.05,90.67,100.0,61200,Weekday,Friday,Medium_Load,2018-12-14 17:00:00,17,4,0,12,129.37415,77.83,47.000754687500006
113.51,44.86,0.0,0.05,93.0,100.0,52200,Weekday,Tuesday,Medium_Load,2018-12-18 14:30:00,14,1,0,12,67.18,47.95,27.06927083333333
99.5,36.43,0.0,0.05,93.9,100.0,53100,Weekday,Tuesday,Medium_Load,2018-12-18 14:45:00,14,1,0,12,113.51,57.82,27.5034375
120.82,51.19,0.0,0.06,92.08,100.0,54900,Weekday,Tuesday,Medium_Load,2018-12-18 15:15:00,15,1,0,12,68.0,60.62,28.223125
117.68,55.62,0.0,0.05,90.41,100.0,56700,Weekday,Tuesday,Medium_Load,2018-12-18 15:45:00,15,1,0,12,79.45,60.44,29.08864583333333
114.08,49.86,0.0,0.05,91.63,100.0,57600,Weekday,Tuesday,Medium_Load,2018-12-18 16:00:00,16,1,0,12,117.68,67.5,29.573854166666663
106.27,44.1,0.0,0.05,92.36,100.0,58500,Weekday,Tuesday,Medium_Load,2018-12-18 16:15:00,16,1,0,12,114.08,85.86,29.78645833333333
127.58,56.34,0.0,0.06,91.48,100.0,60300,Weekday,Tuesday,Medium_Load,2018-12-18 16:45:00,16,1,0,12,93.28,59.8,30.6065625
101.02,43.06,0.0,0.05,91.99,100.0,62100,Weekday,Tuesday,Maximum_Load,2018-12-18 17:15:00,17,1,0,12,94.61,56.38,31.428229166666668
112.14,43.74,0.0,0.05,93.16,100.0,63000,Weekday,Tuesday,Maximum_Load,2018-12-18 17:30:00,17,1,0,12,101.02,52.99,32.044374999999995
129.37415,69.77,0.0,0.06,89.6,100.0,40500,Weekday,Wednesday,Maximum_Load,2018-12-19 11:15:00,11,2,0,12,83.09,60.05,32.53973072916667
110.88,47.02,0.0,0.05,92.06,100.0,41400,Weekday,Wednesday,Maximum_Load,2018-12-19 11:30:00,11,2,0,12,129.37415,58.82,33.082022395833334
115.13,52.09,0.0,0.05,91.11,100.0,42300,Weekday,Wednesday,Maximum_Load,2018-12-19 11:45:00,11,2,0,12,110.88,64.73,33.60702239583333
101.99,48.56,0.0,0.05,90.29,100.0,43200,Weekday,Wednesday,Maximum_Load,2018-12-19 12:00:00,12,2,0,12,115.13,67.54,33.9658765625
116.46,53.03,0.0,0.05,91.01,100.0,48600,Weekday,Wednesday,Medium_Load,2018-12-19 13:30:00,13,2,0,12,62.42,67.46,34.555251562500004
129.37415,74.56,0.0,0.07,89.45,100.0,51300,Weekday,Wednesday,Medium_Load,2018-12-19 14:15:00,14,2,0,12,98.03,67.18,35.858315625
116.64,48.85,0.0,0.05,92.24,100.0,52200,Weekday,Wednesday,Medium_Load,2018-12-19 14:30:00,14,2,0,12,129.37415,113.51,35.89091979166667
105.48,45.58,0.0,0.05,91.8,100.0,53100,Weekday,Wednesday,Medium_Load,2018-12-19 14:45:00,14,2,0,12,116.64,99.5,35.953211458333335
129.37415,70.67,0.0,0.07,89.92,100.0,54000,Weekday,Wednesday,Medium_Load,2018-12-19 15:00:00,15,2,0,12,105.48,68.0,36.59252552083333
101.38,39.92,0.0,0.05,93.05,100.0,54900,Weekday,Wednesday,Medium_Load,2018-12-19 15:15:00,15,2,0,12,129.37415,120.82,36.39002552083334
129.37415,60.23,0.0,0.06,90.79,100.0,55800,Weekday,Wednesday,Medium_Load,2018-12-19 15:30:00,15,2,0,12,101.38,79.45,36.91006875
115.24,50.98,0.0,0.05,91.45,100.0,56700,Weekday,Wednesday,Medium_Load,2018-12-19 15:45:00,15,2,0,12,129.37415,117.68,36.884652083333336
125.21,58.43,0.0,0.06,90.62,100.0,57600,Weekday,Wednesday,Medium_Load,2018-12-19 16:00:00,16,2,0,12,115.24,114.08,37.00058958333334
129.37415,64.4,0.0,0.06,90.08,100.0,58500,Weekday,Wednesday,Medium_Load,2018-12-19 16:15:00,16,2,0,12,125.21,106.27,37.2412578125
125.5,50.69,0.0,0.06,92.72,100.0,61200,Weekday,Wednesday,Medium_Load,2018-12-19 17:00:00,17,2,0,12,62.68,94.61,36.765841145833335
