timestamp,Usage_kWh,predicted_kwh,residual
2018-10-20 04:45:00,3.53,3.2248616,0.30513837814331035
2018-10-20 05:00:00,3.53,3.2266202,0.3033798027038572
2018-10-20 05:15:00,3.6,3.2266202,0.3733798027038575
2018-10-20 05:30:00,3.42,3.2266202,0.19337980270385735
2018-10-20 05:45:00,2.99,3.2125936,-0.22259355545043924
2018-10-20 06:00:00,3.56,2.960087,0.5999129390716553
2018-10-20 06:15:00,3.17,3.2266202,-0.05662019729614265
2018-10-20 06:30:00,2.81,3.0708292,-0.26082915306091303
2018-10-20 06:45:00,2.84,2.960087,-0.12008706092834487
2018-10-20 07:00:00,2.84,2.960087,-0.12008706092834487
2018-10-20 07:15:00,2.88,2.960087,-0.08008706092834483
2018-10-20 07:30:00,2.88,2.8707,0.009300117492675675
2018-10-20 07:45:00,3.6,3.010343,0.5896569252014161
2018-10-20 08:00:00,3.78,6.6590858,-2.879085750579834
2018-10-20 08:15:00,18.0,23.788153,-5.788152694702148
2018-10-20 08:30:00,43.06,36.792007,6.26799255371094
2018-10-20 08:45:00,52.81,56.513332,-3.703332366943357
2018-10-20 09:00:00,39.92,52.53389,-12.61388977050781
2018-10-20 09:15:00,62.5,42.984814,19.515186309814453
2018-10-20 09:30:00,48.1,58.830196,-10.730196380615233
2018-10-20 09:45:00,50.26,48.058277,2.201722869873045
2018-10-20 10:00:00,50.87,49.60782,1.2621813964843724
2018-10-20 10:15:00,45.22,50.150097,-4.930096893310548
2018-10-20 10:30:00,59.18,47.38959,11.790408782958984
2018-10-20 10:45:00,71.42,55.34157,16.078428192138674
2018-10-20 11:00:00,95.62,71.83925,23.780751342773442
2018-10-20 11:15:00,59.98,88.15207,-28.172069091796878
2018-10-20 11:30:00,64.26,55.51498,8.745019683837896
2018-10-20 11:45:00,60.08,66.27706,-6.1970614624023455
2018-10-20 12:00:00,28.73,45.622704,-16.892703552246093
2018-10-20 12:15:00,5.65,15.015571,-9.365570640563964
2018-10-20 12:30:00,6.01,3.451999,2.5580010509490965
2018-10-20 12:45:00,6.59,3.6924405,2.8975594902038573
2018-10-20 13:00:00,6.52,8.361113,-1.8411125946044926
2018-10-20 13:15:00,26.57,19.218102,7.3518984985351565
2018-10-20 13:30:00,62.96,44.933464,18.026535949707032
2018-10-20 13:45:00,104.44,68.02881,36.41119140625
2018-10-20 14:00:00,66.35,85.49917,-19.1491683959961
2018-10-20 14:15:00,80.96,68.465515,12.494484863281244
2018-10-20 14:30:00,84.49,82.45726,2.0327398681640574
2018-10-20 14:45:00,67.14,79.114845,-11.974845275878906
2018-10-20 15:00:00,67.61,71.55407,-3.9440695190429693
2018-10-20 15:15:00,104.51,74.4565,30.053502807617193
2018-10-20 15:30:00,79.24,84.80414,-5.564138183593755
2018-10-20 15:45:00,73.84,85.67041,-11.830410156249997
2018-10-20 16:00:00,72.9,73.22574,-0.3257385253906193
2018-10-20 16:15:00,74.45,73.323,1.1270019531250028
2018-10-20 16:30:00,71.78,71.4607,0.3192990112304699
2018-10-20 16:45:00,103.82,74.37273,29.447273559570306
2018-10-20 17:00:00,38.12,65.2013,-27.081301574707034
2018-10-20 17:15:00,47.7,30.885603,16.814397048950198
2018-10-20 17:30:00,32.36,33.899513,-1.5395132446289068
2018-10-20 17:45:00,34.2,22.514376,11.685624313354495
2018-10-20 18:00:00,40.18,29.975163,10.204837493896484
2018-10-20 18:15:00,33.91,39.059784,-5.149783935546878
2018-10-20 18:30:00,10.51,33.743366,-23.23336624145508
2018-10-20 18:45:00,5.29,9.501714,-4.211713752746582
2018-10-20 19:00:00,4.93,7.5368714,-2.606871433258057
2018-10-20 19:15:00,4.18,6.1991143,-2.019114322662354
2018-10-20 19:30:00,3.71,7.1781664,-3.468166389465332
2018-10-20 19:45:00,3.71,6.990476,-3.280476131439209
2018-10-20 20:00:00,3.74,4.7931232,-1.0531232452392576
2018-10-20 20:15:00,3.67,4.8160872,-1.1460872459411622
2018-10-20 20:30:00,3.6,5.2269335,-1.626933479309082
2018-10-20 20:45:00,3.64,5.8027053,-2.1627052879333495
2018-10-20 21:00:00,3.64,7.6018796,-3.961879596710205
2018-10-20 21:15:00,3.67,5.026131,-1.3561311531066895
2018-10-20 21:30:00,3.71,3.6065557,0.10344429969787594
2018-10-20 21:45:00,3.64,4.3612895,-0.7212895011901854
2018-10-20 22:00:00,3.6,3.8501215,-0.25012149810791007
2018-10-20 22:15:00,3.42,6.192977,-2.772976951599121
2018-10-20 22:30:00,3.42,7.550328,-4.130327777862549
2018-10-20 22:45:00,3.46,3.9319532,-0.4719531917572022
2018-10-20 23:00:00,4.0,6.21017,-2.210169792175293
2018-10-20 23:15:00,4.39,8.703833,-4.313832626342774
2018-10-20 23:30:00,3.35,6.0349007,-2.684900665283203
2018-10-20 23:45:00,3.06,3.1211455,-0.061145486831664986
2018-10-21 00:00:00,3.31,3.205012,0.10498791694641119
2018-10-21 00:15:00,2.74,13.097224,-10.357224235534668
2018-10-21 00:30:00,2.74,13.205127,-10.465126762390137
2018-10-21 00:45:00,2.77,9.165978,-6.395978431701661
2018-10-21 01:00:00,2.81,2.9636517,-0.15365165710449213
2018-10-21 01:15:00,2.84,2.7527764,0.08722361564636216
2018-10-21 01:30:00,2.77,2.515797,0.2542031002044678
2018-10-21 01:45:00,2.74,2.6186965,0.12130354881286642
2018-10-21 02:00:00,2.77,2.6114166,0.15858342170715334
2018-10-21 02:15:00,2.77,2.6084206,0.16157938957214357
2018-10-21 02:30:00,2.74,2.6084206,0.13157938957214377
2018-10-21 02:45:00,3.13,2.5717614,0.5582386302947997
2018-10-21 03:00:00,3.85,2.7276187,1.1223813056945802
2018-10-21 03:15:00,3.89,3.2681782,0.6218217754364015
2018-10-21 03:30:00,2.92,3.2681782,-0.3481782245635987
2018-10-21 03:45:00,2.74,2.678444,0.06155609130859396
2018-10-21 04:00:00,2.81,2.5717614,0.23823863029479986
2018-10-21 04:15:00,2.81,2.678444,0.1315560913085938
2018-10-21 04:30:00,2.77,2.678444,0.09155609130859377
2018-10-21 04:45:00,2.77,2.6084206,0.16157938957214357
2018-10-21 05:00:00,2.81,2.6084206,0.2015793895721436
2018-10-21 05:15:00,2.77,2.678444,0.09155609130859377
2018-10-21 05:30:00,2.81,2.6084206,0.2015793895721436
2018-10-21 05:45:00,2.81,2.688514,0.12148600578308111
2018-10-21 06:00:00,2.81,2.678444,0.1315560913085938
2018-10-21 06:15:00,2.74,2.678444,0.06155609130859396
2018-10-21 06:30:00,2.74,2.5818315,0.15816854476928732
2018-10-21 06:45:00,3.06,2.5818315,0.47816854476928716
2018-10-21 07:00:00,3.31,2.688514,0.6214860057830811
2018-10-21 07:15:00,2.74,2.9410205,-0.20102048873901346
2018-10-21 07:30:00,2.77,2.5818315,0.18816854476928713
2018-10-21 07:45:00,2.74,2.6084206,0.13157938957214377
2018-10-21 08:00:00,3.42,4.693972,-1.273972110748291
2018-10-21 08:15:00,3.17,12.130418,-8.960417823791504
2018-10-21 08:30:00,2.74,14.899883,-12.159883270263672
2018-10-21 08:45:00,2.88,9.722497,-6.84249698638916
2018-10-21 09:00:00,3.02,9.673103,-6.653103332519532
2018-10-21 09:15:00,2.99,6.7650523,-3.775052318572998
2018-10-21 09:30:00,3.06,6.103196,-3.043196144104004
2018-10-21 09:45:00,3.56,6.280806,-2.720806064605713
2018-10-21 10:00:00,3.35,6.266392,-2.9163922309875487
2018-10-21 10:15:00,2.99,7.1422133,-4.152213344573974
2018-10-21 10:30:00,2.99,3.9985857,-1.0085857009887693
2018-10-21 10:45:00,2.99,3.530329,-0.5403289890289305
2018-10-21 11:00:00,3.02,1.1035256,1.9164743614196778
2018-10-21 11:15:00,2.95,2.2074366,0.7425634384155275
2018-10-21 11:30:00,2.95,1.011583,1.9384170293807985
2018-10-21 11:45:00,3.02,1.4919528,1.5280472230911255
2018-10-21 12:00:00,2.99,0.8514857,2.138514270782471
2018-10-21 12:15:00,3.1,0.5591168,2.540883219242096
2018-10-21 12:30:00,3.02,0.43802822,2.5819717836380005
2018-10-21 12:45:00,3.1,-0.061318547,3.1613185465335847
2018-10-21 13:00:00,3.53,5.3054233,-1.7754232597351076
2018-10-21 13:15:00,3.49,10.737504,-7.247504005432129
2018-10-21 13:30:00,2.99,7.1674533,-4.177453289031982
2018-10-21 13:45:00,3.31,6.785353,-3.475353183746338
2018-10-21 14:00:00,3.64,4.3033247,-0.6633246994018553
2018-10-21 14:15:00,3.02,4.039395,-1.0193948554992676
2018-10-21 14:30:00,2.99,3.5865664,-0.5965664482116697
2018-10-21 14:45:00,3.06,3.2658584,-0.20585841178894038
2018-10-21 15:00:00,2.99,3.2855597,-0.29555965423583963
2018-10-21 15:15:00,3.13,2.1058922,1.0241078186035155
2018-10-21 15:30:00,3.82,1.9834728,1.8365271759033202
2018-10-21 15:45:00,10.37,3.2042084,7.165791625976562
2018-10-21 16:00:00,24.88,7.692323,17.187676792144774
2018-10-21 16:15:00,24.62,21.807673,2.8123274993896494
2018-10-21 16:30:00,20.41,23.971085,-3.5610845947265624
2018-10-21 16:45:00,3.92,12.172715,-8.252715187072754
2018-10-21 17:00:00,4.75,1.3329723,3.417027711868286
2018-10-21 17:15:00,3.49,1.7443547,1.745645275115967
2018-10-21 17:30:00,2.95,0.19739339,2.752606612443924
2018-10-21 17:45:00,2.95,-0.23482838,3.184828382730484
2018-10-21 18:00:00,2.95,2.6108253,0.3391746997833254
2018-10-21 18:15:00,2.99,2.7755897,0.2144102954864504
2018-10-21 18:30:00,2.99,3.4757793,-0.48577929496765115
2018-10-21 18:45:00,3.02,3.448066,-0.4280659961700439
2018-10-21 19:00:00,3.02,3.3774738,-0.3574738311767578
2018-10-21 19:15:00,3.06,3.400806,-0.34080595016479487
2018-10-21 19:30:00,3.1,3.4735255,-0.3735255241394042
2018-10-21 19:45:00,3.02,3.4735255,-0.4535255241394043
2018-10-21 20:00:00,2.99,3.3447602,-0.3547601795196531
2018-10-21 20:15:00,3.49,3.3447602,0.1452398204803469
2018-10-21 20:30:00,3.71,3.4788256,0.23117443084716793
2018-10-21 20:45:00,3.24,3.5628214,-0.3228213882446287
2018-10-21 21:00:00,3.28,3.1703212,0.10967877388000469
2018-10-21 21:15:00,3.67,3.1703212,0.4996787738800048
2018-10-21 21:30:00,3.31,3.2023103,0.10768967628479009
2018-10-21 21:45:00,3.02,3.1703212,-0.1503212261199951
2018-10-21 22:00:00,3.06,3.2250314,-0.1650313758850097
2018-10-21 22:15:00,2.88,3.2250314,-0.34503137588500987
2018-10-21 22:30:00,2.88,3.2250314,-0.34503137588500987
2018-10-21 22:45:00,2.84,3.2250314,-0.3850313758850099
2018-10-21 23:00:00,2.81,3.1523118,-0.34231180191040034
2018-10-21 23:15:00,2.81,3.1523118,-0.34231180191040034
2018-10-21 23:30:00,2.81,3.2250314,-0.4150313758850097
2018-10-21 23:45:00,3.2,3.1739116,0.02608842849731463
2018-10-22 00:00:00,3.67,5.8552556,-2.1852556037902833
2018-10-22 00:15:00,2.81,6.175911,-3.365910949707031
2018-10-22 00:30:00,2.81,5.716925,-2.9069251441955566
2018-10-22 00:45:00,2.88,5.716925,-2.8369251441955567
2018-10-22 01:00:00,2.88,5.273533,-2.3935328674316407
2018-10-22 01:15:00,2.88,5.273533,-2.3935328674316407
2018-10-22 01:30:00,2.84,5.273533,-2.4335328674316408
2018-10-22 01:45:00,2.99,5.273533,-2.2835328674316404
2018-10-22 02:00:00,3.53,5.273533,-1.7435328674316408
2018-10-22 02:15:00,3.13,5.6390224,-2.5090223503112794
2018-10-22 02:30:00,2.88,5.322708,-2.4427081298828126
2018-10-22 02:45:00,2.88,5.2786484,-2.398648376464844
2018-10-22 03:00:00,3.46,5.324673,-1.8646731758117676
2018-10-22 03:15:00,3.24,5.5326004,-2.292600402832031
2018-10-22 03:30:00,2.92,5.5260386,-2.606038646697998
2018-10-22 03:45:00,2.92,5.273533,-2.3535328674316407
2018-10-22 04:00:00,2.95,5.273533,-2.3235328674316404
2018-10-22 04:15:00,2.88,5.273533,-2.3935328674316407
2018-10-22 04:30:00,2.92,5.273533,-2.3535328674316407
2018-10-22 04:45:00,2.92,5.273533,-2.3535328674316407
2018-10-22 05:00:00,2.88,5.273533,-2.3935328674316407
2018-10-22 05:15:00,2.88,5.273533,-2.3935328674316407
2018-10-22 05:30:00,2.84,5.273533,-2.4335328674316408
2018-10-22 05:45:00,2.84,5.273533,-2.4335328674316408
2018-10-22 06:00:00,2.84,5.273533,-2.4335328674316408
2018-10-22 06:15:00,2.81,5.273533,-2.4635328674316406
2018-10-22 06:30:00,3.89,5.273533,-1.3835328674316405
2018-10-22 06:45:00,4.1,5.617991,-1.5179909706115726
2018-10-22 07:00:00,2.84,7.067558,-4.227557811737061
2018-10-22 07:15:00,2.99,5.0206585,-2.030658493041992
2018-10-22 07:30:00,3.6,5.0206585,-1.420658493041992
2018-10-22 07:45:00,3.92,5.386148,-1.466147975921631
2018-10-22 08:00:00,3.96,20.369526,-16.409525909423827
2018-10-22 08:15:00,13.5,20.369526,-6.869525909423828
2018-10-22 08:30:00,43.52,41.61978,1.9002185058593781
2018-10-22 08:45:00,48.35,60.5268,-12.176798248291014
2018-10-22 09:00:00,61.13,56.46883,4.661169891357424
2018-10-22 09:15:00,47.41,65.28837,-17.87836822509766
2018-10-22 09:30:00,48.38,55.068363,-6.688363189697263
2018-10-22 09:45:00,49.1,55.97628,-6.876280212402342
2018-10-22 10:00:00,53.6,55.458847,-1.858847045898436
2018-10-22 10:15:00,49.39,58.928802,-9.538802490234374
2018-10-22 10:30:00,40.75,54.62616,-13.87615966796875
2018-10-22 10:45:00,41.94,47.949028,-6.009028015136721
2018-10-22 11:00:00,63.97,49.302597,14.667402954101561
2018-10-22 11:15:00,58.1,63.96858,-5.8685783386230455
2018-10-22 11:30:00,94.0,60.68297,33.31703186035156
2018-10-22 11:45:00,88.42,98.13523,-9.715231018066405
2018-10-22 12:00:00,112.61,68.52181,44.088187561035156
2018-10-22 12:15:00,5.44,63.88602,-58.44602066040039
2018-10-22 12:30:00,5.26,8.813772,-3.553772201538086
2018-10-22 12:45:00,4.61,8.151627,-3.541626586914062
2018-10-22 13:00:00,4.46,22.302683,-17.842682876586913
2018-10-22 13:15:00,25.56,22.302683,3.2573171234130847
2018-10-22 13:30:00,63.11,42.272785,20.83721481323242
2018-10-22 13:45:00,120.28,70.704315,49.575684814453126
2018-10-22 14:00:00,85.97,92.72504,-6.755036621093751
2018-10-22 14:15:00,99.97,103.05718,-3.08718231201172
2018-10-22 14:30:00,105.73,99.46458,6.265423278808598
2018-10-22 14:45:00,92.56,97.65622,-5.096219482421873
2018-10-22 15:00:00,65.63,100.54249,-34.912488098144536
2018-10-22 15:15:00,40.43,68.43248,-28.002479858398438
2018-10-22 15:30:00,47.84,46.73068,1.109321441650394
2018-10-22 15:45:00,46.51,50.864384,-4.354383697509768
2018-10-22 16:00:00,50.65,50.64281,0.007189178466795454
2018-10-22 16:15:00,52.38,54.51495,-2.134949798583982
2018-10-22 16:30:00,51.12,57.093422,-5.973421936035159
2018-10-22 16:45:00,52.52,53.445244,-0.9252438354492156
2018-10-22 17:00:00,42.01,49.947186,-7.937185516357424
2018-10-22 17:15:00,55.66,43.32843,12.331569824218747
2018-10-22 17:30:00,52.13,52.99704,-0.8670397949218724
2018-10-22 17:45:00,32.04,52.07757,-20.037571868896485
2018-10-22 18:00:00,30.67,40.01609,-9.346090393066405
2018-10-22 18:15:00,40.1,38.90421,1.1957908630371108
2018-10-22 18:30:00,93.02,44.559593,48.4604067993164
2018-10-22 18:45:00,82.26,91.15119,-8.891191711425776
2018-10-22 19:00:00,105.08,89.32955,15.750448303222655
2018-10-22 19:15:00,76.18,93.59998,-17.419983215332024
2018-10-22 19:30:00,95.22,87.37646,7.84354278564453
2018-10-22 19:45:00,46.15,92.854546,-46.70454559326172
2018-10-22 20:00:00,62.17,48.262215,13.90778533935547
2018-10-22 20:15:00,65.59,61.256638,4.333362426757816
2018-10-22 20:30:00,69.84,69.33482,0.5051763916015659
2018-10-22 20:45:00,61.6,74.81466,-13.214659118652342
2018-10-22 21:00:00,17.06,41.09592,-24.035920562744142
2018-10-22 21:15:00,5.51,4.9835253,0.5264747238159178
2018-10-22 21:30:00,4.07,3.0044546,1.0655453872680667
2018-10-22 21:45:00,4.1,2.11982,1.9801798820495602
2018-10-22 22:00:00,4.0,3.4822376,0.5177624225616455
2018-10-22 22:15:00,3.85,3.1391838,0.710816240310669
2018-10-22 22:30:00,3.82,2.9220603,0.8979397487640379
2018-10-22 22:45:00,3.74,2.5918477,1.1481523418426516
2018-10-22 23:00:00,3.71,2.464009,1.2459909534454345
2018-10-22 23:15:00,4.61,2.464009,2.145990953445435
2018-10-22 23:30:00,4.32,3.4067082,0.9132917594909671
2018-10-22 23:45:00,3.6,3.7348762,-0.1348761558532714
2018-10-23 00:00:00,4.82,3.77313,1.0468700599670413
2018-10-23 00:15:00,3.64,6.5309806,-2.890980587005615
2018-10-23 00:30:00,3.6,3.8446715,-0.24467148780822745
2018-10-23 00:45:00,3.71,3.8446715,-0.13467148780822757
2018-10-23 01:00:00,3.71,3.5810435,0.12895651817321774
2018-10-23 01:15:00,3.71,3.5810435,0.12895651817321774
2018-10-23 01:30:00,3.67,3.5810435,0.0889565181732177
2018-10-23 01:45:00,3.67,3.3827026,0.28729741096496575
2018-10-23 02:00:00,3.64,3.3827026,0.25729741096496594
2018-10-23 02:15:00,3.71,3.2892063,0.4207937335968017
2018-10-23 02:30:00,3.82,3.5810435,0.2389565181732176
2018-10-23 02:45:00,4.86,3.7088826,1.1511174297332767
2018-10-23 03:00:00,4.1,5.4976273,-1.3976272583007816
2018-10-23 03:15:00,3.38,5.0619726,-1.6819726181030275
2018-10-23 03:30:00,3.06,3.2543728,-0.1943728351593017
2018-10-23 03:45:00,3.1,3.0018663,0.09813365936279306
2018-10-23 04:00:00,3.2,3.0018663,0.19813365936279315
2018-10-23 04:15:00,3.1,3.1350813,-0.03508129119873038
2018-10-23 04:30:00,3.02,3.0018663,0.018133659362792987
2018-10-23 04:45:00,3.1,3.0018663,0.09813365936279306
2018-10-23 05:00:00,3.1,3.0018663,0.09813365936279306
2018-10-23 05:15:00,3.1,3.0018663,0.09813365936279306
2018-10-23 05:30:00,3.38,3.0018663,0.37813365936279286
2018-10-23 05:45:00,3.64,3.2543728,0.38562716484069837
2018-10-23 06:00:00,4.68,3.385681,1.2943190860748288
2018-10-23 06:15:00,4.32,5.4216046,-1.1016046333312985
2018-10-23 06:30:00,2.99,5.4946117,-2.5046117401123045
2018-10-23 06:45:00,3.06,3.228776,-0.16877597808837885
2018-10-23 07:00:00,2.95,3.0018663,-0.051866340637206854
2018-10-23 07:15:00,3.02,3.0018663,0.018133659362792987
2018-10-23 07:30:00,3.17,3.0018663,0.1681336593627929
2018-10-23 07:45:00,4.0,3.3395195,0.6604804992675781
2018-10-23 08:00:00,4.68,10.76614,-6.08613998413086
2018-10-23 08:15:00,37.33,19.452345,17.87765510559082
2018-10-23 08:30:00,81.86,59.632233,22.227767333984374
2018-10-23 08:45:00,86.98,92.269875,-5.289874572753902
2018-10-23 09:00:00,68.76,95.47381,-26.713808288574214
2018-10-23 09:15:00,66.85,72.15682,-5.306822204589849
2018-10-23 09:30:00,66.67,70.017334,-3.3473339843749983
2018-10-23 09:45:00,56.48,70.3811,-13.901103515625003
2018-10-23 10:00:00,46.62,59.110023,-12.490023498535159
2018-10-23 10:15:00,52.24,54.790215,-2.5502145385742168
2018-10-23 10:30:00,47.02,57.685493,-10.665493469238278
2018-10-23 10:45:00,44.32,54.06085,-9.740848236083984
2018-10-23 11:00:00,48.17,52.98763,-4.817628936767576
2018-10-23 11:15:00,54.0,54.673725,-0.6737251281738281
2018-10-23 11:30:00,62.32,55.799503,6.520496673583985
2018-10-23 11:45:00,69.05,60.41539,8.63460998535156
2018-10-23 12:00:00,91.3,65.110054,26.189945983886716
2018-10-23 12:15:00,12.85,34.09351,-21.243509674072264
2018-10-23 12:30:00,4.82,2.4339368,2.386063165664673
2018-10-23 12:45:00,4.64,3.455443,1.1845570945739743
2018-10-23 13:00:00,4.25,12.440898,-8.190897941589355
2018-10-23 13:15:00,48.35,25.60242,22.747579193115236
2018-10-23 13:30:00,89.89,65.51299,24.377007141113282
2018-10-23 13:45:00,96.41,90.67266,5.737339172363278
2018-10-23 14:00:00,55.76,92.62388,-36.86387847900391
2018-10-23 14:15:00,64.37,57.81398,6.556019897460942
2018-10-23 14:30:00,118.48,64.86801,53.61198852539063
2018-10-23 14:45:00,110.23,88.703094,21.52690551757813
2018-10-23 15:00:00,55.44,93.18646,-37.74646240234375
2018-10-23 15:15:00,78.48,60.084965,18.39503524780274
2018-10-23 15:30:00,84.1,89.93478,-5.834776306152349
2018-10-23 15:45:00,53.5,94.05087,-40.550872802734375
2018-10-23 16:00:00,74.52,58.25763,16.262370605468746
2018-10-23 16:15:00,58.64,78.13522,-19.495223388671874
2018-10-23 16:30:00,46.8,61.736298,-14.936297607421878
2018-10-23 16:45:00,44.57,54.867775,-10.297774963378906
2018-10-23 17:00:00,66.74,46.97542,19.764578094482417
2018-10-23 17:15:00,55.37,61.549698,-6.179697875976565
2018-10-23 17:30:00,51.44,53.854454,-2.414454040527346
2018-10-23 17:45:00,31.0,40.044106,-9.044105529785156
2018-10-23 18:00:00,31.1,34.7346,-3.6346000671386705
2018-10-23 18:15:00,74.05,41.05139,32.9986083984375
2018-10-23 18:30:00,125.28,72.71231,52.567689208984376
2018-10-23 18:45:00,75.64,82.41293,-6.772933349609374
2018-10-23 19:00:00,47.02,73.08267,-26.062672119140622
2018-10-23 19:15:00,63.58,50.906292,12.673708038330076
2018-10-23 19:30:00,59.26,60.39698,-1.1369802856445332
2018-10-23 19:45:00,70.74,58.60463,12.135370483398432
2018-10-23 20:00:00,51.59,74.72693,-23.136928710937497
2018-10-23 20:15:00,61.2,55.497738,5.7022621154785185
2018-10-23 20:30:00,55.51,61.536194,-6.026193847656252
2018-10-23 20:45:00,62.75,56.258114,6.491886138916016
2018-10-23 21:00:00,34.09,29.616814,4.473186340332035
2018-10-23 21:15:00,32.98,17.856388,15.123611907958981
2018-10-23 21:30:00,29.99,21.07329,8.916710128784178
2018-10-23 21:45:00,29.88,13.821174,16.058826332092284
2018-10-23 22:00:00,37.48,18.454622,19.02537773132324
2018-10-23 22:15:00,62.5,28.9425,33.5575008392334
2018-10-23 22:30:00,92.99,50.16139,42.8286116027832
2018-10-23 22:45:00,76.1,69.00402,7.095979309082026
2018-10-23 23:00:00,71.17,63.530838,7.639161987304689
2018-10-23 23:15:00,32.33,46.67464,-14.34464065551758
2018-10-23 23:30:00,17.93,24.44363,-6.51363021850586
2018-10-23 23:45:00,6.37,7.602357,-1.2323569107055663
2018-10-24 00:00:00,2.92,6.6062784,-3.686278419494629
2018-10-24 00:15:00,4.86,1.7620748,3.097925171852112
2018-10-24 00:30:00,4.9,4.1976666,0.7023333549499515
2018-10-24 00:45:00,3.89,4.2563286,-0.36632858276367175
2018-10-24 01:00:00,3.82,2.1546006,1.6653993797302244
2018-10-24 01:15:00,3.74,2.1546006,1.5853993797302248
2018-10-24 01:30:00,3.74,2.026762,1.713237991333008
2018-10-24 01:45:00,3.78,2.026762,1.7532379913330076
2018-10-24 02:00:00,3.74,2.026762,1.713237991333008
2018-10-24 02:15:00,3.78,2.026762,1.7532379913330076
2018-10-24 02:30:00,3.78,2.1219902,1.658009796142578
2018-10-24 02:45:00,3.78,2.0659196,1.714080362319946
2018-10-24 03:00:00,3.78,1.9373754,1.8426245737075804
2018-10-24 03:15:00,3.74,2.026762,1.713237991333008
2018-10-24 03:30:00,3.78,2.026762,1.7532379913330076
2018-10-24 03:45:00,3.82,2.026762,1.7932379913330077
2018-10-24 04:00:00,4.68,2.1546006,2.5253993797302243
2018-10-24 04:15:00,4.72,3.704939,1.015061111450195
2018-10-24 04:30:00,3.2,4.2346234,-1.0346234321594237
2018-10-24 04:45:00,3.24,1.6772742,1.5627257728576662
2018-10-24 05:00:00,3.24,1.7965658,1.443434228897095
2018-10-24 05:15:00,3.17,1.7965658,1.3734342288970947
2018-10-24 05:30:00,3.13,1.6548018,1.4751981544494628
2018-10-24 05:45:00,3.13,1.5932345,1.5367654609680175
2018-10-24 06:00:00,3.13,1.6434911,1.4865088510513305
2018-10-24 06:15:00,3.2,1.5038481,1.696151924133301
2018-10-24 06:30:00,3.1,1.6772742,1.422725772857666
2018-10-24 06:45:00,3.42,1.5440588,1.8759412002563476
2018-10-24 07:00:00,3.74,1.7965658,1.943434228897095
2018-10-24 07:15:00,3.64,2.026762,1.613237991333008
2018-10-24 07:30:00,3.78,1.8313993,1.9486006784439085
2018-10-24 07:45:00,5.4,1.9373754,3.462624573707581
2018-10-24 08:00:00,4.18,13.055473,-8.875473327636719
2018-10-24 08:15:00,34.16,33.2123,0.9477006530761685
2018-10-24 08:30:00,58.75,54.971962,3.7780380249023438
2018-10-24 08:45:00,68.98,74.08748,-5.1074786376953085
2018-10-24 09:00:00,44.21,73.86876,-29.658759155273437
2018-10-24 09:15:00,43.85,53.918232,-10.068231964111327
2018-10-24 09:30:00,66.53,53.918232,12.611768035888673
2018-10-24 09:45:00,52.67,71.25372,-18.58372314453125
2018-10-24 10:00:00,49.57,59.814102,-10.244102172851562
2018-10-24 10:15:00,80.78,57.500687,23.27931335449219
2018-10-24 10:30:00,129.37415,88.33997,41.034176550292955
2018-10-24 10:45:00,90.43,83.70329,6.726707153320319
2018-10-24 11:00:00,111.89,93.78129,18.108711853027344
2018-10-24 11:15:00,91.55,93.17719,-1.627192687988284
2018-10-24 11:30:00,59.36,95.337395,-35.97739471435547
2018-10-24 11:45:00,61.63,64.49276,-2.862759704589841
2018-10-24 12:00:00,44.42,57.68452,-13.264520721435545
2018-10-24 12:15:00,5.29,12.449812,-7.159811935424805
2018-10-24 12:30:00,5.15,4.0149803,1.135019683837891
2018-10-24 12:45:00,5.44,4.0357976,1.4042024040222172
2018-10-24 13:00:00,4.75,12.474396,-7.724395751953125
2018-10-24 13:15:00,31.21,33.469448,-2.2594480895996085
2018-10-24 13:30:00,54.07,59.142155,-5.072154693603515
2018-10-24 13:45:00,60.3,66.411575,-6.111575317382815
2018-10-24 14:00:00,69.52,62.041218,7.478782196044918
2018-10-24 14:15:00,52.99,72.990005,-20.00000549316406
2018-10-24 14:30:00,54.07,56.339314,-2.269313507080078
2018-10-24 14:45:00,59.83,58.308235,1.521764831542967
2018-10-24 15:00:00,51.19,61.85175,-10.661749420166018
2018-10-24 15:15:00,57.96,56.69577,1.2642297363281259
2018-10-24 15:30:00,55.33,61.620853,-6.290853424072267
2018-10-24 15:45:00,59.69,60.988117,-1.2981172180175804
2018-10-24 16:00:00,46.87,60.857586,-13.987585906982424
2018-10-24 16:15:00,56.99,55.082233,1.9077665710449239
2018-10-24 16:30:00,55.48,60.71581,-5.235808868408206
2018-10-24 16:45:00,52.13,61.85654,-9.726540679931638
2018-10-24 17:00:00,56.23,53.12179,3.1082081604003875
2018-10-24 17:15:00,57.78,54.33195,3.4480488586425793
2018-10-24 17:30:00,62.28,55.77179,6.508210449218751
2018-10-24 17:45:00,52.92,42.220207,10.699792785644533
2018-10-24 18:00:00,33.52,48.227997,-14.707996826171872
2018-10-24 18:15:00,15.91,41.35202,-25.442020263671875
2018-10-24 18:30:00,3.89,17.250189,-13.360188827514648
2018-10-24 18:45:00,3.92,5.145448,-1.2254482078552247
2018-10-24 19:00:00,3.89,11.417444,-7.527444229125976
2018-10-24 19:15:00,3.92,8.603154,-4.683154182434082
2018-10-24 19:30:00,3.82,6.8036976,-2.9836975860595705
2018-10-24 19:45:00,3.85,7.9250774,-4.0750774383544925
2018-10-24 20:00:00,3.78,9.65982,-5.879819602966309
2018-10-24 20:15:00,4.72,6.6369915,-1.9169915008544924
2018-10-24 20:30:00,4.64,6.9970274,-2.357027397155762
2018-10-24 20:45:00,3.85,6.8780007,-3.028000736236572
2018-10-24 21:00:00,3.89,9.090171,-5.200170860290527
2018-10-24 21:15:00,3.82,8.543787,-4.723787002563476
2018-10-24 21:30:00,3.82,6.559372,-2.7393719482421877
2018-10-24 21:45:00,3.92,6.5922155,-2.6722155380249024
2018-10-24 22:00:00,3.85,11.841777,-7.991776847839356
2018-10-24 22:15:00,3.64,4.005937,-0.365937099456787
2018-10-24 22:30:00,3.56,-0.7802083,4.340208289623261
2018-10-24 22:45:00,3.64,-2.452283,6.092282905578614
2018-10-24 23:00:00,3.6,0.01741695,3.582583049684763
2018-10-24 23:15:00,2.95,6.9360847,-3.986084747314453
2018-10-24 23:30:00,2.92,4.8218274,-1.9018274116516114
2018-10-24 23:45:00,2.92,2.4394634,0.48053662300109856
2018-10-25 00:00:00,4.1,3.3432453,0.7567547321319577
2018-10-25 00:15:00,3.1,5.28965,-2.189649963378906
2018-10-25 00:30:00,3.67,3.2513838,0.41861621856689446
2018-10-25 00:45:00,3.02,3.8178394,-0.7978393840789795
2018-10-25 01:00:00,2.99,3.2353213,-0.2453212833404539
2018-10-25 01:15:00,2.95,3.1400926,-0.19009261131286603
2018-10-25 01:30:00,3.13,3.1400926,-0.010092611312866318
2018-10-25 01:45:00,3.02,3.1892684,-0.16926835060119627
2018-10-25 02:00:00,2.99,3.1400926,-0.150092611312866
2018-10-25 02:15:00,2.99,3.1400926,-0.150092611312866
2018-10-25 02:30:00,3.13,3.1400926,-0.010092611312866318
2018-10-25 02:45:00,3.71,3.1892684,0.5207316493988037
2018-10-25 03:00:00,3.17,3.6443105,-0.474310474395752
2018-10-25 03:15:00,3.02,3.2508357,-0.23083565711975096
2018-10-25 03:30:00,3.02,3.1400926,-0.1200926113128662
2018-10-25 03:45:00,3.49,3.2353213,0.2546787166595461
2018-10-25 04:00:00,3.56,3.4191053,0.1408947086334229
2018-10-25 04:15:00,3.02,3.448125,-0.428124885559082
2018-10-25 04:30:00,3.02,3.1400926,-0.1200926113128662
2018-10-25 04:45:00,3.13,3.1400926,-0.010092611312866318
2018-10-25 05:00:00,3.1,3.1892684,-0.0892683506011962
2018-10-25 05:15:00,3.13,3.1400926,-0.010092611312866318
2018-10-25 05:30:00,3.06,3.1892684,-0.12926835060119624
2018-10-25 05:45:00,3.02,3.1400926,-0.1200926113128662
2018-10-25 06:00:00,3.35,3.1400926,0.20990738868713388
2018-10-25 06:15:00,3.42,3.3925996,0.02740041732788079
2018-10-25 06:30:00,2.95,3.3925996,-0.44259958267211896
2018-10-25 06:45:00,2.95,3.1400926,-0.19009261131286603
2018-10-25 07:00:00,2.95,3.1400926,-0.19009261131286603
2018-10-25 07:15:00,2.84,3.1400926,-0.30009261131286635
2018-10-25 07:30:00,2.92,3.1400926,-0.22009261131286628
2018-10-25 07:45:00,4.43,3.0960064,1.3339936065673825
2018-10-25 08:00:00,5.9,11.627137,-5.727137184143066
2018-10-25 08:15:00,36.58,35.00242,1.577581481933592
2018-10-25 08:30:00,54.36,51.767204,2.5927957153320307
2018-10-25 08:45:00,76.25,65.22479,11.02520751953125
2018-10-25 09:00:00,74.56,76.58028,-2.0202764892578102
2018-10-25 09:15:00,64.84,69.357834,-4.517833862304684
2018-10-25 09:30:00,55.26,63.003727,-7.743726959228518
2018-10-25 09:45:00,84.06,55.20413,28.855871734619143
2018-10-25 10:00:00,67.79,82.194595,-14.404595336914056
2018-10-25 10:15:00,78.12,61.800934,16.31906616210938
2018-10-25 10:30:00,58.72,82.68456,-23.96456268310547
2018-10-25 10:45:00,70.2,55.393944,14.806056213378909
2018-10-25 11:00:00,67.43,68.17213,-0.7421267700195244
2018-10-25 11:15:00,74.34,63.880554,10.459445800781253
2018-10-25 11:30:00,58.93,68.21239,-9.282387084960938
2018-10-25 11:45:00,79.92,57.97304,21.946958465576174
2018-10-25 12:00:00,52.45,73.81566,-21.365658569335935
2018-10-25 12:15:00,8.46,24.788877,-16.328877487182616
2018-10-25 12:30:00,5.83,4.9124436,0.9175563621520997
2018-10-25 12:45:00,4.93,3.9321969,0.9978031444549558
2018-10-25 13:00:00,4.68,12.296391,-7.616390533447266
2018-10-25 13:15:00,29.48,24.35464,5.125360946655274
2018-10-25 13:30:00,50.26,50.908573,-0.6485731506347676
2018-10-25 13:45:00,58.36,59.171783,-0.8117834472656256
2018-10-25 14:00:00,59.15,57.357456,1.792543792724608
2018-10-25 14:15:00,54.97,56.51024,-1.5402386474609386
2018-10-25 14:30:00,60.16,54.946575,5.213424835205075
2018-10-25 14:45:00,58.28,58.43597,-0.15597030639648324
2018-10-25 15:00:00,60.23,56.74802,3.4819798278808562
2018-10-25 15:15:00,47.41,58.426147,-11.016147460937503
2018-10-25 15:30:00,47.38,51.169033,-3.789033050537107
2018-10-25 15:45:00,66.53,50.98149,15.548508911132814
2018-10-25 16:00:00,66.28,64.0012,2.278802185058595
2018-10-25 16:15:00,60.37,63.443996,-3.073996429443362
2018-10-25 16:30:00,57.67,58.361885,-0.6918850708007795
2018-10-25 16:45:00,57.42,56.457375,0.9626254272460955
2018-10-25 17:00:00,46.84,50.835075,-3.9950753784179653
2018-10-25 17:15:00,60.19,46.20845,13.981549682617185
2018-10-25 17:30:00,51.73,53.406315,-1.6763148498535188
2018-10-25 17:45:00,29.84,48.0761,-18.236099395751953
2018-10-25 18:00:00,30.02,36.247337,-6.227337341308594
2018-10-25 18:15:00,51.98,31.020647,20.9593529510498
2018-10-25 18:30:00,57.6,49.906235,7.693765258789064
2018-10-25 18:45:00,65.12,51.596924,13.523076171875005
2018-10-25 19:00:00,67.32,58.579906,8.740093536376946
2018-10-25 19:15:00,48.49,58.670597,-10.180597076416014
2018-10-25 19:30:00,51.3,47.684883,3.615116882324216
2018-10-25 19:45:00,56.34,48.098324,8.241676177978519
2018-10-25 20:00:00,57.06,53.36217,3.697828826904299
2018-10-25 20:15:00,53.5,48.456306,5.043693542480469
2018-10-25 20:30:00,56.66,46.645912,10.01408782958984
2018-10-25 20:45:00,81.0,50.55337,30.44662857055664
2018-10-25 21:00:00,75.02,65.05742,9.962581176757809
2018-10-25 21:15:00,8.89,50.554398,-41.66439758300781
2018-10-25 21:30:00,4.07,5.323394,-1.2533938217163083
2018-10-25 21:45:00,3.89,3.365897,0.5241030597686769
2018-10-25 22:00:00,3.89,3.7817283,0.10827173233032239
2018-10-25 22:15:00,3.71,3.7817283,-0.07172826766967777
2018-10-25 22:30:00,3.64,3.6538882,-0.013888225555419798
2018-10-25 22:45:00,3.53,3.571651,-0.04165098190307637
2018-10-25 23:00:00,3.56,3.571651,-0.011650981903076119
2018-10-25 23:15:00,3.46,3.5306003,-0.07060030937194828
2018-10-25 23:30:00,3.53,3.4858446,0.04415538787841777
2018-10-25 23:45:00,3.42,3.6055596,-0.18555958747863777
2018-10-26 00:00:00,3.6,3.8589065,-0.25890650749206534
2018-10-26 00:15:00,4.57,3.9373863,0.6326137256622317
2018-10-26 00:30:00,3.49,5.4722004,-1.9822003936767576
2018-10-26 00:45:00,3.53,3.9356277,-0.4056276988983156
2018-10-26 01:00:00,3.49,3.1938543,0.29614566802978537
2018-10-26 01:15:00,3.53,3.1920958,0.3379042434692381
2018-10-26 01:30:00,3.53,3.1837842,0.34621575355529766
2018-10-26 01:45:00,3.49,3.1837842,0.30621575355529806
2018-10-26 02:00:00,3.49,3.1920958,0.2979042434692385
2018-10-26 02:15:00,3.35,3.1920958,0.15790424346923837
2018-10-26 02:30:00,2.92,3.1697576,-0.2497576045989991
2018-10-26 02:45:00,2.88,2.917251,-0.0372511100769044
2018-10-26 03:00:00,2.88,2.917251,-0.0372511100769044
2018-10-26 03:15:00,2.88,2.917251,-0.0372511100769044
2018-10-26 03:30:00,2.95,2.917251,0.03274888992309588
2018-10-26 03:45:00,2.84,2.917251,-0.07725111007690444
2018-10-26 04:00:00,2.84,2.917251,-0.07725111007690444
2018-10-26 04:15:00,2.92,2.917251,0.002748889923095632
2018-10-26 04:30:00,2.88,2.917251,-0.0372511100769044
2018-10-26 04:45:00,3.17,2.917251,0.25274888992309563
2018-10-26 05:00:00,3.53,3.0279932,0.5020067977905271
2018-10-26 05:15:00,3.2,3.1837842,0.01621575355529803
2018-10-26 05:30:00,3.38,3.050466,0.32953393936157216
2018-10-26 05:45:00,2.88,3.1697576,-0.28975760459899913
2018-10-26 06:00:00,2.92,2.917251,0.002748889923095632
2018-10-26 06:15:00,2.84,2.917251,-0.07725111007690444
2018-10-26 06:30:00,2.81,2.9273212,-0.11732119560241694
2018-10-26 06:45:00,2.84,2.9273212,-0.08732119560241713
2018-10-26 07:00:00,2.81,2.9273212,-0.11732119560241694
2018-10-26 07:15:00,2.84,2.9273212,-0.08732119560241713
2018-10-26 07:30:00,3.28,2.9273212,0.3526788043975828
2018-10-26 07:45:00,5.9,3.106729,2.7932709693908695
2018-10-26 08:00:00,5.54,13.105005,-7.5650052642822265
2018-10-26 08:15:00,25.99,39.525387,-13.535386810302736
2018-10-26 08:30:00,100.69,49.38561,51.304391326904295
2018-10-26 08:45:00,80.68,100.24375,-19.5637515258789
2018-10-26 09:00:00,104.65,87.24732,17.402677917480474
2018-10-26 09:15:00,121.18,98.82997,22.350028686523444
2018-10-26 09:30:00,106.06,92.61961,13.440386352539065
2018-10-26 09:45:00,106.52,93.089966,13.430034179687496
2018-10-26 10:00:00,122.69,96.117226,26.57277435302734
2018-10-26 10:15:00,93.2,88.618904,4.581095886230472
2018-10-26 10:30:00,52.45,89.88419,-37.43419342041015
2018-10-26 10:45:00,74.27,57.43557,16.834430236816402
2018-10-26 11:00:00,60.26,73.85716,-13.59716247558594
2018-10-26 11:15:00,72.18,61.971325,10.20867507934571
2018-10-26 11:30:00,72.9,71.56588,1.334120178222662
2018-10-26 11:45:00,65.2,70.78206,-5.58205871582031
2018-10-26 12:00:00,60.23,58.371853,1.8581471252441375
2018-10-26 12:15:00,8.39,19.488144,-11.098143920898437
2018-10-26 12:30:00,4.32,3.1488883,1.1711116504669192
2018-10-26 12:45:00,4.68,3.3932402,1.2867597866058347
2018-10-26 13:00:00,4.28,10.684732,-6.404732437133789
2018-10-26 13:15:00,33.66,22.719818,10.940181884765622
2018-10-26 13:30:00,66.02,58.34778,7.672221679687496
2018-10-26 13:45:00,63.76,73.44871,-9.688707580566408
2018-10-26 14:00:00,68.11,65.24545,2.8645471191406244
2018-10-26 14:15:00,69.91,69.85738,0.05261627197265284
2018-10-26 14:30:00,55.55,72.69575,-17.145747375488284
2018-10-26 14:45:00,52.34,58.995956,-6.655956420898434
2018-10-26 15:00:00,58.64,59.35999,-0.7199891662597651
2018-10-26 15:15:00,67.61,60.94342,6.666579589843749
2018-10-26 15:30:00,45.36,70.025696,-24.66569580078125
2018-10-26 15:45:00,49.1,54.674397,-5.574396514892577
2018-10-26 16:00:00,58.07,57.65756,0.4124415588378909
2018-10-26 16:15:00,50.44,62.595203,-12.155203399658205
2018-10-26 16:30:00,48.06,55.010075,-6.950074615478513
2018-10-26 16:45:00,55.62,53.772408,1.8475924682617162
2018-10-26 17:00:00,47.12,52.034996,-4.914996032714846
2018-10-26 17:15:00,54.86,47.985126,6.874873504638671
2018-10-26 17:30:00,62.53,52.21283,10.317170410156251
2018-10-26 17:45:00,31.5,41.20248,-9.70248031616211
2018-10-26 18:00:00,31.21,33.507847,-2.2978468322753898
2018-10-26 18:15:00,39.92,42.07442,-2.1544209289550764
2018-10-26 18:30:00,51.77,46.061012,5.708987731933597
2018-10-26 18:45:00,52.06,55.262707,-3.2027067565917946
2018-10-26 19:00:00,51.12,56.174416,-5.054415588378909
2018-10-26 19:15:00,63.14,54.960644,8.179356231689454
2018-10-26 19:30:00,65.02,61.888214,3.131785888671871
2018-10-26 19:45:00,51.37,64.96263,-13.59263122558594
2018-10-26 20:00:00,58.72,53.18131,5.538691253662108
2018-10-26 20:15:00,51.12,58.324677,-7.204676513671878
2018-10-26 20:30:00,49.97,53.333706,-3.3637059020996105
2018-10-26 20:45:00,60.26,51.761806,8.498193511962889
2018-10-26 21:00:00,47.02,49.776722,-2.7567219543457
2018-10-26 21:15:00,5.72,21.077305,-15.357304840087892
2018-10-26 21:30:00,5.04,4.0052247,1.0347752952575684
2018-10-26 21:45:00,4.07,3.8633873,0.2066126537323001
2018-10-26 22:00:00,3.96,3.9054763,0.054523668289184535
2018-10-26 22:15:00,3.78,3.8126087,-0.03260871887207051
2018-10-26 22:30:00,3.85,3.6222434,0.22775659561157235
2018-10-26 22:45:00,3.67,3.750082,-0.08008201599121101
2018-10-26 23:00:00,3.71,3.5417972,0.16820283889770504
2018-10-26 23:15:00,3.64,3.6222434,0.01775659561157239
2018-10-26 23:30:00,3.56,3.5400062,0.01999383926391607
2018-10-26 23:45:00,3.67,3.5400062,0.12999383926391594
2018-10-27 00:00:00,2.74,3.8871944,-1.1471943950653074
2018-10-27 00:15:00,3.64,3.3078444,0.33215559959411634
2018-10-27 00:30:00,3.64,3.7687645,-0.12876449584960925
2018-10-27 00:45:00,3.67,3.7936976,-0.12369759559631355
2018-10-27 01:00:00,3.67,3.3745673,0.29543272972106926
2018-10-27 01:15:00,3.74,3.3745673,0.36543272972106955
2018-10-27 01:30:00,3.64,3.4764335,0.16356648445129407
2018-10-27 01:45:00,3.64,3.2810705,0.3589295291900636
2018-10-27 02:00:00,4.5,3.2810705,1.2189295291900635
2018-10-27 02:15:00,3.6,4.85112,-1.2511199951171874
2018-10-27 02:30:00,3.17,3.3763368,-0.20633681297302253
2018-10-27 02:45:00,3.13,3.1252794,0.004720573425292862
2018-10-27 03:00:00,3.17,3.0637121,0.10628787994384759
2018-10-27 03:15:00,3.13,3.1252794,0.004720573425292862
2018-10-27 03:30:00,3.13,3.0637121,0.06628787994384755
2018-10-27 03:45:00,3.13,3.0637121,0.06628787994384755
2018-10-27 04:00:00,3.17,3.0637121,0.10628787994384759
2018-10-27 04:15:00,3.17,3.1252794,0.0447205734252929
2018-10-27 04:30:00,3.13,3.1252794,0.004720573425292862
2018-10-27 04:45:00,3.1,3.0637121,0.036287879943847745
2018-10-27 05:00:00,3.42,3.0145373,0.40546266555786126
2018-10-27 05:15:00,3.64,3.2670438,0.3729561710357667
2018-10-27 05:30:00,3.1,3.2810705,-0.18107047080993643
2018-10-27 05:45:00,3.1,3.0145373,0.08546266555786142
2018-10-27 06:00:00,3.06,3.0145373,0.04546266555786138
2018-10-27 06:15:00,3.1,3.0145373,0.08546266555786142
2018-10-27 06:30:00,3.67,3.0145373,0.6554626655578613
2018-10-27 06:45:00,3.49,3.4698336,0.02016638755798361
2018-10-27 07:00:00,3.1,3.328081,-0.22808089256286612
2018-10-27 07:15:00,3.13,3.0145373,0.11546266555786122
2018-10-27 07:30:00,3.24,3.0637121,0.17628787994384787
2018-10-27 07:45:00,3.2,3.391304,-0.19130401611328107
2018-10-27 08:00:00,3.38,6.571239,-3.191238994598389
2018-10-27 08:15:00,30.74,14.824233,15.915766944885252
2018-10-27 08:30:00,46.55,44.207947,2.342053222656247
2018-10-27 08:45:00,47.02,57.363384,-10.343384246826169
2018-10-27 09:00:00,45.72,47.747746,-2.0277455139160168
2018-10-27 09:15:00,46.15,45.526478,0.6235221862792955
2018-10-27 09:30:00,44.71,47.521446,-2.811446228027343
2018-10-27 09:45:00,45.25,45.96634,-0.716339111328125
2018-10-27 10:00:00,46.08,42.797764,3.2822361755371077
2018-10-27 10:15:00,42.34,44.50191,-2.1619111633300747
2018-10-27 10:30:00,48.6,43.75092,4.849080657958986
2018-10-27 10:45:00,37.48,48.453396,-10.973395843505863
2018-10-27 11:00:00,40.36,41.035126,-0.6751257324218756
2018-10-27 11:15:00,46.58,41.469387,5.110612945556639
2018-10-27 11:30:00,45.58,46.42608,-0.8460787963867205
2018-10-27 11:45:00,47.3,45.391563,1.9084365844726534
2018-10-27 12:00:00,23.0,37.00559,-14.00558853149414
2018-10-27 12:15:00,3.82,5.660895,-1.8408948707580568
2018-10-27 12:30:00,4.46,2.068505,2.391494951248169
2018-10-27 12:45:00,5.54,3.303124,2.236876049041748
2018-10-27 13:00:00,4.97,11.061832,-6.091832427978516
2018-10-27 13:15:00,29.66,23.961538,5.698461685180664
2018-10-27 13:30:00,37.76,45.653843,-7.893842926025393
2018-10-27 13:45:00,36.9,48.352913,-11.452912902832033
2018-10-27 14:00:00,48.85,40.10566,8.74434051513672
2018-10-27 14:15:00,39.92,47.961395,-8.041395263671873
2018-10-27 14:30:00,47.09,41.02187,6.068130340576175
2018-10-27 14:45:00,34.42,45.99762,-11.577619628906248
2018-10-27 15:00:00,43.63,38.395153,5.234846954345706
2018-10-27 15:15:00,50.18,43.41308,6.766921691894531
2018-10-27 15:30:00,40.54,47.821327,-7.281327209472657
2018-10-27 15:45:00,53.89,41.57991,12.310089721679688
2018-10-27 16:00:00,53.5,50.586086,2.9139137268066406
2018-10-27 16:15:00,49.39,50.970245,-1.5802453613281244
2018-10-27 16:30:00,41.87,48.02295,-6.152949218750003
2018-10-27 16:45:00,48.31,41.905212,6.404787597656252
2018-10-27 17:00:00,9.07,35.222687,-26.152686767578125
2018-10-27 17:15:00,5.04,3.610549,1.429451026916504
2018-10-27 17:30:00,3.64,1.3589611,2.2810388946533204
2018-10-27 17:45:00,3.53,2.118247,1.4117529678344725
2018-10-27 18:00:00,3.6,4.6749797,-1.0749796867370605
2018-10-27 18:15:00,3.53,3.84074,-0.31073996543884297
2018-10-27 18:30:00,3.53,2.2947347,1.2352652835845945
2018-10-27 18:45:00,3.67,2.0660603,1.6039396953582763
2018-10-27 19:00:00,3.64,2.136642,1.5033580207824708
2018-10-27 19:15:00,3.71,2.0708418,1.6391582107543945
2018-10-27 19:30:00,3.64,2.7431257,0.8968743228912355
2018-10-27 19:45:00,3.6,1.8992336,1.70076642036438
2018-10-27 20:00:00,3.6,1.4699534,2.130046582221985
2018-10-27 20:15:00,3.67,1.7614192,1.908580822944641
2018-10-27 20:30:00,3.67,2.459785,1.2102150154113769
2018-10-27 20:45:00,3.64,1.8052077,1.8347922706604005
2018-10-27 21:00:00,4.14,1.6905985,2.4494015121459958
2018-10-27 21:15:00,4.61,3.93364,0.6763599967956546
2018-10-27 21:30:00,3.67,4.507426,-0.8374257850646973
2018-10-27 21:45:00,3.64,3.6651525,-0.02515254974365222
2018-10-27 22:00:00,3.67,3.8476198,-0.17761977195739753
2018-10-27 22:15:00,3.38,3.9221303,-0.5421303462982179
2018-10-27 22:30:00,3.35,3.8823905,-0.5323904991149901
2018-10-27 22:45:00,3.42,3.8823905,-0.4623904991149903
2018-10-27 23:00:00,3.35,3.9063127,-0.5563127040863036
2018-10-27 23:15:00,3.38,3.8823905,-0.5023904991149903
2018-10-27 23:30:00,2.84,3.8823905,-1.0423904991149904
2018-10-27 23:45:00,2.7,3.7528434,-1.052843379974365
2018-10-28 00:00:00,2.74,3.231257,-0.49125696182250955
2018-10-28 00:15:00,2.74,3.24612,-0.506119976043701
2018-10-28 00:30:00,2.95,3.24612,-0.296119976043701
2018-10-28 00:45:00,3.38,3.3528023,0.02719772338867177
2018-10-28 01:00:00,2.99,3.092682,-0.10268188476562479
2018-10-28 01:15:00,2.84,2.8401754,-0.00017539024353041555
2018-10-28 01:30:00,2.81,2.8401754,-0.03017539024353022
2018-10-28 01:45:00,2.81,2.8401754,-0.03017539024353022
2018-10-28 02:00:00,2.84,2.839433,0.0005670452117918501
2018-10-28 02:15:00,2.81,2.8401754,-0.03017539024353022
2018-10-28 02:30:00,2.84,2.8401754,-0.00017539024353041555
2018-10-28 02:45:00,2.77,2.8401754,-0.07017539024353026
2018-10-28 03:00:00,2.95,2.770152,0.1798479080200197
2018-10-28 03:15:00,3.46,2.8401754,0.6198246097564697
2018-10-28 03:30:00,2.88,3.1003132,-0.22031318664550792
2018-10-28 03:45:00,2.84,2.8401754,-0.00017539024353041555
2018-10-28 04:00:00,2.81,2.8401754,-0.03017539024353022
2018-10-28 04:15:00,2.81,2.8401754,-0.03017539024353022
2018-10-28 04:30:00,2.84,2.8401754,-0.00017539024353041555
2018-10-28 04:45:00,2.81,2.8401754,-0.03017539024353022
2018-10-28 05:00:00,3.28,2.8401754,0.43982460975646953
2018-10-28 05:15:00,3.28,3.092682,0.1873181152343748
2018-10-28 05:30:00,2.84,3.092682,-0.25268188476562514
2018-10-28 05:45:00,2.74,2.8401754,-0.10017539024353006
2018-10-28 06:00:00,2.84,2.7334929,0.10650714874267564
2018-10-28 06:15:00,3.35,2.8401754,0.5098246097564698
2018-10-28 06:30:00,2.92,3.092682,-0.17268188476562507
2018-10-28 06:45:00,2.74,2.8401754,-0.10017539024353006
2018-10-28 07:00:00,2.74,2.7334929,0.006507148742675994
2018-10-28 07:15:00,2.81,2.7334929,0.07650714874267583
2018-10-28 07:30:00,2.7,2.8401754,-0.1401753902435301
2018-10-28 07:45:00,2.77,2.7334929,0.0365071487426758
2018-10-28 08:00:00,2.74,3.5526125,-0.8126125431060789
2018-10-28 08:15:00,2.77,9.25937,-6.489369850158692
2018-10-28 08:30:00,2.81,5.1932163,-2.383216323852539
2018-10-28 08:45:00,2.95,5.516621,-2.566621112823486
2018-10-28 09:00:00,3.53,2.9240832,0.6059167671203611
2018-10-28 09:15:00,3.67,3.2753935,0.3946065139770507
2018-10-28 09:30:00,3.49,3.600768,-0.11076808929443338
2018-10-28 09:45:00,3.02,3.4934134,-0.4734134483337402
2018-10-28 10:00:00,3.17,2.693399,0.47660104751586907
2018-10-28 10:15:00,3.06,3.5747094,-0.514709415435791
2018-10-28 10:30:00,3.02,0.96534604,2.054653961658478
2018-10-28 10:45:00,2.99,3.0929663,-0.10296631813049295
2018-10-28 11:00:00,2.99,3.195115,-0.2051150894165037
2018-10-28 11:15:00,3.06,1.8278315,1.232168493270874
2018-10-28 11:30:00,3.1,2.077438,1.0225618839263917
2018-10-28 11:45:00,3.06,0.58616287,2.4738371348381043
2018-10-28 12:00:00,3.06,-0.14827627,3.2082762694358826
2018-10-28 12:15:00,3.2,1.2603381,1.9396619319915773
2018-10-28 12:30:00,3.74,1.3471912,2.392808785438538
2018-10-28 12:45:00,3.17,0.973203,2.1967969965934753
2018-10-28 13:00:00,3.2,2.3852665,0.8147334575653078
2018-10-28 13:15:00,3.38,7.4846554,-4.1046553802490235
2018-10-28 13:30:00,3.67,7.6681247,-3.9981246757507325
2018-10-28 13:45:00,3.2,8.485802,-5.285801696777344
2018-10-28 14:00:00,3.02,2.6144428,0.4055571746826172
2018-10-28 14:15:00,3.1,3.8382473,-0.7382472991943358
2018-10-28 14:30:00,3.06,2.6156664,0.444333610534668
2018-10-28 14:45:00,3.06,3.8757448,-0.8157448196411132
2018-10-28 15:00:00,3.06,3.613418,-0.5534181022644042
2018-10-28 15:15:00,3.06,2.6722822,0.3877177810668946
2018-10-28 15:30:00,3.53,3.8871331,-0.3571331214904787
2018-10-28 15:45:00,3.49,2.3796327,1.1103672885894778
2018-10-28 16:00:00,3.13,2.3914208,0.7385791587829589
2018-10-28 16:15:00,3.06,2.5848958,0.4751041507720948
2018-10-28 16:30:00,3.02,3.5680494,-0.548049430847168
2018-10-28 16:45:00,3.02,2.489644,0.5303559494018555
2018-10-28 17:00:00,3.02,1.7005036,1.3194964122772217
2018-10-28 17:15:00,3.02,2.2960532,0.7239468288421631
2018-10-28 17:30:00,3.06,2.3286796,0.7313204383850098
2018-10-28 17:45:00,3.02,2.3286796,0.6913204383850098
2018-10-28 18:00:00,2.92,3.4735255,-0.5535255241394044
2018-10-28 18:15:00,2.95,3.4735255,-0.5235255241394041
2018-10-28 18:30:00,3.28,3.4735255,-0.1935255241394045
2018-10-28 18:45:00,4.82,3.6030736,1.2169264030456546
2018-10-28 19:00:00,3.49,5.0344844,-1.5444843864440916
2018-10-28 19:15:00,2.95,3.607591,-0.6575909137725828
2018-10-28 19:30:00,2.99,3.4735255,-0.4835255241394041
2018-10-28 19:45:00,2.95,3.4735255,-0.5235255241394041
2018-10-28 20:00:00,2.92,3.3447602,-0.4247601795196534
2018-10-28 20:15:00,3.06,3.3447602,-0.28476017951965327
2018-10-28 20:30:00,2.95,3.3447602,-0.39476017951965314
2018-10-28 20:45:00,2.95,3.3447602,-0.39476017951965314
2018-10-28 21:00:00,2.99,2.9680536,0.021946420669555877
2018-10-28 21:15:00,2.99,2.9558208,0.034179201126098846
2018-10-28 21:30:00,3.02,3.0407732,-0.020773153305053693
2018-10-28 21:45:00,2.95,3.0407732,-0.09077315330505353
2018-10-28 22:00:00,2.99,3.2250314,-0.23503137588500955
2018-10-28 22:15:00,3.17,3.2250314,-0.05503137588500984
2018-10-28 22:30:00,3.31,3.2871385,0.022861537933349663
2018-10-28 22:45:00,2.77,3.3545794,-0.5845794486999512
2018-10-28 23:00:00,3.2,3.155008,0.04499192237854022
2018-10-28 23:15:00,3.13,3.3096108,-0.17961084365844737
2018-10-28 23:30:00,2.74,3.1673172,-0.4273171520233152
2018-10-28 23:45:00,2.77,3.0647626,-0.2947625923156738
2018-10-29 00:00:00,3.64,3.1612508,0.47874917030334485
2018-10-29 00:15:00,2.77,3.5542474,-0.7842473793029785
2018-10-29 00:30:00,2.77,3.159232,-0.3892319011688232
2018-10-29 00:45:00,2.84,3.166366,-0.32636610031127944
2018-10-29 01:00:00,2.74,2.7433474,-0.0033474063873288884
2018-10-29 01:15:00,2.81,2.7136505,0.09634953498840337
2018-10-29 01:30:00,3.2,2.7453663,0.45463366508483904
2018-10-29 01:45:00,3.38,2.8785813,0.5014187145233153
2018-10-29 02:00:00,2.77,2.9978719,-0.22787187576293944
2018-10-29 02:15:00,2.77,2.7178597,0.05214025497436525
2018-10-29 02:30:00,3.24,2.7178597,0.5221402549743654
2018-10-29 02:45:00,3.38,2.9978719,0.38212812423706044
2018-10-29 03:00:00,2.77,2.995853,-0.2258529472351074
2018-10-29 03:15:00,2.81,2.679522,0.13047796249389654
2018-10-29 03:30:00,2.81,2.7453663,0.06463366508483892
2018-10-29 03:45:00,2.81,2.7453663,0.06463366508483892
2018-10-29 04:00:00,2.81,2.7453663,0.06463366508483892
2018-10-29 04:15:00,2.74,2.7453663,-0.00536633491516092
2018-10-29 04:30:00,2.81,2.7136505,0.09634953498840337
2018-10-29 04:45:00,2.77,2.7453663,0.024633665084838885
2018-10-29 05:00:00,2.77,2.722975,0.04702498435974123
2018-10-29 05:15:00,3.42,2.722975,0.6970249843597411
2018-10-29 05:30:00,3.17,2.9978719,0.17212812423706048
2018-10-29 05:45:00,2.74,2.856109,-0.11610890388488748
2018-10-29 06:00:00,2.7,2.7136505,-0.013650465011596502
2018-10-29 06:15:00,2.66,2.7187657,-0.05876573562622056
2018-10-29 06:30:00,2.7,2.7136505,-0.013650465011596502
2018-10-29 06:45:00,3.02,2.7136505,0.30634953498840334
2018-10-29 07:00:00,3.28,2.7453663,0.5346336650848387
2018-10-29 07:15:00,2.84,2.9978719,-0.1578718757629396
2018-10-29 07:30:00,2.92,2.7453663,0.1746336650848388
2018-10-29 07:45:00,4.0,2.7453663,1.2546336650848389
2018-10-29 08:00:00,3.89,9.846785,-5.956784591674804
2018-10-29 08:15:00,23.72,10.498495,13.221504898071288
2018-10-29 08:30:00,68.29,61.635254,6.654746093750006
2018-10-29 08:45:00,57.96,69.54615,-11.58615020751953
2018-10-29 09:00:00,67.82,58.907867,8.912132568359368
2018-10-29 09:15:00,107.64,67.14794,40.49205841064453
2018-10-29 09:30:00,101.23,98.06464,3.165363769531254
2018-10-29 09:45:00,112.0,97.43722,14.562782287597656
2018-10-29 10:00:00,93.74,96.25362,-2.5136163330078176
2018-10-29 10:15:00,94.93,100.59982,-5.669822998046868
2018-10-29 10:30:00,113.51,98.60091,14.909093627929693
2018-10-29 10:45:00,78.44,96.26604,-17.82603698730469
2018-10-29 11:00:00,111.2,93.85778,17.342219543457034
2018-10-29 11:15:00,90.83,97.304634,-6.474634094238283
2018-10-29 11:30:00,107.93,99.51419,8.415809326171882
2018-10-29 11:45:00,88.42,97.487206,-9.067205505371092
2018-10-29 12:00:00,87.3,67.04212,20.257878112792966
2018-10-29 12:15:00,5.33,64.597176,-59.26717559814453
2018-10-29 12:30:00,6.01,8.444366,-2.434366455078125
2018-10-29 12:45:00,6.01,7.991305,-1.9813048744201662
2018-10-29 13:00:00,5.29,25.975006,-20.685006103515626
2018-10-29 13:15:00,61.56,24.966125,36.59387451171875
2018-10-29 13:30:00,89.46,69.8191,19.640900573730462
2018-10-29 13:45:00,101.48,100.6693,0.8107037353515665
2018-10-29 14:00:00,87.98,101.3472,-13.367198486328121
2018-10-29 14:15:00,118.15,98.59863,19.551367187500006
2018-10-29 14:30:00,83.16,101.406685,-18.246684875488285
2018-10-29 14:45:00,77.33,98.463615,-21.13361541748047
2018-10-29 15:00:00,83.48,86.770256,-3.2902560424804648
2018-10-29 15:15:00,109.15,97.49577,11.654226684570318
2018-10-29 15:30:00,88.96,93.72279,-4.762793579101569
2018-10-29 15:45:00,111.31,93.83534,17.47465759277344
2018-10-29 16:00:00,115.24,94.983025,20.256975402832026
2018-10-29 16:15:00,73.76,95.09201,-21.33201049804687
2018-10-29 16:30:00,129.37415,82.75643,46.61771842041014
2018-10-29 16:45:00,101.27,95.576675,5.6933245849609335
2018-10-29 17:00:00,75.06,90.590355,-15.530354919433591
2018-10-29 17:15:00,55.58,75.89771,-20.317712707519533
2018-10-29 17:30:00,59.94,52.218517,7.721482696533201
2018-10-29 17:45:00,31.39,56.036167,-24.64616714477539
2018-10-29 18:00:00,30.64,41.539158,-10.89915786743164
2018-10-29 18:15:00,47.38,39.602955,7.777045135498049
2018-10-29 18:30:00,59.18,50.925697,8.254302673339843
2018-10-29 18:45:00,72.43,56.55812,15.871879272460944
2018-10-29 19:00:00,49.72,86.840195,-37.12019470214844
2018-10-29 19:15:00,47.77,54.61265,-6.842651824951169
2018-10-29 19:30:00,54.86,53.31652,1.5434793090820307
2018-10-29 19:45:00,57.82,59.464523,-1.6445233154296872
2018-10-29 20:00:00,52.02,61.145485,-9.125484924316403
2018-10-29 20:15:00,61.02,57.439545,3.580455322265628
2018-10-29 20:30:00,57.42,64.47668,-7.056676940917967
2018-10-29 20:45:00,48.82,60.90406,-12.084060363769531
2018-10-29 21:00:00,31.5,35.531185,-4.031185150146484
2018-10-29 21:15:00,22.75,20.78962,1.9603805541992188
2018-10-29 21:30:00,4.03,6.623347,-2.5933468055725095
2018-10-29 21:45:00,4.0,3.780612,0.21938800811767578
2018-10-29 22:00:00,4.0,4.4777126,-0.47771263122558594
2018-10-29 22:15:00,3.64,4.4777126,-0.8377126312255858
2018-10-29 22:30:00,3.6,4.4576874,-0.8576873779296874
2018-10-29 22:45:00,3.89,3.962568,-0.07256804466247546
2018-10-29 23:00:00,4.68,4.616646,0.06335418701171847
2018-10-29 23:15:00,4.46,4.703766,-0.24376586914062504
2018-10-29 23:30:00,3.64,5.0595913,-1.4195912933349608
2018-10-29 23:45:00,3.67,3.962568,-0.29256804466247566
2018-10-30 00:00:00,3.67,3.5477865,0.12221352577209466
2018-10-30 00:15:00,3.6,3.619328,-0.01932802200317374
2018-10-30 00:30:00,3.67,3.5258317,0.14416830062866204
2018-10-30 00:45:00,3.71,3.619328,0.09067197799682614
2018-10-30 01:00:00,3.67,3.5281117,0.1418883037567138
2018-10-30 01:15:00,3.64,3.4262455,0.21375454902648938
2018-10-30 01:30:00,3.67,3.2362745,0.4337255191802978
2018-10-30 01:45:00,3.71,3.3297708,0.3802291965484619
2018-10-30 02:00:00,3.71,3.5281117,0.18188830375671383
2018-10-30 02:15:00,3.67,3.5281117,0.1418883037567138
2018-10-30 02:30:00,3.6,3.3297708,0.270229196548462
2018-10-30 02:45:00,3.6,3.2362745,0.36372551918029794
2018-10-30 03:00:00,3.2,3.3327491,-0.13274912834167463
2018-10-30 03:15:00,2.99,3.0821495,-0.09214950561523416
2018-10-30 03:30:00,2.88,2.9489346,-0.06893455505371104
2018-10-30 03:45:00,2.88,2.9489346,-0.06893455505371104
2018-10-30 04:00:00,2.92,2.9489346,-0.02893455505371101
2018-10-30 04:15:00,2.88,2.9489346,-0.06893455505371104
2018-10-30 04:30:00,3.2,2.9489346,0.25106544494628924
2018-10-30 04:45:00,3.56,3.0821495,0.4778504943847657
2018-10-30 05:00:00,2.95,3.3327491,-0.3827491283416746
2018-10-30 05:15:00,2.84,2.9489346,-0.10893455505371108
2018-10-30 05:30:00,2.84,2.9489346,-0.10893455505371108
2018-10-30 05:45:00,2.88,2.9489346,-0.06893455505371104
2018-10-30 06:00:00,2.88,2.9489346,-0.06893455505371104
2018-10-30 06:15:00,2.81,2.9489346,-0.13893455505371088
2018-10-30 06:30:00,2.81,2.9489346,-0.13893455505371088
2018-10-30 06:45:00,2.84,2.9489346,-0.10893455505371108
2018-10-30 07:00:00,2.92,2.9489346,-0.02893455505371101
2018-10-30 07:15:00,3.53,2.9489346,0.5810654449462889
2018-10-30 07:30:00,3.78,3.3327491,0.447250871658325
2018-10-30 07:45:00,4.5,3.658545,0.8414549827575684
2018-10-30 08:00:00,5.15,12.670518,-7.5205179214477536
2018-10-30 08:15:00,26.35,34.569775,-8.219774627685545
2018-10-30 08:30:00,66.46,51.725094,14.73490615844726
2018-10-30 08:45:00,54.22,82.42922,-28.209222106933595
2018-10-30 09:00:00,75.49,64.33745,11.152551879882807
2018-10-30 09:15:00,68.36,77.57268,-9.212677612304688
2018-10-30 09:30:00,63.25,72.850395,-9.600395202636719
2018-10-30 09:45:00,66.02,66.719055,-0.699055175781254
2018-10-30 10:00:00,59.76,68.545815,-8.785814514160158
2018-10-30 10:15:00,55.55,58.679184,-3.1291839599609403
2018-10-30 10:30:00,74.3,59.913937,14.386063385009763
2018-10-30 10:45:00,64.51,75.258316,-10.748316040039057
2018-10-30 11:00:00,65.77,64.795525,0.9744754028320273
2018-10-30 11:15:00,61.31,65.959694,-4.649693908691404
2018-10-30 11:30:00,69.91,63.13811,6.7718888854980435
2018-10-30 11:45:00,61.16,70.15247,-8.992473449707035
2018-10-30 12:00:00,48.74,57.672623,-8.93262268066406
2018-10-30 12:15:00,4.97,23.767214,-18.797213821411134
2018-10-30 12:30:00,4.93,2.7185497,2.211450271606445
2018-10-30 12:45:00,4.61,2.7185497,1.8914502716064456
2018-10-30 13:00:00,5.62,10.940915,-5.320915107727051
2018-10-30 13:15:00,34.31,37.256954,-2.946954193115232
2018-10-30 13:30:00,65.09,58.189404,6.9005964660644565
2018-10-30 13:45:00,57.46,71.49737,-14.037367858886718
2018-10-30 14:00:00,63.5,58.842632,4.657367706298828
2018-10-30 14:15:00,65.02,59.645653,5.374347229003902
2018-10-30 14:30:00,61.63,65.35026,-3.7202578735351537
2018-10-30 14:45:00,59.08,61.41081,-2.3308085632324236
2018-10-30 15:00:00,59.76,59.38045,0.3795487976074199
2018-10-30 15:15:00,54.4,60.166527,-5.766526794433595
2018-10-30 15:30:00,57.78,57.443985,0.33601501464843864
2018-10-30 15:45:00,59.9,61.032566,-1.132566070556642
2018-10-30 16:00:00,54.97,59.199413,-4.229413299560548
2018-10-30 16:15:00,70.16,59.374947,10.785053405761715
2018-10-30 16:30:00,68.98,70.37464,-1.3946414184570273
2018-10-30 16:45:00,57.85,68.43945,-10.589453124999999
2018-10-30 17:00:00,46.3,52.881214,-6.581214141845706
2018-10-30 17:15:00,61.52,49.40036,12.119639892578128
2018-10-30 17:30:00,41.8,56.860703,-15.06070251464844
2018-10-30 17:45:00,30.1,33.415108,-3.31510772705078
2018-10-30 18:00:00,30.89,34.50911,-3.619109497070312
2018-10-30 18:15:00,36.29,40.268425,-3.9784249877929696
2018-10-30 18:30:00,45.14,42.463154,2.6768461608886724
2018-10-30 18:45:00,67.61,49.222775,18.387225494384765
2018-10-30 19:00:00,55.66,66.93395,-11.273952331542972
2018-10-30 19:15:00,52.27,56.64131,-4.371311645507809
2018-10-30 19:30:00,52.6,56.070404,-3.4704040527343736
2018-10-30 19:45:00,59.36,55.863113,3.496886596679687
2018-10-30 20:00:00,59.08,57.89069,1.1893101501464827
2018-10-30 20:15:00,51.16,58.537937,-7.377937164306644
2018-10-30 20:30:00,113.98,53.25432,60.72568176269532
2018-10-30 20:45:00,110.09,86.87019,23.21980651855469
2018-10-30 21:00:00,63.4,59.43218,3.9678215026855455
2018-10-30 21:15:00,4.64,35.818466,-31.178466186523437
2018-10-30 21:30:00,4.43,3.237829,1.1921710300445554
2018-10-30 21:45:00,4.03,3.3773906,0.6526093769073489
2018-10-30 22:00:00,4.07,3.5278273,0.5421727371215823
2018-10-30 22:15:00,3.85,3.712442,0.13755807876586923
2018-10-30 22:30:00,3.82,3.4953175,0.3246825408935545
2018-10-30 22:45:00,4.0,3.4574683,0.5425317287445068
2018-10-30 23:00:00,4.54,3.5155935,1.0244064712524414
2018-10-30 23:15:00,3.56,3.8965273,-0.33652729034423823
2018-10-30 23:30:00,3.71,3.2852411,0.4247588729858398
2018-10-30 23:45:00,3.56,3.3674784,0.19252162933349615
2018-10-31 00:00:00,3.85,3.8127728,0.0372272491455079
2018-10-31 00:15:00,3.64,4.1359735,-0.4959734535217284
2018-10-31 00:30:00,3.6,3.8127728,-0.2127727508544921
2018-10-31 00:45:00,3.67,3.8127728,-0.14277275085449226
2018-10-31 01:00:00,3.56,3.4223454,0.13765460014343267
2018-10-31 01:15:00,3.6,3.328849,0.27115092277526864
2018-10-31 01:30:00,3.6,3.328849,0.27115092277526864
2018-10-31 01:45:00,3.6,3.328849,0.27115092277526864
2018-10-31 02:00:00,4.07,3.328849,0.7411509227752688
2018-10-31 02:15:00,4.72,3.869173,0.8508269500732419
2018-10-31 02:30:00,3.64,5.476678,-1.836677894592285
2018-10-31 02:45:00,3.6,3.328849,0.27115092277526864
2018-10-31 03:00:00,3.6,3.328849,0.27115092277526864
2018-10-31 03:15:00,3.64,3.3389192,0.301080837249756
2018-10-31 03:30:00,3.38,3.4353938,-0.0553938102722169
2018-10-31 03:45:00,2.99,3.3040857,-0.31408573150634744
2018-10-31 04:00:00,2.95,3.0515788,-0.10157876014709455
2018-10-31 04:15:00,2.95,3.0515788,-0.10157876014709455
2018-10-31 04:30:00,3.02,3.0415087,-0.021508674621582013
2018-10-31 04:45:00,2.95,3.0415087,-0.09150867462158185
2018-10-31 05:00:00,2.92,3.0515788,-0.1315787601470948
2018-10-31 05:15:00,2.88,3.0515788,-0.17157876014709483
2018-10-31 05:30:00,2.92,3.0515788,-0.1315787601470948
2018-10-31 05:45:00,3.38,3.0515788,0.32842123985290517
2018-10-31 06:00:00,3.53,3.3040857,0.22591426849365215
2018-10-31 06:15:00,2.88,3.4353938,-0.5553938102722169
2018-10-31 06:30:00,2.84,3.0515788,-0.21157876014709487
2018-10-31 06:45:00,2.84,3.0515788,-0.21157876014709487
2018-10-31 07:00:00,3.42,3.0515788,0.3684212398529052
2018-10-31 07:15:00,3.28,3.2940156,-0.014015645980835156
2018-10-31 07:30:00,2.95,3.2940156,-0.3440156459808348
2018-10-31 07:45:00,4.39,2.928872,1.461127891540527
2018-10-31 08:00:00,4.25,12.071288,-7.821288108825684
2018-10-31 08:15:00,27.79,29.344166,-1.554165802001954
2018-10-31 08:30:00,59.0,50.45666,8.543338775634766
2018-10-31 08:45:00,115.56,72.696594,42.86340576171875
2018-10-31 09:00:00,129.37415,94.84291,34.53123923339842
2018-10-31 09:15:00,105.88,91.31108,14.568919067382808
2018-10-31 09:30:00,64.87,98.76927,-33.89927185058593
2018-10-31 09:45:00,86.98,67.46692,19.513081054687504
2018-10-31 10:00:00,124.85,90.943016,33.9069839477539
2018-10-31 10:15:00,89.21,89.072365,0.1376351928710875
2018-10-31 10:30:00,77.4,89.7681,-12.36809692382812
2018-10-31 10:45:00,71.71,87.59616,-15.886160888671881
2018-10-31 11:00:00,111.31,74.577095,36.73290496826172
2018-10-31 11:15:00,117.47,92.627686,24.842314453125
2018-10-31 11:30:00,103.5,90.321915,13.178085327148438
2018-10-31 11:45:00,69.37,99.85221,-30.48221099853515
2018-10-31 12:00:00,97.34,63.114532,34.22546752929688
2018-10-31 12:15:00,7.02,41.993927,-34.97392700195313
2018-10-31 12:30:00,6.34,3.9577065,2.3822935485839842
2018-10-31 12:45:00,5.98,3.8091257,2.170874338150025
2018-10-31 13:00:00,6.01,11.404637,-5.394637336730957
2018-10-31 13:15:00,38.77,32.37773,6.392268676757816
2018-10-31 13:30:00,71.06,58.845596,12.21440368652344
2018-10-31 13:45:00,87.3,77.48598,9.814022827148435
2018-10-31 14:00:00,96.37,91.75129,4.618710632324223
2018-10-31 14:15:00,112.25,96.23255,16.01744842529297
2018-10-31 14:30:00,97.09,91.974976,5.115024414062503
2018-10-31 14:45:00,48.56,95.153534,-46.59353393554687
2018-10-31 15:00:00,49.18,57.692852,-8.512852020263672
2018-10-31 15:15:00,49.46,58.90023,-9.440230407714843
2018-10-31 15:30:00,61.16,58.32307,2.8369294738769497
2018-10-31 15:45:00,58.1,63.99622,-5.896219635009764
2018-10-31 16:00:00,56.88,61.741005,-4.861004943847654
2018-10-31 16:15:00,50.76,61.023964,-10.263963928222658
2018-10-31 16:30:00,67.75,58.19332,9.556678771972656
2018-10-31 16:45:00,59.9,73.419846,-13.519845581054689
2018-10-31 17:00:00,73.51,54.542507,18.967492828369146
2018-10-31 17:15:00,62.35,69.99292,-7.642919921874999
2018-10-31 17:30:00,97.96,52.610706,45.34929367065429
2018-10-31 17:45:00,31.36,60.752678,-29.39267791748047
2018-10-31 18:00:00,31.72,33.216843,-1.4968426513671886
2018-10-31 18:15:00,46.76,41.446102,5.313897857666014
2018-10-31 18:30:00,50.33,53.530495,-3.200494689941408
2018-10-31 18:45:00,113.58,57.887894,55.692106323242186
2018-10-31 19:00:00,97.24,89.51501,7.724992980957026
2018-10-31 19:15:00,96.48,93.81821,2.661793212890629
2018-10-31 19:30:00,119.23,93.30452,25.92548034667969
2018-10-31 19:45:00,101.77,89.9456,11.824397583007809
2018-10-31 20:00:00,103.86,91.30274,12.557257995605468
2018-10-31 20:15:00,91.66,91.99537,-0.33536895751953466
2018-10-31 20:30:00,82.33,96.00994,-13.67994110107422
2018-10-31 20:45:00,82.76,91.54673,-8.786730041503901
2018-10-31 21:00:00,45.07,71.68533,-26.615333251953125
2018-10-31 21:15:00,6.84,26.630356,-19.790355834960938
2018-10-31 21:30:00,4.43,3.5009522,0.9290477561950681
2018-10-31 21:45:00,4.43,3.3889444,1.0410556125640866
2018-10-31 22:00:00,4.39,3.8943245,0.49567545890808073
2018-10-31 22:15:00,4.18,4.078939,0.10106103897094698
2018-10-31 22:30:00,4.14,4.019975,0.12002481460571257
2018-10-31 22:45:00,4.07,3.8353612,0.23463875770568876
2018-10-31 23:00:00,3.96,3.1907105,0.7692894554138183
2018-10-31 23:15:00,3.89,3.442439,0.44756092071533216
2018-10-31 23:30:00,3.89,3.379912,0.5100881004333497
2018-10-31 23:45:00,3.92,3.379912,0.5400881004333495
2018-11-01 00:00:00,3.06,4.1764445,-1.1164445304870605
2018-11-01 00:15:00,3.89,3.3866346,0.503365411758423
2018-11-01 00:30:00,3.96,4.018691,-0.05869106292724613
2018-11-01 00:45:00,5.11,4.081217,1.0287831878662113
2018-11-01 01:00:00,4.72,7.092375,-2.3723748016357424
2018-11-01 01:15:00,3.89,5.6014214,-1.7114213562011718
2018-11-01 01:30:00,3.89,3.8006754,0.08932460784912122
2018-11-01 01:45:00,3.92,3.8006754,0.11932460784912102
2018-11-01 02:00:00,3.96,3.7738142,0.1861857986450195
2018-11-01 02:15:00,3.96,3.902358,0.05764194488525387
2018-11-01 02:30:00,3.89,3.8632016,0.026798381805420046
2018-11-01 02:45:00,3.92,3.8006754,0.11932460784912102
2018-11-01 03:00:00,3.89,3.8632016,0.026798381805420046
2018-11-01 03:15:00,3.31,3.8006754,-0.49067539215087885
2018-11-01 03:30:00,3.28,3.4211254,-0.14112541198730488
2018-11-01 03:45:00,3.24,3.4211254,-0.18112541198730447
2018-11-01 04:00:00,3.31,3.4211254,-0.11112541198730463
2018-11-01 04:15:00,3.24,3.4211254,-0.18112541198730447
2018-11-01 04:30:00,3.28,3.4211254,-0.14112541198730488
2018-11-01 04:45:00,3.28,3.4211254,-0.14112541198730488
2018-11-01 05:00:00,3.31,3.4211254,-0.11112541198730463
2018-11-01 05:15:00,4.0,3.4211254,0.5788745880126953
2018-11-01 05:30:00,3.82,4.0688767,-0.24887674331665055
2018-11-01 05:45:00,3.53,3.8006754,-0.2706753921508791
2018-11-01 06:00:00,3.96,3.4774742,0.4825257873535156
2018-11-01 06:15:00,3.35,3.938161,-0.5881608963012694
2018-11-01 06:30:00,3.17,3.4211254,-0.25112541198730476
2018-11-01 06:45:00,3.17,3.2793615,-0.1093614864349366
2018-11-01 07:00:00,3.17,3.2793615,-0.1093614864349366
2018-11-01 07:15:00,3.17,3.2793615,-0.1093614864349366
2018-11-01 07:30:00,3.67,3.2793615,0.3906385135650634
2018-11-01 07:45:00,4.5,3.63346,0.8665399551391602
2018-11-01 08:00:00,4.79,12.564742,-7.774742088317871
2018-11-01 08:15:00,47.27,29.621078,17.648921508789066
2018-11-01 08:30:00,106.49,68.336105,38.15389465332031
2018-11-01 08:45:00,110.7,101.14852,9.551478576660159
2018-11-01 09:00:00,71.1,94.592705,-23.492704772949224
2018-11-01 09:15:00,64.84,78.308945,-13.468944702148434
2018-11-01 09:30:00,52.06,71.81913,-19.759129943847654
2018-11-01 09:45:00,53.71,61.30766,-7.597659149169921
2018-11-01 10:00:00,65.92,63.04359,2.876409454345705
2018-11-01 10:15:00,58.43,70.1924,-11.762398071289063
2018-11-01 10:30:00,56.52,62.467537,-5.947536926269528
2018-11-01 10:45:00,77.87,64.15581,13.714192504882817
2018-11-01 11:00:00,104.18,91.093346,13.086654357910163
2018-11-01 11:15:00,84.82,95.9662,-11.14620178222657
2018-11-01 11:30:00,102.6,89.649284,12.950715637207026
2018-11-01 11:45:00,114.66,98.57789,16.082111511230465
2018-11-01 12:00:00,89.42,84.701515,4.7184848022460955
2018-11-01 12:15:00,6.26,23.764858,-17.50485824584961
2018-11-01 12:30:00,6.44,3.7893772,2.6506227874755863
2018-11-01 12:45:00,6.08,4.5350003,1.5449996757507325
2018-11-01 13:00:00,6.05,13.685147,-7.635147285461426
2018-11-01 13:15:00,49.64,41.884354,7.755646362304688
2018-11-01 13:30:00,110.66,70.16034,40.49966064453125
2018-11-01 13:45:00,120.17,94.38537,25.784631652832033
2018-11-01 14:00:00,98.24,91.064735,7.175264587402339
2018-11-01 14:15:00,90.47,99.22713,-8.757127075195314
2018-11-01 14:30:00,113.9,89.88387,24.016127014160162
2018-11-01 14:45:00,82.8,91.97071,-9.170710754394534
2018-11-01 15:00:00,66.6,91.3611,-24.761099243164068
2018-11-01 15:15:00,60.37,75.552124,-15.182124023437503
2018-11-01 15:30:00,52.92,69.00965,-16.08965118408203
2018-11-01 15:45:00,50.83,63.898422,-13.06842224121094
2018-11-01 16:00:00,57.31,61.39014,-4.080140533447263
2018-11-01 16:15:00,59.0,65.34217,-6.342170715332031
2018-11-01 16:30:00,63.36,66.483376,-3.123375549316407
2018-11-01 16:45:00,59.69,69.197525,-9.507525024414065
2018-11-01 17:00:00,49.36,58.293175,-8.933174743652344
2018-11-01 17:15:00,52.16,55.46735,-3.307350006103519
2018-11-01 17:30:00,52.49,57.176937,-4.686937103271482
2018-11-01 17:45:00,36.25,37.969616,-1.7196159362792969
2018-11-01 18:00:00,30.74,38.75603,-8.016031036376955
2018-11-01 18:15:00,16.31,46.507114,-30.197114410400392
2018-11-01 18:30:00,3.89,25.818563,-21.92856346130371
2018-11-01 18:45:00,3.82,15.01453,-11.194530181884765
2018-11-01 19:00:00,3.89,14.349722,-10.459721908569335
2018-11-01 19:15:00,3.85,11.6954,-7.84540023803711
2018-11-01 19:30:00,3.89,11.688522,-7.798522338867187
2018-11-01 19:45:00,3.89,11.627819,-7.737819061279296
2018-11-01 20:00:00,3.85,12.387644,-8.537643814086914
2018-11-01 20:15:00,3.85,11.51446,-7.664459609985352
2018-11-01 20:30:00,4.61,10.34761,-5.737610473632812
2018-11-01 20:45:00,4.86,11.091518,-6.231518402099609
2018-11-01 21:00:00,3.92,12.952185,-9.032184677124024
2018-11-01 21:15:00,3.92,2.5420003,1.3779997062683105
2018-11-01 21:30:00,3.92,3.3446786,0.5753213596343993
2018-11-01 21:45:00,3.92,3.3446786,0.5753213596343993
2018-11-01 22:00:00,3.92,3.7427795,0.17722050666809075
2018-11-01 22:15:00,3.71,3.7427795,-0.032779493331909215
2018-11-01 22:30:00,3.74,3.5524132,0.18758677482605002
2018-11-01 22:45:00,3.71,3.5524132,0.15758677482604977
2018-11-01 23:00:00,3.67,3.5524132,0.11758677482604973
2018-11-01 23:15:00,3.6,3.6187327,-0.018732690811157138
2018-11-01 23:30:00,3.64,3.6169417,0.023058309555053835
2018-11-01 23:45:00,3.71,3.470176,0.23982401847839352
2018-11-02 00:00:00,3.82,3.9790428,-0.15904276847839371
2018-11-02 00:15:00,3.02,4.1891937,-1.1691937255859375
2018-11-02 00:30:00,3.38,3.4526932,-0.07269322395324718
2018-11-02 00:45:00,3.74,3.6140943,0.12590574264526389
2018-11-02 01:00:00,3.28,3.313424,-0.03342411041259785
2018-11-02 01:15:00,3.1,3.339339,-0.2393390178680419
2018-11-02 01:30:00,3.1,3.0868316,0.01316843032836923
2018-11-02 01:45:00,3.06,2.940066,0.11993390083312994
2018-11-02 02:00:00,3.1,2.940066,0.15993390083312997
2018-11-02 02:15:00,3.13,2.940066,0.18993390083312978
2018-11-02 02:30:00,3.13,3.1360073,-0.006007308959961044
2018-11-02 02:45:00,3.24,2.9892418,0.2507581615448
2018-11-02 03:00:00,3.74,3.339339,0.4006609821319582
2018-11-02 03:15:00,3.31,3.4913492,-0.18134922027587885
2018-11-02 03:30:00,3.06,3.2819595,-0.2219595336914062
2018-11-02 03:45:00,3.13,3.029453,0.10054696083068837
2018-11-02 04:00:00,3.13,3.0786278,0.0513721752166747
2018-11-02 04:15:00,3.1,3.0786278,0.021372175216674894
2018-11-02 04:30:00,3.06,3.029453,0.03054696083068853
2018-11-02 04:45:00,3.06,3.029453,0.03054696083068853
2018-11-02 05:00:00,3.2,3.029453,0.17054696083068865
2018-11-02 05:15:00,3.71,3.073282,0.63671799659729
2018-11-02 05:30:00,3.24,3.586577,-0.3465769386291502
2018-11-02 05:45:00,3.06,3.2819595,-0.2219595336914062
2018-11-02 06:00:00,3.06,2.940066,0.11993390083312994
2018-11-02 06:15:00,3.31,3.029453,0.28054696083068853
2018-11-02 06:30:00,3.6,3.2819595,0.31804046630859384
2018-11-02 06:45:00,3.17,3.2959862,-0.12598617553710945
2018-11-02 07:00:00,2.99,3.1401951,-0.15019513130187967
2018-11-02 07:15:00,2.95,3.029453,-0.07945303916931135
2018-11-02 07:30:00,3.28,3.029453,0.2505469608306883
2018-11-02 07:45:00,5.0,3.1693225,1.8306775093078613
2018-11-02 08:00:00,5.15,11.542144,-6.392143821716308
2018-11-02 08:15:00,24.37,34.45971,-10.089709167480468
2018-11-02 08:30:00,44.53,45.163578,-0.6335780334472645
2018-11-02 08:45:00,51.37,61.73342,-10.363421325683596
2018-11-02 09:00:00,54.65,54.98333,-0.33332977294922017
2018-11-02 09:15:00,64.44,56.408222,8.03177780151367
2018-11-02 09:30:00,66.28,63.67469,2.60530975341797
2018-11-02 09:45:00,63.54,66.77157,-3.2315682983398446
2018-11-02 10:00:00,59.0,61.587105,-2.5871047973632812
2018-11-02 10:15:00,53.32,58.21039,-4.89038818359375
2018-11-02 10:30:00,56.77,55.59818,1.1718211364746125
2018-11-02 10:45:00,60.26,55.16133,5.0986688232421855
2018-11-02 11:00:00,62.06,56.496677,5.563322601318362
2018-11-02 11:15:00,63.58,57.50816,6.071840362548826
2018-11-02 11:30:00,62.53,57.022633,5.507367401123048
2018-11-02 11:45:00,66.06,55.927704,10.132296142578127
2018-11-02 12:00:00,52.6,52.608925,-0.008924865722654829
2018-11-02 12:15:00,7.88,20.214169,-12.334168548583985
2018-11-02 12:30:00,5.87,2.4699833,3.4000166606903077
2018-11-02 12:45:00,5.94,2.5261765,3.4138235473632816
2018-11-02 13:00:00,5.98,12.512382,-6.532381553649902
2018-11-02 13:15:00,44.68,31.858652,12.821347885131836
2018-11-02 13:30:00,57.13,56.648933,0.4810665893554713
2018-11-02 13:45:00,57.35,59.850407,-2.500406646728514
2018-11-02 14:00:00,62.32,54.09783,8.222168273925782
2018-11-02 14:15:00,54.97,56.98654,-2.016541748046876
2018-11-02 14:30:00,79.27,53.584614,25.685386199951168
2018-11-02 14:45:00,55.76,78.50984,-22.749841918945314
2018-11-02 15:00:00,62.75,53.93843,8.811569213867188
2018-11-02 15:15:00,68.76,57.50607,11.253930816650396
2018-11-02 15:30:00,58.68,63.333656,-4.6536563110351565
2018-11-02 15:45:00,65.81,55.678955,10.131044921875002
2018-11-02 16:00:00,82.98,61.104843,21.875156860351566
2018-11-02 16:15:00,61.63,80.14129,-18.511288757324216
2018-11-02 16:30:00,63.54,58.143448,5.396552124023437
2018-11-02 16:45:00,60.23,58.668964,1.5610356140136687
2018-11-02 17:00:00,53.53,51.455593,2.0744068908691418
2018-11-02 17:15:00,68.0,48.4952,19.504798889160156
2018-11-02 17:30:00,72.72,55.313553,17.406447143554686
2018-11-02 17:45:00,31.72,55.92799,-24.207989959716798
2018-11-02 18:00:00,30.02,34.258385,-4.238384704589844
2018-11-02 18:15:00,47.66,29.161528,18.498472366333004
2018-11-02 18:30:00,51.8,43.475895,8.324105072021482
2018-11-02 18:45:00,58.82,48.483276,10.3367236328125
2018-11-02 19:00:00,56.3,49.553238,6.746762084960935
2018-11-02 19:15:00,58.46,49.319687,9.140313110351563
2018-11-02 19:30:00,74.77,49.562057,25.20794250488281
2018-11-02 19:45:00,62.14,70.119705,-7.979705200195312
2018-11-02 20:00:00,76.93,52.179165,24.750835113525397
2018-11-02 20:15:00,79.13,73.70101,5.428988342285152
2018-11-02 20:30:00,72.0,71.281105,0.7188949584960938
2018-11-02 20:45:00,64.08,60.817356,3.2626438903808577
2018-11-02 21:00:00,48.02,41.631577,6.388423461914066
2018-11-02 21:15:00,6.23,29.18841,-22.95840980529785
2018-11-02 21:30:00,4.25,4.046099,0.20390081405639648
2018-11-02 21:45:00,4.18,3.3834414,0.7965585517883298
2018-11-02 22:00:00,4.14,3.8079004,0.332099571228027
2018-11-02 22:15:00,3.92,3.9925168,-0.07251675605773933
2018-11-02 22:30:00,3.92,3.625456,0.29454390525817864
2018-11-02 22:45:00,3.96,3.625456,0.3345439052581787
2018-11-02 23:00:00,3.92,3.625456,0.29454390525817864
2018-11-02 23:15:00,3.85,3.625456,0.2245439052581788
2018-11-02 23:30:00,3.82,3.5629299,0.2570701313018797
2018-11-02 23:45:00,3.85,3.5629299,0.28707013130187997
2018-11-03 00:00:00,2.88,4.3746524,-1.49465238571167
2018-11-03 00:15:00,4.93,3.6647573,1.2652427482604978
2018-11-03 00:30:00,4.43,6.615449,-2.1854489517211917
2018-11-03 00:45:00,3.82,5.539582,-1.7195817756652834
2018-11-03 01:00:00,3.82,3.523165,0.2968350124359129
2018-11-03 01:15:00,3.78,3.523165,0.2568350124359129
2018-11-03 01:30:00,3.85,3.3953269,0.4546731472015382
2018-11-03 01:45:00,3.82,3.523165,0.2968350124359129
2018-11-03 02:00:00,3.78,3.523165,0.2568350124359129
2018-11-03 02:15:00,3.82,3.3953269,0.4246731472015379
2018-11-03 02:30:00,3.82,3.523165,0.2968350124359129
2018-11-03 02:45:00,3.56,3.523165,0.03683501243591314
2018-11-03 03:00:00,3.17,3.1999638,-0.029963808059692454
2018-11-03 03:15:00,3.2,3.0441728,0.1558272361755373
2018-11-03 03:30:00,3.2,3.0666456,0.1333543777465822
2018-11-03 03:45:00,3.2,3.0666456,0.1333543777465822
2018-11-03 04:00:00,3.28,3.0666456,0.21335437774658184
2018-11-03 04:15:00,3.31,3.1859372,0.1240628337860108
2018-11-03 04:30:00,3.85,3.1859372,0.6640628337860108
2018-11-03 04:45:00,3.46,3.523165,-0.06316498756408695
2018-11-03 05:00:00,3.17,3.1935685,-0.02356846809387214
2018-11-03 05:15:00,3.6,3.0441728,0.5558272361755372
2018-11-03 05:30:00,3.78,3.1999638,0.5800361919403074
2018-11-03 05:45:00,3.24,3.5481267,-0.308126697540283
2018-11-03 06:00:00,3.24,3.338737,-0.09873701095581033
2018-11-03 06:15:00,3.17,3.338737,-0.16873701095581062
2018-11-03 06:30:00,3.24,3.0441728,0.19582723617553732
2018-11-03 06:45:00,3.13,3.1859372,-0.055937166213989364
2018-11-03 07:00:00,3.17,2.9926755,0.17732445716857903
2018-11-03 07:15:00,3.24,3.2070427,0.03295730590820334
2018-11-03 07:30:00,3.17,3.338737,-0.16873701095581062
2018-11-03 07:45:00,3.31,2.931455,0.37854510307312017
2018-11-03 08:00:00,3.28,6.79241,-3.512409896850586
2018-11-03 08:15:00,22.14,16.22597,5.914030685424805
2018-11-03 08:30:00,41.04,41.891838,-0.8518380737304696
2018-11-03 08:45:00,40.9,51.504856,-10.604856109619142
2018-11-03 09:00:00,43.52,44.577232,-1.0572323608398406
2018-11-03 09:15:00,40.07,45.855896,-5.78589599609375
2018-11-03 09:30:00,38.12,43.83186,-5.711859588623049
2018-11-03 09:45:00,57.24,42.711994,14.528005828857424
2018-11-03 10:00:00,73.87,55.169292,18.700707550048833
2018-11-03 10:15:00,92.41,70.454895,21.955104980468747
2018-11-03 10:30:00,88.88,85.06317,3.8168286132812455
2018-11-03 10:45:00,68.62,83.60616,-14.98616302490234
2018-11-03 11:00:00,92.59,71.00116,21.588840332031253
2018-11-03 11:15:00,71.39,85.691956,-14.30195556640625
2018-11-03 11:30:00,92.02,72.71471,19.30529357910156
2018-11-03 11:45:00,74.92,83.92479,-9.004789428710936
2018-11-03 12:00:00,59.18,66.41095,-7.23094970703125
2018-11-03 12:15:00,3.85,17.61684,-13.766840362548828
2018-11-03 12:30:00,3.6,1.3368955,2.26310453414917
2018-11-03 12:45:00,3.6,1.0162466,2.5837534427642823
2018-11-03 13:00:00,3.67,7.423851,-3.753851013183594
2018-11-03 13:15:00,26.46,21.206434,5.253565750122071
2018-11-03 13:30:00,91.55,45.19836,46.35163955688476
2018-11-03 13:45:00,71.53,82.89697,-11.366972656249999
2018-11-03 14:00:00,92.23,73.13348,19.096523742675785
2018-11-03 14:15:00,61.27,81.623436,-20.35343597412109
2018-11-03 14:30:00,32.54,56.9346,-24.394600830078126
2018-11-03 14:45:00,32.18,41.893764,-9.71376449584961
2018-11-03 15:00:00,32.04,41.340557,-9.300557098388673
2018-11-03 15:15:00,29.59,40.934914,-11.344913635253906
2018-11-03 15:30:00,30.35,37.15493,-6.804930114746092
2018-11-03 15:45:00,30.96,38.055347,-7.095347442626952
2018-11-03 16:00:00,30.2,38.21635,-8.016350555419923
2018-11-03 16:15:00,30.38,38.886383,-8.506383056640626
2018-11-03 16:30:00,29.34,38.75206,-9.412059936523438
2018-11-03 16:45:00,28.15,36.299786,-8.149785614013673
2018-11-03 17:00:00,26.14,23.669207,2.4707933807373053
2018-11-03 17:15:00,5.29,20.294348,-15.004347763061524
2018-11-03 17:30:00,3.85,3.284632,0.5653680324554444
2018-11-03 17:45:00,3.89,4.51426,-0.6242598152160643
2018-11-03 18:00:00,3.74,5.5135026,-1.7735025978088377
2018-11-03 18:15:00,4.03,4.0682178,-0.03821775436401342
2018-11-03 18:30:00,4.82,3.3102846,1.509715385437012
2018-11-03 18:45:00,4.46,3.1233091,1.3366908645629882
2018-11-03 19:00:00,3.71,3.615577,0.09442301750183102
2018-11-03 19:15:00,3.71,2.561999,1.1480009174346923
2018-11-03 19:30:00,3.67,2.8855062,0.7844938468933105
2018-11-03 19:45:00,3.71,1.8433893,1.8666107273101806
2018-11-03 20:00:00,3.74,3.4769986,0.26300143241882346
2018-11-03 20:15:00,3.74,2.4766533,1.2633466625213625
2018-11-03 20:30:00,3.74,2.7017071,1.0382928752899172
2018-11-03 20:45:00,3.74,2.3823264,1.3576736354827883
2018-11-03 21:00:00,3.71,2.8913145,0.8186854934692382
2018-11-03 21:15:00,3.78,2.9909143,0.7890856552124021
2018-11-03 21:30:00,3.71,3.550694,0.15930601119995114
2018-11-03 21:45:00,3.67,3.550694,0.1193060111999511
2018-11-03 22:00:00,3.67,3.654506,0.015494031906127859
2018-11-03 22:15:00,3.42,3.654506,-0.23450596809387214
2018-11-03 22:30:00,3.49,3.6386883,-0.1486883258819578
2018-11-03 22:45:00,3.46,3.6509564,-0.19095639228820804
2018-11-03 23:00:00,3.89,3.6463196,0.2436803722381593
2018-11-03 23:15:00,4.54,3.9355085,0.6044915103912354
2018-11-03 23:30:00,3.85,4.529405,-0.679405117034912
2018-11-03 23:45:00,3.28,3.9355085,-0.6555084896087648
2018-11-04 00:00:00,2.92,3.4385188,-0.518518762588501
2018-11-04 00:15:00,2.88,3.134846,-0.25484597206115733
2018-11-04 00:30:00,2.92,3.2497418,-0.3297417926788331
2018-11-04 00:45:00,2.95,3.2961035,-0.34610347747802717
2018-11-04 01:00:00,2.92,2.783476,0.13652388572692864
2018-11-04 01:15:00,2.99,2.6882484,0.3017516040802004
2018-11-04 01:30:00,2.95,2.783476,0.1665238857269289
2018-11-04 01:45:00,2.95,2.783476,0.1665238857269289
2018-11-04 02:00:00,2.92,2.6882484,0.23175160408020012
2018-11-04 02:15:00,3.13,2.783476,0.3465238857269286
2018-11-04 02:30:00,3.67,2.8326519,0.8373481464385986
2018-11-04 02:45:00,3.28,3.0482783,0.231721668243408
2018-11-04 03:00:00,2.92,2.940755,-0.020754890441894602
2018-11-04 03:15:00,2.95,2.6882484,0.2617516040802004
2018-11-04 03:30:00,3.28,2.6882484,0.5917516040802
2018-11-04 03:45:00,3.64,2.940755,0.6992451095581056
2018-11-04 04:00:00,3.31,2.9547815,0.3552184677124024
2018-11-04 04:15:00,2.95,2.940755,0.009245109558105646
2018-11-04 04:30:00,2.99,2.783476,0.20652388572692892
2018-11-04 04:45:00,2.95,2.6882484,0.2617516040802004
2018-11-04 05:00:00,2.99,2.6882484,0.3017516040802004
2018-11-04 05:15:00,2.92,2.6882484,0.23175160408020012
2018-11-04 05:30:00,2.95,2.6882484,0.2617516040802004
2018-11-04 05:45:00,2.99,2.6882484,0.3017516040802004
2018-11-04 06:00:00,2.99,2.6882484,0.3017516040802004
2018-11-04 06:15:00,2.92,2.6882484,0.23175160408020012
2018-11-04 06:30:00,3.49,2.6882484,0.8017516040802004
2018-11-04 06:45:00,3.46,2.953023,0.5069770431518554
2018-11-04 07:00:00,2.95,2.9483862,0.0016138076782228339
2018-11-04 07:15:00,2.95,2.6882484,0.2617516040802004
2018-11-04 07:30:00,2.92,2.6882484,0.23175160408020012
2018-11-04 07:45:00,3.13,2.6882484,0.4417516040802001
2018-11-04 08:00:00,3.17,3.8114607,-0.6414607334136964
2018-11-04 08:15:00,26.53,10.553461,15.9765389251709
2018-11-04 08:30:00,29.3,33.72158,-4.421580505371093
2018-11-04 08:45:00,33.73,35.628643,-1.898643035888675
2018-11-04 09:00:00,36.4,34.047024,2.352976226806639
2018-11-04 09:15:00,40.93,36.720078,4.209922485351562
2018-11-04 09:30:00,47.88,38.064877,9.815123443603518
2018-11-04 09:45:00,83.12,44.499664,38.62033569335938
2018-11-04 10:00:00,69.34,78.29848,-8.958477172851559
2018-11-04 10:15:00,60.05,68.58092,-8.53091735839844
2018-11-04 10:30:00,86.69,49.464138,37.22586196899414
2018-11-04 10:45:00,91.73,78.65966,13.070339660644535
2018-11-04 11:00:00,75.17,75.04053,0.1294726562500017
2018-11-04 11:15:00,93.31,73.447395,19.86260467529297
2018-11-04 11:30:00,63.79,75.87823,-12.08822723388672
2018-11-04 11:45:00,93.31,61.68074,31.62925964355469
2018-11-04 12:00:00,61.34,69.01835,-7.678348693847653
2018-11-04 12:15:00,6.01,29.94221,-23.932209243774416
2018-11-04 12:30:00,3.46,4.8658304,-1.405830421447754
2018-11-04 12:45:00,3.38,1.9477347,1.4322652864456176
2018-11-04 13:00:00,3.35,5.640983,-2.2909831047058105
2018-11-04 13:15:00,37.69,11.27173,26.418269577026365
2018-11-04 13:30:00,92.05,43.62589,48.42411117553711
2018-11-04 13:45:00,66.96,76.42841,-9.468413391113288
2018-11-04 14:00:00,95.15,69.5158,25.634199523925787
2018-11-04 14:15:00,71.93,80.15228,-8.222282714843743
2018-11-04 14:30:00,89.46,72.38883,17.071167907714837
2018-11-04 14:45:00,81.58,68.33413,13.245870666503905
2018-11-04 15:00:00,75.89,72.55479,3.3352133178710943
2018-11-04 15:15:00,93.6,67.66564,25.934358215332026
2018-11-04 15:30:00,70.96,73.199844,-2.2398443603515688
2018-11-04 15:45:00,91.66,71.845055,19.814945373535153
2018-11-04 16:00:00,71.28,69.72598,1.5540173339843761
2018-11-04 16:15:00,93.89,71.627266,22.26273406982422
2018-11-04 16:30:00,71.53,71.909744,-0.37974426269531136
2018-11-04 16:45:00,83.81,68.188705,15.621294555664065
2018-11-04 17:00:00,9.47,44.646786,-35.176785736083986
2018-11-04 17:15:00,3.89,5.44248,-1.5524800872802733
2018-11-04 17:30:00,3.89,3.212265,0.6777349853515626
2018-11-04 17:45:00,3.92,3.1744158,0.7455841732025146
2018-11-04 18:00:00,4.72,4.776174,-0.05617406845092798
2018-11-04 18:15:00,4.39,5.2009587,-0.8109587287902835
2018-11-04 18:30:00,3.74,4.7765574,-1.0365574455261228
2018-11-04 18:45:00,3.78,4.209863,-0.42986318588256855
2018-11-04 19:00:00,3.17,4.58581,-1.4158101844787598
2018-11-04 19:15:00,3.13,4.4221077,-1.2921076965332032
2018-11-04 19:30:00,3.13,4.3605404,-1.2305403900146485
2018-11-04 19:45:00,3.17,4.3605404,-1.1905403900146485
2018-11-04 20:00:00,3.17,4.2545366,-1.0845366287231446
2018-11-04 20:15:00,3.2,4.2545366,-1.0545366287231444
2018-11-04 20:30:00,3.13,4.277009,-1.1470090103149415
2018-11-04 20:45:00,3.13,4.1929693,-1.06296932220459
2018-11-04 21:00:00,3.13,2.959447,0.17055309295654286
2018-11-04 21:15:00,3.13,2.959447,0.17055309295654286
2018-11-04 21:30:00,3.13,2.959447,0.17055309295654286
2018-11-04 21:45:00,3.24,2.959447,0.2805530929565432
2018-11-04 22:00:00,3.82,3.272713,0.5472870540618895
2018-11-04 22:15:00,3.1,3.5207372,-0.4207371711730956
2018-11-04 22:30:00,2.95,3.1431653,-0.19316534996032697
2018-11-04 22:45:00,3.46,3.1431653,0.3168346500396728
2018-11-04 23:00:00,3.42,3.2664173,0.15358273506164544
2018-11-04 23:15:00,2.92,3.200665,-0.28066499710083015
2018-11-04 23:30:00,2.84,3.1431653,-0.3031653499603273
2018-11-04 23:45:00,2.92,3.1431653,-0.22316534996032722
2018-11-05 00:00:00,3.78,4.1754136,-0.3954136085510256
2018-11-05 00:15:00,2.95,4.7362657,-1.7862656593322752
2018-11-05 00:30:00,2.95,4.1754136,-1.2254136085510252
2018-11-05 00:45:00,3.53,4.0870395,-0.5570394706726076
2018-11-05 01:00:00,3.38,4.0333304,-0.6533304405212403
2018-11-05 01:15:00,2.92,3.831973,-0.9119730758666993
2018-11-05 01:30:00,2.95,3.5794675,-0.6294675350189207
2018-11-05 01:45:00,2.95,3.5794675,-0.6294675350189207
2018-11-05 02:00:00,2.92,3.6678414,-0.7478414344787598
2018-11-05 02:15:00,2.99,3.5693974,-0.579397449493408
2018-11-05 02:30:00,2.95,3.9714804,-1.021480369567871
2018-11-05 02:45:00,3.56,3.9254544,-0.3654543781280517
2018-11-05 03:00:00,3.31,4.0333304,-0.7233304405212402
2018-11-05 03:15:00,2.92,3.831973,-0.9119730758666993
2018-11-05 03:30:00,2.95,3.9254544,-0.9754543781280516
2018-11-05 03:45:00,2.92,3.9714804,-1.0514803695678712
2018-11-05 04:00:00,3.02,3.9254544,-0.9054543781280517
2018-11-05 04:15:00,3.64,3.5794675,0.060532464981079226
2018-11-05 04:30:00,3.35,3.8484821,-0.4984821319580077
2018-11-05 04:45:00,2.92,3.831973,-0.9119730758666993
2018-11-05 05:00:00,2.88,3.5794675,-0.699467535018921
2018-11-05 05:15:00,2.95,3.6678414,-0.7178414344787596
2018-11-05 05:30:00,2.88,3.5794675,-0.699467535018921
2018-11-05 05:45:00,2.92,3.5794675,-0.659467535018921
2018-11-05 06:00:00,2.88,3.5794675,-0.699467535018921
2018-11-05 06:15:00,2.84,3.6678414,-0.8278414344787599
2018-11-05 06:30:00,2.92,3.8820024,-0.962002353668213
2018-11-05 06:45:00,3.53,3.8820024,-0.3520023536682131
2018-11-05 07:00:00,3.31,3.8484821,-0.5384821319580078
2018-11-05 07:15:00,3.31,3.831973,-0.5219730758666992
2018-11-05 07:30:00,4.32,3.9203467,0.3996532630920413
2018-11-05 07:45:00,5.22,5.670145,-0.4501450347900393
2018-11-05 08:00:00,5.22,22.704443,-17.484442977905275
2018-11-05 08:15:00,37.69,37.410892,0.2791075134277321
2018-11-05 08:30:00,94.86,54.0324,40.827601776123046
2018-11-05 08:45:00,59.47,93.7047,-34.23469665527344
2018-11-05 09:00:00,78.62,60.078587,18.541413421630864
2018-11-05 09:15:00,82.26,85.827515,-3.567514648437495
2018-11-05 09:30:00,73.48,88.40383,-14.92383148193359
2018-11-05 09:45:00,65.66,68.02545,-2.3654516601562534
2018-11-05 10:00:00,83.23,63.72951,19.500488739013676
2018-11-05 10:15:00,61.56,89.432014,-27.87201446533203
2018-11-05 10:30:00,63.0,57.75308,5.246921539306641
2018-11-05 10:45:00,61.96,57.806602,4.153397521972657
2018-11-05 11:00:00,64.3,57.47394,6.8260581970214815
2018-11-05 11:15:00,68.94,59.01178,9.928220214843748
2018-11-05 11:30:00,66.1,65.94822,0.15178070068358807
2018-11-05 11:45:00,73.8,60.65317,13.146828460693357
2018-11-05 12:00:00,55.94,65.21225,-9.272249755859377
2018-11-05 12:15:00,6.16,32.210674,-26.05067428588867
2018-11-05 12:30:00,6.62,7.871692,-1.2516921806335448
2018-11-05 12:45:00,6.88,7.6636114,-0.78361141204834
2018-11-05 13:00:00,6.84,24.036444,-17.19644371032715
2018-11-05 13:15:00,48.31,35.42514,12.884859619140627
2018-11-05 13:30:00,68.87,59.978397,8.891602630615239
2018-11-05 13:45:00,69.26,72.98921,-3.7292120361328074
2018-11-05 14:00:00,59.72,67.578575,-7.858575134277345
2018-11-05 14:15:00,52.74,57.225895,-4.485894927978514
2018-11-05 14:30:00,68.47,54.75718,13.712820739746093
2018-11-05 14:45:00,45.68,65.2543,-19.574302978515625
2018-11-05 15:00:00,46.4,49.105846,-2.7058464050292983
2018-11-05 15:15:00,64.15,51.06247,13.08753051757813
2018-11-05 15:30:00,73.44,62.441895,10.998105468749998
2018-11-05 15:45:00,53.14,72.90034,-19.76033721923828
2018-11-05 16:00:00,55.58,55.830482,-0.25048248291015796
2018-11-05 16:15:00,59.26,53.72779,5.532209167480467
2018-11-05 16:30:00,67.43,56.494614,10.93538635253907
2018-11-05 16:45:00,54.65,64.6412,-9.991197204589845
2018-11-05 17:00:00,51.7,50.88917,0.810828399658206
2018-11-05 17:15:00,43.99,48.19987,-4.20987106323242
2018-11-05 17:30:00,62.75,43.46734,19.28266143798828
2018-11-05 17:45:00,31.54,54.851276,-23.31127639770508
2018-11-05 18:00:00,32.22,40.61023,-8.390229492187501
2018-11-05 18:15:00,40.5,40.039093,0.460906982421875
2018-11-05 18:30:00,56.66,45.3018,11.358200225830075
2018-11-05 18:45:00,44.39,58.36695,-13.97695098876953
2018-11-05 19:00:00,60.8,48.54127,12.2587287902832
2018-11-05 19:15:00,58.1,61.960876,-3.8608764648437486
2018-11-05 19:30:00,52.16,59.364807,-7.204807128906253
2018-11-05 19:45:00,64.26,57.09365,7.166349182128911
2018-11-05 20:00:00,59.9,63.407238,-3.5072380065917983
2018-11-05 20:15:00,51.01,59.020134,-8.01013397216797
2018-11-05 20:30:00,56.45,52.943577,3.506423187255862
2018-11-05 20:45:00,55.33,56.626724,-1.2967242431640642
2018-11-05 21:00:00,45.22,36.208805,9.011194915771483
2018-11-05 21:15:00,42.59,27.664696,14.92530426025391
2018-11-05 21:30:00,59.33,26.658617,32.67138298034668
2018-11-05 21:45:00,74.88,38.735497,36.1445034790039
2018-11-05 22:00:00,61.38,59.47363,1.9063710021972682
2018-11-05 22:15:00,73.87,51.518696,22.351304168701176
2018-11-05 22:30:00,24.44,58.48712,-34.04712158203125
2018-11-05 22:45:00,4.39,11.159683,-6.769683227539063
2018-11-05 23:00:00,4.86,3.9824817,0.8775182819366458
2018-11-05 23:15:00,3.82,4.39969,-0.5796901512145998
2018-11-05 23:30:00,3.78,2.7883317,0.9916682529449461
2018-11-05 23:45:00,3.74,2.9907053,0.7492947483062746
2018-11-06 00:00:00,3.49,3.6643465,-0.17434645652770975
2018-11-06 00:15:00,3.74,3.4254472,0.3145527744293215
2018-11-06 00:30:00,3.71,3.6394134,0.0705866432189941
2018-11-06 00:45:00,3.74,3.6643465,0.07565354347229025
2018-11-06 01:00:00,3.64,3.4463308,0.19366921424865735
2018-11-06 01:15:00,3.71,3.3474429,0.36255713462829586
2018-11-06 01:30:00,3.71,3.4463308,0.2636692142486572
2018-11-06 01:45:00,3.67,3.4463308,0.22366921424865716
2018-11-06 02:00:00,3.71,3.4409392,0.2690608119964599
2018-11-06 02:15:00,4.75,3.4463308,1.3036692142486572
2018-11-06 02:30:00,4.14,5.6541934,-1.5141934013366702
2018-11-06 02:45:00,3.67,5.023735,-1.3537350463867188
2018-11-06 03:00:00,3.64,3.3444645,0.29553545951843274
2018-11-06 03:15:00,3.71,3.3474429,0.36255713462829586
2018-11-06 03:30:00,3.38,3.4463308,-0.06633078575134288
2018-11-06 03:45:00,3.13,3.2161348,-0.08613478660583507
2018-11-06 04:00:00,3.06,3.012804,0.04719596862792974
2018-11-06 04:15:00,3.1,2.9636283,0.13637170791625985
2018-11-06 04:30:00,3.06,2.9636283,0.09637170791625982
2018-11-06 04:45:00,3.1,2.9636283,0.13637170791625985
2018-11-06 05:00:00,3.1,2.9636283,0.13637170791625985
2018-11-06 05:15:00,3.06,2.9636283,0.09637170791625982
2018-11-06 05:30:00,3.17,2.9636283,0.2063717079162597
2018-11-06 05:45:00,3.71,3.0743709,0.6356291389465332
2018-11-06 06:00:00,3.31,3.5428054,-0.23280543327331538
2018-11-06 06:15:00,3.02,3.2161348,-0.19613478660583494
2018-11-06 06:30:00,3.38,2.9636283,0.41637170791625966
2018-11-06 06:45:00,3.53,3.2161348,0.31386521339416484
2018-11-06 07:00:00,2.99,3.2509682,-0.26096821784973123
2018-11-06 07:15:00,3.02,2.9636283,0.05637170791625978
2018-11-06 07:30:00,3.31,3.190538,0.11946207046508794
2018-11-06 07:45:00,4.39,3.376449,1.0135508918762204
2018-11-06 08:00:00,4.07,11.826397,-7.756396942138672
2018-11-06 08:15:00,35.03,31.498253,3.5317471313476574
2018-11-06 08:30:00,54.94,55.260265,-0.32026535034179915
2018-11-06 08:45:00,60.37,68.97964,-8.609637145996096
2018-11-06 09:00:00,76.1,61.00223,15.097768402099604
2018-11-06 09:15:00,70.96,79.60392,-8.643919982910163
2018-11-06 09:30:00,76.54,74.36315,2.1768484497070375
2018-11-06 09:45:00,76.0,82.92107,-6.9210662841796875
2018-11-06 10:00:00,66.67,80.41072,-13.74072082519531
2018-11-06 10:15:00,63.32,71.84961,-8.529609375
2018-11-06 10:30:00,56.52,67.13505,-10.615047912597653
2018-11-06 10:45:00,60.23,61.762783,-1.5327830505371125
2018-11-06 11:00:00,74.77,63.204582,11.565417785644527
2018-11-06 11:15:00,85.75,77.0482,8.701797485351562
2018-11-06 11:30:00,64.12,97.6698,-33.549799804687495
2018-11-06 11:45:00,60.62,64.63125,-4.011248474121096
2018-11-06 12:00:00,52.99,55.298733,-2.3087327575683574
2018-11-06 12:15:00,6.05,18.603617,-12.553616714477538
2018-11-06 12:30:00,5.9,2.5597997,3.3402003288269047
2018-11-06 12:45:00,5.76,2.3814683,3.3785317039489744
2018-11-06 13:00:00,4.93,13.65079,-8.720790214538575
2018-11-06 13:15:00,44.39,34.02304,10.366959228515626
2018-11-06 13:30:00,53.03,62.10269,-9.072691650390624
2018-11-06 13:45:00,60.34,66.32107,-5.98106781005859
2018-11-06 14:00:00,59.65,62.730167,-3.080167388916017
2018-11-06 14:15:00,51.19,61.395706,-10.205706176757815
2018-11-06 14:30:00,50.9,57.594578,-6.694577789306642
2018-11-06 14:45:00,49.9,57.52677,-7.626771545410158
2018-11-06 15:00:00,50.69,57.435814,-6.745813903808596
2018-11-06 15:15:00,50.62,58.394203,-7.774203186035159
2018-11-06 15:30:00,51.91,56.661777,-4.751777496337894
2018-11-06 15:45:00,49.97,59.21179,-9.241788177490236
2018-11-06 16:00:00,49.18,57.3151,-8.135101623535157
2018-11-06 16:15:00,58.64,57.335815,1.3041845703125006
2018-11-06 16:30:00,55.58,62.18735,-6.607351226806642
2018-11-06 16:45:00,55.84,60.047546,-4.207546386718747
2018-11-06 17:00:00,48.71,54.250164,-5.540164031982421
2018-11-06 17:15:00,42.52,51.388573,-8.86857269287109
2018-11-06 17:30:00,60.77,44.513405,16.256595153808597
2018-11-06 17:45:00,31.03,43.794662,-12.764662475585936
2018-11-06 18:00:00,31.32,34.904408,-3.584407501220703
2018-11-06 18:15:00,43.92,42.561413,1.3585871887207048
2018-11-06 18:30:00,51.52,48.17671,3.3432917785644563
2018-11-06 18:45:00,52.81,56.475937,-3.6659368896484352
2018-11-06 19:00:00,66.46,56.63494,9.825058898925775
2018-11-06 19:15:00,48.35,66.61334,-18.26334228515625
2018-11-06 19:30:00,46.51,54.632973,-8.122972717285158
2018-11-06 19:45:00,73.62,53.96365,19.656350250244145
2018-11-06 20:00:00,50.98,76.20735,-25.227351684570316
2018-11-06 20:15:00,49.25,54.796513,-5.546512603759766
2018-11-06 20:30:00,42.66,54.40889,-11.748889770507816
2018-11-06 20:45:00,30.35,46.687153,-16.337152862548827
2018-11-06 21:00:00,8.28,27.269848,-18.989847869873046
2018-11-06 21:15:00,7.6,15.222311,-7.622311019897461
2018-11-06 21:30:00,4.21,11.612263,-7.402262725830078
2018-11-06 21:45:00,3.85,5.941908,-2.0919078826904296
2018-11-06 22:00:00,3.85,6.201124,-2.3511241912841796
2018-11-06 22:15:00,3.67,4.407224,-0.737224178314209
2018-11-06 22:30:00,3.64,7.2182107,-3.578210697174072
2018-11-06 22:45:00,3.64,3.0992467,0.5407532596588136
2018-11-06 23:00:00,3.53,3.075915,0.4540849018096922
2018-11-06 23:15:00,3.53,3.2838614,0.2461386013031004
2018-11-06 23:30:00,3.6,3.2838614,0.3161386013031007
2018-11-06 23:45:00,3.53,3.2838614,0.2461386013031004
2018-11-07 00:00:00,0.0,3.5496137,-3.5496137142181396
2018-11-07 00:15:00,3.53,3.1805239,0.3494761276245115
2018-11-07 00:30:00,3.56,3.5745468,-0.014546813964843697
2018-11-07 00:45:00,3.64,3.5745468,0.06545318603515637
2018-11-07 01:00:00,3.74,3.3565311,0.38346885681152365
2018-11-07 01:15:00,4.68,3.5518937,1.1281062889099118
2018-11-07 01:30:00,3.85,5.13706,-1.2870601654052733
2018-11-07 01:45:00,2.95,3.6797323,-0.7297323226928709
2018-11-07 02:00:00,2.92,3.0691907,-0.14919074058532722
2018-11-07 02:15:00,2.95,2.9157772,0.03422279357910174
2018-11-07 02:30:00,2.95,2.9798048,-0.02980475425720197
2018-11-07 02:45:00,2.95,3.0691907,-0.11919074058532697
2018-11-07 03:00:00,2.92,3.0691907,-0.14919074058532722
2018-11-07 03:15:00,2.95,3.0691907,-0.11919074058532697
2018-11-07 03:30:00,2.99,3.0691907,-0.07919074058532694
2018-11-07 03:45:00,2.99,3.0691907,-0.07919074058532694
2018-11-07 04:00:00,2.95,3.0691907,-0.11919074058532697
2018-11-07 04:15:00,2.95,3.0691907,-0.11919074058532697
2018-11-07 04:30:00,3.02,3.0691907,-0.04919074058532713
2018-11-07 04:45:00,3.42,3.0691907,0.3508092594146728
2018-11-07 05:00:00,3.56,3.3216977,0.23830228805541998
2018-11-07 05:15:00,3.06,3.3565311,-0.2965311431884765
2018-11-07 05:30:00,3.6,3.0691907,0.5308092594146729
2018-11-07 05:45:00,3.1,3.3565311,-0.2565311431884765
2018-11-07 06:00:00,2.95,3.0691907,-0.11919074058532697
2018-11-07 06:15:00,2.95,3.0691907,-0.11919074058532697
2018-11-07 06:30:00,2.88,3.0691907,-0.18919074058532726
2018-11-07 06:45:00,2.88,3.0691907,-0.18919074058532726
2018-11-07 07:00:00,2.88,3.0792608,-0.19926082611083995
2018-11-07 07:15:00,2.84,3.0691907,-0.2291907405853273
2018-11-07 07:30:00,3.24,3.0691907,0.17080925941467306
2018-11-07 07:45:00,4.82,3.2323112,1.5876887512207034
2018-11-07 08:00:00,5.72,11.958333,-6.238333015441895
2018-11-07 08:15:00,29.92,38.509132,-8.589132385253905
2018-11-07 08:30:00,54.94,48.729675,6.210324707031248
2018-11-07 08:45:00,64.4,66.437515,-2.037515258789057
2018-11-07 09:00:00,62.1,62.12144,-0.021440887451170454
2018-11-07 09:15:00,54.79,61.73222,-6.942219696044923
2018-11-07 09:30:00,51.41,53.98743,-2.577430572509769
2018-11-07 09:45:00,44.35,53.34882,-8.998819732666014
2018-11-07 10:00:00,48.02,49.732883,-1.7128834533691375
2018-11-07 10:15:00,64.12,52.59487,11.52512847900391
2018-11-07 10:30:00,52.52,61.33104,-8.811039428710934
2018-11-07 10:45:00,70.52,55.69056,14.829440612792965
2018-11-07 11:00:00,55.26,68.68568,-13.425676574707033
2018-11-07 11:15:00,49.0,53.92356,-4.923561096191406
2018-11-07 11:30:00,43.27,53.696705,-10.42670486450195
2018-11-07 11:45:00,50.54,47.183517,3.3564825439453116
2018-11-07 12:00:00,47.63,44.03199,3.5980099487304713
2018-11-07 12:15:00,4.18,16.199747,-12.01974708557129
2018-11-07 12:30:00,4.28,1.6708359,2.6091641473770144
2018-11-07 12:45:00,4.57,1.7297996,2.840200371742249
2018-11-07 13:00:00,4.75,11.741266,-6.991266250610352
2018-11-07 13:15:00,30.64,27.877398,2.7626024627685553
2018-11-07 13:30:00,58.28,53.21087,5.069131164550782
2018-11-07 13:45:00,47.95,65.4677,-17.517697143554685
2018-11-07 14:00:00,66.49,51.652203,14.837797393798823
2018-11-07 14:15:00,52.06,64.58165,-12.521649780273435
2018-11-07 14:30:00,61.2,55.50325,5.69674987792969
2018-11-07 14:45:00,51.05,59.330643,-8.280642700195315
2018-11-07 15:00:00,43.06,53.8223,-10.762299957275388
2018-11-07 15:15:00,42.55,48.224888,-5.6748878479003935
2018-11-07 15:30:00,64.58,47.409008,17.17099197387695
2018-11-07 15:45:00,56.92,62.027634,-5.107633666992186
2018-11-07 16:00:00,55.91,56.063087,-0.15308746337890966
2018-11-07 16:15:00,46.22,55.2789,-9.058900146484376
2018-11-07 16:30:00,50.76,50.585915,0.17408538818359176
2018-11-07 16:45:00,68.4,53.662277,14.737722778320318
2018-11-07 17:00:00,62.06,57.406044,4.653955993652346
2018-11-07 17:15:00,53.75,53.78714,-0.037139892578125
2018-11-07 17:30:00,60.19,50.264084,9.92591613769531
2018-11-07 17:45:00,32.0,44.76732,-12.767318725585938
2018-11-07 18:00:00,32.29,34.524216,-2.2342156982421884
2018-11-07 18:15:00,41.15,40.3446,0.8053993225097642
2018-11-07 18:30:00,52.63,44.291332,8.338667755126956
2018-11-07 18:45:00,52.49,53.717316,-1.227315673828123
2018-11-07 19:00:00,65.66,52.81933,12.840671691894528
2018-11-07 19:15:00,61.85,62.398605,-0.5486053466796861
2018-11-07 19:30:00,45.94,57.814995,-11.874994812011721
2018-11-07 19:45:00,59.33,46.938873,12.391126708984373
2018-11-07 20:00:00,55.66,54.90085,0.7591516113281216
2018-11-07 20:15:00,63.29,53.921345,9.368655242919921
2018-11-07 20:30:00,50.69,59.586075,-8.896074829101565
2018-11-07 20:45:00,33.08,45.615253,-12.53525344848633
2018-11-07 21:00:00,10.51,18.076405,-7.566404571533203
2018-11-07 21:15:00,5.26,3.8998344,1.3601656055450437
2018-11-07 21:30:00,4.1,4.02845,0.0715499877929684
2018-11-07 21:45:00,4.0,3.6469254,0.3530745506286621
2018-11-07 22:00:00,5.0,3.7765172,1.2234828472137451
2018-11-07 22:15:00,4.5,4.5674677,-0.06746768951416016
2018-11-07 22:30:00,3.74,4.190947,-0.4509470558166502
2018-11-07 22:45:00,3.74,3.4315546,0.3084454441070559
2018-11-07 23:00:00,3.64,3.4315546,0.2084454441070558
2018-11-07 23:15:00,3.56,3.3493173,0.21068268775939947
2018-11-07 23:30:00,3.6,3.3493173,0.2506826877593995
2018-11-07 23:45:00,3.56,3.3493173,0.21068268775939947
2018-11-08 00:00:00,3.53,3.7558646,-0.22586462020874043
2018-11-08 00:15:00,3.64,3.6957684,-0.05576835632324206
2018-11-08 00:30:00,3.64,3.6957684,-0.05576835632324206
2018-11-08 00:45:00,3.67,3.6957684,-0.02576835632324226
2018-11-08 01:00:00,3.67,3.5712485,0.0987514686584472
2018-11-08 01:15:00,3.6,3.5815248,0.018475151062011808
2018-11-08 01:30:00,3.74,3.5729804,0.16701959609985373
2018-11-08 01:45:00,3.6,3.6831849,-0.08318486213684073
2018-11-08 02:00:00,3.64,3.562782,0.07721795082092298
2018-11-08 02:15:00,3.35,3.4878228,-0.1378227710723876
2018-11-08 02:30:00,3.17,3.431474,-0.2614739704132081
2018-11-08 02:45:00,3.74,3.28971,0.45028995513916037
2018-11-08 03:00:00,3.38,3.7581441,-0.3781441402435304
2018-11-08 03:15:00,3.06,3.431474,-0.37147397041320795
2018-11-08 03:30:00,3.06,3.1789675,-0.11896747589111323
2018-11-08 03:45:00,3.06,3.1789675,-0.11896747589111323
2018-11-08 04:00:00,3.13,3.1789675,-0.04896747589111339
2018-11-08 04:15:00,3.17,3.2281427,-0.05814273834228523
2018-11-08 04:30:00,3.13,3.27964,-0.14963995933532726
2018-11-08 04:45:00,3.06,3.2180727,-0.1580726528167724
2018-11-08 05:00:00,3.06,3.1688974,-0.10889739036560053
2018-11-08 05:15:00,3.1,3.1688974,-0.0688973903656005
2018-11-08 05:30:00,3.13,3.1688974,-0.03889739036560069
2018-11-08 05:45:00,3.13,3.2180727,-0.08807265281677257
2018-11-08 06:00:00,3.67,3.2281427,0.4418572616577148
2018-11-08 06:15:00,3.46,3.5813186,-0.12131861686706547
2018-11-08 06:30:00,3.02,3.443067,-0.42306707382202147
2018-11-08 06:45:00,3.02,3.1789675,-0.15896747589111326
2018-11-08 07:00:00,2.99,3.1789675,-0.18896747589111307
2018-11-08 07:15:00,2.95,3.1789675,-0.2289674758911131
2018-11-08 07:30:00,3.2,3.1688974,0.03110260963439959
2018-11-08 07:45:00,4.68,3.260594,1.4194061088562009
2018-11-08 08:00:00,5.0,11.627189,-6.627188682556152
2018-11-08 08:15:00,22.28,31.899595,-9.619595260620116
2018-11-08 08:30:00,46.84,45.94746,0.8925398254394565
2018-11-08 08:45:00,63.04,60.336555,2.703444519042968
2018-11-08 09:00:00,66.85,64.31206,2.537942504882807
2018-11-08 09:15:00,54.65,66.30096,-11.65095672607422
2018-11-08 09:30:00,56.34,57.053867,-0.7138673400878872
2018-11-08 09:45:00,55.98,58.17137,-2.1913714599609406
2018-11-08 10:00:00,66.1,56.58286,9.517140960693354
2018-11-08 10:15:00,53.24,65.72926,-12.48926330566406
2018-11-08 10:30:00,67.07,55.874805,11.19519454956054
2018-11-08 10:45:00,62.93,65.42582,-2.4958193969726565
2018-11-08 11:00:00,52.85,61.548885,-8.698885345458983
2018-11-08 11:15:00,52.13,56.146824,-4.016823883056638
2018-11-08 11:30:00,53.6,56.68882,-3.088819885253905
2018-11-08 11:45:00,58.25,56.187355,2.0626449584960938
2018-11-08 12:00:00,48.49,49.83307,-1.343068847656248
2018-11-08 12:15:00,7.31,21.777641,-14.46764129638672
2018-11-08 12:30:00,7.63,5.488101,2.1418989944458007
2018-11-08 12:45:00,7.88,5.566512,2.313487892150879
2018-11-08 13:00:00,7.92,13.41336,-5.493359642028809
2018-11-08 13:15:00,45.18,35.595814,9.584186248779297
2018-11-08 13:30:00,59.8,59.517395,0.28260498046874716
2018-11-08 13:45:00,59.0,65.08735,-6.087348937988281
2018-11-08 14:00:00,62.53,59.80544,2.724561004638673
2018-11-08 14:15:00,60.26,61.096027,-0.8360273742675801
2018-11-08 14:30:00,54.61,62.02334,-7.413338317871094
2018-11-08 14:45:00,52.13,57.315483,-5.185483093261716
2018-11-08 15:00:00,59.76,57.90913,1.8508699035644511
2018-11-08 15:15:00,43.92,59.862682,-15.942682342529295
2018-11-08 15:30:00,48.6,49.791393,-1.1913932800292955
2018-11-08 15:45:00,63.68,54.179207,9.500793151855468
2018-11-08 16:00:00,54.04,63.173813,-9.133812866210938
2018-11-08 16:15:00,56.48,57.113102,-0.6331019592285188
2018-11-08 16:30:00,109.08,57.99538,51.08461959838867
2018-11-08 16:45:00,70.06,91.71813,-21.658132019042966
2018-11-08 17:00:00,62.96,59.60192,3.358078918457032
2018-11-08 17:15:00,64.84,57.280178,7.559821929931644
2018-11-08 17:30:00,71.57,57.72632,13.843681640624993
2018-11-08 17:45:00,32.36,53.90641,-21.546410217285157
2018-11-08 18:00:00,32.26,36.77851,-4.518511047363283
2018-11-08 18:15:00,52.02,42.49726,9.522738952636722
2018-11-08 18:30:00,46.94,55.396458,-8.456457672119143
2018-11-08 18:45:00,73.94,52.379807,21.56019348144531
2018-11-08 19:00:00,74.3,71.89503,2.404972839355466
2018-11-08 19:15:00,80.17,72.371185,7.798814697265627
2018-11-08 19:30:00,85.43,85.57031,-0.14031249999999318
2018-11-08 19:45:00,94.21,89.29632,4.913681945800775
2018-11-08 20:00:00,83.2,88.27521,-5.075207519531247
2018-11-08 20:15:00,70.7,85.2552,-14.55520324707031
2018-11-08 20:30:00,91.19,71.84221,19.34779113769531
2018-11-08 20:45:00,80.14,79.23889,0.9011083984375006
2018-11-08 21:00:00,28.66,44.013107,-15.353107299804687
2018-11-08 21:15:00,19.76,11.728379,8.031620750427248
2018-11-08 21:30:00,4.1,6.529656,-2.4296559333801273
2018-11-08 21:45:00,4.1,3.9561899,0.14381012916564906
2018-11-08 22:00:00,4.07,4.357316,-0.2873160171508786
2018-11-08 22:15:00,3.92,3.9344563,-0.014456348419189524
2018-11-08 22:30:00,3.78,4.0116067,-0.23160669326782246
2018-11-08 22:45:00,3.96,3.821239,0.1387610054016113
2018-11-08 23:00:00,4.9,4.0116067,0.8883933067321781
2018-11-08 23:15:00,4.25,4.9736285,-0.7236285209655762
2018-11-08 23:30:00,3.56,4.565264,-1.0052642250061035
2018-11-08 23:45:00,3.53,3.7390018,-0.20900175094604512
2018-11-09 00:00:00,4.9,4.12967,0.770329856872559
2018-11-09 00:15:00,3.56,5.8454623,-2.2854623222351074
2018-11-09 00:30:00,3.64,4.12967,-0.4896701431274413
2018-11-09 00:45:00,3.6,4.12967,-0.5296701431274413
2018-11-09 01:00:00,3.38,3.351135,0.028864984512328995
2018-11-09 01:15:00,2.88,3.3371084,-0.4571083736419679
2018-11-09 01:30:00,2.84,3.0846019,-0.2446018791198732
2018-11-09 01:45:00,2.88,3.0846019,-0.20460187911987315
2018-11-09 02:00:00,2.88,3.0846019,-0.20460187911987315
2018-11-09 02:15:00,2.95,3.0846019,-0.13460187911987287
2018-11-09 02:30:00,2.92,3.0846019,-0.16460187911987312
2018-11-09 02:45:00,2.88,3.0846019,-0.20460187911987315
2018-11-09 03:00:00,2.92,3.0846019,-0.16460187911987312
2018-11-09 03:15:00,2.88,3.0846019,-0.20460187911987315
2018-11-09 03:30:00,2.99,3.0846019,-0.09460187911987283
2018-11-09 03:45:00,3.28,3.0846019,0.19539812088012676
2018-11-09 04:00:00,3.53,3.3371084,0.19289162635803203
2018-11-09 04:15:00,3.17,3.351135,-0.18113501548767097
2018-11-09 04:30:00,3.49,3.195344,0.2946560287475588
2018-11-09 04:45:00,3.24,3.3493764,-0.10937644004821756
2018-11-09 05:00:00,2.88,3.3371084,-0.4571083736419679
2018-11-09 05:15:00,2.88,3.0846019,-0.20460187911987315
2018-11-09 05:30:00,2.88,3.0846019,-0.20460187911987315
2018-11-09 05:45:00,2.84,3.0846019,-0.2446018791198732
2018-11-09 06:00:00,2.84,3.0846019,-0.2446018791198732
2018-11-09 06:15:00,2.95,3.0846019,-0.13460187911987287
2018-11-09 06:30:00,2.84,3.0846019,-0.2446018791198732
2018-11-09 06:45:00,2.88,3.0846019,-0.20460187911987315
2018-11-09 07:00:00,2.84,3.0846019,-0.2446018791198732
2018-11-09 07:15:00,2.84,3.0846019,-0.2446018791198732
2018-11-09 07:30:00,3.42,3.0846019,0.3353981208801269
2018-11-09 07:45:00,5.72,3.2354891,2.484510869979858
2018-11-09 08:00:00,6.05,13.161539,-7.111539077758789
2018-11-09 08:15:00,35.96,32.59629,3.3637094116210946
2018-11-09 08:30:00,90.18,57.63546,32.54454010009766
2018-11-09 08:45:00,80.53,93.23581,-12.705809326171874
2018-11-09 09:00:00,108.5,85.846855,22.65314483642578
2018-11-09 09:15:00,102.89,96.352066,6.537933959960938
2018-11-09 09:30:00,108.47,98.21722,10.25278350830078
2018-11-09 09:45:00,83.63,96.640625,-13.010625000000005
2018-11-09 10:00:00,76.57,87.96613,-11.396133117675788
2018-11-09 10:15:00,59.4,80.2932,-20.89319763183594
2018-11-09 10:30:00,56.81,60.70438,-3.8943800354003884
2018-11-09 10:45:00,55.98,61.170975,-5.190974731445316
2018-11-09 11:00:00,61.6,59.094345,2.505654907226564
2018-11-09 11:15:00,68.08,62.09326,5.986738281249998
2018-11-09 11:30:00,64.19,68.93105,-4.741053161621096
2018-11-09 11:45:00,56.95,63.939598,-6.989598083496091
2018-11-09 12:00:00,51.44,51.1712,0.26880020141601335
2018-11-09 12:15:00,5.15,16.156464,-11.006463623046875
2018-11-09 12:30:00,4.82,2.1951842,2.624815769195557
2018-11-09 12:45:00,4.97,1.9297279,3.040272088050842
2018-11-09 13:00:00,4.72,10.805466,-6.085465698242188
2018-11-09 13:15:00,37.26,33.13356,4.1264398193359355
2018-11-09 13:30:00,68.62,58.73185,9.888150329589848
2018-11-09 13:45:00,53.35,74.117905,-20.767904663085936
2018-11-09 14:00:00,53.28,59.98244,-6.702440948486327
2018-11-09 14:15:00,54.97,59.111443,-4.14144256591797
2018-11-09 14:30:00,70.38,60.13581,10.244189147949214
2018-11-09 14:45:00,60.12,74.26989,-14.149889831542971
2018-11-09 15:00:00,65.63,60.878483,4.75151718139648
2018-11-09 15:15:00,51.59,67.79821,-16.208210144042965
2018-11-09 15:30:00,53.78,57.6317,-3.8516986083984364
2018-11-09 15:45:00,55.87,59.65523,-3.7852314758300807
2018-11-09 16:00:00,57.38,59.69154,-2.3115397644042943
2018-11-09 16:15:00,59.72,60.42568,-0.7056782531738293
2018-11-09 16:30:00,66.28,60.08403,6.195969848632814
2018-11-09 16:45:00,59.72,69.878654,-10.15865447998047
2018-11-09 17:00:00,64.04,55.505184,8.534815826416022
2018-11-09 17:15:00,69.48,58.553173,10.926826934814457
2018-11-09 17:30:00,56.92,59.465374,-2.54537399291992
2018-11-09 17:45:00,28.8,41.102936,-12.302935791015624
2018-11-09 18:00:00,29.12,33.186913,-4.066912536621093
2018-11-09 18:15:00,53.5,39.6006,13.899398803710938
2018-11-09 18:30:00,58.79,56.680206,2.109793701171874
2018-11-09 18:45:00,53.71,58.87718,-5.167178192138671
2018-11-09 19:00:00,63.0,56.309216,6.690784454345703
2018-11-09 19:15:00,53.14,59.95263,-6.812629089355468
2018-11-09 19:30:00,55.51,54.515938,0.9940621948242168
2018-11-09 19:45:00,63.76,54.37351,9.386491546630857
2018-11-09 20:00:00,52.45,60.552773,-8.102772521972653
2018-11-09 20:15:00,66.49,55.33535,11.154649963378901
2018-11-09 20:30:00,51.73,65.133385,-13.403384704589847
2018-11-09 20:45:00,42.48,54.36944,-11.889438171386722
2018-11-09 21:00:00,29.27,25.17133,4.098670501708984
2018-11-09 21:15:00,16.6,12.293767,4.306233024597169
2018-11-09 21:30:00,6.55,6.210097,0.33990316390991193
2018-11-09 21:45:00,6.44,3.907795,2.5322050476074223
2018-11-09 22:00:00,5.9,5.3081307,0.5918692588806156
2018-11-09 22:15:00,4.93,4.5658364,0.36416357040405245
2018-11-09 22:30:00,4.93,4.294672,0.6353279876708982
2018-11-09 22:45:00,4.97,4.1100574,0.8599426460266111
2018-11-09 23:00:00,4.82,4.0867257,0.7332742881774905
2018-11-09 23:15:00,4.82,4.0596933,0.7603066635131839
2018-11-09 23:30:00,4.82,4.2443075,0.5756924819946292
2018-11-09 23:45:00,4.82,4.2443075,0.5756924819946292
2018-11-10 00:00:00,2.7,5.6205683,-2.92056827545166
2018-11-10 00:15:00,4.82,3.739136,1.0808640193939212
2018-11-10 00:30:00,4.86,5.798494,-0.9384938621520993
2018-11-10 00:45:00,4.9,5.828144,-0.9281440734863278
2018-11-10 01:00:00,4.86,5.109777,-0.24977697372436491
2018-11-10 01:15:00,4.9,5.833208,-0.933208084106445
2018-11-10 01:30:00,4.97,5.833208,-0.8632080841064456
2018-11-10 01:45:00,4.9,6.8738294,-1.973829364776611
2018-11-10 02:00:00,6.01,5.833208,0.17679191589355447
2018-11-10 02:15:00,5.54,9.610322,-4.070321998596191
2018-11-10 02:30:00,4.0,9.255609,-5.255608558654785
2018-11-10 02:45:00,3.82,3.889836,-0.06983607292175309
2018-11-10 03:00:00,3.74,3.6965926,0.043407430648803924
2018-11-10 03:15:00,3.74,3.5687544,0.17124556541442892
2018-11-10 03:30:00,3.78,3.473488,0.30651190757751445
2018-11-10 03:45:00,3.74,3.473488,0.26651190757751486
2018-11-10 04:00:00,3.78,3.473488,0.30651190757751445
2018-11-10 04:15:00,3.78,3.473488,0.30651190757751445
2018-11-10 04:30:00,3.78,3.473488,0.30651190757751445
2018-11-10 04:45:00,3.74,3.473488,0.26651190757751486
2018-11-10 05:00:00,3.74,3.5687544,0.17124556541442892
2018-11-10 05:15:00,3.78,3.5687544,0.21124556541442852
2018-11-10 05:30:00,3.78,3.5687544,0.21124556541442852
2018-11-10 05:45:00,3.74,3.5687544,0.17124556541442892
2018-11-10 06:00:00,5.51,3.5687544,1.9412455654144285
2018-11-10 06:15:00,5.69,8.981566,-3.291566429138183
2018-11-10 06:30:00,4.07,9.146534,-5.076533966064453
2018-11-10 06:45:00,3.74,3.8927815,-0.15278149604797342
2018-11-10 07:00:00,3.71,3.5716999,0.13830014228820797
2018-11-10 07:15:00,3.71,3.5716999,0.13830014228820797
2018-11-10 07:30:00,3.78,3.4764335,0.30356648445129375
2018-11-10 07:45:00,3.82,3.5702598,0.24974019050598129
2018-11-10 08:00:00,4.14,7.252846,-3.1128457641601566
2018-11-10 08:15:00,26.17,24.791012,1.3789881896972673
2018-11-10 08:30:00,42.16,39.51003,2.6499711608886685
2018-11-10 08:45:00,55.51,53.062206,2.447793731689451
2018-11-10 09:00:00,57.78,52.656124,5.123875885009767
2018-11-10 09:15:00,45.14,53.255775,-8.115775451660156
2018-11-10 09:30:00,56.09,47.8654,8.224601593017582
2018-11-10 09:45:00,50.72,52.041756,-1.3217556762695324
2018-11-10 10:00:00,50.58,48.6069,1.973100738525389
2018-11-10 10:15:00,58.61,48.839962,9.770037994384765
2018-11-10 10:30:00,44.86,55.45925,-10.599251403808594
2018-11-10 10:45:00,58.54,46.288372,12.251627960205077
2018-11-10 11:00:00,44.5,56.36081,-11.860809326171875
2018-11-10 11:15:00,56.52,45.84898,10.671020050048831
2018-11-10 11:30:00,53.14,54.077682,-0.9376824951171869
2018-11-10 11:45:00,62.21,52.689587,9.520413360595704
2018-11-10 12:00:00,30.1,51.19378,-21.093778991699217
2018-11-10 12:15:00,4.07,15.158279,-11.088279418945312
2018-11-10 12:30:00,4.57,2.2258337,2.3441663455963138
2018-11-10 12:45:00,5.08,3.2794425,1.800557451248169
2018-11-10 13:00:00,5.08,9.727579,-4.647579116821289
2018-11-10 13:15:00,28.66,27.400436,1.2595635986328126
2018-11-10 13:30:00,49.97,45.16906,4.80094024658203
2018-11-10 13:45:00,60.77,57.53868,3.2313189697265656
2018-11-10 14:00:00,63.43,58.99644,4.433559112548828
2018-11-10 14:15:00,61.27,62.986134,-1.71613357543945
2018-11-10 14:30:00,52.52,58.149223,-5.629223327636716
2018-11-10 14:45:00,50.36,54.220127,-3.860127105712891
2018-11-10 15:00:00,47.84,50.424606,-2.584606323242184
2018-11-10 15:15:00,67.68,49.92015,17.75984924316407
2018-11-10 15:30:00,46.37,69.55548,-23.185480957031253
2018-11-10 15:45:00,55.15,48.868294,6.281706237792967
2018-11-10 16:00:00,51.26,53.879265,-2.6192648315429707
2018-11-10 16:15:00,37.15,50.96237,-13.812371826171876
2018-11-10 16:30:00,48.82,43.089134,5.7308657836914065
2018-11-10 16:45:00,30.6,49.59183,-18.99183120727539
2018-11-10 17:00:00,5.87,27.22763,-21.357630615234374
2018-11-10 17:15:00,5.0,1.6683302,3.331669807434082
2018-11-10 17:30:00,3.67,1.8577937,1.812206311225891
2018-11-10 17:45:00,3.71,2.1102288,1.5997712230682373
2018-11-10 18:00:00,4.5,5.152556,-0.6525559425354004
2018-11-10 18:15:00,4.61,3.7878017,0.8221982574462894
2018-11-10 18:30:00,3.64,2.8220413,0.8179587268829347
2018-11-10 18:45:00,3.67,2.1011968,1.5688032341003417
2018-11-10 19:00:00,3.74,1.8433893,1.8966107273101809
2018-11-10 19:15:00,3.82,2.252941,1.567059106826782
2018-11-10 19:30:00,3.71,2.6352422,1.074757776260376
2018-11-10 19:45:00,3.67,2.64512,1.0248800945281982
2018-11-10 20:00:00,3.71,1.8036667,1.9063332891464233
2018-11-10 20:15:00,3.74,2.49193,1.24806999206543
2018-11-10 20:30:00,3.71,2.1893435,1.5206565475463867
2018-11-10 20:45:00,3.71,3.6626132,0.04738684654235836
2018-11-10 21:00:00,3.67,4.2585626,-0.5885625648498536
2018-11-10 21:15:00,3.74,3.6812968,0.058703174591064666
2018-11-10 21:30:00,3.67,3.028112,0.6418880653381347
2018-11-10 21:45:00,3.71,2.9476662,0.7623338317871093
2018-11-10 22:00:00,3.78,3.4175112,0.3624887752532957
2018-11-10 22:15:00,4.21,3.7635639,0.446436128616333
2018-11-10 22:30:00,4.43,4.3209863,0.1090137290954587
2018-11-10 22:45:00,3.46,4.552772,-1.092772045135498
2018-11-10 23:00:00,3.42,3.6749318,-0.2549317646026612
2018-11-10 23:15:00,3.49,3.6673005,-0.1773004627227781
2018-11-10 23:30:00,3.35,3.6795685,-0.32956852912902823
2018-11-10 23:45:00,2.74,3.6433783,-0.9033782577514646
2018-11-11 00:00:00,2.7,3.07933,-0.3793299674987791
2018-11-11 00:15:00,2.7,3.217409,-0.5174088954925535
2018-11-11 00:30:00,2.81,3.217409,-0.40740889549255366
2018-11-11 00:45:00,2.77,3.3726208,-0.6026208209991455
2018-11-11 01:00:00,2.77,2.7899704,-0.019970397949218732
2018-11-11 01:15:00,2.77,2.7899704,-0.019970397949218732
2018-11-11 01:30:00,2.81,2.7899704,0.020029602050781303
2018-11-11 01:45:00,2.77,2.8599932,-0.08999321937561033
2018-11-11 02:00:00,2.84,3.0921555,-0.2521554565429689
2018-11-11 02:15:00,2.81,3.1949968,-0.3849968338012695
2018-11-11 02:30:00,4.21,2.8626835,1.3473164653778076
2018-11-11 02:45:00,4.28,4.764223,-0.48422309875488256
2018-11-11 03:00:00,2.84,4.9007797,-2.060779724121094
2018-11-11 03:15:00,2.92,2.8401754,0.07982460975646966
2018-11-11 03:30:00,2.81,2.8401754,-0.03017539024353022
2018-11-11 03:45:00,2.88,2.8401754,0.03982460975646962
2018-11-11 04:00:00,2.88,2.8401754,0.03982460975646962
2018-11-11 04:15:00,2.84,2.8401754,-0.00017539024353041555
2018-11-11 04:30:00,2.84,2.8401754,-0.00017539024353041555
2018-11-11 04:45:00,2.84,2.8401754,-0.00017539024353041555
2018-11-11 05:00:00,2.81,2.8401754,-0.03017539024353022
2018-11-11 05:15:00,2.84,2.8401754,-0.00017539024353041555
2018-11-11 05:30:00,2.84,2.8401754,-0.00017539024353041555
2018-11-11 05:45:00,2.95,2.8401754,0.1098246097564699
2018-11-11 06:00:00,3.49,3.109149,0.3808510208129885
2018-11-11 06:15:00,3.38,3.4621937,-0.08219372749328624
2018-11-11 06:30:00,2.99,3.115191,-0.1251909828186033
2018-11-11 06:45:00,3.46,2.8401754,0.6198246097564697
2018-11-11 07:00:00,3.13,3.1003132,0.02968681335449208
2018-11-11 07:15:00,2.84,2.8893502,-0.04935017585754409
2018-11-11 07:30:00,2.81,2.8401754,-0.03017539024353022
2018-11-11 07:45:00,2.77,2.935403,-0.16540310859680174
2018-11-11 08:00:00,2.81,3.7714689,-0.9614688777923583
2018-11-11 08:15:00,2.81,11.319982,-8.509981575012207
2018-11-11 08:30:00,2.84,7.29442,-4.454419765472412
2018-11-11 08:45:00,2.95,4.4538703,-1.5038702964782713
2018-11-11 09:00:00,2.92,1.2308301,1.6891699266433715
2018-11-11 09:15:00,2.95,2.9786358,-0.02863578796386701
2018-11-11 09:30:00,3.53,1.650645,1.8793549823760984
2018-11-11 09:45:00,3.6,2.2989872,1.3010128498077393
2018-11-11 10:00:00,3.2,2.7219732,0.47802681922912615
2018-11-11 10:15:00,2.99,1.2882155,1.7017844820022585
2018-11-11 10:30:00,2.99,2.925278,0.06472205162048361
2018-11-11 10:45:00,2.95,1.177472,1.7725280046463014
2018-11-11 11:00:00,2.95,3.1855812,-0.23558120727539045
2018-11-11 11:15:00,2.95,0.37142715,2.578572851419449
2018-11-11 11:30:00,3.02,0.9717681,2.048231918811798
2018-11-11 11:45:00,2.95,0.8957672,2.0542327880859377
2018-11-11 12:00:00,3.35,0.29134735,3.0586526453495027
2018-11-11 12:15:00,3.64,1.9006414,1.7393585586547853
2018-11-11 12:30:00,3.02,1.8836662,1.1363338422775269
2018-11-11 12:45:00,2.99,1.2800913,1.7099087142944338
2018-11-11 13:00:00,3.02,2.546355,0.4736449909210205
2018-11-11 13:15:00,3.42,8.100392,-4.68039234161377
2018-11-11 13:30:00,3.56,5.896836,-2.3368358039855956
2018-11-11 13:45:00,3.28,5.40386,-2.123860092163086
2018-11-11 14:00:00,2.88,2.180772,0.6992279338836669
2018-11-11 14:15:00,2.84,2.1312833,0.7087167167663573
2018-11-11 14:30:00,2.95,1.992632,0.9573679685592653
2018-11-11 14:45:00,2.88,2.6912577,0.18874228477478017
2018-11-11 15:00:00,2.92,2.5333583,0.3866416645050048
2018-11-11 15:15:00,2.88,2.4994302,0.38056982040405263
2018-11-11 15:30:00,2.92,3.0683155,-0.14831550598144538
2018-11-11 15:45:00,2.95,2.3552108,0.5947892189025881
2018-11-11 16:00:00,2.99,2.3111627,0.6788372898101809
2018-11-11 16:15:00,2.95,3.9579031,-1.0079031467437742
2018-11-11 16:30:00,3.46,2.489644,0.9703559494018554
2018-11-11 16:45:00,4.03,3.0756004,0.9543996143341067
2018-11-11 17:00:00,3.85,2.7662475,1.083752489089966
2018-11-11 17:15:00,3.49,2.5785272,0.9114727878570559
2018-11-11 17:30:00,2.95,2.4627445,0.48725552558898944
2018-11-11 17:45:00,2.92,2.3286796,0.5913204383850097
2018-11-11 18:00:00,2.88,3.3775554,-0.49755537033081065
2018-11-11 18:15:00,2.84,3.3885732,-0.5485731697082521
2018-11-11 18:30:00,2.88,3.4735255,-0.5935255241394044
2018-11-11 18:45:00,3.02,3.4735255,-0.4535255241394043
2018-11-11 19:00:00,2.92,3.4735255,-0.5535255241394044
2018-11-11 19:15:00,2.95,3.4735255,-0.5235255241394041
2018-11-11 19:30:00,2.95,3.4735255,-0.5235255241394041
2018-11-11 19:45:00,2.99,3.4735255,-0.4835255241394041
2018-11-11 20:00:00,2.95,3.3447602,-0.39476017951965314
2018-11-11 20:15:00,2.99,3.3447602,-0.3547601795196531
2018-11-11 20:30:00,3.2,3.3447602,-0.14476017951965314
2018-11-11 20:45:00,3.56,3.4293401,0.13065987586975103
2018-11-11 21:00:00,3.49,3.2005193,0.2894806766510012
2018-11-11 21:15:00,2.95,3.1987607,-0.24876074790954572
2018-11-11 21:30:00,2.99,3.0407732,-0.0507731533050535
2018-11-11 21:45:00,2.95,3.0407732,-0.09077315330505353
2018-11-11 22:00:00,2.92,3.2250314,-0.30503137588500984
2018-11-11 22:15:00,3.35,3.1523118,0.1976881980895997
2018-11-11 22:30:00,3.24,3.3082175,-0.06821752548217752
2018-11-11 22:45:00,2.74,3.3545794,-0.614579448699951
2018-11-11 23:00:00,2.74,3.1230166,-0.3830165958404539
2018-11-11 23:15:00,2.63,3.1230166,-0.4930165958404542
2018-11-11 23:30:00,2.66,3.1154208,-0.4554208183288573
2018-11-11 23:45:00,2.66,3.0647626,-0.4047625923156737
2018-11-12 00:00:00,4.82,3.1570415,1.662958450317383
2018-11-12 00:15:00,3.24,6.595354,-3.355354080200195
2018-11-12 00:30:00,3.42,3.4412634,-0.021263437271118235
2018-11-12 00:45:00,2.88,3.4412634,-0.5612634372711183
2018-11-12 01:00:00,2.77,2.7453663,0.024633665084838885
2018-11-12 01:15:00,2.77,2.7178597,0.05214025497436525
2018-11-12 01:30:00,2.77,2.7178597,0.05214025497436525
2018-11-12 01:45:00,2.84,2.7178597,0.12214025497436509
2018-11-12 02:00:00,2.84,2.7453663,0.09463366508483873
2018-11-12 02:15:00,2.77,2.7453663,0.024633665084838885
2018-11-12 02:30:00,2.81,2.69628,0.11371999740600591
2018-11-12 02:45:00,2.77,2.5281246,0.2418754291534424
2018-11-12 03:00:00,2.81,2.7178597,0.09214025497436529
2018-11-12 03:15:00,3.38,2.7453663,0.6346336650848388
2018-11-12 03:30:00,3.49,2.9978719,0.49212812423706076
2018-11-12 03:45:00,3.38,3.0445466,0.33545339584350575
2018-11-12 04:00:00,3.31,2.9978719,0.3121281242370606
2018-11-12 04:15:00,2.74,2.9978719,-0.25787187576293924
2018-11-12 04:30:00,2.74,2.7136505,0.026349534988403533
2018-11-12 04:45:00,2.74,2.7136505,0.026349534988403533
2018-11-12 05:00:00,2.74,2.7136505,0.026349534988403533
2018-11-12 05:15:00,2.7,2.7136505,-0.013650465011596502
2018-11-12 05:30:00,2.66,2.7136505,-0.05365046501159654
2018-11-12 05:45:00,2.66,2.7116315,-0.051631536483764506
2018-11-12 06:00:00,2.7,2.6753128,0.024687242507934748
2018-11-12 06:15:00,2.74,2.7187657,0.02123426437377951
2018-11-12 06:30:00,2.59,2.7116315,-0.12163153648376479
2018-11-12 06:45:00,2.59,2.6753128,-0.08531275749206557
2018-11-12 07:00:00,2.63,2.7187657,-0.08876573562622081
2018-11-12 07:15:00,3.53,2.7136505,0.8163495349884031
2018-11-12 07:30:00,5.72,3.1108558,2.6091441822052
2018-11-12 07:45:00,5.08,9.582817,-4.502817077636719
2018-11-12 08:00:00,5.0,14.680938,-9.680937767028809
2018-11-12 08:15:00,15.05,14.407581,0.6424186706542976
2018-11-12 08:30:00,50.58,47.99477,2.58522994995117
2018-11-12 08:45:00,61.16,63.98294,-2.8229406738281284
2018-11-12 09:00:00,55.01,63.41138,-8.401380767822268
2018-11-12 09:15:00,62.14,61.45821,0.6817900085449224
2018-11-12 09:30:00,62.5,63.85265,-1.3526496887207031
2018-11-12 09:45:00,67.07,63.85265,3.21735031127929
2018-11-12 10:00:00,57.89,66.18504,-8.295043334960937
2018-11-12 10:15:00,51.98,60.479748,-8.4997477722168
2018-11-12 10:30:00,70.02,58.99505,11.024951477050777
2018-11-12 10:45:00,60.08,71.308304,-11.228303833007814
2018-11-12 11:00:00,57.71,61.097355,-3.3873548889160148
2018-11-12 11:15:00,52.06,60.37226,-8.312261047363279
2018-11-12 11:30:00,57.17,58.020992,-0.8509922790527327
2018-11-12 11:45:00,78.19,60.58752,17.602479400634763
2018-11-12 12:00:00,59.9,62.75322,-2.853219604492189
2018-11-12 12:15:00,4.93,34.778126,-29.848125762939453
2018-11-12 12:30:00,5.0,8.242902,-3.2429018020629883
2018-11-12 12:45:00,4.97,8.567528,-3.597527770996094
2018-11-12 13:00:00,5.87,23.775328,-17.905327682495116
2018-11-12 13:15:00,43.81,23.974598,19.8354020690918
2018-11-12 13:30:00,78.73,55.49442,23.235580902099613
2018-11-12 13:45:00,69.05,93.762665,-24.712664794921878
2018-11-12 14:00:00,70.06,72.30805,-2.248052062988279
2018-11-12 14:15:00,55.08,76.6257,-21.545701904296877
2018-11-12 14:30:00,59.29,60.339264,-1.0492639160156259
2018-11-12 14:45:00,73.4,63.020264,10.379736328125006
2018-11-12 15:00:00,68.18,81.40502,-13.225021667480462
2018-11-12 15:15:00,75.35,72.990585,2.359414672851557
2018-11-12 15:30:00,61.96,78.18884,-16.2288427734375
2018-11-12 15:45:00,82.04,65.0752,16.964797058105475
2018-11-12 16:00:00,115.13,94.95609,20.17390716552734
2018-11-12 16:15:00,105.7,94.69276,11.007243347167972
2018-11-12 16:30:00,104.4,96.812775,7.587225341796881
2018-11-12 16:45:00,107.5,97.61063,9.889373779296875
2018-11-12 17:00:00,96.26,82.46691,13.793088684082036
2018-11-12 17:15:00,86.83,83.09977,3.730230407714842
2018-11-12 17:30:00,108.97,85.80547,23.16452667236328
2018-11-12 17:45:00,33.05,86.429756,-53.379756164550784
2018-11-12 18:00:00,32.26,41.409702,-9.149702301025393
2018-11-12 18:15:00,90.86,39.8519,51.008101806640624
2018-11-12 18:30:00,96.34,94.75355,1.5864523315429722
2018-11-12 18:45:00,108.61,92.836945,15.773055419921874
2018-11-12 19:00:00,109.37,93.81803,15.551968688964848
2018-11-12 19:15:00,108.5,94.906845,13.593154907226562
2018-11-12 19:30:00,90.25,93.534134,-3.2841339111328125
2018-11-12 19:45:00,108.0,100.85454,7.1454620361328125
2018-11-12 20:00:00,123.73,93.45619,30.27380798339844
2018-11-12 20:15:00,86.83,94.204605,-7.374605102539064
2018-11-12 20:30:00,111.35,95.87611,15.473893737792963
2018-11-12 20:45:00,100.19,86.51025,13.679753723144529
2018-11-12 21:00:00,23.62,59.33116,-35.71116149902343
2018-11-12 21:15:00,6.84,7.49679,-0.6567899322509767
2018-11-12 21:30:00,5.36,5.8648353,-0.5048352622985837
2018-11-12 21:45:00,5.33,6.193658,-0.8636578750610351
2018-11-12 22:00:00,5.4,7.1330237,-1.7330237388610836
2018-11-12 22:15:00,5.15,5.407558,-0.2575579643249508
2018-11-12 22:30:00,4.97,5.3892097,-0.4192097473144534
2018-11-12 22:45:00,5.0,5.4666777,-0.4666776657104492
2018-11-12 23:00:00,5.04,6.07865,-1.0386499977111816
2018-11-12 23:15:00,4.9,6.07865,-1.1786499977111813
2018-11-12 23:30:00,5.44,6.07865,-0.6386499977111812
2018-11-12 23:45:00,6.01,7.2780223,-1.2680222892761233
2018-11-13 00:00:00,31.5,8.189085,23.310914993286133
2018-11-13 00:15:00,4.79,30.886637,-26.09663673400879
2018-11-13 00:30:00,4.79,5.3294263,-0.5394262886047363
2018-11-13 00:45:00,4.86,5.6812963,-0.821296348571777
2018-11-13 01:00:00,4.79,6.042203,-1.2522029495239257
2018-11-13 01:15:00,4.82,5.6088414,-0.7888414192199704
2018-11-13 01:30:00,4.36,6.0125527,-1.652552738189697
2018-11-13 01:45:00,3.67,5.199729,-1.5297289657592774
2018-11-13 02:00:00,3.78,3.2991128,0.48088720321655254
2018-11-13 02:15:00,3.67,3.400979,0.2690209579467773
2018-11-13 02:30:00,3.67,3.2991128,0.37088720321655266
2018-11-13 02:45:00,3.67,3.2991128,0.37088720321655266
2018-11-13 03:00:00,3.74,3.2991128,0.44088720321655295
2018-11-13 03:15:00,3.74,3.3045044,0.4354956054687502
2018-11-13 03:30:00,4.36,3.3045044,1.0554956054687503
2018-11-13 03:45:00,4.82,5.0027447,-0.1827446746826169
2018-11-13 04:00:00,4.75,5.3497853,-0.599785327911377
2018-11-13 04:15:00,4.79,5.6707144,-0.8807143783569336
2018-11-13 04:30:00,3.96,5.6707144,-1.7107143783569336
2018-11-13 04:45:00,3.67,3.6532178,0.0167822074890136
2018-11-13 05:00:00,3.71,3.3609858,0.3490142440795898
2018-11-13 05:15:00,3.67,3.462852,0.20714799880981438
2018-11-13 05:30:00,3.67,3.3609858,0.3090142440795898
2018-11-13 05:45:00,3.71,3.3609858,0.3490142440795898
2018-11-13 06:00:00,3.74,3.462852,0.27714799880981467
2018-11-13 06:15:00,3.67,3.462852,0.20714799880981438
2018-11-13 06:30:00,3.6,3.3609858,0.23901424407958993
2018-11-13 06:45:00,3.64,3.2674894,0.3725105667114259
2018-11-13 07:00:00,3.64,3.2674894,0.3725105667114259
2018-11-13 07:15:00,3.6,3.1710148,0.4289852142333985
2018-11-13 07:30:00,4.54,3.5839884,0.9560115718841553
2018-11-13 07:45:00,6.91,5.304428,1.6055718994140626
2018-11-13 08:00:00,7.27,15.562225,-8.292225341796875
2018-11-13 08:15:00,62.17,26.053286,36.11671440124512
2018-11-13 08:30:00,103.1,76.02419,27.0758071899414
2018-11-13 08:45:00,105.7,105.415886,0.2841140747070341
2018-11-13 09:00:00,129.37415,99.45684,29.917309484863267
2018-11-13 09:15:00,92.16,95.71503,-3.5550268554687534
2018-11-13 09:30:00,72.14,99.511284,-27.371283874511718
2018-11-13 09:45:00,115.34,80.50141,34.83858856201172
2018-11-13 10:00:00,106.42,93.71983,12.700166625976564
2018-11-13 10:15:00,87.55,100.21323,-12.663226318359378
2018-11-13 10:30:00,102.42,99.70601,2.713991088867189
2018-11-13 10:45:00,104.0,101.43748,2.5625228881835938
2018-11-13 11:00:00,83.38,97.34379,-13.96378814697266
2018-11-13 11:15:00,107.75,96.830826,10.919174194335938
2018-11-13 11:30:00,84.17,96.40685,-12.236852722167967
2018-11-13 11:45:00,100.15,96.60204,3.547956848144537
2018-11-13 12:00:00,95.94,92.54765,3.3923468017578102
2018-11-13 12:15:00,36.72,41.88926,-5.169259338378907
2018-11-13 12:30:00,31.14,18.326761,12.813238754272462
2018-11-13 12:45:00,32.69,17.409243,15.280757369995115
2018-11-13 13:00:00,31.43,36.07649,-4.646488494873047
2018-11-13 13:15:00,44.1,60.20138,-16.101381683349608
2018-11-13 13:30:00,82.26,66.86159,15.398412475585943
2018-11-13 13:45:00,78.84,103.253334,-24.413334045410153
2018-11-13 14:00:00,100.33,96.738785,3.591215209960936
2018-11-13 14:15:00,66.38,102.525505,-36.14550506591797
2018-11-13 14:30:00,85.79,76.89473,8.895270385742194
2018-11-13 14:45:00,112.03,102.83672,9.193276672363282
2018-11-13 15:00:00,70.31,93.01486,-22.704862060546873
2018-11-13 15:15:00,88.88,83.94075,4.939249877929683
2018-11-13 15:30:00,77.29,100.654045,-23.364045104980462
2018-11-13 15:45:00,107.89,88.810844,19.079155578613282
2018-11-13 16:00:00,60.08,92.46571,-32.385713500976564
2018-11-13 16:15:00,56.95,64.17352,-7.223522949218747
2018-11-13 16:30:00,53.06,63.54637,-10.486371459960935
2018-11-13 16:45:00,92.7,63.55361,29.14638824462891
2018-11-13 17:00:00,114.91,89.35023,25.559772644042965
2018-11-13 17:15:00,92.56,86.17846,6.3815408325195335
2018-11-13 17:30:00,90.79,94.3657,-3.5756997680664
2018-11-13 17:45:00,39.38,67.249466,-27.86946594238281
2018-11-13 18:00:00,35.35,38.94763,-3.5976318359374986
2018-11-13 18:15:00,71.17,47.6725,23.49749938964844
2018-11-13 18:30:00,107.17,81.66771,25.502290649414064
2018-11-13 18:45:00,76.36,86.58757,-10.227570190429688
2018-11-13 19:00:00,93.92,92.7297,1.190301818847658
2018-11-13 19:15:00,74.45,96.07,-21.619999694824216
2018-11-13 19:30:00,104.26,86.24753,18.01247192382813
2018-11-13 19:45:00,62.64,90.20278,-27.562781677246093
2018-11-13 20:00:00,90.14,64.85357,25.286430969238282
2018-11-13 20:15:00,70.38,98.40597,-28.02596771240235
2018-11-13 20:30:00,100.73,81.51585,19.214153747558598
2018-11-13 20:45:00,68.98,91.56387,-22.58387329101562
2018-11-13 21:00:00,49.61,36.65421,12.955790863037109
2018-11-13 21:15:00,32.15,27.770086,4.37991371154785
2018-11-13 21:30:00,31.14,18.754501,12.385498657226563
2018-11-13 21:45:00,32.26,17.57432,14.685680160522459
2018-11-13 22:00:00,32.11,23.28255,8.827449188232421
2018-11-13 22:15:00,32.22,22.997547,9.222452850341796
2018-11-13 22:30:00,32.54,23.055876,9.484124221801757
2018-11-13 22:45:00,33.48,23.055876,10.424124221801755
2018-11-13 23:00:00,33.34,25.984642,7.35535797119141
2018-11-13 23:15:00,31.75,25.778402,5.971597671508789
2018-11-13 23:30:00,31.5,21.705942,9.794057846069336
2018-11-13 23:45:00,32.26,22.621553,9.63844657897949
2018-11-14 00:00:00,4.75,37.902744,-33.15274429321289
2018-11-14 00:15:00,31.64,8.249482,23.39051784515381
2018-11-14 00:30:00,32.47,29.916082,2.5539176177978504
2018-11-14 00:45:00,29.3,29.929117,-0.6291172027587884
2018-11-14 01:00:00,26.93,25.921722,1.0082775878906247
2018-11-14 01:15:00,32.29,24.462898,7.827101745605468
2018-11-14 01:30:00,3.82,30.502676,-26.682676010131836
2018-11-14 01:45:00,3.74,4.834195,-1.0941951370239256
2018-11-14 02:00:00,3.71,4.2284546,-0.51845458984375
2018-11-14 02:15:00,3.6,4.2284546,-0.6284545898437499
2018-11-14 02:30:00,3.67,4.0330906,-0.36309059143066413
2018-11-14 02:45:00,3.64,4.126587,-0.4865869140624999
2018-11-14 03:00:00,3.67,4.0330906,-0.36309059143066413
2018-11-14 03:15:00,3.67,4.126587,-0.45658691406250007
2018-11-14 03:30:00,3.64,4.7102466,-1.0702465629577635
2018-11-14 03:45:00,3.13,4.7942443,-1.6642442893981935
2018-11-14 04:00:00,3.02,4.515385,-1.4953851509094238
2018-11-14 04:15:00,3.35,4.466209,-1.1162089347839355
2018-11-14 04:30:00,3.67,4.581918,-0.9119177627563477
2018-11-14 04:45:00,3.06,4.126587,-1.0665869140625
2018-11-14 05:00:00,3.02,3.7457538,-0.7257537651062012
2018-11-14 05:15:00,3.02,3.7457538,-0.7257537651062012
2018-11-14 05:30:00,3.02,3.7457538,-0.7257537651062012
2018-11-14 05:45:00,3.02,3.7457538,-0.7257537651062012
2018-11-14 06:00:00,3.35,3.7457538,-0.3957537651062011
2018-11-14 06:15:00,3.64,3.998256,-0.35825596809387195
2018-11-14 06:30:00,3.13,4.0330906,-0.9030905914306642
2018-11-14 06:45:00,2.95,3.794929,-0.8449290275573729
2018-11-14 07:00:00,2.92,3.7457538,-0.8257537651062012
2018-11-14 07:15:00,2.99,3.7457538,-0.755753765106201
2018-11-14 07:30:00,3.13,4.5069857,-1.3769856643676759
2018-11-14 07:45:00,4.61,4.7045445,-0.09454454421997038
2018-11-14 08:00:00,4.79,13.827765,-9.037765464782716
2018-11-14 08:15:00,51.23,40.162933,11.067066650390622
2018-11-14 08:30:00,103.03,72.69766,30.332337646484376
2018-11-14 08:45:00,123.77,103.90214,19.86786224365234
2018-11-14 09:00:00,95.18,97.786766,-2.606766052246087
2018-11-14 09:15:00,97.78,94.35332,3.4266827392578136
2018-11-14 09:30:00,82.04,102.23559,-20.195588073730462
2018-11-14 09:45:00,71.89,93.40307,-21.513068542480468
2018-11-14 10:00:00,76.43,81.44066,-5.010658569335931
2018-11-14 10:15:00,78.41,89.728195,-11.318195190429691
2018-11-14 10:30:00,58.97,90.53344,-31.56343963623047
2018-11-14 10:45:00,58.1,62.22271,-4.122709655761717
2018-11-14 11:00:00,75.2,64.67372,10.52627868652344
2018-11-14 11:15:00,71.93,79.40248,-7.472481079101556
2018-11-14 11:30:00,59.47,79.54732,-20.077317504882814
2018-11-14 11:45:00,60.48,62.60468,-2.1246791076660188
2018-11-14 12:00:00,52.02,61.107426,-9.087425689697262
2018-11-14 12:15:00,6.19,49.858593,-43.66859298706055
2018-11-14 12:30:00,6.91,15.481899,-8.57189926147461
2018-11-14 12:45:00,7.13,14.401752,-7.271752471923828
2018-11-14 13:00:00,7.06,33.58561,-26.525609436035158
2018-11-14 13:15:00,42.95,46.817303,-3.867302703857419
2018-11-14 13:30:00,62.17,64.25256,-2.0825634765624983
2018-11-14 13:45:00,68.72,74.44596,-5.725960998535157
2018-11-14 14:00:00,81.65,74.0729,7.577101135253912
2018-11-14 14:15:00,116.6,92.38115,24.218850708007807
2018-11-14 14:30:00,120.64,91.38995,29.25004638671875
2018-11-14 14:45:00,87.26,90.645256,-3.3852560424804636
2018-11-14 15:00:00,107.06,94.78608,12.273920593261721
2018-11-14 15:15:00,61.78,92.4766,-30.696600646972655
2018-11-14 15:30:00,68.58,68.63342,-0.053422851562501705
2018-11-14 15:45:00,69.95,73.76476,-3.814762878417966
2018-11-14 16:00:00,74.63,77.63062,-3.000622863769536
2018-11-14 16:15:00,69.41,79.90893,-10.498927917480472
2018-11-14 16:30:00,65.27,76.50045,-11.230450134277348
2018-11-14 16:45:00,120.85,70.74675,50.10325012207031
2018-11-14 17:00:00,97.45,86.366135,11.083865356445315
2018-11-14 17:15:00,119.59,86.94321,32.64679321289063
2018-11-14 17:30:00,108.97,84.923706,24.0462939453125
2018-11-14 17:45:00,68.15,78.93467,-10.7846694946289
2018-11-14 18:00:00,30.64,73.740746,-43.10074554443359
2018-11-14 18:15:00,19.01,43.612755,-24.602754821777342
2018-11-14 18:30:00,5.18,19.862759,-14.68275863647461
2018-11-14 18:45:00,5.18,14.850244,-9.67024356842041
2018-11-14 19:00:00,5.18,13.120626,-7.940626449584961
2018-11-14 19:15:00,5.15,14.873693,-9.723693466186523
2018-11-14 19:30:00,5.11,12.831716,-7.721715583801269
2018-11-14 19:45:00,5.08,14.172111,-9.092110557556152
2018-11-14 20:00:00,5.08,12.378625,-7.29862491607666
2018-11-14 20:15:00,5.15,12.519126,-7.369125938415527
2018-11-14 20:30:00,5.11,10.855806,-5.7458063507080075
2018-11-14 20:45:00,5.15,12.320028,-7.170028305053711
2018-11-14 21:00:00,5.08,12.166356,-7.086356086730957
2018-11-14 21:15:00,5.08,10.54819,-5.468190116882324
2018-11-14 21:30:00,5.11,10.834414,-5.7244135284423825
2018-11-14 21:45:00,4.97,10.61111,-5.641109733581543
2018-11-14 22:00:00,5.65,10.774449,-5.124449348449707
2018-11-14 22:15:00,5.83,12.022553,-6.192553443908691
2018-11-14 22:30:00,4.93,11.884076,-6.954076118469239
2018-11-14 22:45:00,4.82,11.016818,-6.196818046569824
2018-11-14 23:00:00,4.79,10.907792,-6.117792091369629
2018-11-14 23:15:00,4.75,10.736299,-5.986298561096191
2018-11-14 23:30:00,4.64,10.700555,-6.0605548477172855
2018-11-14 23:45:00,4.72,10.226499,-5.506498603820801
2018-11-15 00:00:00,3.92,5.680939,-1.7609391975402833
2018-11-15 00:15:00,4.75,24.714973,-19.96497344970703
2018-11-15 00:30:00,3.67,27.411592,-23.741592483520506
2018-11-15 00:45:00,3.64,21.688013,-18.048013076782226
2018-11-15 01:00:00,3.6,18.547462,-14.947462463378907
2018-11-15 01:15:00,3.56,22.784546,-19.2245458984375
2018-11-15 01:30:00,3.56,3.6281292,-0.06812924385070795
2018-11-15 01:45:00,3.53,3.5329015,-0.002901525497436719
2018-11-15 02:00:00,3.56,3.5329015,0.02709847450256353
2018-11-15 02:15:00,3.6,3.5329015,0.06709847450256357
2018-11-15 02:30:00,3.56,3.5329015,0.02709847450256353
2018-11-15 02:45:00,4.75,3.5329015,1.2170984745025635
2018-11-15 03:00:00,4.39,5.6568494,-1.2668493843078616
2018-11-15 03:15:00,3.56,5.34075,-1.780750217437744
2018-11-15 03:30:00,4.07,3.5329015,0.5370984745025638
2018-11-15 03:45:00,4.43,4.049345,0.38065498352050753
2018-11-15 04:00:00,3.6,5.5031323,-1.9031323432922362
2018-11-15 04:15:00,3.6,3.47721,0.12278995513916025
2018-11-15 04:30:00,3.6,3.47721,0.12278995513916025
2018-11-15 04:45:00,3.6,3.47721,0.12278995513916025
2018-11-15 05:00:00,3.56,3.47721,0.08278995513916021
2018-11-15 05:15:00,3.53,3.47721,0.05278995513915996
2018-11-15 05:30:00,3.6,3.47721,0.12278995513916025
2018-11-15 05:45:00,3.53,3.47721,0.05278995513915996
2018-11-15 06:00:00,3.56,3.47721,0.08278995513916021
2018-11-15 06:15:00,3.92,3.47721,0.4427899551391601
2018-11-15 06:30:00,4.54,3.8629375,0.6770625495910645
2018-11-15 06:45:00,3.6,5.489252,-1.8892520904541015
2018-11-15 07:00:00,3.49,3.5521693,-0.062169322967529084
2018-11-15 07:15:00,4.18,3.437091,0.7429088878631589
2018-11-15 07:30:00,4.9,5.226095,-0.3260951995849606
2018-11-15 07:45:00,5.36,5.6211996,-0.2611996078491208
2018-11-15 08:00:00,5.76,14.363982,-8.603982200622559
2018-11-15 08:15:00,52.13,40.339394,11.790606384277346
2018-11-15 08:30:00,115.31,68.601776,46.70822387695313
2018-11-15 08:45:00,119.12,101.61388,17.506123657226567
2018-11-15 09:00:00,87.3,92.277885,-4.977885437011722
2018-11-15 09:15:00,107.24,89.04057,18.199426879882807
2018-11-15 09:30:00,123.48,91.75784,31.72215698242188
2018-11-15 09:45:00,113.15,91.7503,21.399702453613287
2018-11-15 10:00:00,117.43,93.17949,24.25051086425782
2018-11-15 10:15:00,108.5,91.85912,16.64087677001953
2018-11-15 10:30:00,88.42,96.786606,-8.366605834960936
2018-11-15 10:45:00,99.76,90.74913,9.010869750976568
2018-11-15 11:00:00,112.82,95.92121,16.898788757324212
2018-11-15 11:15:00,123.98,91.82153,32.158466796875004
2018-11-15 11:30:00,115.56,94.14095,21.41904693603516
2018-11-15 11:45:00,121.64,95.5944,26.045601501464844
2018-11-15 12:00:00,97.24,85.46471,11.775293579101557
2018-11-15 12:15:00,4.46,32.419994,-27.959994354248046
2018-11-15 12:30:00,4.54,2.7995317,1.7404683017730713
2018-11-15 12:45:00,4.43,2.7995317,1.630468301773071
2018-11-15 13:00:00,4.54,11.3485155,-6.808515510559082
2018-11-15 13:15:00,54.0,34.20294,19.79705810546875
2018-11-15 13:30:00,85.97,67.87745,18.092550964355468
2018-11-15 13:45:00,125.71,96.25505,29.454949340820306
2018-11-15 14:00:00,111.74,94.61861,17.121393432617182
2018-11-15 14:15:00,54.86,87.02469,-32.164688720703126
2018-11-15 14:30:00,58.1,58.471493,-0.37149276733398295
2018-11-15 14:45:00,49.54,62.75623,-13.216229400634766
2018-11-15 15:00:00,49.43,57.307465,-7.877464599609375
2018-11-15 15:15:00,50.29,57.758034,-7.468033752441407
2018-11-15 15:30:00,61.67,57.705196,3.9648036193847673
2018-11-15 15:45:00,45.47,65.034615,-19.564614562988282
2018-11-15 16:00:00,48.64,53.49251,-4.852511749267578
2018-11-15 16:15:00,51.59,56.561054,-4.971054229736325
2018-11-15 16:30:00,55.87,57.25861,-1.3886097717285182
2018-11-15 16:45:00,49.54,57.8731,-8.33310028076172
2018-11-15 17:00:00,49.21,49.9574,-0.7474012756347648
2018-11-15 17:15:00,56.48,52.306213,4.173786621093747
2018-11-15 17:30:00,50.69,55.7694,-5.079401550292971
2018-11-15 17:45:00,33.52,51.450752,-17.930752258300778
2018-11-15 18:00:00,30.13,36.27165,-6.141648406982423
2018-11-15 18:15:00,38.45,31.012144,7.437855911254886
2018-11-15 18:30:00,57.46,37.058353,20.401646575927735
2018-11-15 18:45:00,55.37,48.23095,7.139050598144529
2018-11-15 19:00:00,56.59,46.70419,9.885810699462894
2018-11-15 19:15:00,58.75,47.557133,11.192867279052734
2018-11-15 19:30:00,58.14,48.079197,10.06080307006836
2018-11-15 19:45:00,55.04,48.434055,6.6059446716308585
2018-11-15 20:00:00,51.26,46.67353,4.586469421386717
2018-11-15 20:15:00,55.37,45.548702,9.821297760009763
2018-11-15 20:30:00,46.04,47.59583,-1.5558290100097665
2018-11-15 20:45:00,42.7,41.801342,0.898657989501956
2018-11-15 21:00:00,28.37,25.345707,3.0242930603027354
2018-11-15 21:15:00,19.66,10.310689,9.349311027526856
2018-11-15 21:30:00,4.07,5.0946617,-1.024661712646484
2018-11-15 21:45:00,4.03,2.0335634,1.9964366245269778
2018-11-15 22:00:00,4.07,1.9629426,2.107057399749756
2018-11-15 22:15:00,3.89,1.9629426,1.927057399749756
2018-11-15 22:30:00,3.85,2.222077,1.6279231071472169
2018-11-15 22:45:00,3.74,2.222077,1.517923107147217
2018-11-15 23:00:00,3.78,2.0942383,1.6857617187499998
2018-11-15 23:15:00,3.67,2.0942383,1.57576171875
2018-11-15 23:30:00,3.78,2.0248904,1.7551095771789549
2018-11-15 23:45:00,3.67,2.0942383,1.57576171875
2018-11-16 00:00:00,4.25,2.5105808,1.7394192218780518
2018-11-16 00:15:00,4.79,3.982538,0.8074620151519776
2018-11-16 00:30:00,4.0,4.139034,-0.13903379440307617
2018-11-16 00:45:00,3.78,3.0229166,0.7570834445953367
2018-11-16 01:00:00,3.71,2.1892073,1.5207926845550537
2018-11-16 01:15:00,3.67,2.1892073,1.4807926845550536
2018-11-16 01:30:00,3.74,2.087341,1.6526589298248293
2018-11-16 01:45:00,3.82,2.1892073,1.6307926845550536
2018-11-16 02:00:00,3.74,2.3170455,1.422954549789429
2018-11-16 02:15:00,3.74,2.1892073,1.550792684555054
2018-11-16 02:30:00,3.67,2.1892073,1.4807926845550536
2018-11-16 02:45:00,3.1,2.1264982,0.9735017776489259
2018-11-16 03:00:00,3.1,1.7897996,1.3102004289627076
2018-11-16 03:15:00,3.1,1.7273108,1.3726892232894898
2018-11-16 03:30:00,3.17,1.6379236,1.5320764017105102
2018-11-16 03:45:00,3.1,1.9269006,1.1730993747711183
2018-11-16 04:00:00,3.13,1.7273108,1.4026892232894896
2018-11-16 04:15:00,3.67,1.7764856,1.893514437675476
2018-11-16 04:30:00,3.53,2.087341,1.442658929824829
2018-11-16 04:45:00,3.2,1.9938439,1.206156086921692
2018-11-16 05:00:00,3.1,1.8605257,1.2394742727279664
2018-11-16 05:15:00,3.1,1.7273108,1.3726892232894898
2018-11-16 05:30:00,3.24,1.7273108,1.51268922328949
2018-11-16 05:45:00,3.82,1.9798173,1.8401827287673949
2018-11-16 06:00:00,3.2,2.3170455,0.8829545497894289
2018-11-16 06:15:00,3.1,1.7711395,1.3288604974746705
2018-11-16 06:30:00,3.02,1.7665489,1.2534511280059815
2018-11-16 06:45:00,3.06,1.7273108,1.3326892232894898
2018-11-16 07:00:00,3.13,1.7273108,1.4026892232894896
2018-11-16 07:15:00,3.1,1.6870993,1.4129006624221803
2018-11-16 07:30:00,3.35,3.1090794,0.24092063903808603
2018-11-16 07:45:00,4.46,3.629133,0.8308670139312744
2018-11-16 08:00:00,5.8,11.295933,-5.495932769775391
2018-11-16 08:15:00,28.94,42.14969,-13.209688720703124
2018-11-16 08:30:00,50.65,55.23059,-4.580590820312501
2018-11-16 08:45:00,58.72,71.77256,-13.052560119628907
2018-11-16 09:00:00,60.16,59.027954,1.1320458984374966
2018-11-16 09:15:00,65.3,63.10077,2.199230957031247
2018-11-16 09:30:00,69.23,65.261505,3.968494873046879
2018-11-16 09:45:00,71.32,71.5312,-0.21119659423828807
2018-11-16 10:00:00,65.23,69.52915,-4.299151916503902
2018-11-16 10:15:00,67.68,65.027504,2.6524960327148506
2018-11-16 10:30:00,64.51,66.68076,-2.170763244628901
2018-11-16 10:45:00,63.18,62.368134,0.8118664550781247
2018-11-16 11:00:00,60.52,62.766502,-2.2465023803710906
2018-11-16 11:15:00,58.39,60.344234,-1.9542344665527338
2018-11-16 11:30:00,58.25,58.652153,-0.40215301513671875
2018-11-16 11:45:00,62.1,58.25633,3.8436714172363295
2018-11-16 12:00:00,68.26,53.052067,15.20793319702149
2018-11-16 12:15:00,9.29,30.46182,-21.171820602416993
2018-11-16 12:30:00,5.47,2.926048,2.543951959609985
2018-11-16 12:45:00,6.23,2.7580223,3.471977691650391
2018-11-16 13:00:00,5.83,11.636203,-5.806202812194824
2018-11-16 13:15:00,32.08,36.68041,-4.600408477783205
2018-11-16 13:30:00,73.22,55.529514,17.69048568725586
2018-11-16 13:45:00,72.18,69.1377,3.0422970581054756
2018-11-16 14:00:00,59.15,70.08138,-10.931382751464845
2018-11-16 14:15:00,51.37,58.944366,-7.574366455078128
2018-11-16 14:30:00,59.26,54.408325,4.851674804687498
2018-11-16 14:45:00,96.19,58.75627,37.43372863769531
2018-11-16 15:00:00,98.86,97.56363,1.2963708496093744
2018-11-16 15:15:00,101.77,97.2686,4.5013995361328085
2018-11-16 15:30:00,105.84,95.30621,10.533786621093753
2018-11-16 15:45:00,55.22,95.415215,-40.19521453857422
2018-11-16 16:00:00,54.94,58.91328,-3.973280487060549
2018-11-16 16:15:00,60.16,59.00854,1.1514588928222622
2018-11-16 16:30:00,58.79,63.260887,-4.470887145996095
2018-11-16 16:45:00,56.34,61.13261,-4.7926103210449185
2018-11-16 17:00:00,57.24,52.837482,4.402517547607424
2018-11-16 17:15:00,64.8,55.230347,9.569653320312497
2018-11-16 17:30:00,59.62,59.357456,0.2625437927246068
2018-11-16 17:45:00,36.29,47.067112,-10.777111968994141
2018-11-16 18:00:00,32.08,36.670967,-4.590967102050783
2018-11-16 18:15:00,40.21,43.02392,-2.813918151855468
2018-11-16 18:30:00,47.56,47.623558,-0.06355804443359148
2018-11-16 18:45:00,49.07,53.458187,-4.388187103271484
2018-11-16 19:00:00,53.64,53.854942,-0.21494232177734318
2018-11-16 19:15:00,50.4,55.40686,-5.006860351562501
2018-11-16 19:30:00,59.04,53.359203,5.680796661376952
2018-11-16 19:45:00,95.18,60.147564,35.032436065673835
2018-11-16 20:00:00,94.72,88.71713,6.002867431640624
2018-11-16 20:15:00,122.8,87.51934,35.28065948486328
2018-11-16 20:30:00,80.35,88.50095,-8.150953674316412
2018-11-16 20:45:00,119.34,82.32049,37.019512023925785
2018-11-16 21:00:00,23.0,50.73323,-27.733230590820312
2018-11-16 21:15:00,4.61,6.0154,-1.4053999328613278
2018-11-16 21:30:00,4.36,3.846923,0.5130768871307376
2018-11-16 21:45:00,4.36,3.986485,0.3735149955749515
2018-11-16 22:00:00,4.36,4.410944,-0.05094398498535124
2018-11-16 22:15:00,4.18,4.5577097,-0.3777096939086917
2018-11-16 22:30:00,4.07,4.5365963,-0.46659629821777315
2018-11-16 22:45:00,4.07,4.3002543,-0.23025434494018526
2018-11-16 23:00:00,4.03,4.3002543,-0.2702543449401853
2018-11-16 23:15:00,3.92,4.3002543,-0.3802543449401856
2018-11-16 23:30:00,3.89,4.1695366,-0.27953659057617175
2018-11-16 23:45:00,3.92,4.1070113,-0.18701131820678718
2018-11-17 00:00:00,3.24,4.126695,-0.8866951560974119
2018-11-17 00:15:00,5.0,3.6384027,1.3615972995758057
2018-11-17 00:30:00,4.03,6.4633083,-2.4333083343505857
2018-11-17 00:45:00,3.96,4.3468,-0.3867998504638672
2018-11-17 01:00:00,4.0,3.7034545,0.29654550552368164
2018-11-17 01:15:00,3.96,3.8341713,0.12582870483398434
2018-11-17 01:30:00,3.96,3.7034545,0.2565455055236816
2018-11-17 01:45:00,3.89,3.7986832,0.09131683349609387
2018-11-17 02:00:00,4.0,3.6409278,0.359072208404541
2018-11-17 02:15:00,3.49,3.8341713,-0.3441712951660154
2018-11-17 02:30:00,3.31,3.315968,-0.005968036651611275
2018-11-17 02:45:00,3.35,3.3037,0.04630002975463876
2018-11-17 03:00:00,3.42,3.3037,0.1163000297546386
2018-11-17 03:15:00,3.35,3.3037,0.04630002975463876
2018-11-17 03:30:00,3.38,3.3037,0.07630002975463857
2018-11-17 03:45:00,3.56,3.3037,0.2563000297546387
2018-11-17 04:00:00,3.85,3.3604624,0.48953757286071786
2018-11-17 04:15:00,3.2,3.6836636,-0.4836636066436766
2018-11-17 04:30:00,3.24,3.1844084,0.055591573715210174
2018-11-17 04:45:00,3.6,3.3464358,0.253564214706421
2018-11-17 05:00:00,3.64,3.3604624,0.2795375728607179
2018-11-17 05:15:00,3.17,3.3604624,-0.1904624271392823
2018-11-17 05:30:00,3.17,3.2046714,-0.034671382904052805
2018-11-17 05:45:00,3.13,3.2999005,-0.16990053176879893
2018-11-17 06:00:00,3.28,3.143104,0.13689592361450176
2018-11-17 06:15:00,3.2,3.3464358,-0.14643578529357892
2018-11-17 06:30:00,3.13,3.2271442,-0.09714424133300792
2018-11-17 06:45:00,3.13,3.143104,-0.013104076385498153
2018-11-17 07:00:00,3.17,3.143104,0.026895923614501882
2018-11-17 07:15:00,3.2,3.2046714,-0.004671382904052557
2018-11-17 07:30:00,3.31,3.2271442,0.08285575866699224
2018-11-17 07:45:00,4.57,3.2834072,1.2865927886962893
2018-11-17 08:00:00,4.9,8.214957,-3.314957237243652
2018-11-17 08:15:00,45.65,19.997086,25.652914428710936
2018-11-17 08:30:00,82.62,57.52688,25.09312164306641
2018-11-17 08:45:00,102.71,81.725365,20.9846353149414
2018-11-17 09:00:00,105.59,91.05711,14.532886352539066
2018-11-17 09:15:00,115.45,89.84148,25.608523559570315
2018-11-17 09:30:00,104.04,82.50203,21.537970581054694
2018-11-17 09:45:00,123.62,89.20897,34.41103088378907
2018-11-17 10:00:00,105.01,86.359634,18.650365600585943
2018-11-17 10:15:00,113.0,88.31014,24.689857482910156
2018-11-17 10:30:00,117.72,80.63927,37.08073303222656
2018-11-17 10:45:00,100.87,82.71264,18.157361145019536
2018-11-17 11:00:00,106.49,91.059555,15.430444946289057
2018-11-17 11:15:00,92.81,87.44434,5.365656433105471
2018-11-17 11:30:00,93.82,82.602646,11.217354125976556
2018-11-17 11:45:00,127.98,85.74664,42.233356933593754
2018-11-17 12:00:00,78.73,73.490234,5.239765625000004
2018-11-17 12:15:00,4.0,23.195822,-19.19582176208496
2018-11-17 12:30:00,4.14,1.6493304,2.4906696224212643
2018-11-17 12:45:00,4.5,1.6702813,2.8297187089920044
2018-11-17 13:00:00,4.79,8.719577,-3.929576835632324
2018-11-17 13:15:00,46.33,20.575571,25.754428939819334
2018-11-17 13:30:00,107.1,63.606968,43.493032073974604
2018-11-17 13:45:00,75.02,93.17451,-18.154507141113285
2018-11-17 14:00:00,121.43,81.34258,40.08741729736329
2018-11-17 14:15:00,103.0,87.380165,15.619834899902344
2018-11-17 14:30:00,105.08,94.91151,10.168493347167967
2018-11-17 14:45:00,100.01,89.08886,10.921140441894536
2018-11-17 15:00:00,129.37415,93.25813,36.11601706542967
2018-11-17 15:15:00,101.2,81.38342,19.816577148437503
2018-11-17 15:30:00,95.18,94.21366,0.9663388061523506
2018-11-17 15:45:00,129.37415,91.11759,38.25655814208983
2018-11-17 16:00:00,81.5,90.08267,-8.582672119140625
2018-11-17 16:15:00,110.34,90.43594,19.90405639648438
2018-11-17 16:30:00,128.16,88.2014,39.95859924316406
2018-11-17 16:45:00,74.74,90.33456,-15.594556579589849
2018-11-17 17:00:00,23.11,59.930965,-36.820965423583985
2018-11-17 17:15:00,4.54,23.106934,-18.56693359375
2018-11-17 17:30:00,4.9,9.789288,-4.8892875671386715
2018-11-17 17:45:00,5.0,9.22558,-4.225580215454102
2018-11-17 18:00:00,4.03,11.74619,-7.716190071105957
2018-11-17 18:15:00,4.03,13.54504,-9.515040130615233
2018-11-17 18:30:00,4.03,11.8415985,-7.811598510742187
2018-11-17 18:45:00,4.14,11.814905,-7.674905166625977
2018-11-17 19:00:00,4.14,11.809188,-7.669187889099121
2018-11-17 19:15:00,4.14,12.414551,-8.27455078125
2018-11-17 19:30:00,4.14,7.01692,-2.87692008972168
2018-11-17 19:45:00,4.1,6.3827753,-2.2827753067016605
2018-11-17 20:00:00,4.18,3.9224527,0.25754731178283663
2018-11-17 20:15:00,4.07,5.576058,-1.5060579109191892
2018-11-17 20:30:00,4.07,3.9428332,0.12716681480407743
2018-11-17 20:45:00,4.07,4.6483655,-0.578365497589111
2018-11-17 21:00:00,4.1,5.354122,-1.2541221618652347
2018-11-17 21:15:00,4.36,4.395648,-0.0356480026245114
2018-11-17 21:30:00,5.26,4.466845,0.7931549644470213
2018-11-17 21:45:00,4.28,4.8546147,-0.574614734649658
2018-11-17 22:00:00,4.03,4.6839476,-0.6539475631713865
2018-11-17 22:15:00,3.85,4.388642,-0.5386418342590331
2018-11-17 22:30:00,3.78,4.195399,-0.41539880752563496
2018-11-17 22:45:00,3.89,4.0675607,-0.17756067276000964
2018-11-17 23:00:00,3.78,4.195399,-0.41539880752563496
2018-11-17 23:15:00,3.82,4.0675607,-0.24756067276000993
2018-11-17 23:30:00,3.35,4.342165,-0.9921649932861327
2018-11-17 23:45:00,3.13,3.9473736,-0.8173736286163331
2018-11-18 00:00:00,3.13,3.3695178,-0.23951780319213878
2018-11-18 00:15:00,3.13,3.2165258,-0.08652579307556163
2018-11-18 00:30:00,3.2,3.3050642,-0.10506420135498029
2018-11-18 00:45:00,3.2,3.3891044,-0.18910436630249006
2018-11-18 01:00:00,3.2,2.8764772,0.3235227584838869
2018-11-18 01:15:00,3.74,2.8764772,0.8635227584838869
2018-11-18 01:30:00,3.56,3.2051573,0.35484272003173833
2018-11-18 01:45:00,3.2,3.156561,0.04343910217285174
2018-11-18 02:00:00,3.31,2.8764772,0.43352275848388677
2018-11-18 02:15:00,3.24,3.085155,0.15484498977661154
2018-11-18 02:30:00,3.35,3.085155,0.2648449897766114
2018-11-18 02:45:00,3.82,3.085155,0.7348449897766112
2018-11-18 03:00:00,3.42,3.4223828,-0.002382831573486399
2018-11-18 03:15:00,3.35,3.085155,0.2648449897766114
2018-11-18 03:30:00,3.28,3.085155,0.19484498977661113
2018-11-18 03:45:00,3.31,3.085155,0.22484498977661138
2018-11-18 04:00:00,3.28,3.1803837,0.09961631774902324
2018-11-18 04:15:00,3.24,3.085155,0.15484498977661154
2018-11-18 04:30:00,3.24,3.085155,0.15484498977661154
2018-11-18 04:45:00,3.67,3.085155,0.5848449897766113
2018-11-18 05:00:00,3.82,3.1926785,0.6273215484619139
2018-11-18 05:15:00,3.31,3.4223828,-0.11238283157348627
2018-11-18 05:30:00,3.28,3.085155,0.19484498977661113
2018-11-18 05:45:00,3.42,3.085155,0.33484498977661126
2018-11-18 06:00:00,3.82,3.085155,0.7348449897766112
2018-11-18 06:15:00,3.35,3.4223828,-0.07238283157348624
2018-11-18 06:30:00,3.24,3.085155,0.15484498977661154
2018-11-18 06:45:00,3.24,3.085155,0.15484498977661154
2018-11-18 07:00:00,3.17,3.085155,0.08484498977661126
2018-11-18 07:15:00,3.17,2.9433904,0.22660963058471673
2018-11-18 07:30:00,3.17,2.9433904,0.22660963058471673
2018-11-18 07:45:00,4.07,2.8307543,1.2392457199096683
2018-11-18 08:00:00,5.0,6.9790845,-1.9790844917297363
2018-11-18 08:15:00,44.21,24.077885,20.132115325927735
2018-11-18 08:30:00,86.22,55.180714,31.039286346435546
2018-11-18 08:45:00,69.16,83.59183,-14.431827392578128
2018-11-18 09:00:00,70.6,75.89238,-5.292379760742193
2018-11-18 09:15:00,34.74,74.83021,-40.09020782470703
2018-11-18 09:30:00,36.4,37.9377,-1.537698364257814
2018-11-18 09:45:00,38.2,41.401905,-3.2019050598144503
2018-11-18 10:00:00,32.76,41.2374,-8.477400054931643
2018-11-18 10:15:00,32.58,38.916073,-6.336072845458986
2018-11-18 10:30:00,31.72,35.748154,-4.028153686523439
2018-11-18 10:45:00,31.57,36.6612,-5.091201477050781
2018-11-18 11:00:00,32.54,38.845375,-6.305375061035157
2018-11-18 11:15:00,37.51,36.66983,0.840169677734373
2018-11-18 11:30:00,37.22,39.75503,-2.5350315856933605
2018-11-18 11:45:00,36.0,38.81637,-2.8163681030273438
2018-11-18 12:00:00,34.52,29.766962,4.753037948608402
2018-11-18 12:15:00,3.82,16.786396,-12.966396026611328
2018-11-18 12:30:00,3.71,1.5386182,2.1713817930221557
2018-11-18 12:45:00,4.18,1.3875291,2.7924708652496335
2018-11-18 13:00:00,4.25,7.703214,-3.453214168548584
2018-11-18 13:15:00,16.45,19.146347,-2.696347045898438
2018-11-18 13:30:00,36.29,37.38391,-1.0939111328125009
2018-11-18 13:45:00,35.5,46.169933,-10.669933319091797
2018-11-18 14:00:00,35.1,35.067104,0.032895660400392046
2018-11-18 14:15:00,35.89,34.345562,1.5444380187988287
2018-11-18 14:30:00,34.34,36.47875,-2.1387483215331997
2018-11-18 14:45:00,36.36,35.08293,1.277068481445312
2018-11-18 15:00:00,34.34,34.00049,0.3395117187500034
2018-11-18 15:15:00,37.01,33.94861,3.061391601562498
2018-11-18 15:30:00,33.52,35.00099,-1.4809918212890594
2018-11-18 15:45:00,37.12,30.412989,6.707011337280271
2018-11-18 16:00:00,34.49,34.22954,0.26045822143554886
2018-11-18 16:15:00,38.41,33.606297,4.803703460693356
2018-11-18 16:30:00,34.02,34.274513,-0.2545132446289031
2018-11-18 16:45:00,36.94,33.705326,3.234673919677732
2018-11-18 17:00:00,7.16,28.649244,-21.48924430847168
2018-11-18 17:15:00,4.03,7.1287594,-3.098759384155273
2018-11-18 17:30:00,3.96,4.3122206,-0.352220573425293
2018-11-18 17:45:00,3.85,4.1815042,-0.3315042495727538
2018-11-18 18:00:00,3.85,5.616743,-1.7667430877685546
2018-11-18 18:15:00,3.74,5.616743,-1.8767430877685545
2018-11-18 18:30:00,3.78,5.488904,-1.7089039993286135
2018-11-18 18:45:00,3.89,5.488904,-1.5989039993286132
2018-11-18 19:00:00,3.82,5.616743,-1.7967430877685548
2018-11-18 19:15:00,3.78,5.616743,-1.8367430877685549
2018-11-18 19:30:00,3.78,5.488904,-1.7089039993286135
2018-11-18 19:45:00,3.82,5.488904,-1.6689039993286134
2018-11-18 20:00:00,3.89,5.487977,-1.5979770278930663
2018-11-18 20:15:00,3.74,5.487977,-1.7479770278930662
2018-11-18 20:30:00,3.78,5.360138,-1.5801379394531252
2018-11-18 20:45:00,4.39,5.360138,-0.9701379394531253
2018-11-18 21:00:00,3.82,4.2337227,-0.4137226867675783
2018-11-18 21:15:00,3.24,3.572352,-0.33235193252563455
2018-11-18 21:30:00,3.13,3.3956099,-0.2656098556518556
2018-11-18 21:45:00,3.1,3.1953194,-0.09531941413879386
2018-11-18 22:00:00,3.1,3.3790379,-0.279037857055664
2018-11-18 22:15:00,2.95,3.4517574,-0.5017574310302733
2018-11-18 22:30:00,2.99,3.4517574,-0.4617574310302732
2018-11-18 22:45:00,2.92,3.4139082,-0.49390824317932136
2018-11-18 23:00:00,2.92,3.4517574,-0.5317574310302735
2018-11-18 23:15:00,2.88,3.4517574,-0.5717574310302735
2018-11-18 23:30:00,2.88,3.4517574,-0.5717574310302735
2018-11-18 23:45:00,2.92,3.4006371,-0.4806371498107911
2018-11-19 00:00:00,4.14,4.5342093,-0.3942092514038089
2018-11-19 00:15:00,3.42,6.4553633,-3.0353632736206055
2018-11-19 00:30:00,3.31,5.1427693,-1.8327693367004394
2018-11-19 00:45:00,3.49,5.1427693,-1.6527693367004392
2018-11-19 01:00:00,2.95,4.6331043,-1.6831043243408201
2018-11-19 01:15:00,2.92,4.42872,-1.508719997406006
2018-11-19 01:30:00,2.88,4.42872,-1.548719997406006
2018-11-19 01:45:00,2.92,4.3826942,-1.4626942443847657
2018-11-19 02:00:00,2.95,4.3826942,-1.4326942443847654
2018-11-19 02:15:00,2.95,4.3826942,-1.4326942443847654
2018-11-19 02:30:00,2.92,4.3826942,-1.4626942443847657
2018-11-19 02:45:00,3.31,4.42872,-1.1187199974060058
2018-11-19 03:00:00,3.46,4.635199,-1.1751990699768067
2018-11-19 03:15:00,2.95,4.628468,-1.6784680366516112
2018-11-19 03:30:00,2.92,4.3826942,-1.4626942443847657
2018-11-19 03:45:00,2.95,4.3826942,-1.4326942443847654
2018-11-19 04:00:00,2.92,4.3826942,-1.4626942443847657
2018-11-19 04:15:00,2.92,4.3826942,-1.4626942443847657
2018-11-19 04:30:00,3.13,4.3826942,-1.2526942443847657
2018-11-19 04:45:00,3.64,4.4778953,-0.8378952598571776
2018-11-19 05:00:00,3.13,4.6977324,-1.567732448577881
2018-11-19 05:15:00,2.92,4.4318705,-1.511870460510254
2018-11-19 05:30:00,2.88,4.3826942,-1.5026942443847657
2018-11-19 05:45:00,2.92,4.3826942,-1.4626942443847657
2018-11-19 06:00:00,3.38,4.42872,-1.048719997406006
2018-11-19 06:15:00,3.42,4.635199,-1.2151990699768067
2018-11-19 06:30:00,2.77,4.635199,-1.8651990699768066
2018-11-19 06:45:00,2.77,4.3551874,-1.5851874160766601
2018-11-19 07:00:00,2.81,3.9991312,-1.1891312026977539
2018-11-19 07:15:00,3.2,4.0266376,-0.826637554168701
2018-11-19 07:30:00,3.64,4.1598516,-0.5198515510559081
2018-11-19 07:45:00,4.07,4.6250124,-0.555012397766113
2018-11-19 08:00:00,5.76,20.331547,-14.571546783447266
2018-11-19 08:15:00,16.99,32.117695,-15.12769485473633
2018-11-19 08:30:00,57.02,39.910583,17.109416503906253
2018-11-19 08:45:00,58.54,64.30048,-5.760483703613282
2018-11-19 09:00:00,58.86,55.94292,2.9170793151855463
2018-11-19 09:15:00,62.75,56.94432,5.8056793212890625
2018-11-19 09:30:00,68.83,60.214314,8.61568649291992
2018-11-19 09:45:00,72.18,66.56895,5.611053161621101
2018-11-19 10:00:00,67.5,75.294136,-7.794136047363281
2018-11-19 10:15:00,67.72,70.51641,-2.79641082763672
2018-11-19 10:30:00,64.37,70.87487,-6.504870300292964
2018-11-19 10:45:00,61.31,64.00093,-2.6909307861328102
2018-11-19 11:00:00,65.45,61.748142,3.701857757568362
2018-11-19 11:15:00,59.18,62.036797,-2.856796569824219
2018-11-19 11:30:00,62.03,56.39019,5.639809875488282
2018-11-19 11:45:00,60.34,59.789555,0.5504454040527378
2018-11-19 12:00:00,46.12,43.365417,2.7545825195312474
2018-11-19 12:15:00,5.94,27.278671,-21.338671264648436
2018-11-19 12:30:00,6.08,9.009626,-2.9296263885498046
2018-11-19 12:45:00,6.05,8.995418,-2.945417594909668
2018-11-19 13:00:00,5.11,25.549227,-20.43922676086426
2018-11-19 13:15:00,29.3,34.036026,-4.736026000976562
2018-11-19 13:30:00,69.52,54.9407,14.579299468994137
2018-11-19 13:45:00,60.23,73.12269,-12.892688293457034
2018-11-19 14:00:00,58.79,60.396324,-1.6063241577148446
2018-11-19 14:15:00,58.21,58.843426,-0.633425750732421
2018-11-19 14:30:00,68.62,61.215973,7.4040270996093795
2018-11-19 14:45:00,60.66,66.98247,-6.322467651367191
2018-11-19 15:00:00,64.44,62.486877,1.9531225585937477
2018-11-19 15:15:00,63.36,62.832672,0.5273278808593744
2018-11-19 15:30:00,60.05,63.76475,-3.7147514343261747
2018-11-19 15:45:00,65.52,59.511326,6.008674163818355
2018-11-19 16:00:00,61.42,65.386475,-3.9664746093749983
2018-11-19 16:15:00,61.42,58.569687,2.850313110351564
2018-11-19 16:30:00,59.08,60.733894,-1.653894348144533
2018-11-19 16:45:00,62.89,58.37171,4.518288269042969
2018-11-19 17:00:00,62.89,56.068752,6.821247711181641
2018-11-19 17:15:00,56.05,54.93416,1.1158416748046847
2018-11-19 17:30:00,59.11,51.47942,7.630580291748046
2018-11-19 17:45:00,30.89,51.39802,-20.508021697998046
2018-11-19 18:00:00,31.61,39.63952,-8.02951873779297
2018-11-19 18:15:00,34.99,40.511257,-5.521257171630857
2018-11-19 18:30:00,43.06,41.48852,1.571478424072268
2018-11-19 18:45:00,43.49,47.2741,-3.7841012573242168
2018-11-19 19:00:00,63.32,47.37747,15.942531890869141
2018-11-19 19:15:00,45.54,62.32857,-16.78857131958008
2018-11-19 19:30:00,45.79,49.093983,-3.303982696533204
2018-11-19 19:45:00,53.21,49.542847,3.667153320312501
2018-11-19 20:00:00,44.78,54.615143,-9.835142822265624
2018-11-19 20:15:00,44.17,47.74644,-3.57644088745117
2018-11-19 20:30:00,52.81,46.164207,6.6457925415039085
2018-11-19 20:45:00,40.39,53.18411,-12.794108734130859
2018-11-19 21:00:00,26.64,26.848127,-0.20812736511230412
2018-11-19 21:15:00,13.43,10.297462,3.1325375366210935
2018-11-19 21:30:00,3.82,3.4762328,0.3437672328948973
2018-11-19 21:45:00,3.89,1.872358,2.017642035484314
2018-11-19 22:00:00,3.78,2.811607,0.9683931159973143
2018-11-19 22:15:00,3.67,2.693838,0.9761621189117431
2018-11-19 22:30:00,3.64,2.6133916,1.026608362197876
2018-11-19 22:45:00,3.6,2.8538651,0.7461348533630372
2018-11-19 23:00:00,3.56,2.8538651,0.7061348533630372
2018-11-19 23:15:00,3.56,2.8538651,0.7061348533630372
2018-11-19 23:30:00,3.64,2.8538651,0.7861348533630372
2018-11-19 23:45:00,4.57,2.8538651,1.7161348533630374
2018-11-20 00:00:00,4.61,5.4523935,-0.8423935317993161
2018-11-20 00:15:00,3.53,5.140092,-1.610091896057129
2018-11-20 00:30:00,3.64,3.4801903,0.15980972290039075
2018-11-20 00:45:00,3.71,3.4801903,0.2298097229003906
2018-11-20 01:00:00,3.6,3.4925404,0.10745964050292978
2018-11-20 01:15:00,3.64,3.3936524,0.24634756088256848
2018-11-20 01:30:00,3.53,3.3936524,0.13634756088256816
2018-11-20 01:45:00,3.6,3.3936524,0.20634756088256845
2018-11-20 02:00:00,3.71,3.2971778,0.412822208404541
2018-11-20 02:15:00,3.56,3.4925404,0.06745964050292974
2018-11-20 02:30:00,3.56,3.3936524,0.1663475608825684
2018-11-20 02:45:00,3.02,3.2871077,-0.26710770606994627
2018-11-20 03:00:00,3.02,2.9997678,0.02023221969604494
2018-11-20 03:15:00,3.13,3.0098379,0.12016213417053212
2018-11-20 03:30:00,3.31,3.0590136,0.2509863948822022
2018-11-20 03:45:00,3.67,3.2623444,0.40765563964843743
2018-11-20 04:00:00,2.95,3.4871488,-0.5371487617492674
2018-11-20 04:15:00,2.88,3.0098379,-0.12983786582946788
2018-11-20 04:30:00,2.95,2.9997678,-0.0497677803039549
2018-11-20 04:45:00,2.88,2.9997678,-0.11976778030395518
2018-11-20 05:00:00,2.84,2.9997678,-0.15976778030395522
2018-11-20 05:15:00,2.81,3.0098379,-0.19983786582946772
2018-11-20 05:30:00,2.88,3.0098379,-0.12983786582946788
2018-11-20 05:45:00,3.17,3.0098379,0.16016213417053216
2018-11-20 06:00:00,3.46,3.1105103,0.3494896507263183
2018-11-20 06:15:00,3.42,3.2638674,0.15613262176513665
2018-11-20 06:30:00,2.81,3.2623444,-0.45234436035156245
2018-11-20 06:45:00,2.77,3.0098379,-0.23983786582946776
2018-11-20 07:00:00,2.84,2.963863,-0.12386289596557631
2018-11-20 07:15:00,2.7,2.9997678,-0.2997677803039549
2018-11-20 07:30:00,3.71,2.9171336,0.7928664302825927
2018-11-20 07:45:00,5.51,3.7093782,1.800621757507324
2018-11-20 08:00:00,5.33,13.960628,-8.630627555847168
2018-11-20 08:15:00,25.88,23.655361,2.2246388244628896
2018-11-20 08:30:00,60.16,46.1869,13.9730989074707
2018-11-20 08:45:00,67.54,69.154144,-1.6141442871093687
2018-11-20 09:00:00,78.98,68.05098,10.929020385742191
2018-11-20 09:15:00,70.24,88.85881,-18.618810424804693
2018-11-20 09:30:00,77.47,72.4958,4.974203796386718
2018-11-20 09:45:00,74.88,84.42677,-9.546773071289067
2018-11-20 10:00:00,54.18,73.53276,-19.352760620117188
2018-11-20 10:15:00,54.79,56.069084,-1.2790841674804696
2018-11-20 10:30:00,59.54,56.40777,3.1322317504882804
2018-11-20 10:45:00,52.16,59.412964,-7.252963867187503
2018-11-20 11:00:00,61.81,56.456043,5.353956756591799
2018-11-20 11:15:00,52.2,60.647923,-8.447922515869138
2018-11-20 11:30:00,46.94,57.219887,-10.279886779785159
2018-11-20 11:45:00,48.56,52.661903,-4.101903381347654
2018-11-20 12:00:00,52.7,44.98758,7.712420654296878
2018-11-20 12:15:00,6.12,19.651653,-13.53165328979492
2018-11-20 12:30:00,5.44,2.2474449,3.192555131912232
2018-11-20 12:45:00,5.4,2.063233,3.336767101287842
2018-11-20 13:00:00,5.58,12.716482,-7.136482162475586
2018-11-20 13:15:00,28.15,32.79213,-4.642129516601564
2018-11-20 13:30:00,53.24,51.236607,2.0033934020996114
2018-11-20 13:45:00,48.67,64.36725,-15.697248535156248
2018-11-20 14:00:00,57.85,54.47824,3.3717590332031264
2018-11-20 14:15:00,55.12,59.06373,-3.943728332519534
2018-11-20 14:30:00,52.63,57.19814,-4.568139190673826
2018-11-20 14:45:00,56.77,57.306824,-0.5368237304687469
2018-11-20 15:00:00,47.41,57.883087,-10.473087158203128
2018-11-20 15:15:00,51.16,53.287643,-2.127643432617191
2018-11-20 15:30:00,46.51,55.695423,-9.185423126220705
2018-11-20 15:45:00,56.99,53.091022,3.898977508544924
2018-11-20 16:00:00,44.57,58.33421,-13.764209442138672
2018-11-20 16:15:00,43.09,50.50834,-7.418338928222653
2018-11-20 16:30:00,67.32,47.272625,20.04737503051757
2018-11-20 16:45:00,45.47,66.21648,-20.74647644042969
2018-11-20 17:00:00,64.84,46.238823,18.601177062988285
2018-11-20 17:15:00,41.15,56.569443,-15.419442749023439
2018-11-20 17:30:00,31.97,40.94804,-8.978040008544923
2018-11-20 17:45:00,27.83,30.55663,-2.726629180908205
2018-11-20 18:00:00,22.97,29.79102,-6.821019439697267
2018-11-20 18:15:00,8.14,25.246613,-17.106612548828124
2018-11-20 18:30:00,8.17,16.015345,-7.845344619750977
2018-11-20 18:45:00,8.39,14.55694,-6.166940078735351
2018-11-20 19:00:00,8.32,9.566897,-1.246897392272949
2018-11-20 19:15:00,8.71,13.127008,-4.417008438110351
2018-11-20 19:30:00,7.38,14.799749,-7.4197493743896485
2018-11-20 19:45:00,7.6,10.202481,-2.602481269836426
2018-11-20 20:00:00,6.44,12.617631,-6.1776309585571285
2018-11-20 20:15:00,5.0,10.638537,-5.638537406921387
2018-11-20 20:30:00,4.86,4.536642,0.3233579254150394
2018-11-20 20:45:00,5.0,9.401517,-4.401516914367676
2018-11-20 21:00:00,4.1,6.8810773,-2.781077289581299
2018-11-20 21:15:00,3.89,3.2624211,0.6275788688659669
2018-11-20 21:30:00,3.82,2.890473,0.9295271110534666
2018-11-20 21:45:00,3.85,2.8526237,0.997376298904419
2018-11-20 22:00:00,3.92,3.4899702,0.43002979278564446
2018-11-20 22:15:00,3.71,3.5524974,0.15750261306762692
2018-11-20 22:30:00,3.64,3.362131,0.27786888122558606
2018-11-20 22:45:00,3.64,3.2798939,0.3601061248779298
2018-11-20 23:00:00,3.64,3.2798939,0.3601061248779298
2018-11-20 23:15:00,3.6,3.2798939,0.3201061248779298
2018-11-20 23:30:00,3.49,3.2798939,0.2101061248779299
2018-11-20 23:45:00,3.56,3.1653206,0.3946793651580811
2018-11-21 00:00:00,3.71,3.5560184,0.15398164749145504
2018-11-21 00:15:00,4.0,3.741105,0.2588949203491211
2018-11-21 00:30:00,3.64,4.0860662,-0.4460662460327147
2018-11-21 00:45:00,3.46,3.5457425,-0.08574251174926761
2018-11-21 01:00:00,3.46,3.3044865,0.15551348686218258
2018-11-21 01:15:00,3.46,3.3044865,0.15551348686218258
2018-11-21 01:30:00,3.13,3.3044865,-0.1744865131378175
2018-11-21 01:45:00,2.95,3.0895622,-0.13956217765808088
2018-11-21 02:00:00,2.77,3.0403864,-0.27038643836975096
2018-11-21 02:15:00,2.88,2.9703627,-0.09036266326904308
2018-11-21 02:30:00,2.92,3.0403864,-0.12038643836975105
2018-11-21 02:45:00,2.88,3.0403864,-0.16038643836975108
2018-11-21 03:00:00,2.95,3.0403864,-0.0903864383697508
2018-11-21 03:15:00,2.84,3.0403864,-0.20038643836975112
2018-11-21 03:30:00,2.88,3.0403864,-0.16038643836975108
2018-11-21 03:45:00,3.38,3.0403864,0.3396135616302489
2018-11-21 04:00:00,3.74,3.3029635,0.4370365047454836
2018-11-21 04:15:00,3.71,3.6296341,0.0803658580780029
2018-11-21 04:30:00,3.49,3.5331595,-0.0431594944000242
2018-11-21 04:45:00,2.92,3.3679624,-0.44796236038208015
2018-11-21 05:00:00,2.95,3.0504565,-0.1004565238952635
2018-11-21 05:15:00,2.92,3.0504565,-0.13045652389526374
2018-11-21 05:30:00,2.92,3.0504565,-0.13045652389526374
2018-11-21 05:45:00,2.88,3.0403864,-0.16038643836975108
2018-11-21 06:00:00,2.84,3.0403864,-0.20038643836975112
2018-11-21 06:15:00,2.92,3.0403864,-0.12038643836975105
2018-11-21 06:30:00,2.88,3.0504565,-0.17045652389526378
2018-11-21 06:45:00,2.84,3.0504565,-0.21045652389526381
2018-11-21 07:00:00,2.88,3.0504565,-0.17045652389526378
2018-11-21 07:15:00,2.77,3.0504565,-0.28045652389526365
2018-11-21 07:30:00,3.56,2.9703627,0.5896373367309571
2018-11-21 07:45:00,5.83,3.296152,2.533847885131836
2018-11-21 08:00:00,6.26,14.203942,-7.94394229888916
2018-11-21 08:15:00,24.98,34.26051,-9.280509490966796
2018-11-21 08:30:00,50.08,42.52208,7.557920532226561
2018-11-21 08:45:00,64.04,62.028206,2.011794128417975
2018-11-21 09:00:00,77.9,61.14255,16.757448577880865
2018-11-21 09:15:00,65.12,81.47811,-16.35811126708984
2018-11-21 09:30:00,67.43,62.744305,4.685695343017585
2018-11-21 09:45:00,67.43,64.79776,2.632239990234382
2018-11-21 10:00:00,75.67,64.40589,11.26410858154297
2018-11-21 10:15:00,69.66,68.53727,1.1227304077148403
2018-11-21 10:30:00,69.08,64.972176,4.107824401855467
2018-11-21 10:45:00,69.66,64.37048,5.289516601562497
2018-11-21 11:00:00,68.87,66.963524,1.9064761352539108
2018-11-21 11:15:00,81.32,64.4987,16.821296997070306
2018-11-21 11:30:00,96.26,82.4199,13.840101013183599
2018-11-21 11:45:00,83.95,92.79772,-8.847721862792966
2018-11-21 12:00:00,109.33,75.382904,33.94709594726562
2018-11-21 12:15:00,7.6,41.98565,-34.38564910888672
2018-11-21 12:30:00,6.66,3.709786,2.9502140617370607
2018-11-21 12:45:00,6.73,2.883508,3.846492033004761
2018-11-21 13:00:00,6.66,12.14411,-5.484109725952148
2018-11-21 13:15:00,47.3,30.072382,17.227618026733396
2018-11-21 13:30:00,74.52,57.953495,16.56650497436523
2018-11-21 13:45:00,109.19,73.136284,36.05371612548828
2018-11-21 14:00:00,79.38,88.208755,-8.828755493164067
2018-11-21 14:15:00,94.0,82.685326,11.314674377441406
2018-11-21 14:30:00,85.14,88.556915,-3.4169152832031244
2018-11-21 14:45:00,91.76,89.35959,2.40041137695313
2018-11-21 15:00:00,127.33,87.58637,39.74362762451172
2018-11-21 15:15:00,94.82,90.57975,4.240249938964837
2018-11-21 15:30:00,122.98,93.6584,29.32159851074219
2018-11-21 15:45:00,86.51,89.33499,-2.82499145507812
2018-11-21 16:00:00,79.16,89.97126,-10.811260070800785
2018-11-21 16:15:00,70.6,87.43831,-16.838308715820318
2018-11-21 16:30:00,103.9,73.15459,30.745413208007818
2018-11-21 16:45:00,106.13,97.36563,8.76436889648437
2018-11-21 17:00:00,103.54,85.4007,18.139296569824225
2018-11-21 17:15:00,126.22,86.278,39.94200012207031
2018-11-21 17:30:00,115.49,80.34612,35.143877258300776
2018-11-21 17:45:00,44.6,66.05239,-21.452391052246092
2018-11-21 18:00:00,33.77,40.01101,-6.241009216308591
2018-11-21 18:15:00,74.27,31.61897,42.651029129028316
2018-11-21 18:30:00,127.4,52.451607,74.94839324951172
2018-11-21 18:45:00,106.52,57.09534,49.42465927124023
2018-11-21 19:00:00,119.59,68.25774,51.332263793945316
2018-11-21 19:15:00,83.38,62.25031,21.12969100952148
2018-11-21 19:30:00,93.53,64.23027,29.299729614257814
2018-11-21 19:45:00,99.32,68.32024,30.999763793945306
2018-11-21 20:00:00,119.45,64.909485,54.54051513671875
2018-11-21 20:15:00,95.65,77.98879,17.661207580566412
2018-11-21 20:30:00,98.6,78.6343,19.9656997680664
2018-11-21 20:45:00,86.83,76.32919,10.500806884765623
2018-11-21 21:00:00,47.63,57.459988,-9.829987640380857
2018-11-21 21:15:00,24.73,26.69063,-1.9606299591064449
2018-11-21 21:30:00,5.4,6.591122,-1.1911221504211422
2018-11-21 21:45:00,5.36,2.1824787,3.1775213336944583
2018-11-21 22:00:00,4.1,2.7655084,1.3344915866851803
2018-11-21 22:15:00,3.89,2.414462,1.475537910461426
2018-11-21 22:30:00,3.85,1.7743974,2.075602626800537
2018-11-21 22:45:00,3.89,1.7743974,2.1156026268005372
2018-11-21 23:00:00,3.92,1.8770504,2.0429496002197265
2018-11-21 23:15:00,3.74,1.9395776,1.8004224205017092
2018-11-21 23:30:00,3.71,1.7492118,1.9607882118225097
2018-11-21 23:45:00,3.71,1.7492118,1.9607882118225097
2018-11-22 00:00:00,3.78,4.4156466,-0.635646553039551
2018-11-22 00:15:00,3.82,4.3262606,-0.5062605667114259
2018-11-22 00:30:00,3.71,4.543485,-0.833485164642334
2018-11-22 00:45:00,3.74,4.3907137,-0.6507136917114256
2018-11-22 01:00:00,3.74,4.0011277,-0.2611277198791502
2018-11-22 01:15:00,3.85,4.0011277,-0.1511277198791503
2018-11-22 01:30:00,3.82,4.128966,-0.30896585464477555
2018-11-22 01:45:00,3.74,4.128966,-0.3889658546447752
2018-11-22 02:00:00,4.68,4.193993,0.48600690841674776
2018-11-22 02:15:00,4.32,6.0106707,-1.6906706619262692
2018-11-22 02:30:00,3.71,5.9688597,-2.2588596725463868
2018-11-22 02:45:00,3.46,4.193993,-0.733993091583252
2018-11-22 03:00:00,3.17,3.8789136,-0.7089136409759522
2018-11-22 03:15:00,3.2,3.7255576,-0.5255575656890867
2018-11-22 03:30:00,3.17,3.74803,-0.5780299472808839
2018-11-22 03:45:00,3.2,3.7255576,-0.5255575656890867
2018-11-22 04:00:00,3.2,3.74803,-0.5480299472808836
2018-11-22 04:15:00,3.24,3.74803,-0.5080299472808836
2018-11-22 04:30:00,3.2,3.8673205,-0.6673205375671385
2018-11-22 04:45:00,3.2,3.74803,-0.5480299472808836
2018-11-22 05:00:00,3.42,3.74803,-0.32802994728088386
2018-11-22 05:15:00,3.78,3.8673205,-0.08732053756713887
2018-11-22 05:30:00,4.39,4.193993,0.19600690841674773
2018-11-22 05:45:00,3.49,5.9688597,-2.4788596725463865
2018-11-22 06:00:00,3.1,3.9323194,-0.8323194026947021
2018-11-22 06:15:00,3.17,3.6148145,-0.4448145198822022
2018-11-22 06:30:00,3.13,3.7255576,-0.595557565689087
2018-11-22 06:45:00,3.17,3.6639898,-0.4939897823333741
2018-11-22 07:00:00,3.1,3.7255576,-0.6255575656890868
2018-11-22 07:15:00,3.06,3.6148145,-0.5548145198822021
2018-11-22 07:30:00,3.17,3.6148145,-0.4448145198822022
2018-11-22 07:45:00,4.79,3.781539,1.008461036682129
2018-11-22 08:00:00,6.3,13.316287,-7.016287040710449
2018-11-22 08:15:00,41.51,37.20273,4.307271728515623
2018-11-22 08:30:00,101.48,69.33222,32.14777801513672
2018-11-22 08:45:00,120.67,110.582756,10.087243957519533
2018-11-22 09:00:00,124.49,98.335526,26.154474487304682
2018-11-22 09:15:00,129.37415,97.53371,31.840443334960923
2018-11-22 09:30:00,120.82,100.30633,20.513672180175774
2018-11-22 09:45:00,129.37415,99.148186,30.225964270019517
2018-11-22 10:00:00,129.37415,97.07714,32.29700919189452
2018-11-22 10:15:00,129.37415,97.30304,32.071110449218736
2018-11-22 10:30:00,103.5,99.23468,4.26531982421875
2018-11-22 10:45:00,113.87,105.45689,8.413113708496098
2018-11-22 11:00:00,129.37415,100.53179,28.842358312988267
2018-11-22 11:15:00,129.37415,96.033066,33.34108420410155
2018-11-22 11:30:00,96.62,93.60307,3.016926879882817
2018-11-22 11:45:00,70.63,101.78069,-31.150693054199223
2018-11-22 12:00:00,55.69,78.47699,-22.786989746093752
2018-11-22 12:15:00,5.22,21.218616,-15.998616485595704
2018-11-22 12:30:00,6.44,5.2880616,1.1519383811950688
2018-11-22 12:45:00,6.62,5.44456,1.1754399490356446
2018-11-22 13:00:00,6.55,14.854794,-8.304793548583984
2018-11-22 13:15:00,41.87,44.945026,-3.0750263977050807
2018-11-22 13:30:00,75.35,69.02437,6.325631713867182
2018-11-22 13:45:00,93.67,88.06341,5.606592102050783
2018-11-22 14:00:00,83.63,99.014626,-15.38462554931641
2018-11-22 14:15:00,87.77,94.92438,-7.154377441406254
2018-11-22 14:30:00,89.06,97.11307,-8.053067626953123
2018-11-22 14:45:00,85.54,95.88675,-10.346749267578119
2018-11-22 15:00:00,70.52,99.906425,-29.386425476074223
2018-11-22 15:15:00,79.34,81.576294,-2.2362939453124966
2018-11-22 15:30:00,80.24,94.81668,-14.57668090820313
2018-11-22 15:45:00,80.57,93.53427,-12.964271240234382
2018-11-22 16:00:00,79.6,92.36499,-12.764990234375006
2018-11-22 16:15:00,81.07,95.91029,-14.84029357910157
2018-11-22 16:30:00,97.96,91.39968,6.5603189086914
2018-11-22 16:45:00,95.04,101.64932,-6.609322509765619
2018-11-22 17:00:00,84.67,88.1121,-3.4420986938476545
2018-11-22 17:15:00,58.07,95.266266,-37.196265869140625
2018-11-22 17:30:00,46.12,63.818176,-17.698176269531253
2018-11-22 17:45:00,32.94,54.758728,-21.818728027343752
2018-11-22 18:00:00,32.87,41.36509,-8.495089416503909
2018-11-22 18:15:00,45.68,53.042805,-7.362804718017578
2018-11-22 18:30:00,70.16,60.86593,9.294071350097653
2018-11-22 18:45:00,67.79,79.55577,-11.765770874023431
2018-11-22 19:00:00,82.37,76.70124,5.668759460449223
2018-11-22 19:15:00,67.21,91.44328,-24.233283081054694
2018-11-22 19:30:00,71.71,75.082146,-3.372145690917975
2018-11-22 19:45:00,75.53,79.996185,-4.466185302734374
2018-11-22 20:00:00,71.78,79.86144,-8.081442565917968
2018-11-22 20:15:00,72.86,80.58607,-7.726067199707032
2018-11-22 20:30:00,74.88,78.03846,-3.158459777832036
2018-11-22 20:45:00,68.98,80.71465,-11.734653015136715
2018-11-22 21:00:00,43.6,58.172836,-14.572836303710936
2018-11-22 21:15:00,18.65,25.602911,-6.9529109954834
2018-11-22 21:30:00,4.97,6.3889194,-1.4189193534851077
2018-11-22 21:45:00,4.07,4.044481,0.025519199371338175
2018-11-22 22:00:00,4.07,3.972395,0.0976050567626956
2018-11-22 22:15:00,3.74,4.1191616,-0.3791616058349607
2018-11-22 22:30:00,3.82,3.835928,-0.015927963256836097
2018-11-22 22:45:00,3.78,3.925917,-0.14591691017150898
2018-11-22 23:00:00,3.74,3.753966,-0.013966093063354279
2018-11-22 23:15:00,3.71,3.938581,-0.22858098983764652
2018-11-22 23:30:00,3.67,3.938581,-0.26858098983764656
2018-11-22 23:45:00,3.74,3.8581347,-0.11813474655151346
2018-11-23 00:00:00,3.53,3.9971685,-0.46716854095459004
2018-11-23 00:15:00,3.78,3.897035,-0.1170348834991457
2018-11-23 00:30:00,4.64,3.9971685,0.6428314590454098
2018-11-23 00:45:00,4.18,5.311688,-1.1316879463195804
2018-11-23 01:00:00,3.67,4.8615646,-1.1915646362304688
2018-11-23 01:15:00,3.67,3.488003,0.18199698448181145
2018-11-23 01:30:00,3.6,3.488003,0.11199698448181161
2018-11-23 01:45:00,3.64,3.2992785,0.3407215023040773
2018-11-23 02:00:00,3.67,3.3495355,0.3204645347595214
2018-11-23 02:15:00,3.2,3.303388,-0.1033881187438963
2018-11-23 02:30:00,3.06,3.1659603,-0.10596031188964838
2018-11-23 02:45:00,3.02,3.032745,-0.012744884490966779
2018-11-23 03:00:00,3.02,3.032745,-0.012744884490966779
2018-11-23 03:15:00,3.06,3.032745,0.027255115509033256
2018-11-23 03:30:00,3.02,3.032745,-0.012744884490966779
2018-11-23 03:45:00,3.2,3.032745,0.16725511550903338
2018-11-23 04:00:00,3.67,3.1659603,0.5040396881103515
2018-11-23 04:15:00,3.42,3.3927753,0.027224702835082937
2018-11-23 04:30:00,3.06,3.2852519,-0.22525185585021967
2018-11-23 04:45:00,3.56,3.032745,0.5272551155090333
2018-11-23 05:00:00,3.56,3.2992785,0.2607215023040772
2018-11-23 05:15:00,2.95,3.2992785,-0.3492784976959227
2018-11-23 05:30:00,2.99,3.0952346,-0.10523463249206522
2018-11-23 05:45:00,2.99,3.032745,-0.042744884490966584
2018-11-23 06:00:00,2.95,3.032745,-0.08274488449096662
2018-11-23 06:15:00,2.99,3.032745,-0.042744884490966584
2018-11-23 06:30:00,2.92,3.032745,-0.11274488449096687
2018-11-23 06:45:00,2.92,3.032745,-0.11274488449096687
2018-11-23 07:00:00,2.99,3.032745,-0.042744884490966584
2018-11-23 07:15:00,3.02,3.032745,-0.012744884490966779
2018-11-23 07:30:00,3.53,3.032745,0.497255115509033
2018-11-23 07:45:00,6.12,3.3384361,2.7815638732910157
2018-11-23 08:00:00,6.59,15.06616,-8.476160202026367
2018-11-23 08:15:00,42.23,46.183918,-3.9539179992675813
2018-11-23 08:30:00,82.4,64.34618,18.053816223144537
2018-11-23 08:45:00,90.9,102.676216,-11.776216125488276
2018-11-23 09:00:00,99.25,90.25864,8.991363525390625
2018-11-23 09:15:00,93.06,100.03178,-6.971776428222654
2018-11-23 09:30:00,73.69,90.67776,-16.987757263183596
2018-11-23 09:45:00,63.36,79.84324,-16.483238830566407
2018-11-23 10:00:00,75.67,66.83341,8.836587829589845
2018-11-23 10:15:00,70.96,76.57126,-5.611258544921881
2018-11-23 10:30:00,100.69,73.456535,27.23346466064453
2018-11-23 10:45:00,83.66,102.357285,-18.69728454589844
2018-11-23 11:00:00,65.77,91.51954,-25.749538879394535
2018-11-23 11:15:00,73.66,63.44061,10.219391021728512
2018-11-23 11:30:00,67.03,74.562675,-7.532675476074218
2018-11-23 11:45:00,66.89,71.16987,-4.279868469238281
2018-11-23 12:00:00,66.42,62.377632,4.0423678588867205
2018-11-23 12:15:00,24.8,27.225319,-2.4253189086914055
2018-11-23 12:30:00,10.12,9.006053,1.1139470291137687
2018-11-23 12:45:00,6.52,0.50895745,6.011042554378509
2018-11-23 13:00:00,6.7,10.470718,-3.7707183837890623
2018-11-23 13:15:00,57.17,39.636177,17.53382293701172
2018-11-23 13:30:00,80.35,69.472694,10.877305603027338
2018-11-23 13:45:00,92.52,92.415794,0.10420562744140227
2018-11-23 14:00:00,85.9,91.35672,-5.456719970703119
2018-11-23 14:15:00,80.64,90.99545,-10.355452880859374
2018-11-23 14:30:00,87.95,84.70382,3.246180725097659
2018-11-23 14:45:00,72.54,87.870415,-15.330414733886712
2018-11-23 15:00:00,74.3,76.45178,-2.151782226562503
2018-11-23 15:15:00,78.23,74.088425,4.1415753173828165
2018-11-23 15:30:00,110.48,86.654655,23.825344543457035
2018-11-23 15:45:00,80.32,89.10496,-8.784957580566413
2018-11-23 16:00:00,89.39,85.53805,3.851952209472657
2018-11-23 16:15:00,86.04,88.24418,-2.20417877197265
2018-11-23 16:30:00,76.0,93.83989,-17.839889526367188
2018-11-23 16:45:00,104.29,87.30967,16.9803305053711
2018-11-23 17:00:00,86.11,82.808945,3.301055297851562
2018-11-23 17:15:00,86.98,85.304276,1.6757244873046915
2018-11-23 17:30:00,52.7,83.50572,-30.805722045898435
2018-11-23 17:45:00,34.13,38.196037,-4.066037292480466
2018-11-23 18:00:00,34.27,37.98729,-3.7172894287109344
2018-11-23 18:15:00,54.61,49.130188,5.479812011718749
2018-11-23 18:30:00,63.9,63.127834,0.7721656799316392
2018-11-23 18:45:00,56.02,68.71134,-12.691341857910153
2018-11-23 19:00:00,68.8,60.273117,8.52688293457031
2018-11-23 19:15:00,65.23,74.0035,-8.77350189208984
2018-11-23 19:30:00,69.48,69.294106,0.18589447021484773
2018-11-23 19:45:00,66.17,71.17099,-5.000989990234373
2018-11-23 20:00:00,72.94,70.776855,2.1631445312499977
2018-11-23 20:15:00,59.58,79.54794,-19.967943115234377
2018-11-23 20:30:00,53.39,58.50053,-5.110530242919921
2018-11-23 20:45:00,45.68,58.50424,-12.82423812866211
2018-11-23 21:00:00,23.36,41.878395,-18.518395080566407
2018-11-23 21:15:00,7.52,4.026073,3.493927021026611
2018-11-23 21:30:00,5.29,3.623332,1.6666679763793946
2018-11-23 21:45:00,5.22,2.6939368,2.5260631752014158
2018-11-23 22:00:00,5.26,3.151004,2.1089959239959715
2018-11-23 22:15:00,4.93,3.3030117,1.6269883441925046
2018-11-23 22:30:00,4.86,3.133053,1.7269469356536868
2018-11-23 22:45:00,4.86,3.0536768,1.8063231563568118
2018-11-23 23:00:00,4.75,3.0536768,1.6963231563568115
2018-11-23 23:15:00,4.68,2.9704478,1.7095522212982175
2018-11-23 23:30:00,4.61,2.8477643,1.7622357463836673
2018-11-23 23:45:00,3.92,2.8477643,1.072235746383667
2018-11-24 00:00:00,3.02,2.8748803,0.145119686126709
2018-11-24 00:15:00,3.49,2.2226193,1.267380704879761
2018-11-24 00:30:00,3.56,2.537651,1.0223489379882813
2018-11-24 00:45:00,3.56,2.3997664,1.160233554840088
2018-11-24 01:00:00,3.56,1.9765253,1.58347469329834
2018-11-24 01:15:00,3.6,1.9765253,1.62347469329834
2018-11-24 01:30:00,3.56,1.9765253,1.58347469329834
2018-11-24 01:45:00,3.49,1.9765253,1.51347469329834
2018-11-24 02:00:00,3.56,1.9747667,1.585233268737793
2018-11-24 02:15:00,3.6,1.9765253,1.62347469329834
2018-11-24 02:30:00,3.6,1.9765253,1.62347469329834
2018-11-24 02:45:00,3.56,1.9765253,1.58347469329834
2018-11-24 03:00:00,3.56,1.9765253,1.58347469329834
2018-11-24 03:15:00,3.64,1.9765253,1.66347469329834
2018-11-24 03:30:00,3.56,1.9765253,1.58347469329834
2018-11-24 03:45:00,3.89,1.9765253,1.91347469329834
2018-11-24 04:00:00,4.79,2.299727,2.490273036956787
2018-11-24 04:15:00,4.25,3.6692567,0.5807433128356934
2018-11-24 04:30:00,3.64,3.7011938,-0.06119380950927722
2018-11-24 04:45:00,3.6,1.9765253,1.62347469329834
2018-11-24 05:00:00,3.13,1.9765253,1.1534746932983397
2018-11-24 05:15:00,3.02,1.759167,1.260833044052124
2018-11-24 05:30:00,3.02,1.7099922,1.3100078296661377
2018-11-24 05:45:00,3.1,1.7099922,1.3900078296661378
2018-11-24 06:00:00,3.02,1.7099922,1.3100078296661377
2018-11-24 06:15:00,3.06,1.7099922,1.3500078296661377
2018-11-24 06:30:00,3.02,1.7099922,1.3100078296661377
2018-11-24 06:45:00,3.02,1.7099922,1.3100078296661377
2018-11-24 07:00:00,3.1,1.7099922,1.3900078296661378
2018-11-24 07:15:00,3.64,1.7099922,1.9300078296661378
2018-11-24 07:30:00,3.71,1.9765253,1.7334746932983398
2018-11-24 07:45:00,3.53,2.084492,1.4455080318450926
2018-11-24 08:00:00,3.35,5.2676115,-1.9176115036010741
2018-11-24 08:15:00,3.92,23.979458,-20.059457855224608
2018-11-24 08:30:00,3.13,19.56083,-16.430829162597657
2018-11-24 08:45:00,3.2,18.162792,-14.962792205810548
2018-11-24 09:00:00,3.24,9.353879,-6.113878974914551
2018-11-24 09:15:00,3.38,9.557887,-6.177887077331543
2018-11-24 09:30:00,3.42,12.095595,-8.675595359802246
2018-11-24 09:45:00,3.38,11.987063,-8.60706340789795
2018-11-24 10:00:00,3.46,11.183904,-7.723903694152832
2018-11-24 10:15:00,3.42,11.139992,-7.719991760253906
2018-11-24 10:30:00,3.74,9.117524,-5.377524147033691
2018-11-24 10:45:00,3.85,9.381101,-5.531100654602051
2018-11-24 11:00:00,3.92,11.581705,-7.661705093383789
2018-11-24 11:15:00,3.78,11.967814,-8.187814445495606
2018-11-24 11:30:00,3.24,10.617897,-7.377897033691406
2018-11-24 11:45:00,3.28,9.970187,-6.690187187194825
2018-11-24 12:00:00,3.78,9.105319,-5.325319023132325
2018-11-24 12:15:00,4.18,1.6660116,2.5139884281158444
2018-11-24 12:30:00,3.46,1.5520235,1.9079764699935913
2018-11-24 12:45:00,3.35,-0.2206508,3.5706508070230485
2018-11-24 13:00:00,3.46,6.780599,-3.3205991172790528
2018-11-24 13:15:00,3.89,13.806754,-9.916754112243652
2018-11-24 13:30:00,5.72,14.44143,-8.721430091857911
2018-11-24 13:45:00,5.83,20.952631,-15.122630996704101
2018-11-24 14:00:00,5.26,8.919213,-3.6592132949829104
2018-11-24 14:15:00,4.57,9.662051,-5.092051200866699
2018-11-24 14:30:00,4.57,8.444384,-3.87438362121582
2018-11-24 14:45:00,4.64,8.911374,-4.271374092102051
2018-11-24 15:00:00,4.61,7.8030844,-3.1930843734741208
2018-11-24 15:15:00,4.57,6.410393,-1.8403932380676267
2018-11-24 15:30:00,4.54,5.670738,-1.1307382202148437
2018-11-24 15:45:00,5.33,5.724124,-0.39412395477294915
2018-11-24 16:00:00,5.44,4.8533196,0.5866803550720219
2018-11-24 16:15:00,4.61,5.647915,-1.037914886474609
2018-11-24 16:30:00,4.61,6.9546,-2.344599857330322
2018-11-24 16:45:00,5.69,7.041501,-1.3515010452270504
2018-11-24 17:00:00,5.83,2.3301678,3.499832229614258
2018-11-24 17:15:00,5.9,2.5924554,3.307544612884522
2018-11-24 17:30:00,4.79,1.0465726,3.7434274339675904
2018-11-24 17:45:00,3.85,2.0744803,1.7755197048187257
2018-11-24 18:00:00,3.67,4.001602,-0.33160217285156257
2018-11-24 18:15:00,3.6,2.189916,1.410084104537964
2018-11-24 18:30:00,3.71,2.0447276,1.6652724361419677
2018-11-24 18:45:00,3.71,2.2221088,1.4878911590576172
2018-11-24 19:00:00,3.74,2.3224907,1.4175093078613283
2018-11-24 19:15:00,3.67,2.2621024,1.4078976345062255
2018-11-24 19:30:00,4.14,2.5524018,1.5875982189178464
2018-11-24 19:45:00,3.96,2.8967285,1.063271484375
2018-11-24 20:00:00,3.2,3.1266441,0.0733558654785158
2018-11-24 20:15:00,3.1,1.538461,1.5615390300750733
2018-11-24 20:30:00,3.06,1.4189274,1.6410725688934327
2018-11-24 20:45:00,3.06,2.3366065,0.7233934974670411
2018-11-24 21:00:00,3.2,3.2520218,-0.05202178955078107
2018-11-24 21:15:00,3.06,3.35816,-0.2981600189208984
2018-11-24 21:30:00,3.1,3.168273,-0.0682729721069335
2018-11-24 21:45:00,3.06,3.3108754,-0.2508754158020019
2018-11-24 22:00:00,3.06,3.4951336,-0.43513363838195795
2018-11-24 22:15:00,3.53,3.281939,0.2480609703063963
2018-11-24 22:30:00,3.46,3.4416852,0.018314800262451136
2018-11-24 22:45:00,3.38,3.4352899,-0.05528985977172862
2018-11-24 23:00:00,2.92,3.411487,-0.491487102508545
2018-11-24 23:15:00,2.84,3.2930384,-0.4530383682250978
2018-11-24 23:30:00,2.84,3.2930384,-0.4530383682250978
2018-11-24 23:45:00,2.77,3.3052711,-0.5352711486816406
2018-11-25 00:00:00,2.88,3.3874333,-0.5074332904815675
2018-11-25 00:15:00,3.38,3.4574564,-0.07745635032653819
2018-11-25 00:30:00,3.28,3.734896,-0.4548959445953371
2018-11-25 00:45:00,2.88,3.734896,-0.854895944595337
2018-11-25 01:00:00,2.77,2.9697626,-0.19976256370544432
2018-11-25 01:15:00,2.77,2.8997393,-0.1297392654418945
2018-11-25 01:30:00,3.31,2.8997393,0.4102607345581055
2018-11-25 01:45:00,3.46,3.222269,0.2377309417724609
2018-11-25 02:00:00,3.46,3.2221496,0.23785038948059078
2018-11-25 02:15:00,3.2,3.2221496,-0.022149610519409002
2018-11-25 02:30:00,2.84,3.1029775,-0.2629775142669679
2018-11-25 02:45:00,2.84,2.9697626,-0.12976256370544448
2018-11-25 03:00:00,2.88,2.9697626,-0.08976256370544444
2018-11-25 03:15:00,2.92,2.9697626,-0.04976256370544441
2018-11-25 03:30:00,2.84,2.9697626,-0.12976256370544448
2018-11-25 03:45:00,2.92,3.027141,-0.10714109420776374
2018-11-25 04:00:00,2.92,2.9689386,-0.04893858909606941
2018-11-25 04:15:00,2.88,2.9922707,-0.11227070808410655
2018-11-25 04:30:00,2.88,2.9697626,-0.08976256370544444
2018-11-25 04:45:00,2.84,2.9697626,-0.12976256370544448
2018-11-25 05:00:00,2.88,2.9697626,-0.08976256370544444
2018-11-25 05:15:00,2.88,2.9697626,-0.08976256370544444
2018-11-25 05:30:00,4.18,2.9697626,1.2102374362945554
2018-11-25 05:45:00,4.28,4.7908325,-0.5108325195312498
2018-11-25 06:00:00,3.53,5.184999,-1.6549989891052248
2018-11-25 06:15:00,3.13,3.228545,-0.0985449504852296
2018-11-25 06:30:00,2.88,3.0189373,-0.13893734931945811
2018-11-25 06:45:00,2.84,2.9697626,-0.12976256370544448
2018-11-25 07:00:00,2.81,2.9697626,-0.15976256370544428
2018-11-25 07:15:00,2.95,2.9697626,-0.01976256370544416
2018-11-25 07:30:00,2.84,2.9697626,-0.12976256370544448
2018-11-25 07:45:00,2.88,2.9697626,-0.08976256370544444
2018-11-25 08:00:00,2.92,3.0527353,-0.13273532867431648
2018-11-25 08:15:00,2.88,2.9800158,-0.10001575469970714
2018-11-25 08:30:00,2.92,3.0527353,-0.13273532867431648
2018-11-25 08:45:00,2.92,3.0527353,-0.13273532867431648
2018-11-25 09:00:00,3.46,2.044934,1.4150659656524658
2018-11-25 09:15:00,4.93,2.2973204,2.632679634094238
2018-11-25 09:30:00,4.32,4.4421926,-0.12219255447387667
2018-11-25 09:45:00,3.49,3.8381393,-0.3481392955780027
2018-11-25 10:00:00,2.88,2.3270695,0.5529304790496825
2018-11-25 10:15:00,2.95,2.0700464,0.8799535751342775
2018-11-25 10:30:00,3.56,2.0700464,1.4899535751342774
2018-11-25 10:45:00,2.95,2.328828,0.6211719036102297
2018-11-25 11:00:00,2.99,2.0587356,0.9312643909454348
2018-11-25 11:15:00,2.95,2.1314552,0.8185448169708254
2018-11-25 11:30:00,2.95,2.1314552,0.8185448169708254
2018-11-25 11:45:00,2.99,2.1314552,0.8585448169708254
2018-11-25 12:00:00,2.99,1.3255295,1.6644705438613894
2018-11-25 12:15:00,3.1,1.2528094,1.8471905946731568
2018-11-25 12:30:00,3.02,1.3255295,1.6944705438613892
2018-11-25 12:45:00,3.17,1.3255295,1.844470543861389
2018-11-25 13:00:00,3.71,2.4993503,1.2106496906280517
2018-11-25 13:15:00,3.67,3.089511,0.5804890823364257
2018-11-25 13:30:00,3.64,3.1296027,0.5103973293304445
2018-11-25 13:45:00,3.2,3.0361059,0.16389412879943865
2018-11-25 14:00:00,3.67,3.5111215,0.15887848854064934
2018-11-25 14:15:00,3.1,3.3510444,-0.2510444164276122
2018-11-25 14:30:00,2.95,3.2134295,-0.26342945098876935
2018-11-25 14:45:00,3.06,3.2244473,-0.16444725036621088
2018-11-25 15:00:00,2.99,3.2054718,-0.21547175407409647
2018-11-25 15:15:00,2.99,3.194454,-0.20445395469665506
2018-11-25 15:30:00,2.95,3.194454,-0.2444539546966551
2018-11-25 15:45:00,2.95,3.5247383,-0.574738311767578
2018-11-25 16:00:00,2.95,3.4047964,-0.4547963619232176
2018-11-25 16:15:00,3.35,3.2474954,0.102504587173462
2018-11-25 16:30:00,3.56,3.3770435,0.18295651435852056
2018-11-25 16:45:00,3.6,3.4877846,0.11221537590026864
2018-11-25 17:00:00,3.42,2.3629277,1.0570723247528075
2018-11-25 17:15:00,2.95,2.3870852,0.5629148006439211
2018-11-25 17:30:00,2.92,2.2326279,0.6873721313476562
2018-11-25 17:45:00,2.99,2.3286796,0.66132043838501
2018-11-25 18:00:00,3.17,3.4735255,-0.30352552413940437
2018-11-25 18:15:00,3.46,3.535633,-0.07563308715820316
2018-11-25 18:30:00,3.02,3.6029541,-0.5829541492462158
2018-11-25 18:45:00,3.02,3.4735255,-0.4535255241394043
2018-11-25 19:00:00,2.99,3.4735255,-0.4835255241394041
2018-11-25 19:15:00,3.02,3.4735255,-0.4535255241394043
2018-11-25 19:30:00,2.99,3.400806,-0.4108059501647947
2018-11-25 19:45:00,3.02,3.400806,-0.3808059501647949
2018-11-25 20:00:00,3.1,3.3447602,-0.24476017951965323
2018-11-25 20:15:00,3.6,3.3447602,0.25523982048034677
2018-11-25 20:30:00,3.6,3.4805841,0.11941585540771493
2018-11-25 20:45:00,3.6,3.4805841,0.11941585540771493
2018-11-25 21:00:00,3.38,3.1493995,0.2306004810333251
2018-11-25 21:15:00,2.99,3.1192014,-0.12920142173767069
2018-11-25 21:30:00,2.95,2.9896533,-0.039653348922729315
2018-11-25 21:45:00,2.92,2.9896533,-0.06965334892272956
2018-11-25 22:00:00,3.13,3.1739116,-0.04391157150268565
2018-11-25 22:15:00,3.46,3.2255712,0.23442884445190426
2018-11-25 22:30:00,2.92,3.3783822,-0.45838220596313484
2018-11-25 22:45:00,2.74,3.2250314,-0.48503137588500955
2018-11-25 23:00:00,2.77,3.0647626,-0.2947625923156738
2018-11-25 23:15:00,2.84,3.096754,-0.25675407409667983
2018-11-25 23:30:00,2.88,3.1667774,-0.2867773723602296
2018-11-25 23:45:00,2.88,3.1667774,-0.2867773723602296
2018-11-26 00:00:00,4.68,3.1887574,1.491242580413818
2018-11-26 00:15:00,3.2,5.29561,-2.095609951019287
2018-11-26 00:30:00,3.53,3.3270876,0.2029123592376707
2018-11-26 00:45:00,3.46,3.5542474,-0.09424737930297855
2018-11-26 01:00:00,3.49,2.9911408,0.4988591575622561
2018-11-26 01:15:00,2.92,3.0445466,-0.12454660415649421
2018-11-26 01:30:00,2.92,2.7504816,0.16951839447021477
2018-11-26 01:45:00,3.06,2.7070286,0.35297137260437017
2018-11-26 02:00:00,3.56,2.7070286,0.8529713726043702
2018-11-26 02:15:00,3.13,3.0194964,0.11050355911254872
2018-11-26 02:30:00,2.92,2.7945416,0.12545840263366692
2018-11-26 02:45:00,2.92,2.7453663,0.1746336650848388
2018-11-26 03:00:00,2.88,2.7453663,0.13463366508483876
2018-11-26 03:15:00,2.95,2.7453663,0.20463366508483904
2018-11-26 03:30:00,2.95,2.7453663,0.20463366508483904
2018-11-26 03:45:00,3.31,2.7453663,0.5646336650848389
2018-11-26 04:00:00,3.49,2.9978719,0.49212812423706076
2018-11-26 04:15:00,3.46,3.0445466,0.4154533958435058
2018-11-26 04:30:00,3.24,2.9911408,0.24885915756225607
2018-11-26 04:45:00,2.88,2.9978719,-0.11787187576293956
2018-11-26 05:00:00,2.95,2.7453663,0.20463366508483904
2018-11-26 05:15:00,2.84,2.7453663,0.09463366508483873
2018-11-26 05:30:00,2.88,2.7237866,0.15621340751647939
2018-11-26 05:45:00,2.84,2.5281246,0.31187542915344224
2018-11-26 06:00:00,3.17,4.2369046,-1.0669046211242676
2018-11-26 06:15:00,3.38,2.8612242,0.5187758255004882
2018-11-26 06:30:00,2.88,2.9978719,-0.11787187576293956
2018-11-26 06:45:00,2.88,2.7453663,0.13463366508483876
2018-11-26 07:00:00,2.99,2.7453663,0.24463366508483908
2018-11-26 07:15:00,3.35,2.7433474,0.606652593612671
2018-11-26 07:30:00,3.53,2.9978719,0.5321281242370604
2018-11-26 07:45:00,5.22,3.1108558,2.1091441822052
2018-11-26 08:00:00,5.58,16.370575,-10.790574951171875
2018-11-26 08:15:00,45.36,23.216412,22.143588409423828
2018-11-26 08:30:00,88.92,60.205437,28.714563293457033
2018-11-26 08:45:00,88.99,98.788956,-9.798955688476568
2018-11-26 09:00:00,90.61,96.973114,-6.363114013671876
2018-11-26 09:15:00,93.31,91.21099,2.0990090942382835
2018-11-26 09:30:00,92.2,97.692314,-5.492314147949216
2018-11-26 09:45:00,94.43,97.27298,-2.842979736328118
2018-11-26 10:00:00,85.43,98.30621,-12.876213378906243
2018-11-26 10:15:00,64.55,104.15492,-39.604922485351565
2018-11-26 10:30:00,70.06,65.10255,4.957453308105471
2018-11-26 10:45:00,73.12,72.174675,0.9453250122070358
2018-11-26 11:00:00,80.75,80.66527,0.0847320556640625
2018-11-26 11:15:00,82.66,97.15735,-14.497348632812503
2018-11-26 11:30:00,79.13,99.95872,-20.82871734619141
2018-11-26 11:45:00,84.74,96.113846,-11.373845825195318
2018-11-26 12:00:00,61.34,69.876816,-8.536815795898434
2018-11-26 12:15:00,7.24,38.35185,-31.11184860229492
2018-11-26 12:30:00,6.84,9.249156,-2.4091559982299806
2018-11-26 12:45:00,6.3,7.6778717,-1.3778717041015627
2018-11-26 13:00:00,6.01,24.569101,-18.559101333618166
2018-11-26 13:15:00,56.52,24.569101,31.95089866638184
2018-11-26 13:30:00,93.17,67.79778,25.372217102050783
2018-11-26 13:45:00,82.58,99.79731,-17.217309875488283
2018-11-26 14:00:00,90.65,96.45929,-5.809289550781244
2018-11-26 14:15:00,77.51,99.27392,-21.763918151855464
2018-11-26 14:30:00,88.63,92.20855,-3.5785494995117233
2018-11-26 14:45:00,69.05,97.54125,-28.49125213623047
2018-11-26 15:00:00,71.6,71.06226,0.5377365112304631
2018-11-26 15:15:00,67.97,79.31371,-11.34371307373047
2018-11-26 15:30:00,64.51,70.89941,-6.389406433105464
2018-11-26 15:45:00,70.96,66.20986,4.7501382446289
2018-11-26 16:00:00,65.34,76.35659,-11.01659027099609
2018-11-26 16:15:00,64.22,66.31845,-2.098450927734376
2018-11-26 16:30:00,61.45,64.84709,-3.3970916748046847
2018-11-26 16:45:00,51.52,62.66917,-11.149170379638669
2018-11-26 17:00:00,65.34,50.06357,15.276431884765628
2018-11-26 17:15:00,74.05,58.897923,15.152077484130857
2018-11-26 17:30:00,50.65,73.09113,-22.441133117675783
2018-11-26 17:45:00,32.58,48.023792,-15.443792266845705
2018-11-26 18:00:00,32.72,40.05884,-7.338841705322267
2018-11-26 18:15:00,43.16,40.371445,2.788555297851559
2018-11-26 18:30:00,61.88,46.57888,15.301119689941409
2018-11-26 18:45:00,71.03,62.57574,8.454259185791017
2018-11-26 19:00:00,58.43,81.70267,-23.272667236328125
2018-11-26 19:15:00,59.33,59.82199,-0.4919909667968767
2018-11-26 19:30:00,60.05,60.64489,-0.5948898315429716
2018-11-26 19:45:00,66.17,62.03463,4.135370178222658
2018-11-26 20:00:00,78.98,72.461525,6.518475036621098
2018-11-26 20:15:00,58.18,92.553085,-34.37308532714844
2018-11-26 20:30:00,51.77,59.92317,-8.153168182373044
2018-11-26 20:45:00,43.6,54.374104,-10.774103546142577
2018-11-26 21:00:00,40.64,29.175434,11.464565887451172
2018-11-26 21:15:00,16.09,27.612865,-11.522865447998047
2018-11-26 21:30:00,6.23,6.2891726,-0.059172649383544496
2018-11-26 21:45:00,5.26,5.905894,-0.6458938026428225
2018-11-26 22:00:00,5.11,4.5884376,0.5215624427795413
2018-11-26 22:15:00,4.79,5.007686,-0.21768613815307614
2018-11-26 22:30:00,4.72,4.9453254,-0.22532537460327173
2018-11-26 22:45:00,4.75,4.803554,-0.05355405807495117
2018-11-26 23:00:00,4.72,4.803554,-0.08355405807495142
2018-11-26 23:15:00,4.82,5.1654344,-0.3454343605041501
2018-11-26 23:30:00,4.64,5.710916,-1.0709160423278812
2018-11-26 23:45:00,4.64,5.1283445,-0.48834453582763704
2018-11-27 00:00:00,23.65,5.7788124,17.871187591552733
2018-11-27 00:15:00,4.72,19.427494,-14.707494049072267
2018-11-27 00:30:00,4.79,5.5652018,-0.7752017593383789
2018-11-27 00:45:00,4.72,5.4798098,-0.7598097610473635
2018-11-27 01:00:00,4.75,5.407355,-0.6573548316955566
2018-11-27 01:15:00,5.62,5.759225,-0.13922489166259755
2018-11-27 01:30:00,5.94,9.494188,-3.55418830871582
2018-11-27 01:45:00,4.72,8.624285,-3.9042847442626956
2018-11-27 02:00:00,4.68,5.407355,-0.7273548316955569
2018-11-27 02:15:00,4.72,5.0400543,-0.32005432128906275
2018-11-27 02:30:00,4.72,5.759225,-1.039224891662598
2018-11-27 02:45:00,4.72,5.759225,-1.039224891662598
2018-11-27 03:00:00,4.72,5.759225,-1.039224891662598
2018-11-27 03:15:00,4.18,5.66275,-1.482749767303467
2018-11-27 03:30:00,3.71,5.1946735,-1.4846735382080078
2018-11-27 03:45:00,3.71,3.4548872,0.2551128482818603
2018-11-27 04:00:00,3.74,3.4548872,0.28511284828186056
2018-11-27 04:15:00,3.78,3.4548872,0.32511284828186016
2018-11-27 04:30:00,3.74,3.4548872,0.28511284828186056
2018-11-27 04:45:00,3.71,3.5513618,0.15863820075988766
2018-11-27 05:00:00,3.71,3.4548872,0.2551128482818603
2018-11-27 05:15:00,3.74,3.5513618,0.1886382007598879
2018-11-27 05:30:00,3.78,3.5513618,0.2286382007598875
2018-11-27 05:45:00,3.92,3.5513618,0.3686382007598876
2018-11-27 06:00:00,5.9,3.587139,2.3128611087799076
2018-11-27 06:15:00,5.62,7.3979826,-1.7779825973510741
2018-11-27 06:30:00,4.64,9.436074,-4.796074256896973
2018-11-27 06:45:00,3.82,5.3338094,-1.5138093757629396
2018-11-27 07:00:00,3.71,3.5246122,0.18538781166076657
2018-11-27 07:15:00,3.71,3.396773,0.313226900100708
2018-11-27 07:30:00,3.78,3.396773,0.3832269001007078
2018-11-27 07:45:00,5.11,3.597782,1.5122181034088138
2018-11-27 08:00:00,6.88,13.81082,-6.930819625854492
2018-11-27 08:15:00,49.61,44.832123,4.777877197265624
2018-11-27 08:30:00,72.36,68.48224,3.8777612304687494
2018-11-27 08:45:00,73.62,81.08994,-7.469942932128902
2018-11-27 09:00:00,111.64,76.230576,35.40942443847656
2018-11-27 09:15:00,81.54,91.52469,-9.984688720703119
2018-11-27 09:30:00,103.1,89.95215,13.147851562499994
2018-11-27 09:45:00,126.43,96.72408,29.705917053222663
2018-11-27 10:00:00,104.44,92.47853,11.961469116210935
2018-11-27 10:15:00,129.2,96.77459,32.42541046142577
2018-11-27 10:30:00,129.37415,94.1282,35.24595328369139
2018-11-27 10:45:00,129.37415,86.89591,42.47823782958983
2018-11-27 11:00:00,129.37415,89.25724,40.11690970458983
2018-11-27 11:15:00,126.11,89.811745,36.29825531005859
2018-11-27 11:30:00,129.37415,92.77607,36.598080358886705
2018-11-27 11:45:00,123.8,89.26754,34.53246002197265
2018-11-27 12:00:00,108.61,85.55764,23.052359924316406
2018-11-27 12:15:00,7.81,28.459091,-20.64909118652344
2018-11-27 12:30:00,5.51,2.4464493,3.0635507202148435
2018-11-27 12:45:00,5.76,2.6209073,3.139092693328857
2018-11-27 13:00:00,6.34,13.46804,-7.128040466308594
2018-11-27 13:15:00,71.06,40.312763,30.747236785888674
2018-11-27 13:30:00,121.25,83.51307,37.73693084716797
2018-11-27 13:45:00,129.37415,92.039,37.335148535156236
2018-11-27 14:00:00,126.68,88.67634,38.003661804199226
2018-11-27 14:15:00,93.46,92.08522,1.3747796630859312
2018-11-27 14:30:00,77.36,93.54178,-16.181778564453126
2018-11-27 14:45:00,76.72,87.68594,-10.965943603515626
2018-11-27 15:00:00,107.42,86.791084,20.62891571044922
2018-11-27 15:15:00,81.58,96.11167,-14.531671447753908
2018-11-27 15:30:00,79.38,94.62806,-15.248059387207036
2018-11-27 15:45:00,57.85,94.36232,-36.51231994628906
2018-11-27 16:00:00,59.08,67.253944,-8.173944396972658
2018-11-27 16:15:00,59.26,67.86104,-8.601038208007814
2018-11-27 16:30:00,53.46,67.25023,-13.790228881835937
2018-11-27 16:45:00,59.4,64.49679,-5.096788024902345
2018-11-27 17:00:00,47.48,60.71436,-13.234359283447269
2018-11-27 17:15:00,62.78,52.15283,10.627171783447267
2018-11-27 17:30:00,50.15,61.42507,-11.275071716308595
2018-11-27 17:45:00,34.13,37.58859,-3.458588714599607
2018-11-27 18:00:00,31.93,36.952095,-5.0220950317382815
2018-11-27 18:15:00,36.76,45.786053,-9.026052703857424
2018-11-27 18:30:00,56.84,49.5553,7.284698333740238
2018-11-27 18:45:00,48.17,64.84916,-16.679159240722655
2018-11-27 19:00:00,61.16,58.81622,2.343780670166012
2018-11-27 19:15:00,41.98,67.81116,-25.831157226562503
2018-11-27 19:30:00,43.38,51.60108,-8.221081848144529
2018-11-27 19:45:00,47.48,52.30807,-4.8280711364746125
2018-11-27 20:00:00,48.46,55.867207,-7.407206573486327
2018-11-27 20:15:00,49.61,60.065117,-10.45511688232422
2018-11-27 20:30:00,49.21,61.012096,-11.802096405029296
2018-11-27 20:45:00,35.5,60.016266,-24.516265869140625
2018-11-27 21:00:00,29.99,34.33242,-4.342420349121095
2018-11-27 21:15:00,25.96,10.287601,15.672398529052735
2018-11-27 21:30:00,25.02,6.8354435,18.184556503295898
2018-11-27 21:45:00,25.13,7.758042,17.371958141326903
2018-11-27 22:00:00,25.2,10.179579,15.02042121887207
2018-11-27 22:15:00,24.88,10.237908,14.642091636657714
2018-11-27 22:30:00,24.77,10.235121,14.53487922668457
2018-11-27 22:45:00,24.88,10.302059,14.577940826416015
2018-11-27 23:00:00,23.65,11.630792,12.019208335876463
2018-11-27 23:15:00,23.62,9.783897,13.836102600097657
2018-11-27 23:30:00,23.58,9.758169,13.821830825805662
2018-11-27 23:45:00,23.54,9.692244,13.847756423950194
2018-11-28 00:00:00,3.92,22.300964,-18.38096435546875
2018-11-28 00:15:00,23.51,3.7090116,19.800988445281984
2018-11-28 00:30:00,23.65,16.67132,6.978680038452147
2018-11-28 00:45:00,23.65,16.67132,6.978680038452147
2018-11-28 01:00:00,23.65,17.669971,5.9800285339355455
2018-11-28 01:15:00,23.58,15.542816,8.037183837890623
2018-11-28 01:30:00,23.65,15.357947,8.292052650451659
2018-11-28 01:45:00,23.62,17.28699,6.333010787963868
2018-11-28 02:00:00,23.65,17.958084,5.691915893554686
2018-11-28 02:15:00,23.58,17.946983,5.6330166625976545
2018-11-28 02:30:00,23.65,17.946983,5.703016662597655
2018-11-28 02:45:00,24.66,17.946983,6.713016662597656
2018-11-28 03:00:00,24.12,20.552414,3.5675860595703135
2018-11-28 03:15:00,22.46,20.310564,2.1494359588623055
2018-11-28 03:30:00,22.39,20.144789,2.245211257934571
2018-11-28 03:45:00,22.54,20.144789,2.3952112579345695
2018-11-28 04:00:00,22.46,20.454878,2.005122146606446
2018-11-28 04:15:00,22.54,20.454878,2.0851221466064445
2018-11-28 04:30:00,22.5,20.454878,2.0451221466064453
2018-11-28 04:45:00,22.46,20.35386,2.106139144897462
2018-11-28 05:00:00,22.46,20.35386,2.106139144897462
2018-11-28 05:15:00,22.46,20.35386,2.106139144897462
2018-11-28 05:30:00,22.54,20.35386,2.18613914489746
2018-11-28 05:45:00,22.5,20.07077,2.429229736328125
2018-11-28 06:00:00,23.62,18.916681,4.703318710327149
2018-11-28 06:15:00,23.87,19.10155,4.768450851440431
2018-11-28 06:30:00,24.55,20.809244,3.7407558441162116
2018-11-28 06:45:00,23.11,23.927141,-0.8171411895751959
2018-11-28 07:00:00,22.5,22.062452,0.4375476837158203
2018-11-28 07:15:00,22.46,22.062452,0.39754768371582117
2018-11-28 07:30:00,22.93,22.062452,0.86754768371582
2018-11-28 07:45:00,24.62,19.335245,5.284754867553712
2018-11-28 08:00:00,25.09,34.44446,-9.354461822509766
2018-11-28 08:15:00,54.18,56.346256,-2.166256256103516
2018-11-28 08:30:00,52.27,77.645744,-25.375744323730466
2018-11-28 08:45:00,51.88,77.46213,-25.582127685546872
2018-11-28 09:00:00,54.43,63.597485,-9.167484588623047
2018-11-28 09:15:00,58.72,66.55521,-7.835206298828126
2018-11-28 09:30:00,52.78,62.542,-9.76199981689453
2018-11-28 09:45:00,58.97,66.17861,-7.208611755371095
2018-11-28 10:00:00,51.16,63.436832,-12.276832427978519
2018-11-28 10:15:00,50.0,59.40576,-9.40576171875
2018-11-28 10:30:00,48.56,60.265274,-11.70527404785156
2018-11-28 10:45:00,66.2,59.582726,6.617274475097659
2018-11-28 11:00:00,62.1,70.52014,-8.420141601562499
2018-11-28 11:15:00,51.98,61.60827,-9.628268737792972
2018-11-28 11:30:00,53.89,57.636314,-3.746314392089843
2018-11-28 11:45:00,63.94,58.617817,5.32218307495117
2018-11-28 12:00:00,51.77,61.31117,-9.541168670654294
2018-11-28 12:15:00,8.5,16.964672,-8.464672088623047
2018-11-28 12:30:00,6.98,3.3581567,3.6218433189392094
2018-11-28 12:45:00,7.42,3.1461563,4.273843688964844
2018-11-28 13:00:00,8.28,13.700416,-5.4204156112670905
2018-11-28 13:15:00,60.88,46.61743,14.262568359375003
2018-11-28 13:30:00,71.89,68.8154,3.0746008300781256
2018-11-28 13:45:00,79.24,77.65428,1.5857183837890574
2018-11-28 14:00:00,58.39,90.43593,-32.04592834472656
2018-11-28 14:15:00,84.46,62.082222,22.377778015136712
2018-11-28 14:30:00,62.39,88.17462,-25.78462158203125
2018-11-28 14:45:00,92.81,66.75097,26.059031066894534
2018-11-28 15:00:00,98.53,90.52572,8.004281311035157
2018-11-28 15:15:00,105.91,94.09407,11.815929565429684
2018-11-28 15:30:00,96.91,90.95675,5.953251037597653
2018-11-28 15:45:00,65.66,96.21367,-30.55366882324219
2018-11-28 16:00:00,73.44,70.40911,3.030888977050779
2018-11-28 16:15:00,100.84,77.87892,22.96107849121094
2018-11-28 16:30:00,97.63,98.34998,-0.7199832153320358
2018-11-28 16:45:00,83.3,97.3919,-14.091899108886722
2018-11-28 17:00:00,111.78,84.11258,27.667420654296876
2018-11-28 17:15:00,83.74,84.64855,-0.9085519409179739
2018-11-28 17:30:00,90.11,82.80034,7.309661254882812
2018-11-28 17:45:00,37.91,67.34429,-29.434291687011722
2018-11-28 18:00:00,31.68,36.823772,-5.143772430419922
2018-11-28 18:15:00,35.17,43.825203,-8.65520294189453
2018-11-28 18:30:00,60.73,45.608128,15.121872406005856
2018-11-28 18:45:00,50.44,66.24257,-15.802568969726565
2018-11-28 19:00:00,62.21,61.2488,0.9612016296386727
2018-11-28 19:15:00,50.65,63.98372,-13.333718872070314
2018-11-28 19:30:00,54.07,59.052387,-4.982387237548828
2018-11-28 19:45:00,40.86,61.426613,-20.566612854003907
2018-11-28 20:00:00,50.8,49.55955,1.2404487609863253
2018-11-28 20:15:00,49.82,59.490112,-9.6701123046875
2018-11-28 20:30:00,41.44,59.39579,-17.95579010009766
2018-11-28 20:45:00,20.45,46.338196,-25.88819580078125
2018-11-28 21:00:00,8.86,10.418362,-1.55836166381836
2018-11-28 21:15:00,6.34,9.224281,-2.8842813110351564
2018-11-28 21:30:00,5.54,10.70069,-5.160690269470215
2018-11-28 21:45:00,5.54,10.576348,-5.036348304748535
2018-11-28 22:00:00,5.54,11.089445,-5.549445114135742
2018-11-28 22:15:00,5.18,10.632325,-5.452325172424317
2018-11-28 22:30:00,5.22,9.508699,-4.288699417114258
2018-11-28 22:45:00,5.15,9.485782,-4.335781669616699
2018-11-28 23:00:00,5.11,9.577925,-4.467924728393554
2018-11-28 23:15:00,5.11,9.577925,-4.467924728393554
2018-11-28 23:30:00,4.61,10.046331,-5.436331405639648
2018-11-28 23:45:00,3.92,8.037871,-4.117871360778809
2018-11-29 00:00:00,4.07,4.0289392,0.04106075286865263
2018-11-29 00:15:00,3.89,20.151566,-16.261565551757812
2018-11-29 00:30:00,4.03,19.6531,-15.623099060058593
2018-11-29 00:45:00,4.0,19.775331,-15.775331497192383
2018-11-29 01:00:00,4.0,19.58807,-15.588069915771484
2018-11-29 01:15:00,4.0,18.768847,-14.76884651184082
2018-11-29 01:30:00,4.0,18.768847,-14.76884651184082
2018-11-29 01:45:00,4.1,18.768847,-14.66884651184082
2018-11-29 02:00:00,4.0,20.913343,-16.91334342956543
2018-11-29 02:15:00,3.96,20.133963,-16.173962631225585
2018-11-29 02:30:00,4.03,19.55965,-15.529650421142577
2018-11-29 02:45:00,4.03,19.99559,-15.965590209960936
2018-11-29 03:00:00,4.79,20.070356,-15.280356369018556
2018-11-29 03:15:00,5.15,22.458622,-17.308621978759767
2018-11-29 03:30:00,4.18,26.401136,-22.22113639831543
2018-11-29 03:45:00,4.0,21.60349,-17.603490829467773
2018-11-29 04:00:00,4.0,19.481499,-15.481498718261719
2018-11-29 04:15:00,4.07,19.481499,-15.411498718261718
2018-11-29 04:30:00,3.71,19.481499,-15.771498718261718
2018-11-29 04:45:00,3.35,18.85519,-15.50519027709961
2018-11-29 05:00:00,3.35,18.283747,-14.933746719360352
2018-11-29 05:15:00,3.38,18.283747,-14.903746719360353
2018-11-29 05:30:00,3.46,18.283747,-14.82374671936035
2018-11-29 05:45:00,3.38,18.33608,-14.956080551147462
2018-11-29 06:00:00,3.38,18.270836,-14.890835876464845
2018-11-29 06:15:00,3.35,18.270836,-14.920835876464844
2018-11-29 06:30:00,3.31,18.270836,-14.960835876464843
2018-11-29 06:45:00,3.71,18.270836,-14.560835876464843
2018-11-29 07:00:00,4.68,19.045982,-14.365982360839844
2018-11-29 07:15:00,3.89,22.436115,-18.546115264892578
2018-11-29 07:30:00,4.25,20.190004,-15.940004348754883
2018-11-29 07:45:00,5.62,22.779423,-17.159422760009765
2018-11-29 08:00:00,5.69,36.725876,-31.035875854492186
2018-11-29 08:15:00,41.58,40.15809,1.421911315917967
2018-11-29 08:30:00,73.98,61.032116,12.947884063720707
2018-11-29 08:45:00,88.06,81.21076,6.849237976074221
2018-11-29 09:00:00,100.58,90.933266,9.646734313964842
2018-11-29 09:15:00,82.08,98.227806,-16.147806091308595
2018-11-29 09:30:00,102.82,88.063354,14.756645507812493
2018-11-29 09:45:00,128.41,97.133545,31.276455078124997
2018-11-29 10:00:00,104.26,90.31615,13.943853149414068
2018-11-29 10:15:00,104.9,96.06979,8.83020629882813
2018-11-29 10:30:00,116.71,96.12474,20.585259399414056
2018-11-29 10:45:00,93.02,94.77436,-1.7543606567382852
2018-11-29 11:00:00,56.05,96.59894,-40.54893798828125
2018-11-29 11:15:00,55.55,61.479282,-5.9292823791503935
2018-11-29 11:30:00,57.35,61.400394,-4.050394439697264
2018-11-29 11:45:00,64.58,62.443592,2.136407928466795
2018-11-29 12:00:00,46.01,59.917145,-13.907144775390627
2018-11-29 12:15:00,9.36,14.454006,-5.09400619506836
2018-11-29 12:30:00,6.84,2.1911523,4.648847665786743
2018-11-29 12:45:00,6.19,3.0094476,3.180552425384522
2018-11-29 13:00:00,6.34,11.78461,-5.444609794616699
2018-11-29 13:15:00,40.21,41.664566,-1.4545660400390616
2018-11-29 13:30:00,62.24,61.26311,0.9768888854980489
2018-11-29 13:45:00,77.36,68.4976,8.862403259277343
2018-11-29 14:00:00,64.76,84.17006,-19.410059204101557
2018-11-29 14:15:00,57.28,65.73792,-8.45792266845703
2018-11-29 14:30:00,50.54,63.348804,-12.808804473876954
2018-11-29 14:45:00,59.51,56.511166,2.9988343811035136
2018-11-29 15:00:00,57.46,60.274246,-2.8142462158203116
2018-11-29 15:15:00,59.69,60.86482,-1.1748185729980491
2018-11-29 15:30:00,57.67,59.023388,-1.3533879089355452
2018-11-29 15:45:00,66.2,61.747803,4.452197265625003
2018-11-29 16:00:00,63.5,69.16454,-5.664543151855469
2018-11-29 16:15:00,50.36,63.1875,-12.8275
2018-11-29 16:30:00,70.24,55.417084,14.82291625976562
2018-11-29 16:45:00,59.22,70.67586,-11.455857543945314
2018-11-29 17:00:00,56.88,55.816673,1.0633267211914088
2018-11-29 17:15:00,59.8,52.694286,7.10571365356445
2018-11-29 17:30:00,51.7,54.017277,-2.317276763916013
2018-11-29 17:45:00,33.59,48.014034,-14.424034271240231
2018-11-29 18:00:00,33.05,36.756668,-3.7066680908203153
2018-11-29 18:15:00,43.99,42.37358,1.6164190673828145
2018-11-29 18:30:00,46.91,49.69979,-2.789790954589847
2018-11-29 18:45:00,59.83,54.64344,5.186559753417967
2018-11-29 19:00:00,51.88,59.43628,-7.556279296874997
2018-11-29 19:15:00,39.89,56.75005,-16.860049591064453
2018-11-29 19:30:00,39.49,47.716278,-8.226278076171873
2018-11-29 19:45:00,63.5,47.334976,16.165023803710938
2018-11-29 20:00:00,40.57,62.948215,-22.37821548461914
2018-11-29 20:15:00,39.82,48.085503,-8.265502624511718
2018-11-29 20:30:00,54.07,46.73689,7.333111114501953
2018-11-29 20:45:00,33.41,42.80035,-9.390350189208988
2018-11-29 21:00:00,27.68,17.316301,10.363698654174804
2018-11-29 21:15:00,5.72,10.338573,-4.618573455810547
2018-11-29 21:30:00,5.69,4.3397937,1.3502063179016117
2018-11-29 21:45:00,5.65,4.3397937,1.3102063179016117
2018-11-29 22:00:00,4.61,4.764251,-0.15425123214721648
2018-11-29 22:15:00,4.21,4.2494135,-0.03941349029541019
2018-11-29 22:30:00,4.14,4.330012,-0.19001184463501009
2018-11-29 22:45:00,4.18,4.330012,-0.15001184463501005
2018-11-29 23:00:00,4.03,4.330012,-0.3000118446350095
2018-11-29 23:15:00,4.03,3.90707,0.12293007850646998
2018-11-29 23:30:00,3.96,3.9764977,-0.01649765014648441
2018-11-29 23:45:00,4.0,3.858014,0.14198589324951172
2018-11-30 00:00:00,3.96,4.238075,-0.2780747795104981
2018-11-30 00:15:00,4.07,4.254125,-0.18412511825561495
2018-11-30 00:30:00,4.0,4.238075,-0.23807477951049805
2018-11-30 00:45:00,4.0,4.238075,-0.23807477951049805
2018-11-30 01:00:00,4.0,3.7254465,0.2745535373687744
2018-11-30 01:15:00,4.97,3.7254465,1.2445535373687742
2018-11-30 01:30:00,5.18,6.0255837,-0.8455837440490725
2018-11-30 01:45:00,4.0,6.167344,-2.167344093322754
2018-11-30 02:00:00,4.0,3.7254465,0.2745535373687744
2018-11-30 02:15:00,4.1,3.7254465,0.37455353736877406
2018-11-30 02:30:00,4.1,4.7712884,-0.6712883949279789
2018-11-30 02:45:00,4.07,4.7712884,-0.7012883949279782
2018-11-30 03:00:00,3.85,3.7021143,0.1478856563568116
2018-11-30 03:15:00,3.46,3.5063035,-0.046303548812866246
2018-11-30 03:30:00,3.42,3.2026074,0.21739260673522942
2018-11-30 03:45:00,3.46,3.194976,0.26502390861511227
2018-11-30 04:00:00,3.42,3.2026074,0.21739260673522942
2018-11-30 04:15:00,3.42,3.194976,0.22502390861511223
2018-11-30 04:30:00,3.46,3.2843623,0.17563768386840817
2018-11-30 04:45:00,3.46,3.2919936,0.16800638198852536
2018-11-30 05:00:00,3.46,3.2919936,0.16800638198852536
2018-11-30 05:15:00,3.46,3.2919936,0.16800638198852536
2018-11-30 05:30:00,3.92,3.2919936,0.6280063819885253
2018-11-30 05:45:00,4.93,3.6841168,1.2458831596374509
2018-11-30 06:00:00,5.11,6.1149707,-1.0049706840515134
2018-11-30 06:15:00,3.67,6.256731,-2.5867310333251954
2018-11-30 06:30:00,3.42,3.3918858,0.028114242553710866
2018-11-30 06:45:00,3.31,3.2843623,0.025637683868408256
2018-11-30 07:00:00,3.35,3.1827428,0.16725716590881357
2018-11-30 07:15:00,3.28,3.3417418,-0.061741800308227734
2018-11-30 07:30:00,3.74,3.194976,0.5450239086151125
2018-11-30 07:45:00,5.22,3.7086666,1.5113334369659421
2018-11-30 08:00:00,5.33,12.996211,-7.666211051940918
2018-11-30 08:15:00,35.57,40.088913,-4.518912963867187
2018-11-30 08:30:00,62.71,55.940125,6.769875488281251
2018-11-30 08:45:00,63.18,70.65497,-7.47496826171875
2018-11-30 09:00:00,68.11,62.317543,5.792456970214843
2018-11-30 09:15:00,51.48,68.54991,-17.06991149902344
2018-11-30 09:30:00,57.67,54.6686,3.0014018249511736
2018-11-30 09:45:00,59.26,60.65443,-1.3944303894042989
2018-11-30 10:00:00,63.22,57.569344,5.650656433105468
2018-11-30 10:15:00,49.21,59.448612,-10.238612213134765
2018-11-30 10:30:00,60.34,51.041634,9.298366394042972
2018-11-30 10:45:00,73.26,57.437523,15.822477111816411
2018-11-30 11:00:00,60.34,70.680305,-10.340305480957028
2018-11-30 11:15:00,69.62,60.07138,9.54861938476563
2018-11-30 11:30:00,54.18,66.56483,-12.384826965332032
2018-11-30 11:45:00,49.32,55.69725,-6.377250366210937
2018-11-30 12:00:00,61.06,45.234142,15.825857696533205
2018-11-30 12:15:00,5.65,20.728556,-15.078555679321289
2018-11-30 12:30:00,6.34,2.0315073,4.308492746353149
2018-11-30 12:45:00,6.48,1.8709149,4.609085063934327
2018-11-30 13:00:00,6.41,11.853539,-5.44353946685791
2018-11-30 13:15:00,41.76,38.647064,3.112935791015623
2018-11-30 13:30:00,62.96,56.89999,6.0600099182128915
2018-11-30 13:45:00,50.72,66.25668,-15.536683349609376
2018-11-30 14:00:00,48.24,54.106422,-5.866422424316404
2018-11-30 14:15:00,50.29,53.481655,-3.1916551208496102
2018-11-30 14:30:00,51.77,55.078033,-3.308033447265622
2018-11-30 14:45:00,52.96,54.876343,-1.9163427734374991
2018-11-30 15:00:00,44.71,56.498955,-11.788954772949218
2018-11-30 15:15:00,51.19,51.025314,0.16468566894531023
2018-11-30 15:30:00,42.77,54.3086,-11.538601379394528
2018-11-30 15:45:00,41.72,48.521667,-6.801667480468751
2018-11-30 16:00:00,45.72,47.22814,-1.5081417846679699
2018-11-30 16:15:00,67.68,52.73807,14.941928558349616
2018-11-30 16:30:00,44.75,65.57357,-20.823570251464844
2018-11-30 16:45:00,48.28,49.87828,-1.5982806396484364
2018-11-30 17:00:00,66.13,48.128735,18.00126541137695
2018-11-30 17:15:00,44.42,57.37912,-12.959119873046873
2018-11-30 17:30:00,49.43,46.643345,2.786655120849609
2018-11-30 17:45:00,28.8,42.955807,-14.155806732177734
2018-11-30 18:00:00,28.66,33.446278,-4.786277618408203
2018-11-30 18:15:00,42.84,35.236618,7.603381958007816
2018-11-30 18:30:00,50.54,47.135593,3.4044065856933585
2018-11-30 18:45:00,45.61,51.92593,-6.31593002319336
2018-11-30 19:00:00,63.11,49.649082,13.460917816162109
2018-11-30 19:15:00,44.96,59.567177,-14.607176818847655
2018-11-30 19:30:00,66.46,49.379868,17.080132446289056
2018-11-30 19:45:00,45.61,63.212513,-17.602512969970704
2018-11-30 20:00:00,38.09,49.209282,-11.119281921386715
2018-11-30 20:15:00,54.79,42.708157,12.08184341430664
2018-11-30 20:30:00,52.63,53.60409,-0.9740916442871068
2018-11-30 20:45:00,37.91,51.231323,-13.321323242187503
2018-11-30 21:00:00,9.14,23.076344,-13.936343536376953
2018-11-30 21:15:00,5.69,4.6116843,1.0783156776428227
2018-11-30 21:30:00,5.58,3.8468235,1.7331765460968018
2018-11-30 21:45:00,5.47,3.8980606,1.5719394397735593
2018-11-30 22:00:00,5.44,3.7974358,1.6425642395019535
2018-11-30 22:15:00,5.22,4.1897225,1.030277462005615
2018-11-30 22:30:00,5.18,4.3363395,0.8436605262756345
2018-11-30 22:45:00,5.11,4.275534,0.8344658470153812
2018-11-30 23:00:00,3.92,4.275534,-0.3555341529846192
2018-11-30 23:15:00,3.92,3.6206865,0.2993134689331054
2018-11-30 23:30:00,3.89,3.6206865,0.2693134689331056
2018-11-30 23:45:00,3.82,3.5581603,0.2618396949768065
2018-12-01 00:00:00,3.35,4.137005,-0.7870048522949218
2018-12-01 00:15:00,3.89,3.7997773,0.0902227306365968
2018-12-01 00:30:00,3.85,4.137005,-0.2870048522949218
2018-12-01 00:45:00,3.89,4.137005,-0.24700485229492175
2018-12-01 01:00:00,3.89,3.6243775,0.2656225109100343
2018-12-01 01:15:00,4.03,3.5358393,0.49416068077087427
2018-12-01 01:30:00,3.89,3.7265146,0.16348542213439954
2018-12-01 01:45:00,3.92,3.6243775,0.2956225109100341
2018-12-01 02:00:00,3.92,3.6869047,0.23309533119201653
2018-12-01 02:15:00,3.96,3.6869047,0.27309533119201657
2018-12-01 02:30:00,4.03,3.6869047,0.34309533119201685
2018-12-01 02:45:00,4.14,3.8176203,0.3223797225952145
2018-12-01 03:00:00,5.08,4.9361825,0.1438175010681153
2018-12-01 03:15:00,4.72,6.23701,-1.5170100021362307
2018-12-01 03:30:00,3.96,4.9713993,-1.0113993072509766
2018-12-01 03:45:00,3.92,3.6643956,0.25560442924499505
2018-12-01 04:00:00,3.35,3.6643956,-0.3143955707550048
2018-12-01 04:15:00,3.28,3.264641,0.015358953475951953
2018-12-01 04:30:00,3.35,3.264641,0.08535895347595224
2018-12-01 04:45:00,3.24,3.264641,-0.02464104652404764
2018-12-01 05:00:00,3.31,3.264641,0.0453589534759522
2018-12-01 05:15:00,3.31,3.264641,0.0453589534759522
2018-12-01 05:30:00,3.28,3.2871501,-0.007150144577026563
2018-12-01 05:45:00,3.28,3.2638175,0.01618245124816875
2018-12-01 06:00:00,3.2,3.2612498,-0.06124978065490705
2018-12-01 06:15:00,3.46,3.1453495,0.3146504974365234
2018-12-01 06:30:00,4.03,3.2722723,0.7577276515960696
2018-12-01 06:45:00,3.89,3.7951124,0.09488762855529798
2018-12-01 07:00:00,3.89,3.6018689,0.2881311321258546
2018-12-01 07:15:00,4.46,3.6018689,0.8581311321258545
2018-12-01 07:30:00,3.67,4.848717,-1.178717212677002
2018-12-01 07:45:00,3.46,3.5217154,-0.06171540260314945
2018-12-01 08:00:00,3.46,7.015173,-3.5551729583740235
2018-12-01 08:15:00,3.71,19.76496,-16.054959335327148
2018-12-01 08:30:00,4.72,16.16,-11.43999984741211
2018-12-01 08:45:00,4.46,16.72453,-12.264529266357421
2018-12-01 09:00:00,5.22,10.448246,-5.228246002197266
2018-12-01 09:15:00,28.58,13.999813,14.580186920166014
2018-12-01 09:30:00,30.56,29.484644,1.0753560638427722
2018-12-01 09:45:00,28.08,33.99345,-5.913450164794924
2018-12-01 10:00:00,28.58,29.45662,-0.8766192626953142
2018-12-01 10:15:00,28.73,29.6161,-0.8861003112792964
2018-12-01 10:30:00,29.56,28.900078,0.65992218017578
2018-12-01 10:45:00,30.06,31.804922,-1.7449221038818372
2018-12-01 11:00:00,29.2,32.448032,-3.2480323791503913
2018-12-01 11:15:00,27.94,30.279383,-2.3393827056884753
2018-12-01 11:30:00,27.94,27.7858,0.15419906616211065
2018-12-01 11:45:00,25.63,27.634274,-2.0042735290527354
2018-12-01 12:00:00,3.64,20.916222,-17.276221618652343
2018-12-01 12:15:00,3.85,0.46031296,3.3896870374679566
2018-12-01 12:30:00,3.71,0.10923314,3.6007668590545654
2018-12-01 12:45:00,3.74,0.15358646,3.586413537859917
2018-12-01 13:00:00,3.71,6.4131274,-2.7031274223327637
2018-12-01 13:15:00,11.3,13.724194,-2.424193572998046
2018-12-01 13:30:00,27.29,29.781618,-2.4916181182861337
2018-12-01 13:45:00,26.86,36.25365,-9.393650665283204
2018-12-01 14:00:00,25.31,26.57627,-1.2662691497802747
2018-12-01 14:15:00,26.21,24.627174,1.5828256225585946
2018-12-01 14:30:00,26.28,24.188307,2.0916931915283214
2018-12-01 14:45:00,18.68,24.330734,-5.650734252929688
2018-12-01 15:00:00,5.18,15.831353,-10.651353187561035
2018-12-01 15:15:00,5.08,5.874863,-0.7948631477355956
2018-12-01 15:30:00,4.75,7.2365656,-2.486565589904785
2018-12-01 15:45:00,4.75,7.641112,-2.8911118507385254
2018-12-01 16:00:00,4.72,6.5712595,-1.8512594985961917
2018-12-01 16:15:00,4.64,5.9538193,-1.313819274902344
2018-12-01 16:30:00,4.72,6.7103815,-1.9903815078735354
2018-12-01 16:45:00,4.68,6.0290027,-1.349002666473389
2018-12-01 17:00:00,4.64,1.9765497,2.6634502553939816
2018-12-01 17:15:00,4.79,3.3683367,1.4216633224487305
2018-12-01 17:30:00,4.75,2.2230217,2.5269782543182373
2018-12-01 17:45:00,4.72,5.074344,-0.35434415817260767
2018-12-01 18:00:00,4.68,7.4836507,-2.8036506843566897
2018-12-01 18:15:00,5.76,4.4138265,1.3461735343933103
2018-12-01 18:30:00,5.4,2.8200085,2.579991483688355
2018-12-01 18:45:00,4.79,3.4109497,1.37905029296875
2018-12-01 19:00:00,4.79,3.3669527,1.423047342300415
2018-12-01 19:15:00,4.79,4.4189305,0.37106946945190433
2018-12-01 19:30:00,4.79,3.583273,1.206727066040039
2018-12-01 19:45:00,4.9,4.065604,0.834395790100098
2018-12-01 20:00:00,4.75,4.369641,0.3803591728210449
2018-12-01 20:15:00,4.79,3.1035402,1.6864598178863526
2018-12-01 20:30:00,4.75,2.6101153,2.1398847103118896
2018-12-01 20:45:00,4.82,4.447937,0.3720629882812503
2018-12-01 21:00:00,4.82,5.097892,-0.27789180755615206
2018-12-01 21:15:00,4.75,4.7410274,0.008972644805908203
2018-12-01 21:30:00,4.79,4.25882,0.5311799430847168
2018-12-01 21:45:00,4.79,4.2812223,0.5087776565551758
2018-12-01 22:00:00,4.9,4.465481,0.434519195556641
2018-12-01 22:15:00,5.76,5.093388,0.666611919403076
2018-12-01 22:30:00,4.61,5.3461785,-0.7361785316467282
2018-12-01 22:45:00,3.42,4.3059063,-0.8859062957763673
2018-12-01 23:00:00,3.42,3.4587414,-0.03874142646789558
2018-12-01 23:15:00,3.28,3.4587414,-0.1787414264678957
2018-12-01 23:30:00,3.38,3.4696896,-0.08968960762023936
2018-12-01 23:45:00,3.31,3.5075388,-0.19753879547119135
2018-12-02 00:00:00,4.36,3.7119303,0.6480697250366214
2018-12-02 00:15:00,3.35,5.5344214,-2.184421443939209
2018-12-02 00:30:00,3.35,3.832092,-0.4820920467376708
2018-12-02 00:45:00,3.38,3.7942429,-0.41424285888671886
2018-12-02 01:00:00,3.89,3.281616,0.6083840274810792
2018-12-02 01:15:00,4.46,3.5762222,0.8837778186798095
2018-12-02 01:30:00,4.43,5.0307617,-0.6007617187500003
2018-12-02 01:45:00,4.14,5.047092,-0.9070919609069827
2018-12-02 02:00:00,3.46,4.815307,-1.3553071403503418
2018-12-02 02:15:00,3.38,3.2466261,0.1333738613128661
2018-12-02 02:30:00,3.38,3.2467456,0.13325441360473622
2018-12-02 02:45:00,3.38,3.2467456,0.13325441360473622
2018-12-02 03:00:00,4.32,3.2208452,1.0991547775268558
2018-12-02 03:15:00,4.64,5.023759,-0.3837588882446292
2018-12-02 03:30:00,3.82,4.995891,-1.1758910942077638
2018-12-02 03:45:00,3.46,3.5762222,-0.11622218132019047
2018-12-02 04:00:00,3.42,3.224117,0.19588295936584466
2018-12-02 04:15:00,3.46,3.2242365,0.2357635116577148
2018-12-02 04:30:00,4.32,3.224117,1.095882959365845
2018-12-02 04:45:00,4.5,5.024584,-0.5245838165283203
2018-12-02 05:00:00,4.54,4.973383,-0.4333829498291015
2018-12-02 05:15:00,4.39,4.973383,-0.5833829498291019
2018-12-02 05:30:00,3.35,5.024584,-1.6745838165283202
2018-12-02 05:45:00,3.46,3.2242365,0.2357635116577148
2018-12-02 06:00:00,3.35,3.224117,0.12588295936584482
2018-12-02 06:15:00,3.42,3.2242365,0.19576351165771477
2018-12-02 06:30:00,3.42,3.2467456,0.17325441360473626
2018-12-02 06:45:00,3.38,3.281616,0.098384027481079
2018-12-02 07:00:00,3.46,3.281616,0.17838402748107907
2018-12-02 07:15:00,3.38,3.2729838,0.10701621055603017
2018-12-02 07:30:00,3.46,3.2242365,0.2357635116577148
2018-12-02 07:45:00,3.46,3.224117,0.2358829593658447
2018-12-02 08:00:00,3.49,3.4978566,-0.00785661697387674
2018-12-02 08:15:00,4.57,3.5024934,1.0675066184997561
2018-12-02 08:30:00,4.54,5.15107,-0.6110701179504394
2018-12-02 08:45:00,5.54,5.2007604,0.33923963546752933
2018-12-02 09:00:00,4.75,5.965811,-1.215810775756836
2018-12-02 09:15:00,3.74,10.609787,-6.869786987304687
2018-12-02 09:30:00,3.71,7.3698945,-3.659894504547119
2018-12-02 09:45:00,3.6,8.089231,-4.489230537414551
2018-12-02 10:00:00,3.56,6.988725,-3.428725185394287
2018-12-02 10:15:00,3.6,6.988725,-3.388725185394287
2018-12-02 10:30:00,3.64,7.053708,-3.4137080764770507
2018-12-02 10:45:00,3.64,7.053708,-3.4137080764770507
2018-12-02 11:00:00,3.64,6.9986496,-3.3586495971679686
2018-12-02 11:15:00,3.64,7.0052757,-3.3652757263183593
2018-12-02 11:30:00,3.56,7.0052757,-3.4452757263183593
2018-12-02 11:45:00,3.64,6.62339,-2.983390197753906
2018-12-02 12:00:00,4.03,1.4251846,2.604815392494202
2018-12-02 12:15:00,4.86,1.9390761,2.9209239339828494
2018-12-02 12:30:00,4.75,3.80004,0.9499599933624268
2018-12-02 12:45:00,5.36,3.288183,2.071817026138306
2018-12-02 13:00:00,4.9,5.6249957,-0.7249957084655758
2018-12-02 13:15:00,3.78,7.0481267,-3.2681266975402834
2018-12-02 13:30:00,3.64,8.645411,-5.005410537719726
2018-12-02 13:45:00,3.6,7.4355083,-3.8355082511901855
2018-12-02 14:00:00,3.6,4.194356,-0.5943559646606444
2018-12-02 14:15:00,3.6,4.194356,-0.5943559646606444
2018-12-02 14:30:00,3.56,4.194356,-0.6343559646606445
2018-12-02 14:45:00,3.56,4.4818068,-0.9218067550659179
2018-12-02 15:00:00,3.64,3.3904479,0.24955214500427259
2018-12-02 15:15:00,3.6,3.3904479,0.20955214500427255
2018-12-02 15:30:00,3.56,3.3301964,0.22980361938476568
2018-12-02 15:45:00,3.85,3.3301964,0.5198036193847657
2018-12-02 16:00:00,4.68,3.5822954,1.0977045822143552
2018-12-02 16:15:00,4.72,4.2035646,0.5164353561401365
2018-12-02 16:30:00,4.72,4.315147,0.4048530769348142
2018-12-02 16:45:00,3.89,4.3262467,-0.43624673843383777
2018-12-02 17:00:00,3.53,2.5896266,0.9403734493255613
2018-12-02 17:15:00,3.6,2.3684514,1.2315486431121827
2018-12-02 17:30:00,3.6,2.3684514,1.2315486431121827
2018-12-02 17:45:00,3.74,2.3684514,1.3715486431121828
2018-12-02 18:00:00,4.72,3.6066344,1.1133656215667722
2018-12-02 18:15:00,3.89,4.450701,-0.5607012367248534
2018-12-02 18:30:00,3.53,4.0537405,-0.5237405014038088
2018-12-02 18:45:00,3.53,3.5132978,0.016702203750610156
2018-12-02 19:00:00,3.56,3.5132978,0.046702203750610405
2018-12-02 19:15:00,3.67,3.5132978,0.15670220375061028
2018-12-02 19:30:00,3.56,3.5150888,0.04491120338439947
2018-12-02 19:45:00,4.39,3.5132978,0.87670220375061
2018-12-02 20:00:00,4.72,4.255977,0.4640228462219236
2018-12-02 20:15:00,4.68,4.3274593,0.3525406646728513
2018-12-02 20:30:00,4.75,4.2047763,0.5452237129211426
2018-12-02 20:45:00,3.71,4.3274593,-0.6174593353271485
2018-12-02 21:00:00,3.53,3.1867049,0.3432951259613035
2018-12-02 21:15:00,3.6,3.1044676,0.49553236961364755
2018-12-02 21:30:00,3.6,3.1044676,0.49553236961364755
2018-12-02 21:45:00,3.6,3.1044676,0.49553236961364755
2018-12-02 22:00:00,3.56,3.2887259,0.27127414703369146
2018-12-02 22:15:00,4.07,3.2423797,0.8276203346252444
2018-12-02 22:30:00,4.32,3.7031431,0.6168568801879886
2018-12-02 22:45:00,3.35,4.2562237,-0.9062236785888671
2018-12-02 23:00:00,3.31,3.3545794,-0.04457944869995112
2018-12-02 23:15:00,3.31,3.3545794,-0.04457944869995112
2018-12-02 23:30:00,3.28,3.3545794,-0.07457944869995137
2018-12-02 23:45:00,3.35,3.3545794,-0.004579448699951083
2018-12-03 00:00:00,4.57,6.2370615,-1.6670615005493161
2018-12-03 00:15:00,4.43,7.67827,-3.2482698631286624
2018-12-03 00:30:00,4.36,7.7294707,-3.3694707298278805
2018-12-03 00:45:00,4.21,7.7294707,-3.519470729827881
2018-12-03 01:00:00,3.35,7.075733,-3.725733184814453
2018-12-03 01:15:00,3.38,5.1568356,-1.7768355560302735
2018-12-03 01:30:00,3.35,5.1568356,-1.8068355560302733
2018-12-03 01:45:00,3.42,5.2515864,-1.8315864372253419
2018-12-03 02:00:00,3.49,5.234827,-1.7448270416259763
2018-12-03 02:15:00,3.42,5.276185,-1.8561850357055665
2018-12-03 02:30:00,3.38,5.27828,-1.8982797813415528
2018-12-03 02:45:00,4.36,5.27828,-0.9182797813415524
2018-12-03 03:00:00,4.14,7.1515393,-3.0115393257141116
2018-12-03 03:15:00,3.42,6.9571295,-3.53712947845459
2018-12-03 03:30:00,3.38,5.3243065,-1.9443064880371095
2018-12-03 03:45:00,3.35,5.234827,-1.8848270416259765
2018-12-03 04:00:00,3.35,5.27828,-1.9282797813415526
2018-12-03 04:15:00,4.1,5.234827,-1.134827041625977
2018-12-03 04:30:00,4.43,6.9197545,-2.489754505157471
2018-12-03 04:45:00,4.5,7.1778965,-2.677896499633789
2018-12-03 05:00:00,3.78,7.1266956,-3.3466956329345705
2018-12-03 05:15:00,3.31,5.3423505,-2.0323504829406738
2018-12-03 05:30:00,3.38,5.27828,-1.8982797813415528
2018-12-03 05:45:00,3.31,5.234827,-1.9248270416259765
2018-12-03 06:00:00,3.31,5.27828,-1.9682797813415527
2018-12-03 06:15:00,3.35,5.27828,-1.9282797813415526
2018-12-03 06:30:00,3.31,5.27828,-1.9682797813415527
2018-12-03 06:45:00,3.24,5.27828,-2.0382797813415525
2018-12-03 07:00:00,3.24,5.234827,-1.9948270416259763
2018-12-03 07:15:00,4.21,5.27828,-1.0682797813415528
2018-12-03 07:30:00,5.76,7.024105,-1.2641050720214846
2018-12-03 07:45:00,5.98,9.891131,-3.9111314010620113
2018-12-03 08:00:00,5.58,26.966597,-21.386596603393556
2018-12-03 08:15:00,34.99,26.639015,8.350984802246096
2018-12-03 08:30:00,56.84,65.066216,-8.226215515136715
2018-12-03 08:45:00,61.06,65.596535,-4.536534729003904
2018-12-03 09:00:00,57.89,61.316387,-3.4263871765136713
2018-12-03 09:15:00,70.49,62.36325,8.12674926757812
2018-12-03 09:30:00,50.11,75.6475,-25.537499084472657
2018-12-03 09:45:00,66.38,57.338684,9.041315917968745
2018-12-03 10:00:00,56.88,65.8224,-8.94240295410156
2018-12-03 10:15:00,47.09,61.24264,-14.152641448974606
2018-12-03 10:30:00,55.8,51.5989,4.201100158691403
2018-12-03 10:45:00,66.89,60.261093,6.628906860351563
2018-12-03 11:00:00,62.89,67.32003,-4.430030212402343
2018-12-03 11:15:00,63.79,63.86454,-0.0745401000976571
2018-12-03 11:30:00,58.1,64.83812,-6.738119506835936
2018-12-03 11:45:00,54.5,61.385235,-6.885234832763672
2018-12-03 12:00:00,35.35,31.362959,3.9870410919189467
2018-12-03 12:15:00,6.34,23.417513,-17.077512893676758
2018-12-03 12:30:00,5.76,9.404921,-3.64492057800293
2018-12-03 12:45:00,6.3,9.264752,-2.9647523880004885
2018-12-03 13:00:00,6.19,24.499119,-18.30911880493164
2018-12-03 13:15:00,35.35,23.532112,11.81788787841797
2018-12-03 13:30:00,51.95,51.47084,0.47915954589844034
2018-12-03 13:45:00,48.46,64.91136,-16.451361694335937
2018-12-03 14:00:00,65.02,53.390373,11.629626770019527
2018-12-03 14:15:00,69.91,67.10066,2.809337768554684
2018-12-03 14:30:00,55.12,74.93496,-19.814959411621096
2018-12-03 14:45:00,56.84,60.224434,-3.384433898925778
2018-12-03 15:00:00,54.22,61.792454,-7.572453765869142
2018-12-03 15:15:00,49.97,60.294804,-10.324803619384767
2018-12-03 15:30:00,48.17,55.373577,-7.20357711791992
2018-12-03 15:45:00,49.86,50.577835,-0.7178350830078131
2018-12-03 16:00:00,58.75,52.789112,5.960887908935547
2018-12-03 16:15:00,65.7,58.14385,7.55615158081055
2018-12-03 16:30:00,51.88,63.653828,-11.773827667236326
2018-12-03 16:45:00,57.2,56.781075,0.4189254760742216
2018-12-03 17:00:00,76.03,54.415565,21.614434509277345
2018-12-03 17:15:00,72.18,73.71582,-1.5358203124999932
2018-12-03 17:30:00,61.42,69.26208,-7.842077331542967
2018-12-03 17:45:00,36.61,56.20667,-19.596668853759766
2018-12-03 18:00:00,29.56,42.02273,-12.46273178100586
2018-12-03 18:15:00,34.13,37.365803,-3.2358027648925756
2018-12-03 18:30:00,42.26,41.209373,1.0506265258789043
2018-12-03 18:45:00,56.81,47.09085,9.719149169921877
2018-12-03 19:00:00,43.02,58.476246,-15.45624588012695
2018-12-03 19:15:00,47.74,47.328617,0.41138290405273636
2018-12-03 19:30:00,39.17,51.466526,-12.296526031494139
2018-12-03 19:45:00,43.67,42.509453,1.160547180175783
2018-12-03 20:00:00,50.44,45.16787,5.272130432128904
2018-12-03 20:15:00,46.22,51.00981,-4.789811401367189
2018-12-03 20:30:00,45.36,46.791077,-1.4310766601562506
2018-12-03 20:45:00,50.11,47.923077,2.1869233703613276
2018-12-03 21:00:00,25.45,33.732704,-8.282704162597657
2018-12-03 21:15:00,8.6,8.353463,0.246536827087402
2018-12-03 21:30:00,6.19,3.4644055,2.725594463348389
2018-12-03 21:45:00,5.62,3.1661313,2.453868741989136
2018-12-03 22:00:00,4.93,3.991973,0.9380270767211911
2018-12-03 22:15:00,4.72,3.8262503,0.8937496852874753
2018-12-03 22:30:00,4.75,4.126381,0.6236190795898438
2018-12-03 22:45:00,4.68,4.025293,0.6547071266174314
2018-12-03 23:00:00,4.68,3.657993,1.0220069217681882
2018-12-03 23:15:00,4.61,3.657993,0.9520069217681888
2018-12-03 23:30:00,4.57,3.7742808,0.7957192134857181
2018-12-03 23:45:00,4.61,3.7742808,0.8357192134857181
2018-12-04 00:00:00,3.89,5.4291425,-1.5391424751281737
2018-12-04 00:15:00,4.61,4.0815883,0.528411731719971
2018-12-04 00:30:00,4.57,5.4523935,-0.8823935317993161
2018-12-04 00:45:00,4.61,5.4523935,-0.8423935317993161
2018-12-04 01:00:00,4.64,5.067637,-0.4276369667053226
2018-12-04 01:15:00,5.04,5.067637,-0.02763696670532223
2018-12-04 01:30:00,5.8,6.53615,-0.7361499786376955
2018-12-04 01:45:00,4.68,7.4250174,-2.745017356872559
2018-12-04 02:00:00,3.6,5.067637,-1.4676369667053222
2018-12-04 02:15:00,3.56,3.2871077,0.27289229393005376
2018-12-04 02:30:00,3.64,3.2871077,0.35289229393005384
2018-12-04 02:45:00,3.67,3.514018,0.15598194122314446
2018-12-04 03:00:00,3.64,3.6075125,0.03248752593994153
2018-12-04 03:15:00,3.64,3.2871077,0.35289229393005384
2018-12-04 03:30:00,3.71,3.2871077,0.4228922939300537
2018-12-04 03:45:00,3.67,3.4824703,0.1875297260284423
2018-12-04 04:00:00,3.71,3.380604,0.32939597129821774
2018-12-04 04:15:00,3.67,3.7093782,-0.03937824249267585
2018-12-04 04:30:00,3.6,3.6338701,-0.03387012481689444
2018-12-04 04:45:00,4.36,3.490767,0.8692329978942874
2018-12-04 05:00:00,4.64,5.118838,-0.47883783340454134
2018-12-04 05:15:00,4.72,5.067637,-0.3476369667053225
2018-12-04 05:30:00,5.44,5.4349375,0.0050625228881839845
2018-12-04 05:45:00,4.43,7.2123284,-2.782328433990479
2018-12-04 06:00:00,3.64,5.118838,-1.478837833404541
2018-12-04 06:15:00,3.56,3.2871077,0.27289229393005376
2018-12-04 06:30:00,3.67,3.2871077,0.38289229393005364
2018-12-04 06:45:00,3.64,3.380604,0.2593959712982179
2018-12-04 07:00:00,3.56,3.2871077,0.27289229393005376
2018-12-04 07:15:00,3.56,3.514018,0.045981941223144585
2018-12-04 07:30:00,3.82,3.5482054,0.2717946243286131
2018-12-04 07:45:00,4.54,3.8714046,0.6685953521728516
2018-12-04 08:00:00,5.94,11.524857,-5.584856567382812
2018-12-04 08:15:00,28.4,39.574184,-11.17418441772461
2018-12-04 08:30:00,55.04,48.22693,6.813071289062499
2018-12-04 08:45:00,61.13,66.59257,-5.462567443847654
2018-12-04 09:00:00,82.33,61.391434,20.938566284179686
2018-12-04 09:15:00,82.37,88.86347,-6.493471984863277
2018-12-04 09:30:00,64.08,89.427345,-25.347345275878908
2018-12-04 09:45:00,59.36,63.896404,-4.536404266357422
2018-12-04 10:00:00,52.16,58.37152,-6.211520996093753
2018-12-04 10:15:00,56.95,56.328224,0.6217758178710966
2018-12-04 10:30:00,53.42,57.344486,-3.924486236572264
2018-12-04 10:45:00,58.86,56.2729,2.5871003723144526
2018-12-04 11:00:00,59.98,60.173992,-0.193992156982425
2018-12-04 11:15:00,61.24,58.955135,2.2848646545410176
2018-12-04 11:30:00,84.1,60.466587,23.633412933349604
2018-12-04 11:45:00,63.86,90.07139,-26.211388244628907
2018-12-04 12:00:00,49.86,50.535423,-0.6754232788085943
2018-12-04 12:15:00,6.91,18.928263,-12.018262710571289
2018-12-04 12:30:00,7.38,1.8702824,5.5097175884246825
2018-12-04 12:45:00,6.62,2.1822417,4.437758321762085
2018-12-04 13:00:00,6.55,13.011421,-6.461421203613281
2018-12-04 13:15:00,32.51,37.979652,-5.469652404785158
2018-12-04 13:30:00,57.28,54.648026,2.6319744873046886
2018-12-04 13:45:00,55.51,65.20561,-9.69561218261719
2018-12-04 14:00:00,56.12,57.041046,-0.9210461425781276
2018-12-04 14:15:00,58.82,57.854378,0.965622253417969
2018-12-04 14:30:00,52.88,59.177074,-6.297074432373044
2018-12-04 14:45:00,53.46,56.33477,-2.874770202636718
2018-12-04 15:00:00,62.96,56.77616,6.183838806152345
2018-12-04 15:15:00,64.62,62.890762,1.729237670898442
2018-12-04 15:30:00,60.01,63.81512,-3.8051206970214864
2018-12-04 15:45:00,55.66,59.271202,-3.611202087402347
2018-12-04 16:00:00,53.82,57.190437,-3.370437316894531
2018-12-04 16:15:00,71.86,56.359917,15.50008331298828
2018-12-04 16:30:00,60.73,73.26825,-12.538249511718753
2018-12-04 16:45:00,68.22,60.882748,7.3372523498535145
2018-12-04 17:00:00,80.46,57.839626,22.620373687744134
2018-12-04 17:15:00,61.52,75.09061,-13.570606689453122
2018-12-04 17:30:00,71.1,56.50095,14.599050140380854
2018-12-04 17:45:00,35.21,61.336193,-26.126193084716796
2018-12-04 18:00:00,30.31,34.1549,-3.84489959716797
2018-12-04 18:15:00,43.56,37.165787,6.39421325683594
2018-12-04 18:30:00,40.97,48.12315,-7.153149871826173
2018-12-04 18:45:00,38.56,44.964325,-6.404324951171873
2018-12-04 19:00:00,41.65,44.2835,-2.63350067138672
2018-12-04 19:15:00,49.07,46.379917,2.6900828552246097
2018-12-04 19:30:00,40.46,53.113094,-12.653094329833984
2018-12-04 19:45:00,48.64,46.114258,2.5257421875000006
2018-12-04 20:00:00,49.75,51.832985,-2.0829849243164062
2018-12-04 20:15:00,48.89,52.215454,-3.3254541015624994
2018-12-04 20:30:00,37.84,52.654964,-14.814964447021481
2018-12-04 20:45:00,30.67,43.201553,-12.53155334472656
2018-12-04 21:00:00,5.08,18.134758,-13.054757995605469
2018-12-04 21:15:00,5.69,3.4571364,2.2328636074066166
2018-12-04 21:30:00,5.44,3.2505808,2.189419212341309
2018-12-04 21:45:00,5.4,3.13887,2.261129999160767
2018-12-04 22:00:00,5.44,4.4030538,1.036946239471436
2018-12-04 22:15:00,5.26,4.266289,0.9937107658386228
2018-12-04 22:30:00,4.64,4.380299,0.25970090866088835
2018-12-04 22:45:00,3.92,3.8565576,0.06344239234924309
2018-12-04 23:00:00,3.96,3.359617,0.6003830051422119
2018-12-04 23:15:00,3.92,3.359617,0.5603830051422118
2018-12-04 23:30:00,3.85,3.3485992,0.5014008045196534
2018-12-04 23:45:00,3.89,3.2970903,0.5929097080230714
2018-12-05 00:00:00,3.96,3.955127,0.004872999191284144
2018-12-05 00:15:00,3.89,3.8586552,0.03134478569030774
2018-12-05 00:30:00,3.92,3.7851102,0.13488976478576653
2018-12-05 00:45:00,3.89,3.8586552,0.03134478569030774
2018-12-05 01:00:00,3.96,3.5781126,0.38188739776611325
2018-12-05 01:15:00,3.78,3.5643344,0.21566560745239238
2018-12-05 01:30:00,3.85,3.431489,0.4185110092163087
2018-12-05 01:45:00,3.82,3.5781126,0.24188739776611312
2018-12-05 02:00:00,3.82,3.6797323,0.14026767730712875
2018-12-05 02:15:00,3.85,3.6797323,0.170267677307129
2018-12-05 02:30:00,4.64,3.6797323,0.9602676773071286
2018-12-05 02:45:00,4.86,5.13706,-0.2770601654052731
2018-12-05 03:00:00,3.82,5.564951,-1.7449509429931642
2018-12-05 03:15:00,3.49,3.6797323,-0.18973232269287088
2018-12-05 03:30:00,3.13,3.3379276,-0.20792757987976085
2018-12-05 03:45:00,3.2,3.1183665,0.08163352012634295
2018-12-05 04:00:00,3.13,3.2024062,-0.0724061679840089
2018-12-05 04:15:00,3.1,3.1183665,-0.018366479873657138
2018-12-05 04:30:00,3.17,3.0691907,0.10080925941467278
2018-12-05 04:45:00,3.06,3.0905478,-0.03054780006408686
2018-12-05 05:00:00,3.17,2.967572,0.20242802619934075
2018-12-05 05:15:00,3.06,3.0265198,0.03348022460937505
2018-12-05 05:30:00,3.1,2.8850265,0.21497354507446298
2018-12-05 05:45:00,3.02,3.0061624,0.013837594985961932
2018-12-05 06:00:00,3.1,3.0691907,0.03080925941467294
2018-12-05 06:15:00,3.02,3.0691907,-0.04919074058532713
2018-12-05 06:30:00,4.61,3.0691907,1.5408092594146732
2018-12-05 06:45:00,4.9,5.13706,-0.23706016540527308
2018-12-05 07:00:00,3.85,5.564951,-1.714950942993164
2018-12-05 07:15:00,3.49,3.6797323,-0.18973232269287088
2018-12-05 07:30:00,3.2,3.4331558,-0.23315577507019025
2018-12-05 07:45:00,4.32,3.0897691,1.230230875015259
2018-12-05 08:00:00,4.72,11.645479,-6.925479202270508
2018-12-05 08:15:00,27.65,27.7901,-0.14010009765625142
2018-12-05 08:30:00,61.56,47.599087,13.960913238525393
2018-12-05 08:45:00,57.71,69.77258,-12.0625830078125
2018-12-05 09:00:00,57.82,56.858795,0.9612048339843753
2018-12-05 09:15:00,68.08,56.858795,11.221204833984373
2018-12-05 09:30:00,64.08,68.43728,-4.3572787475585955
2018-12-05 09:45:00,64.76,62.711365,2.048635253906255
2018-12-05 10:00:00,62.68,63.079933,-0.39993316650390653
2018-12-05 10:15:00,49.28,60.03277,-10.752768249511718
2018-12-05 10:30:00,56.52,54.666992,1.8530078125000031
2018-12-05 10:45:00,59.04,57.355515,1.6844854736328116
2018-12-05 11:00:00,66.85,59.03408,7.815919494628901
2018-12-05 11:15:00,68.83,66.83382,1.9961834716796858
2018-12-05 11:30:00,60.3,66.707054,-6.407054138183597
2018-12-05 11:45:00,53.21,60.97977,-7.76977066040039
2018-12-05 12:00:00,40.97,48.38602,-7.416020660400392
2018-12-05 12:15:00,10.69,12.126885,-1.4368854141235357
2018-12-05 12:30:00,9.43,0.8757432,8.554256789684295
2018-12-05 12:45:00,10.33,1.4039325,8.926067547798157
2018-12-05 13:00:00,26.68,19.884348,6.795652084350586
2018-12-05 13:15:00,43.34,46.07272,-2.732719573974606
2018-12-05 13:30:00,46.51,57.083233,-10.573232879638674
2018-12-05 13:45:00,50.44,60.143646,-9.703646240234377
2018-12-05 14:00:00,63.4,55.55639,7.84361114501953
2018-12-05 14:15:00,54.36,62.432148,-8.072147979736329
2018-12-05 14:30:00,61.52,57.19437,4.3256297302246125
2018-12-05 14:45:00,58.93,61.263733,-2.3337329101562503
2018-12-05 15:00:00,85.46,59.77055,25.689450225830072
2018-12-05 15:15:00,109.3,92.587425,16.712574768066403
2018-12-05 15:30:00,87.16,92.82847,-5.66846832275391
2018-12-05 15:45:00,96.01,90.63842,5.371579895019536
2018-12-05 16:00:00,105.91,97.164246,8.745754394531247
2018-12-05 16:15:00,68.18,91.87557,-23.695572204589837
2018-12-05 16:30:00,64.91,70.81865,-5.908649291992191
2018-12-05 16:45:00,56.05,65.0216,-8.971598815917972
2018-12-05 17:00:00,62.96,51.75545,11.204548797607423
2018-12-05 17:15:00,47.12,59.014145,-11.89414489746094
2018-12-05 17:30:00,44.57,47.790974,-3.220973663330078
2018-12-05 17:45:00,44.24,41.953213,2.2867872619628926
2018-12-05 18:00:00,27.32,39.848724,-12.528724365234375
2018-12-05 18:15:00,5.87,33.005962,-27.13596237182617
2018-12-05 18:30:00,5.36,17.073175,-11.713175430297852
2018-12-05 18:45:00,5.47,16.680962,-11.21096160888672
2018-12-05 19:00:00,5.58,15.236868,-9.656867904663086
2018-12-05 19:15:00,5.58,11.436229,-5.85622875213623
2018-12-05 19:30:00,5.47,16.543736,-11.073735504150392
2018-12-05 19:45:00,5.44,8.766199,-3.326199111938476
2018-12-05 20:00:00,5.44,8.03964,-2.599640426635742
2018-12-05 20:15:00,5.44,7.8141093,-2.374109325408935
2018-12-05 20:30:00,5.51,11.721698,-6.211697807312012
2018-12-05 20:45:00,5.44,13.598054,-8.15805393218994
2018-12-05 21:00:00,4.82,3.832778,0.9872220230102542
2018-12-05 21:15:00,4.28,3.3734386,0.9065614032745364
2018-12-05 21:30:00,4.25,3.2037084,1.0462915897369385
2018-12-05 21:45:00,4.28,3.4134405,0.8665595340728762
2018-12-05 22:00:00,4.36,3.7562413,0.6037586784362796
2018-12-05 22:15:00,4.03,4.104041,-0.0740410995483396
2018-12-05 22:30:00,4.0,3.6915643,0.30843567848205566
2018-12-05 22:45:00,4.03,3.7037976,0.32620242118835474
2018-12-05 23:00:00,4.0,3.7037976,0.2962024211883545
2018-12-05 23:15:00,4.0,3.7037976,0.2962024211883545
2018-12-05 23:30:00,3.92,3.7765172,0.14348284721374505
2018-12-05 23:45:00,4.0,3.5840707,0.41592931747436523
2018-12-06 00:00:00,4.0,4.2176533,-0.2176532745361328
2018-12-06 00:15:00,3.96,4.252524,-0.2925238990783692
2018-12-06 00:30:00,4.79,4.0869365,0.7030635261535645
2018-12-06 00:45:00,5.18,5.79986,-0.6198600006103518
2018-12-06 01:00:00,4.03,6.911186,-2.8811862182617185
2018-12-06 01:15:00,3.92,3.9771295,-0.05712945938110359
2018-12-06 01:30:00,4.0,3.9416409,0.05835914611816406
2018-12-06 01:45:00,3.92,4.0723577,-0.15235765457153327
2018-12-06 02:00:00,4.07,3.9416409,0.12835914611816435
2018-12-06 02:15:00,3.46,4.0723577,-0.6123576545715332
2018-12-06 02:30:00,3.28,3.4262059,-0.14620587348938008
2018-12-06 02:45:00,3.38,3.362818,0.01718199729919423
2018-12-06 03:00:00,3.31,3.4995651,-0.1895651245117187
2018-12-06 03:15:00,3.35,3.4043374,-0.05433740615844718
2018-12-06 03:30:00,3.35,3.4043374,-0.05433740615844718
2018-12-06 03:45:00,3.38,3.4043374,-0.024337406158447372
2018-12-06 04:00:00,3.42,3.4043374,0.015662593841552663
2018-12-06 04:15:00,3.31,3.4043374,-0.09433740615844721
2018-12-06 04:30:00,4.61,3.4043374,1.205662593841553
2018-12-06 04:45:00,5.04,5.472728,-0.43272777557373043
2018-12-06 05:00:00,4.07,6.746917,-2.6769167709350583
2018-12-06 05:15:00,3.71,3.9771295,-0.26712945938110355
2018-12-06 05:30:00,3.31,3.6560483,-0.34604829788208
2018-12-06 05:45:00,3.31,3.4043374,-0.09433740615844721
2018-12-06 06:00:00,3.38,3.4043374,-0.024337406158447372
2018-12-06 06:15:00,3.31,3.4043374,-0.09433740615844721
2018-12-06 06:30:00,3.28,3.4146128,-0.1346127700805666
2018-12-06 06:45:00,3.31,3.362818,-0.05281800270080561
2018-12-06 07:00:00,3.24,3.4995651,-0.25956512451171854
2018-12-06 07:15:00,3.28,3.4043374,-0.12433740615844746
2018-12-06 07:30:00,3.46,3.4043374,0.0556625938415527
2018-12-06 07:45:00,4.21,3.4384387,0.7715613460540771
2018-12-06 08:00:00,6.44,11.54484,-5.104839859008789
2018-12-06 08:15:00,32.29,35.504215,-3.2142152404785165
2018-12-06 08:30:00,64.98,49.30204,15.677959899902348
2018-12-06 08:45:00,60.84,71.51818,-10.678180847167965
2018-12-06 09:00:00,59.87,59.83002,0.03997909545898182
2018-12-06 09:15:00,67.0,57.791138,9.2088623046875
2018-12-06 09:30:00,71.17,64.76396,6.406038208007814
2018-12-06 09:45:00,76.86,68.5874,8.27259765625
2018-12-06 10:00:00,66.67,76.394295,-9.72429473876953
2018-12-06 10:15:00,63.18,63.57304,-0.39304000854492216
2018-12-06 10:30:00,68.87,60.36594,8.504059906005864
2018-12-06 10:45:00,71.06,64.72415,6.335848388671877
2018-12-06 11:00:00,62.78,68.569305,-5.789305419921874
2018-12-06 11:15:00,60.88,59.673893,1.206107025146487
2018-12-06 11:30:00,74.45,60.04245,14.407550048828128
2018-12-06 11:45:00,67.82,68.86153,-1.0415264892578193
2018-12-06 12:00:00,69.26,58.880093,10.379907379150396
2018-12-06 12:15:00,9.94,22.159193,-12.21919303894043
2018-12-06 12:30:00,6.88,2.1476452,4.732354764938354
2018-12-06 12:45:00,7.02,1.4661249,5.553875107765197
2018-12-06 13:00:00,6.95,32.99446,-26.044461059570313
2018-12-06 13:15:00,35.78,35.55116,0.22884109497070426
2018-12-06 13:30:00,61.78,54.46858,7.311421661376954
2018-12-06 13:45:00,60.8,66.70919,-5.909190368652347
2018-12-06 14:00:00,71.78,60.45311,11.326890258789064
2018-12-06 14:15:00,72.11,70.65534,1.4546578979492182
2018-12-06 14:30:00,68.22,71.42438,-3.204377441406251
2018-12-06 14:45:00,73.44,66.33076,7.1092428588867165
2018-12-06 15:00:00,56.88,69.63602,-12.756016845703122
2018-12-06 15:15:00,50.29,55.226646,-4.936646423339845
2018-12-06 15:30:00,48.78,52.537807,-3.7578074645996082
2018-12-06 15:45:00,48.96,52.419266,-3.4592657470703116
2018-12-06 16:00:00,49.97,53.44082,-3.470818786621095
2018-12-06 16:15:00,62.28,52.846798,9.433202056884767
2018-12-06 16:30:00,47.95,58.972782,-11.022782135009763
2018-12-06 16:45:00,57.35,51.580242,5.7697578430175795
2018-12-06 17:00:00,47.77,50.85803,-3.0880284118652312
2018-12-06 17:15:00,48.6,46.682274,1.9177261352539077
2018-12-06 17:30:00,57.46,47.618774,9.8412255859375
2018-12-06 17:45:00,31.86,50.379997,-18.51999725341797
2018-12-06 18:00:00,31.61,35.77663,-4.166630401611329
2018-12-06 18:15:00,36.61,33.046696,3.563304290771484
2018-12-06 18:30:00,40.07,36.615807,3.4541934204101565
2018-12-06 18:45:00,37.87,36.8988,0.9712001037597631
2018-12-06 19:00:00,47.23,34.920357,12.309643249511716
2018-12-06 19:15:00,53.03,38.52501,14.504990844726564
2018-12-06 19:30:00,38.63,44.883297,-6.253296966552732
2018-12-06 19:45:00,37.51,35.936035,1.573964843749998
2018-12-06 20:00:00,38.3,33.828625,4.4713752746582
2018-12-06 20:15:00,54.36,33.85951,20.500491485595703
2018-12-06 20:30:00,38.84,43.416603,-4.576603088378903
2018-12-06 20:45:00,27.72,34.554554,-6.834553985595704
2018-12-06 21:00:00,8.86,11.394288,-2.534288063049317
2018-12-06 21:15:00,5.51,5.1338153,0.3761847114562986
2018-12-06 21:30:00,5.58,4.5528016,1.0271983909606934
2018-12-06 21:45:00,5.62,4.6737404,0.9462596130371095
2018-12-06 22:00:00,5.54,5.0653553,0.4746446990966797
2018-12-06 22:15:00,5.26,5.0704465,0.1895535087585447
2018-12-06 22:30:00,5.22,4.895475,0.32452508926391577
2018-12-06 22:45:00,5.26,4.928082,0.3319180107116697
2018-12-06 23:00:00,4.18,4.895475,-0.7154749107360843
2018-12-06 23:15:00,3.96,4.2964387,-0.3364386940002442
2018-12-06 23:30:00,4.0,3.7427795,0.2572205066680908
2018-12-06 23:45:00,4.0,3.8734958,0.12650418281555176
2018-12-07 00:00:00,4.03,4.235672,-0.20567199707031225
2018-12-07 00:15:00,3.96,4.235672,-0.27567199707031254
2018-12-07 00:30:00,4.03,4.0164165,0.013583450317383061
2018-12-07 00:45:00,4.03,4.1445656,-0.11456558227539038
2018-12-07 01:00:00,4.0,3.7230434,0.27695655822753906
2018-12-07 01:15:00,4.03,3.7230434,0.3069565582275393
2018-12-07 01:30:00,4.03,3.7230434,0.3069565582275393
2018-12-07 01:45:00,4.03,3.7230434,0.3069565582275393
2018-12-07 02:00:00,4.1,3.7230434,0.3769565582275387
2018-12-07 02:15:00,4.0,4.858273,-0.8582730293273926
2018-12-07 02:30:00,4.72,3.8124309,0.9075691413879392
2018-12-07 02:45:00,4.79,4.9887176,-0.19871755599975582
2018-12-07 03:00:00,4.14,4.9887176,-0.8487175559997562
2018-12-07 03:15:00,4.07,4.858273,-0.7882730293273923
2018-12-07 03:30:00,4.03,3.8124309,0.2175691413879397
2018-12-07 03:45:00,4.0,3.8124309,0.18756914138793945
2018-12-07 04:00:00,3.42,3.8124309,-0.3924308586120606
2018-12-07 04:15:00,3.49,3.2819595,0.20804046630859396
2018-12-07 04:30:00,3.46,3.1926084,0.2673916435241699
2018-12-07 04:45:00,3.38,3.1768723,0.20312774658203114
2018-12-07 05:00:00,3.42,3.1925735,0.22742645263671868
2018-12-07 05:15:00,3.42,3.2819595,0.13804046630859368
2018-12-07 05:30:00,3.74,3.2819595,0.45804046630859396
2018-12-07 05:45:00,4.07,3.4913492,0.5786507797241214
2018-12-07 06:00:00,3.49,3.8124309,-0.32243085861206033
2018-12-07 06:15:00,3.42,3.2942276,0.12577239990234368
2018-12-07 06:30:00,3.64,3.2819595,0.3580404663085939
2018-12-07 06:45:00,4.1,3.2959862,0.8040138244628903
2018-12-07 07:00:00,4.0,4.858273,-0.8582730293273926
2018-12-07 07:15:00,4.0,3.8124309,0.18756914138793945
2018-12-07 07:30:00,3.82,3.8124309,0.007569141387939293
2018-12-07 07:45:00,4.54,3.529801,1.0101991081237793
2018-12-07 08:00:00,4.79,10.399117,-5.609117469787598
2018-12-07 08:15:00,47.66,29.816753,17.843246612548825
2018-12-07 08:30:00,60.19,59.994637,0.19536346435546648
2018-12-07 08:45:00,60.19,70.03069,-9.840693054199221
2018-12-07 09:00:00,53.32,61.420944,-8.100944213867187
2018-12-07 09:15:00,58.86,55.939384,2.9206155395507807
2018-12-07 09:30:00,49.5,59.422287,-9.922286987304688
2018-12-07 09:45:00,48.42,53.703766,-5.283765869140623
2018-12-07 10:00:00,62.78,52.339798,10.440202026367189
2018-12-07 10:15:00,48.02,61.32965,-13.309650878906247
2018-12-07 10:30:00,46.22,52.04677,-5.826768188476564
2018-12-07 10:45:00,57.46,49.82197,7.638028106689454
2018-12-07 11:00:00,48.78,57.439644,-8.65964385986328
2018-12-07 11:15:00,47.02,53.036568,-6.016567687988278
2018-12-07 11:30:00,58.0,51.09307,6.906929016113281
2018-12-07 11:45:00,51.48,57.671158,-6.191157836914066
2018-12-07 12:00:00,44.28,44.24892,0.031079559326173012
2018-12-07 12:15:00,26.6,13.817648,12.78235206604004
2018-12-07 12:30:00,12.49,12.390416,0.09958385467529318
2018-12-07 12:45:00,9.79,1.3917345,8.39826551914215
2018-12-07 13:00:00,10.76,19.804619,-9.044618835449219
2018-12-07 13:15:00,44.06,47.174343,-3.114343109130857
2018-12-07 13:30:00,49.82,57.331993,-7.5119931030273435
2018-12-07 13:45:00,54.36,60.308475,-5.948475494384766
2018-12-07 14:00:00,55.98,54.702065,1.2779354858398406
2018-12-07 14:15:00,56.48,54.655483,1.8245167541503875
2018-12-07 14:30:00,47.41,55.624264,-8.214263763427738
2018-12-07 14:45:00,47.95,50.67852,-2.728520202636716
2018-12-07 15:00:00,58.86,51.196518,7.663482055664062
2018-12-07 15:15:00,50.08,56.921207,-6.841207427978517
2018-12-07 15:30:00,51.88,52.98298,-1.1029788208007787
2018-12-07 15:45:00,53.82,54.838223,-1.018222503662109
2018-12-07 16:00:00,49.9,54.836807,-4.936807250976564
2018-12-07 16:15:00,57.1,52.296993,4.803006744384767
2018-12-07 16:30:00,50.33,56.029984,-5.699983520507814
2018-12-07 16:45:00,68.54,52.291733,16.24826721191407
2018-12-07 17:00:00,60.12,56.716106,3.4038935852050756
2018-12-07 17:15:00,72.11,50.881107,21.228892669677734
2018-12-07 17:30:00,46.33,60.43205,-14.102048797607424
2018-12-07 17:45:00,34.16,35.73497,-1.574970092773441
2018-12-07 18:00:00,30.35,34.99164,-4.641638183593749
2018-12-07 18:15:00,42.48,37.99728,4.4827198791503875
2018-12-07 18:30:00,52.85,46.432095,6.417905426025392
2018-12-07 18:45:00,58.97,53.790424,5.179575653076171
2018-12-07 19:00:00,57.17,56.573315,0.5966853332519548
2018-12-07 19:15:00,44.39,55.955112,-11.56511245727539
2018-12-07 19:30:00,47.84,48.60247,-0.7624703979492153
2018-12-07 19:45:00,54.07,49.66111,4.408890075683594
2018-12-07 20:00:00,43.38,52.67389,-9.293889160156247
2018-12-07 20:15:00,57.64,45.638485,12.001515045166016
2018-12-07 20:30:00,41.72,55.59124,-13.87123992919922
2018-12-07 20:45:00,31.9,35.946762,-4.046762084960939
2018-12-07 21:00:00,19.69,16.51899,3.17101043701172
2018-12-07 21:15:00,5.62,6.090738,-0.47073781967163075
2018-12-07 21:30:00,5.62,3.8980606,1.7219394397735597
2018-12-07 21:45:00,5.15,3.8980606,1.25193943977356
2018-12-07 22:00:00,4.28,4.116185,0.16381481170654322
2018-12-07 22:15:00,4.0,4.11799,-0.11799001693725586
2018-12-07 22:30:00,4.07,3.822685,0.24731499671936064
2018-12-07 22:45:00,4.03,3.822685,0.2073149967193606
2018-12-07 23:00:00,4.0,3.7514029,0.2485971450805664
2018-12-07 23:15:00,3.96,3.7514029,0.20859714508056637
2018-12-07 23:30:00,4.03,3.6206865,0.4093134689331057
2018-12-07 23:45:00,4.0,3.7514029,0.2485971450805664
2018-12-08 00:00:00,3.78,4.3302484,-0.5502483558654787
2018-12-08 00:15:00,4.0,4.0091667,-0.009166717529296875
2018-12-08 00:30:00,3.96,4.3302484,-0.37024835586547855
2018-12-08 00:45:00,4.0,4.1995325,-0.19953250885009766
2018-12-08 01:00:00,4.0,3.8176203,0.18237972259521484
2018-12-08 01:15:00,5.15,3.8176203,1.3323797225952152
2018-12-08 01:30:00,4.79,6.259518,-1.4695181465148925
2018-12-08 01:45:00,3.96,4.9939075,-1.0339074516296387
2018-12-08 02:00:00,3.96,3.6869047,0.27309533119201657
2018-12-08 02:15:00,4.1,3.6869047,0.41309533119201625
2018-12-08 02:30:00,4.0,4.8401294,-0.8401293754577637
2018-12-08 02:45:00,4.0,3.7942884,0.20571160316467285
2018-12-08 03:00:00,4.0,3.8176203,0.18237972259521484
2018-12-08 03:15:00,3.96,3.8176203,0.1423797225952148
2018-12-08 03:30:00,3.64,3.6869047,-0.046904668807983274
2018-12-08 03:45:00,3.38,3.3011768,0.0788232135772704
2018-12-08 04:00:00,3.31,3.264641,0.0453589534759522
2018-12-08 04:15:00,3.35,3.264641,0.08535895347595224
2018-12-08 04:30:00,3.35,3.264641,0.08535895347595224
2018-12-08 04:45:00,3.42,3.264641,0.15535895347595208
2018-12-08 05:00:00,3.49,3.264641,0.22535895347595236
2018-12-08 05:15:00,4.0,3.276909,0.7230908870697021
2018-12-08 05:30:00,3.53,3.7951124,-0.26511237144470234
2018-12-08 05:45:00,3.35,3.3011768,0.0488232135772706
2018-12-08 06:00:00,3.38,3.264641,0.11535895347595204
2018-12-08 06:15:00,4.03,3.264641,0.7653589534759524
2018-12-08 06:30:00,4.03,3.7951124,0.2348876285552981
2018-12-08 06:45:00,4.0,3.8176203,0.18237972259521484
2018-12-08 07:00:00,3.78,3.8176203,-0.03762027740478535
2018-12-08 07:15:00,3.35,3.4965389,-0.14653887748718253
2018-12-08 07:30:00,3.31,3.3598697,-0.04986971855163569
2018-12-08 07:45:00,3.53,3.263899,0.266100912094116
2018-12-08 08:00:00,3.67,6.754021,-3.084021167755127
2018-12-08 08:15:00,29.23,17.20025,12.029749374389649
2018-12-08 08:30:00,38.16,40.804115,-2.6441152954101597
2018-12-08 08:45:00,33.08,48.479557,-15.399557037353517
2018-12-08 09:00:00,51.52,39.95364,11.566360015869144
2018-12-08 09:15:00,47.77,49.533287,-1.7632870483398406
2018-12-08 09:30:00,42.05,48.86276,-6.812758636474612
2018-12-08 09:45:00,32.4,44.46913,-12.069131469726564
2018-12-08 10:00:00,31.43,37.28538,-5.855381317138672
2018-12-08 10:15:00,31.57,36.840878,-5.270877532958984
2018-12-08 10:30:00,31.43,36.1274,-4.697399444580078
2018-12-08 10:45:00,47.66,35.526924,12.133075866699215
2018-12-08 11:00:00,49.28,45.43214,3.8478596496582043
2018-12-08 11:15:00,38.16,46.76624,-8.606239166259769
2018-12-08 11:30:00,44.14,38.627357,5.512642517089844
2018-12-08 11:45:00,38.27,42.01371,-3.743710021972653
2018-12-08 12:00:00,22.46,31.102594,-8.64259437561035
2018-12-08 12:15:00,3.92,8.833315,-4.913314895629883
2018-12-08 12:30:00,4.57,0.7726596,3.797340400218964
2018-12-08 12:45:00,5.36,2.344027,3.0159729576110843
2018-12-08 13:00:00,6.08,10.307666,-4.227665824890137
2018-12-08 13:15:00,34.09,24.692236,9.39776405334473
2018-12-08 13:30:00,55.69,46.96984,8.720158996582029
2018-12-08 13:45:00,40.61,57.698338,-17.08833755493164
2018-12-08 14:00:00,50.51,41.085793,9.424207458496092
2018-12-08 14:15:00,37.98,47.260853,-9.280852813720706
2018-12-08 14:30:00,48.89,40.98362,7.906380310058594
2018-12-08 14:45:00,37.73,48.00201,-10.272010345458988
2018-12-08 15:00:00,40.03,39.604366,0.42563369750976676
2018-12-08 15:15:00,43.67,41.103264,2.566736145019533
2018-12-08 15:30:00,46.15,43.041336,3.108663940429686
2018-12-08 15:45:00,49.68,44.47457,5.205428771972656
2018-12-08 16:00:00,49.32,47.73933,1.5806697082519534
2018-12-08 16:15:00,49.46,46.75346,2.706540069580079
2018-12-08 16:30:00,49.54,47.61032,1.9296789550781241
2018-12-08 16:45:00,34.63,46.29204,-11.66204177856445
2018-12-08 17:00:00,27.0,26.912117,0.08788299560546875
2018-12-08 17:15:00,9.9,17.762568,-7.862567520141601
2018-12-08 17:30:00,5.22,4.6036043,0.616395683288574
2018-12-08 17:45:00,5.29,3.435275,1.8547249221801758
2018-12-08 18:00:00,5.22,6.3471527,-1.1271527099609377
2018-12-08 18:15:00,5.18,4.718659,0.4613410758972165
2018-12-08 18:30:00,5.15,2.775405,2.3745950698852543
2018-12-08 18:45:00,5.33,2.8459504,2.4840496349334718
2018-12-08 19:00:00,5.15,2.5354948,2.614505195617676
2018-12-08 19:15:00,4.1,4.938614,-0.8386138916015629
2018-12-08 19:30:00,4.14,2.7767024,1.3632975959777829
2018-12-08 19:45:00,4.1,2.631401,1.468598937988281
2018-12-08 20:00:00,4.14,4.3108454,-0.17084537506103548
2018-12-08 20:15:00,4.1,2.6652064,1.4347935676574703
2018-12-08 20:30:00,4.03,4.3091908,-0.27919075012207006
2018-12-08 20:45:00,4.14,5.247817,-1.1078170394897464
2018-12-08 21:00:00,4.1,4.909428,-0.8094281196594242
2018-12-08 21:15:00,4.14,4.0547276,0.08527244567871062
2018-12-08 21:30:00,4.1,4.0547276,0.04527244567871058
2018-12-08 21:45:00,4.14,4.2213616,-0.08136163711547884
2018-12-08 22:00:00,4.1,4.487282,-0.3872817993164066
2018-12-08 22:15:00,3.82,4.487282,-0.6672817993164064
2018-12-08 22:30:00,3.89,4.0576963,-0.1676963424682616
2018-12-08 22:45:00,5.0,4.0576963,0.9423036575317383
2018-12-08 23:00:00,4.75,5.3068457,-0.5568456649780273
2018-12-08 23:15:00,3.82,4.7742743,-0.9542743492126466
2018-12-08 23:30:00,3.71,4.0576963,-0.34769634246826175
2018-12-08 23:45:00,3.82,3.929858,-0.10985796928405778
2018-12-09 00:00:00,3.17,3.942536,-0.7725361156463624
2018-12-09 00:15:00,3.74,3.4860542,0.2539458179473879
2018-12-09 00:30:00,3.74,3.8372073,-0.09720731735229471
2018-12-09 00:45:00,3.82,3.8372073,-0.017207317352295082
2018-12-09 01:00:00,3.85,3.4524183,0.3975816726684571
2018-12-09 01:15:00,3.78,3.361312,0.4186880874633787
2018-12-09 01:30:00,3.82,3.2360415,0.5839584541320799
2018-12-09 01:45:00,3.78,3.4524183,0.32758167266845684
2018-12-09 02:00:00,3.78,3.3245797,0.45542028427124004
2018-12-09 02:15:00,3.17,3.3245797,-0.15457971572875984
2018-12-09 02:30:00,3.13,2.973427,0.15657294273376454
2018-12-09 02:45:00,3.35,2.9118593,0.43814072608947763
2018-12-09 03:00:00,3.67,3.115191,0.5548090171813964
2018-12-09 03:15:00,3.02,3.222714,-0.20271394729614256
2018-12-09 03:30:00,3.13,2.8401754,0.2898246097564696
2018-12-09 03:45:00,3.06,2.8893502,0.1706498241424561
2018-12-09 04:00:00,3.06,2.8401754,0.21982460975646978
2018-12-09 04:15:00,3.06,2.8401754,0.21982460975646978
2018-12-09 04:30:00,3.2,2.8401754,0.3598246097564699
2018-12-09 04:45:00,3.78,2.9733903,0.8066096591949461
2018-12-09 05:00:00,3.78,3.3020716,0.47792842864990215
2018-12-09 05:15:00,3.74,3.3245797,0.41542028427124045
2018-12-09 05:30:00,3.74,3.3020716,0.43792842864990256
2018-12-09 05:45:00,3.13,3.3020716,-0.17207157135009776
2018-12-09 06:00:00,3.74,2.8893502,0.8506498241424563
2018-12-09 06:15:00,3.56,3.3245797,0.2354202842712403
2018-12-09 06:30:00,3.1,3.1292176,-0.029217624664306552
2018-12-09 06:45:00,2.95,2.8626835,0.0873164653778078
2018-12-09 07:00:00,3.06,2.8401754,0.21982460975646978
2018-12-09 07:15:00,3.02,2.8401754,0.17982460975646974
2018-12-09 07:30:00,2.95,2.8401754,0.1098246097564699
2018-12-09 07:45:00,3.02,2.8401754,0.17982460975646974
2018-12-09 08:00:00,2.99,3.6226354,-0.6326353645324705
2018-12-09 08:15:00,3.13,11.228499,-8.098499412536622
2018-12-09 08:30:00,3.74,8.863446,-5.123446235656738
2018-12-09 08:45:00,3.82,11.571085,-7.751084976196289
2018-12-09 09:00:00,3.96,2.791957,1.168043098449707
2018-12-09 09:15:00,4.03,3.1919036,0.8380964088439944
2018-12-09 09:30:00,3.35,5.3967924,-2.046792411804199
2018-12-09 09:45:00,3.31,7.739333,-4.429333152770996
2018-12-09 10:00:00,3.89,7.55049,-3.6604899024963378
2018-12-09 10:15:00,4.03,8.203163,-4.173163146972656
2018-12-09 10:30:00,3.31,8.701627,-5.391626777648925
2018-12-09 10:45:00,3.35,1.3987685,1.9512314558029176
2018-12-09 11:00:00,3.42,1.5800214,1.839978618621826
2018-12-09 11:15:00,3.35,4.0291986,-0.6791986465454101
2018-12-09 11:30:00,3.31,2.9834871,0.32651287078857427
2018-12-09 11:45:00,3.38,3.865393,-0.48539292335510265
2018-12-09 12:00:00,3.89,1.3189896,2.571010365486145
2018-12-09 12:15:00,4.18,2.2275643,1.952435665130615
2018-12-09 12:30:00,4.1,3.4434018,0.6565981864929196
2018-12-09 12:45:00,4.1,3.3687224,0.7312775611877438
2018-12-09 13:00:00,3.6,5.5271983,-1.927198314666748
2018-12-09 13:15:00,3.42,7.5270915,-4.107091503143311
2018-12-09 13:30:00,3.42,5.7713857,-2.351385669708252
2018-12-09 13:45:00,3.35,7.4600606,-4.110060596466065
2018-12-09 14:00:00,3.92,2.8250878,1.0949122142791747
2018-12-09 14:15:00,3.78,4.7887306,-1.0087306213378908
2018-12-09 14:30:00,3.42,2.984022,0.43597809791564934
2018-12-09 14:45:00,3.38,3.9824996,-0.6024995994567872
2018-12-09 15:00:00,3.46,3.9531007,-0.4931006813049317
2018-12-09 15:15:00,3.42,3.807019,-0.38701899528503425
2018-12-09 15:30:00,3.53,3.2021458,0.3278541851043699
2018-12-09 15:45:00,4.07,2.8981876,1.1718123626708987
2018-12-09 16:00:00,4.03,3.4037135,0.6262865352630618
2018-12-09 16:15:00,4.14,3.4037135,0.7362865352630612
2018-12-09 16:30:00,4.0,3.5599813,0.4400186538696289
2018-12-09 16:45:00,3.31,4.126918,-0.8169178390502929
2018-12-09 17:00:00,3.35,1.3154767,2.034523344039917
2018-12-09 17:15:00,3.49,1.913601,1.5763989591598513
2018-12-09 17:30:00,4.1,2.5798874,1.520112609863281
2018-12-09 17:45:00,3.64,3.0787039,0.5612961196899415
2018-12-09 18:00:00,3.24,3.7264924,-0.4864924049377439
2018-12-09 18:15:00,3.28,3.5672734,-0.2872733783721926
2018-12-09 18:30:00,3.31,3.5672734,-0.25727337837219233
2018-12-09 18:45:00,3.42,3.8373878,-0.4173878002166749
2018-12-09 19:00:00,3.64,3.5672734,0.07272662162780774
2018-12-09 19:15:00,4.07,3.53663,0.5333700847625735
2018-12-09 19:30:00,4.03,3.93995,0.09005001068115259
2018-12-09 19:45:00,4.03,3.93995,0.09005001068115259
2018-12-09 20:00:00,4.0,3.8111844,0.18881559371948242
2018-12-09 20:15:00,3.31,3.8111844,-0.5011844062805175
2018-12-09 20:30:00,3.31,3.4015887,-0.0915886783599853
2018-12-09 20:45:00,3.35,3.4015887,-0.05158867835998526
2018-12-09 21:00:00,3.35,3.0976017,0.25239834785461435
2018-12-09 21:15:00,3.67,3.0976017,0.5723983478546142
2018-12-09 21:30:00,4.14,3.1295907,1.010409250259399
2018-12-09 21:45:00,3.38,3.76746,-0.38746010780334483
2018-12-09 22:00:00,3.28,3.2818599,-0.0018598747253419923
2018-12-09 22:15:00,3.13,3.3545794,-0.22457944869995128
2018-12-09 22:30:00,3.17,3.187722,-0.017721967697143626
2018-12-09 22:45:00,3.78,3.1910868,0.5889132308959959
2018-12-09 23:00:00,3.78,3.370963,0.40903690338134746
2018-12-09 23:15:00,3.74,3.4670148,0.2729852104187014
2018-12-09 23:30:00,3.74,3.4670148,0.2729852104187014
2018-12-09 23:45:00,3.46,3.4670148,-0.007014789581298864
2018-12-10 00:00:00,5.36,3.9231448,1.4368551826477054
2018-12-10 00:15:00,3.06,8.300401,-5.240400733947753
2018-12-10 00:30:00,3.02,4.2792234,-1.2592234420776367
2018-12-10 00:45:00,3.31,4.2792234,-0.9692234420776367
2018-12-10 01:00:00,3.85,3.532508,0.31749210357666025
2018-12-10 01:15:00,3.42,3.872218,-0.45221789360046394
2018-12-10 01:30:00,3.1,3.532508,-0.43250789642333975
2018-12-10 01:45:00,3.1,3.2800033,-0.18000330924987784
2018-12-10 02:00:00,3.17,3.2800033,-0.110003309249878
2018-12-10 02:15:00,3.31,3.3447213,-0.03472131729125971
2018-12-10 02:30:00,3.82,3.4864838,0.3335161876678465
2018-12-10 02:45:00,3.78,3.8261943,-0.04619428634643574
2018-12-10 03:00:00,3.82,3.7443807,0.07561928749084457
2018-12-10 03:15:00,3.74,3.8261943,-0.08619428634643533
2018-12-10 03:30:00,3.1,3.6983552,-0.598355197906494
2018-12-10 03:45:00,3.2,3.2339787,-0.033978748321533025
2018-12-10 04:00:00,3.1,3.3671942,-0.26719417572021475
2018-12-10 04:15:00,3.13,3.2339787,-0.10397874832153331
2018-12-10 04:30:00,3.17,3.283154,-0.11315401077270515
2018-12-10 04:45:00,3.49,3.3907459,0.09925412178039572
2018-12-10 05:00:00,3.74,3.5304136,0.2095863723754885
2018-12-10 05:15:00,3.13,3.7443807,-0.6143807125091554
2018-12-10 05:30:00,3.1,3.329179,-0.22917904853820792
2018-12-10 05:45:00,3.82,3.2339787,0.5860212516784666
2018-12-10 06:00:00,3.82,3.872218,-0.05221789360046403
2018-12-10 06:15:00,3.85,3.872218,-0.02221789360046378
2018-12-10 06:30:00,3.82,3.8261943,-0.006194286346435707
2018-12-10 06:45:00,3.46,3.81906,-0.3590600872039795
2018-12-10 07:00:00,3.06,3.4797528,-0.41975277900695795
2018-12-10 07:15:00,3.13,3.2339787,-0.10397874832153331
2018-12-10 07:30:00,3.56,3.2760198,0.28398018836975103
2018-12-10 07:45:00,5.87,3.502993,2.367006893157959
2018-12-10 08:00:00,6.8,23.066679,-16.26667900085449
2018-12-10 08:15:00,33.48,26.548986,6.931013565063473
2018-12-10 08:30:00,61.06,66.203926,-5.143926086425779
2018-12-10 08:45:00,58.36,66.65257,-8.292572631835938
2018-12-10 09:00:00,68.62,59.855274,8.764725799560551
2018-12-10 09:15:00,69.23,65.38574,3.844257812500004
2018-12-10 09:30:00,70.78,68.01195,2.7680523681640636
2018-12-10 09:45:00,61.74,75.550865,-13.810865173339842
2018-12-10 10:00:00,72.0,59.462727,12.537273406982422
2018-12-10 10:15:00,56.2,75.63822,-19.438221740722653
2018-12-10 10:30:00,56.02,61.08056,-5.060558776855466
2018-12-10 10:45:00,63.9,60.304546,3.5954536437988267
2018-12-10 11:00:00,68.47,64.83812,3.6318804931640614
2018-12-10 11:15:00,61.56,69.21406,-7.654057922363279
2018-12-10 11:30:00,70.31,63.190117,7.1198831176757835
2018-12-10 11:45:00,62.42,77.86565,-15.445646362304686
2018-12-10 12:00:00,44.75,34.201252,10.548748016357422
2018-12-10 12:15:00,9.11,26.24738,-17.137379302978516
2018-12-10 12:30:00,10.33,8.527205,1.802794532775879
2018-12-10 12:45:00,11.45,8.089583,3.360416603088378
2018-12-10 13:00:00,11.09,31.632,-20.541999969482422
2018-12-10 13:15:00,42.66,32.606705,10.053295288085934
2018-12-10 13:30:00,72.9,57.512913,15.387087249755865
2018-12-10 13:45:00,71.03,84.020195,-12.990195007324218
2018-12-10 14:00:00,67.32,78.24979,-10.929786376953132
2018-12-10 14:15:00,64.22,68.51352,-4.293519287109376
2018-12-10 14:30:00,69.91,66.50826,3.401737365722653
2018-12-10 14:45:00,51.23,73.77687,-22.546870727539066
2018-12-10 15:00:00,58.39,55.854557,2.535442962646485
2018-12-10 15:15:00,69.62,62.493046,7.126954193115239
2018-12-10 15:30:00,66.71,73.32052,-6.61051849365235
2018-12-10 15:45:00,65.99,67.15212,-1.1621224975585989
2018-12-10 16:00:00,64.98,66.20594,-1.2259402465820273
2018-12-10 16:15:00,64.55,63.944614,0.6053855895996065
2018-12-10 16:30:00,63.72,63.31692,0.4030787658691395
2018-12-10 16:45:00,66.53,63.736332,2.7936680603027355
2018-12-10 17:00:00,62.57,57.914833,4.655166931152344
2018-12-10 17:15:00,63.72,56.330616,7.389384002685546
2018-12-10 17:30:00,58.64,55.661842,2.9781576538085943
2018-12-10 17:45:00,60.12,54.123367,5.996632690429685
2018-12-10 18:00:00,24.73,59.217182,-34.487182159423824
2018-12-10 18:15:00,5.47,29.35986,-23.889859466552736
2018-12-10 18:30:00,4.5,14.270294,-9.770294189453125
2018-12-10 18:45:00,4.46,14.6806345,-10.22063449859619
2018-12-10 19:00:00,4.46,14.579867,-10.119867362976073
2018-12-10 19:15:00,4.75,14.507146,-9.757145881652832
2018-12-10 19:30:00,5.69,14.758157,-9.068156776428221
2018-12-10 19:45:00,5.62,15.147398,-9.527397994995116
2018-12-10 20:00:00,4.46,14.600789,-10.140789070129394
2018-12-10 20:15:00,4.46,14.025473,-9.56547264099121
2018-12-10 20:30:00,4.5,14.025473,-9.525472640991211
2018-12-10 20:45:00,4.43,14.025473,-9.595472640991211
2018-12-10 21:00:00,4.46,3.0074382,1.4525618171691894
2018-12-10 21:15:00,4.5,2.8965101,1.603489875793457
2018-12-10 21:30:00,4.57,3.0103133,1.559686727523804
2018-12-10 21:45:00,4.54,2.8678765,1.6721234703063965
2018-12-10 22:00:00,4.46,3.7742808,0.6857192134857177
2018-12-10 22:15:00,4.28,3.4391897,0.8408103275299075
2018-12-10 22:30:00,4.25,3.5066648,0.7433352470397949
2018-12-10 22:45:00,4.32,3.8114254,0.508574552536011
2018-12-10 23:00:00,4.18,3.870389,0.30961101531982393
2018-12-10 23:15:00,4.18,3.8114254,0.36857455253601046
2018-12-10 23:30:00,4.21,3.8114254,0.3985745525360107
2018-12-10 23:45:00,4.28,3.8114254,0.468574552536011
2018-12-11 00:00:00,4.18,5.5073156,-1.3273156356811526
2018-12-11 00:15:00,4.86,5.277644,-0.41764415740966765
2018-12-11 00:30:00,4.21,5.8063116,-1.5963116073608399
2018-12-11 00:45:00,4.18,5.115262,-0.9352620315551761
2018-12-11 01:00:00,4.21,5.454332,-1.2443318748474121
2018-12-11 01:15:00,4.32,5.042807,-0.7228071022033689
2018-12-11 01:30:00,4.25,5.101771,-0.8517708778381348
2018-12-11 01:45:00,4.18,5.042807,-0.8628071022033694
2018-12-11 02:00:00,4.21,5.042807,-0.8328071022033692
2018-12-11 02:15:00,4.28,5.042807,-0.7628071022033689
2018-12-11 02:30:00,4.25,5.5132957,-1.2632956504821777
2018-12-11 02:45:00,4.21,5.042807,-0.8328071022033692
2018-12-11 03:00:00,3.56,5.454332,-1.894331874847412
2018-12-11 03:15:00,3.56,3.2700412,0.2899587726593018
2018-12-11 03:30:00,3.53,3.2700412,0.25995877265930156
2018-12-11 03:45:00,3.53,3.2700412,0.25995877265930156
2018-12-11 04:00:00,3.85,3.2700412,0.5799587726593018
2018-12-11 04:15:00,4.18,3.593243,0.5867571163177487
2018-12-11 04:30:00,3.49,5.042807,-1.552807102203369
2018-12-11 04:45:00,3.56,3.2514377,0.30856233596801763
2018-12-11 05:00:00,3.56,3.2700412,0.2899587726593018
2018-12-11 05:15:00,3.74,3.2700412,0.46995877265930197
2018-12-11 05:30:00,4.18,3.4654038,0.7145962047576901
2018-12-11 05:45:00,4.25,5.454332,-1.204331874847412
2018-12-11 06:00:00,4.28,5.454332,-1.1743318748474119
2018-12-11 06:15:00,3.56,5.5132957,-1.9532956504821777
2018-12-11 06:30:00,3.53,3.6815665,-0.1515664768218996
2018-12-11 06:45:00,3.6,3.2700412,0.32995877265930185
2018-12-11 07:00:00,3.49,3.2700412,0.21995877265930197
2018-12-11 07:15:00,4.1,3.2514377,0.8485623359680172
2018-12-11 07:30:00,4.07,5.042807,-0.9728071022033689
2018-12-11 07:45:00,4.86,4.1833563,0.6766437149047855
2018-12-11 08:00:00,14.83,13.037936,1.7920637893676759
2018-12-11 08:15:00,44.21,42.429825,1.7801751708984384
2018-12-11 08:30:00,54.04,55.273525,-1.2335252380371102
2018-12-11 08:45:00,61.74,63.299393,-1.5593927001953105
2018-12-11 09:00:00,69.48,59.53306,9.946941833496098
2018-12-11 09:15:00,75.38,66.76731,8.61268890380859
2018-12-11 09:30:00,71.82,70.934135,0.8858645629882744
2018-12-11 09:45:00,71.24,71.08922,0.15078186035155738
2018-12-11 10:00:00,54.86,67.36694,-12.506943359375
2018-12-11 10:15:00,66.13,54.518536,11.611464385986324
2018-12-11 10:30:00,73.08,63.04987,10.030130462646483
2018-12-11 10:45:00,77.51,70.776764,6.73323608398438
2018-12-11 11:00:00,72.54,84.4625,-11.9225015258789
2018-12-11 11:15:00,63.83,72.396935,-8.566934509277345
2018-12-11 11:30:00,67.07,61.593822,5.476177520751946
2018-12-11 11:45:00,84.24,65.8505,18.38949798583984
2018-12-11 12:00:00,72.79,77.58286,-4.7928628540039
2018-12-11 12:15:00,7.96,30.377558,-22.4175577545166
2018-12-11 12:30:00,5.8,-0.6096966,6.409696626663208
2018-12-11 12:45:00,6.98,-0.07148648,7.051486480534077
2018-12-11 13:00:00,6.95,13.818881,-6.868881034851074
2018-12-11 13:15:00,38.45,34.26048,4.189521026611331
2018-12-11 13:30:00,59.36,54.484867,4.875132904052734
2018-12-11 13:45:00,66.02,65.23878,0.7812228393554648
2018-12-11 14:00:00,80.28,64.84395,15.436051635742189
2018-12-11 14:15:00,75.53,84.83722,-9.307219238281249
2018-12-11 14:30:00,72.0,72.84891,-0.848907470703125
2018-12-11 14:45:00,72.61,72.17134,0.43865905761718693
2018-12-11 15:00:00,78.55,72.47576,6.074238586425778
2018-12-11 15:15:00,73.98,85.053185,-11.07318450927734
2018-12-11 15:30:00,76.79,72.92066,3.869338073730475
2018-12-11 15:45:00,80.46,79.24678,1.2132196044921812
2018-12-11 16:00:00,68.11,84.96383,-16.853829040527344
2018-12-11 16:15:00,71.68,67.04287,4.637130432128913
2018-12-11 16:30:00,69.8,72.034805,-2.2348052978515653
2018-12-11 16:45:00,75.46,67.910034,7.549965820312494
2018-12-11 17:00:00,70.27,66.7146,3.555400390624996
2018-12-11 17:15:00,78.48,65.14211,13.33788726806641
2018-12-11 17:30:00,66.78,77.51793,-10.737929077148436
2018-12-11 17:45:00,32.11,58.831005,-26.721005096435547
2018-12-11 18:00:00,31.25,33.79946,-2.5494613647460938
2018-12-11 18:15:00,36.4,31.144836,5.255163574218749
2018-12-11 18:30:00,39.56,35.039284,4.520716247558596
2018-12-11 18:45:00,51.44,37.19319,14.246808471679685
2018-12-11 19:00:00,51.52,45.359253,6.160747070312503
2018-12-11 19:15:00,53.57,44.927734,8.642265625
2018-12-11 19:30:00,52.81,42.25969,10.550310668945315
2018-12-11 19:45:00,52.38,42.538506,9.841494445800784
2018-12-11 20:00:00,53.21,46.345913,6.8640870666503915
2018-12-11 20:15:00,51.91,46.686028,5.223972473144528
2018-12-11 20:30:00,53.46,45.85769,7.602311096191407
2018-12-11 20:45:00,32.36,46.714264,-14.354263916015626
2018-12-11 21:00:00,28.37,19.296993,9.073006744384767
2018-12-11 21:15:00,6.77,10.865219,-4.095219116210938
2018-12-11 21:30:00,5.69,3.7604446,1.9295553588867191
2018-12-11 21:45:00,5.8,3.9896502,1.8103497505187987
2018-12-11 22:00:00,5.69,4.6716,1.0184001350402836
2018-12-11 22:15:00,5.47,4.6452427,0.8247573089599607
2018-12-11 22:30:00,5.44,4.027447,1.4125527763366703
2018-12-11 22:45:00,4.97,4.4075,0.5625002098083494
2018-12-11 23:00:00,4.36,4.4352736,-0.07527364730834929
2018-12-11 23:15:00,4.25,4.126229,0.12377119064331055
2018-12-11 23:30:00,4.21,4.0672665,0.14273353576660153
2018-12-11 23:45:00,4.14,4.0672665,0.07273353576660124
2018-12-12 00:00:00,4.21,5.202801,-0.9928012275695801
2018-12-12 00:15:00,4.21,5.1142626,-0.9042625808715821
2018-12-12 00:30:00,4.14,5.202801,-1.0628012275695804
2018-12-12 00:45:00,4.14,5.202801,-1.0628012275695804
2018-12-12 01:00:00,4.14,5.0449543,-0.9049542999267581
2018-12-12 01:15:00,4.21,5.0449543,-0.8349542999267578
2018-12-12 01:30:00,4.18,5.0449543,-0.8649542999267581
2018-12-12 01:45:00,4.75,5.0449543,-0.2949542999267578
2018-12-12 02:00:00,5.33,5.420017,-0.09001676559448235
2018-12-12 02:15:00,4.25,7.3341722,-3.084172248840332
2018-12-12 02:30:00,4.25,5.0449543,-0.7949542999267578
2018-12-12 02:45:00,4.18,5.0449543,-0.8649542999267581
2018-12-12 03:00:00,4.21,5.1343412,-0.9243412399291993
2018-12-12 03:15:00,4.18,5.1343412,-0.9543412399291995
2018-12-12 03:30:00,4.18,5.1343412,-0.9543412399291995
2018-12-12 03:45:00,4.25,5.1343412,-0.8843412399291992
2018-12-12 04:00:00,4.18,5.2295694,-1.0495694351196292
2018-12-12 04:15:00,4.03,5.0449543,-1.0149542999267576
2018-12-12 04:30:00,3.46,3.901899,-0.4418990993499756
2018-12-12 04:45:00,3.46,3.3383348,0.12166520118713375
2018-12-12 05:00:00,3.53,3.3383348,0.1916652011871336
2018-12-12 05:15:00,3.46,3.3615751,0.09842487335205075
2018-12-12 05:30:00,3.49,3.248948,0.2410519027709963
2018-12-12 05:45:00,4.0,3.2535849,0.7464151382446289
2018-12-12 06:00:00,4.25,3.8125122,0.4374878406524658
2018-12-12 06:15:00,3.85,5.1343412,-1.2843412399291991
2018-12-12 06:30:00,3.42,3.6847763,-0.2647763061523438
2018-12-12 06:45:00,3.42,3.3267417,0.0932583045959472
2018-12-12 07:00:00,3.96,3.3267417,0.6332583045959472
2018-12-12 07:15:00,4.1,3.6579163,0.4420836925506588
2018-12-12 07:30:00,4.32,5.0449543,-0.7249542999267575
2018-12-12 07:45:00,5.83,5.080585,0.7494149971008301
2018-12-12 08:00:00,5.8,25.792618,-19.992617797851562
2018-12-12 08:15:00,36.86,40.55833,-3.6983305358886724
2018-12-12 08:30:00,60.37,57.85761,2.512391204833982
2018-12-12 08:45:00,66.46,74.35026,-7.8902578735351625
2018-12-12 09:00:00,69.05,70.66501,-1.6150085449218778
2018-12-12 09:15:00,63.86,70.18062,-6.320618286132813
2018-12-12 09:30:00,65.59,65.206276,0.38372406005859716
2018-12-12 09:45:00,60.98,68.674286,-7.694285888671878
2018-12-12 10:00:00,65.74,63.15997,2.5800306701660105
2018-12-12 10:15:00,57.17,67.49164,-10.321638183593748
2018-12-12 10:30:00,64.55,60.0744,4.475598144531247
2018-12-12 10:45:00,53.42,63.803627,-10.383627014160155
2018-12-12 11:00:00,65.88,58.94775,6.932249908447261
2018-12-12 11:15:00,57.71,68.52462,-10.814620056152343
2018-12-12 11:30:00,59.76,62.3054,-2.545400848388674
2018-12-12 11:45:00,79.85,59.809277,20.040723419189447
2018-12-12 12:00:00,49.64,81.64684,-32.00684295654297
2018-12-12 12:15:00,27.97,19.024954,8.945046157836913
2018-12-12 12:30:00,29.74,14.475508,15.264492263793944
2018-12-12 12:45:00,29.56,11.954659,17.6053405380249
2018-12-12 13:00:00,29.3,33.61849,-4.318488311767577
2018-12-12 13:15:00,58.86,56.42255,2.437449798583984
2018-12-12 13:30:00,61.78,67.35698,-5.576979370117186
2018-12-12 13:45:00,77.0,70.05768,6.94232177734375
2018-12-12 14:00:00,65.56,80.71361,-15.153607788085935
2018-12-12 14:15:00,86.51,65.96075,20.549253234863286
2018-12-12 14:30:00,60.44,88.11201,-27.672007141113284
2018-12-12 14:45:00,64.8,63.106087,1.693913269042966
2018-12-12 15:00:00,72.18,64.1333,8.046699218750007
2018-12-12 15:15:00,69.08,73.82663,-4.746629638671877
2018-12-12 15:30:00,66.17,69.206856,-3.0368557739257795
2018-12-12 15:45:00,61.67,68.30239,-6.632391052246092
2018-12-12 16:00:00,70.6,64.61332,5.986680603027338
2018-12-12 16:15:00,68.36,73.86211,-5.502106323242188
2018-12-12 16:30:00,75.1,72.81063,2.2893692016601506
2018-12-12 16:45:00,66.13,76.15008,-10.020077819824223
2018-12-12 17:00:00,70.7,61.28411,9.415888977050784
2018-12-12 17:15:00,60.7,64.24897,-3.5489700317382784
2018-12-12 17:30:00,57.92,57.946598,-0.02659805297851392
2018-12-12 17:45:00,32.9,43.517433,-10.617433166503908
2018-12-12 18:00:00,30.53,35.43623,-4.906229705810546
2018-12-12 18:15:00,49.9,40.507557,9.392443084716795
2018-12-12 18:30:00,67.25,51.438923,15.811077117919922
2018-12-12 18:45:00,69.37,66.618614,2.751385803222661
2018-12-12 19:00:00,65.99,67.65927,-1.6692712402343801
2018-12-12 19:15:00,66.02,68.2889,-2.2689022827148477
2018-12-12 19:30:00,60.19,66.9889,-6.7988992309570335
2018-12-12 19:45:00,58.54,61.037292,-2.497292480468751
2018-12-12 20:00:00,61.85,58.64466,3.20533905029297
2018-12-12 20:15:00,67.07,60.298336,6.771663970947259
2018-12-12 20:30:00,58.82,67.954765,-9.134765319824218
2018-12-12 20:45:00,53.35,49.525623,3.8243766784667983
2018-12-12 21:00:00,30.35,30.541212,-0.19121208190917827
2018-12-12 21:15:00,12.2,10.551169,1.648830604553222
2018-12-12 21:30:00,5.8,3.7713332,2.02866678237915
2018-12-12 21:45:00,5.76,3.4197092,2.3402907943725584
2018-12-12 22:00:00,5.65,4.005085,1.6449150085449222
2018-12-12 22:15:00,5.04,4.094035,0.9459648513793946
2018-12-12 22:30:00,4.25,3.819704,0.4302959442138672
2018-12-12 22:45:00,4.25,4.179228,0.07077217102050781
2018-12-12 23:00:00,4.21,4.202562,0.007438144683837855
2018-12-12 23:15:00,4.14,4.202562,-0.06256185531616243
2018-12-12 23:30:00,4.1,4.202562,-0.10256185531616246
2018-12-12 23:45:00,4.1,4.202562,-0.10256185531616246
2018-12-13 00:00:00,5.26,5.394415,-0.13441490173339865
2018-12-13 00:15:00,4.1,7.66709,-3.567089939117432
2018-12-13 00:30:00,4.18,5.394415,-1.2144149017333987
2018-12-13 00:45:00,4.21,5.394415,-1.1844149017333985
2018-12-13 01:00:00,4.14,5.2365675,-1.0965674972534183
2018-12-13 01:15:00,4.28,5.2365675,-0.9565674972534177
2018-12-13 01:30:00,4.18,5.2955313,-1.1155312728881839
2018-12-13 01:45:00,4.25,5.148029,-0.8980288505554199
2018-12-13 02:00:00,5.36,4.8892646,0.47073541641235384
2018-12-13 02:15:00,4.79,7.5868564,-2.7968563652038574
2018-12-13 02:30:00,4.25,5.6116304,-1.3616304397583008
2018-12-13 02:45:00,4.18,5.2365675,-1.0565674972534183
2018-12-13 03:00:00,4.21,5.2365675,-1.026567497253418
2018-12-13 03:15:00,4.18,5.2365675,-1.0565674972534183
2018-12-13 03:30:00,4.21,5.2365675,-1.026567497253418
2018-12-13 03:45:00,4.21,5.2365675,-1.026567497253418
2018-12-13 04:00:00,4.21,5.2365675,-1.026567497253418
2018-12-13 04:15:00,4.18,5.2365675,-1.0565674972534183
2018-12-13 04:30:00,4.21,5.3259544,-1.1159544372558594
2018-12-13 04:45:00,4.21,5.3259544,-1.1159544372558594
2018-12-13 05:00:00,4.18,5.3259544,-1.1459544372558597
2018-12-13 05:15:00,3.67,5.3259544,-1.6559544372558594
2018-12-13 05:30:00,3.42,3.6705651,-0.2505651283264161
2018-12-13 05:45:00,3.89,3.4313335,0.45866645812988294
2018-12-13 06:00:00,4.32,3.810883,0.5091169548034671
2018-12-13 06:15:00,3.46,5.4801464,-2.0201464080810547
2018-12-13 06:30:00,3.38,3.5323136,-0.15231358528137218
2018-12-13 06:45:00,3.38,3.5207205,-0.1407204818725587
2018-12-13 07:00:00,3.42,3.4313335,-0.011333541870117259
2018-12-13 07:15:00,3.42,3.4313335,-0.011333541870117259
2018-12-13 07:30:00,3.71,3.4313335,0.2786664581298828
2018-12-13 07:45:00,5.69,3.3958313,2.2941686534881596
2018-12-13 08:00:00,6.23,14.270673,-8.040672798156738
2018-12-13 08:15:00,35.57,42.339386,-6.769385986328125
2018-12-13 08:30:00,72.86,58.294243,14.56575714111328
2018-12-13 08:45:00,61.74,81.738106,-19.99810577392578
2018-12-13 09:00:00,76.36,65.68413,10.675872192382812
2018-12-13 09:15:00,63.11,82.0247,-18.914696350097657
2018-12-13 09:30:00,65.66,66.949524,-1.2895239257812534
2018-12-13 09:45:00,72.07,71.09622,0.9737780761718682
2018-12-13 10:00:00,56.84,75.12765,-18.28764739990234
2018-12-13 10:15:00,69.3,59.454487,9.845513153076169
2018-12-13 10:30:00,65.66,71.751724,-6.091724243164066
2018-12-13 10:45:00,85.43,66.9042,18.525802307128913
2018-12-13 11:00:00,53.17,93.89049,-40.720487670898436
2018-12-13 11:15:00,55.4,58.942104,-3.542104339599611
2018-12-13 11:30:00,60.08,59.634743,0.44525726318359204
2018-12-13 11:45:00,58.0,58.978027,-0.97802734375
2018-12-13 12:00:00,51.3,53.354004,-2.054003906250003
2018-12-13 12:15:00,11.38,23.952612,-12.572611923217773
2018-12-13 12:30:00,10.91,14.874133,-3.9641331100463866
2018-12-13 12:45:00,30.1,14.874133,15.225866889953615
2018-12-13 13:00:00,36.4,44.15538,-7.755380249023439
2018-12-13 13:15:00,41.69,58.39494,-16.704939422607424
2018-12-13 13:30:00,56.92,60.854237,-3.9342366027832014
2018-12-13 13:45:00,46.66,65.902405,-19.242404785156253
2018-12-13 14:00:00,52.52,56.205063,-3.6850628662109344
2018-12-13 14:15:00,58.25,58.33377,-0.083770751953125
2018-12-13 14:30:00,72.61,62.444447,10.165553436279296
2018-12-13 14:45:00,66.24,76.43118,-10.19118286132813
2018-12-13 15:00:00,73.08,68.63798,4.442022399902342
2018-12-13 15:15:00,60.52,76.26291,-15.742908935546872
2018-12-13 15:30:00,59.87,64.44138,-4.571383361816409
2018-12-13 15:45:00,63.5,62.190502,1.3094978332519531
2018-12-13 16:00:00,60.52,65.432335,-4.912334899902341
2018-12-13 16:15:00,88.92,64.36045,24.559549255371095
2018-12-13 16:30:00,105.37,88.24312,17.126881713867192
2018-12-13 16:45:00,102.89,94.79683,8.093170776367188
2018-12-13 17:00:00,77.83,85.27394,-7.443941040039064
2018-12-13 17:15:00,67.18,77.830025,-10.650024719238274
2018-12-13 17:30:00,70.13,60.775684,9.354315643310542
2018-12-13 17:45:00,31.72,49.075203,-17.355202941894532
2018-12-13 18:00:00,31.5,35.84282,-4.3428192138671875
2018-12-13 18:15:00,54.79,43.545986,11.24401382446289
2018-12-13 18:30:00,77.04,57.875774,19.164225616455084
2018-12-13 18:45:00,79.63,77.18853,2.4414700317382767
2018-12-13 19:00:00,80.46,86.56256,-6.102561035156256
2018-12-13 19:15:00,71.89,83.51029,-11.620292053222656
2018-12-13 19:30:00,78.52,74.36168,4.1583209228515585
2018-12-13 19:45:00,52.31,85.078026,-32.76802581787109
2018-12-13 20:00:00,61.16,55.89296,5.267040405273434
2018-12-13 20:15:00,61.6,61.11195,0.48805007934570455
2018-12-13 20:30:00,49.68,60.106216,-10.426216430664063
2018-12-13 20:45:00,41.54,54.453342,-12.913342437744141
2018-12-13 21:00:00,20.16,29.195032,-9.035032119750976
2018-12-13 21:15:00,6.16,5.7679434,0.39205661773681655
2018-12-13 21:30:00,5.69,4.4101763,1.2798237228393559
2018-12-13 21:45:00,5.69,4.264878,1.4251222038269047
2018-12-13 22:00:00,5.65,4.6893353,0.9606646537780765
2018-12-13 22:15:00,5.47,5.2478385,0.22216150283813452
2018-12-13 22:30:00,5.4,4.5306816,0.8693183898925785
2018-12-13 22:45:00,5.36,5.0474987,0.31250129699707063
2018-12-13 23:00:00,5.36,5.0474987,0.31250129699707063
2018-12-13 23:15:00,5.26,5.0474987,0.2125012969970701
2018-12-13 23:30:00,5.22,5.024744,0.1952559661865232
2018-12-13 23:45:00,5.18,5.057351,0.12264888763427706
2018-12-14 00:00:00,4.1,6.7856207,-2.68562068939209
2018-12-14 00:15:00,5.33,5.303139,0.026860790252685618
2018-12-14 00:30:00,5.29,7.1870265,-1.8970265007019043
2018-12-14 00:45:00,5.26,7.164272,-1.9042718315124514
2018-12-14 01:00:00,5.29,6.7666726,-1.4766726112365722
2018-12-14 01:15:00,5.26,6.7666726,-1.5066726112365725
2018-12-14 01:30:00,5.36,6.7666726,-1.406672611236572
2018-12-14 01:45:00,5.33,6.7894273,-1.4594272804260253
2018-12-14 02:00:00,4.79,7.0336404,-2.2436403846740722
2018-12-14 02:15:00,4.14,4.7706394,-0.6306394195556644
2018-12-14 02:30:00,4.18,4.6635275,-0.4835274887084964
2018-12-14 02:45:00,4.21,4.6635275,-0.45352748870849613
2018-12-14 03:00:00,4.18,4.6635275,-0.4835274887084964
2018-12-14 03:15:00,4.25,4.6635275,-0.4135274887084961
2018-12-14 03:30:00,4.18,4.6635275,-0.4835274887084964
2018-12-14 03:45:00,4.14,4.6635275,-0.5235274887084964
2018-12-14 04:00:00,4.28,4.6635275,-0.38352748870849585
2018-12-14 04:15:00,4.18,4.7224913,-0.542491264343262
2018-12-14 04:30:00,4.18,4.6635275,-0.4835274887084964
2018-12-14 04:45:00,4.1,4.6635275,-0.5635274887084964
2018-12-14 05:00:00,4.46,4.6635275,-0.20352748870849613
2018-12-14 05:15:00,5.4,4.7606773,0.639322662353516
2018-12-14 05:30:00,4.5,6.878814,-2.378814220428467
2018-12-14 05:45:00,4.18,4.818056,-0.6380561065673831
2018-12-14 06:00:00,4.14,4.6635275,-0.5235274887084964
2018-12-14 06:15:00,4.14,4.752915,-0.612914905548096
2018-12-14 06:30:00,3.49,4.752915,-1.2629149055480955
2018-12-14 06:45:00,3.42,3.1888692,0.23113076210021966
2018-12-14 07:00:00,3.35,3.1766012,0.17339882850646982
2018-12-14 07:15:00,3.35,3.1766012,0.17339882850646982
2018-12-14 07:30:00,4.25,3.1766012,1.0733988285064697
2018-12-14 07:45:00,6.52,4.9678283,1.5521717262268062
2018-12-14 08:00:00,7.38,13.428515,-6.048515434265137
2018-12-14 08:15:00,36.22,44.605366,-8.38536575317383
2018-12-14 08:30:00,94.18,58.327106,35.85289352416993
2018-12-14 08:45:00,97.88,97.83532,0.0446804809570267
2018-12-14 09:00:00,129.37415,95.88031,33.493839941406236
2018-12-14 09:15:00,93.67,96.00233,-2.3323269653320295
2018-12-14 09:30:00,109.26,92.4598,16.80019927978516
2018-12-14 09:45:00,128.34,95.76237,32.57763275146485
2018-12-14 10:00:00,81.47,99.19488,-17.72487762451172
2018-12-14 10:15:00,109.69,88.80664,20.883359374999998
2018-12-14 10:30:00,120.67,94.033936,26.636064453125
2018-12-14 10:45:00,92.81,90.0089,2.8010964965820335
2018-12-14 11:00:00,91.58,91.830574,-0.25057403564453296
2018-12-14 11:15:00,104.9,93.05348,11.846517944335943
2018-12-14 11:30:00,124.2,99.0253,25.174700927734378
2018-12-14 11:45:00,88.85,93.9683,-5.118299865722662
2018-12-14 12:00:00,129.37415,82.82237,46.55177756347655
2018-12-14 12:15:00,13.61,14.639801,-1.0298010253906256
2018-12-14 12:30:00,9.86,-0.30635893,10.166358933448791
2018-12-14 12:45:00,9.61,15.602528,-5.992527618408204
2018-12-14 13:00:00,9.43,50.182854,-40.75285369873047
2018-12-14 13:15:00,86.98,53.25105,33.72895095825196
2018-12-14 13:30:00,74.66,96.08181,-21.421809997558597
2018-12-14 13:45:00,116.42,82.948395,33.47160522460938
2018-12-14 14:00:00,107.57,94.855354,12.714645690917962
2018-12-14 14:15:00,103.82,96.07131,7.748688049316399
2018-12-14 14:30:00,114.73,100.64937,14.080631713867191
2018-12-14 14:45:00,84.74,95.28846,-10.548459777832036
2018-12-14 15:00:00,109.4,94.22529,15.174711608886724
2018-12-14 15:15:00,125.21,95.855225,29.354775390624994
2018-12-14 15:30:00,89.35,94.805885,-5.455885314941412
2018-12-14 15:45:00,122.26,95.37498,26.8850228881836
2018-12-14 16:00:00,114.66,92.64391,22.016086730957028
2018-12-14 16:15:00,96.8,90.8146,5.985401916503903
2018-12-14 16:30:00,118.12,101.25445,16.865552062988286
2018-12-14 16:45:00,129.37415,91.296104,38.07804556884764
2018-12-14 17:00:00,102.64,86.486176,16.153824462890626
2018-12-14 17:15:00,63.94,92.09757,-28.15757232666016
2018-12-14 17:30:00,62.64,67.84906,-5.209060058593749
2018-12-14 17:45:00,37.94,44.848984,-6.90898376464844
2018-12-14 18:00:00,32.62,38.753033,-6.133032684326174
2018-12-14 18:15:00,29.63,52.20506,-22.575059051513673
2018-12-14 18:30:00,26.57,45.129047,-18.559047393798828
2018-12-14 18:45:00,26.35,38.253876,-11.903875732421874
2018-12-14 19:00:00,26.32,35.399963,-9.07996337890625
2018-12-14 19:15:00,26.39,37.43453,-11.044528350830078
2018-12-14 19:30:00,26.64,36.340004,-9.700003967285156
2018-12-14 19:45:00,28.44,39.604042,-11.164042053222655
2018-12-14 20:00:00,30.46,41.385357,-10.925356903076171
2018-12-14 20:15:00,29.88,45.58324,-15.703240509033204
2018-12-14 20:30:00,30.06,43.984203,-13.924203338623048
2018-12-14 20:45:00,31.93,42.23438,-10.304378814697266
2018-12-14 21:00:00,28.66,15.333858,13.326142463684082
2018-12-14 21:15:00,5.76,10.233263,-4.4732630157470705
2018-12-14 21:30:00,5.8,3.4956565,2.304343509674072
2018-12-14 21:45:00,5.72,3.4956565,2.224343509674072
2018-12-14 22:00:00,5.69,4.1823773,1.5076226615905766
2018-12-14 22:15:00,5.4,4.271327,1.1286729812622074
2018-12-14 22:30:00,5.33,4.3797727,0.950227336883545
2018-12-14 22:45:00,5.33,4.458877,0.8711229133605958
2018-12-14 23:00:00,5.33,4.56153,0.7684698867797852
2018-12-14 23:15:00,4.86,4.444359,0.41564117431640657
2018-12-14 23:30:00,4.03,4.1722713,-0.14227125167846655
2018-12-14 23:45:00,4.03,3.668396,0.36160400390625025
2018-12-15 00:00:00,3.28,4.2028546,-0.922854633331299
2018-12-15 00:15:00,4.14,4.0032654,0.13673461914062468
2018-12-15 00:30:00,4.1,5.2596374,-1.1596373558044437
2018-12-15 00:45:00,4.07,5.40224,-1.3322397994995114
2018-12-15 01:00:00,4.14,3.7613356,0.3786643886566159
2018-12-15 01:15:00,4.14,4.949781,-0.8097809410095218
2018-12-15 01:30:00,4.14,5.066952,-0.9269522285461429
2018-12-15 01:45:00,4.14,5.066952,-0.9269522285461429
2018-12-15 02:00:00,4.1,4.8646116,-0.7646116256713871
2018-12-15 02:15:00,4.1,4.7360687,-0.6360687255859379
2018-12-15 02:30:00,4.21,4.7360687,-0.5260687255859375
2018-12-15 02:45:00,4.1,4.7360687,-0.6360687255859379
2018-12-15 03:00:00,4.18,4.7360687,-0.5560687255859378
2018-12-15 03:15:00,4.82,4.7360687,0.08393127441406278
2018-12-15 03:30:00,5.26,4.9200926,0.33990741729736307
2018-12-15 03:45:00,4.18,6.839214,-2.659213848114014
2018-12-15 04:00:00,4.14,4.7360687,-0.5960687255859378
2018-12-15 04:15:00,4.14,4.7360687,-0.5960687255859378
2018-12-15 04:30:00,3.82,4.7360687,-0.9160687255859377
2018-12-15 04:45:00,3.46,3.4969838,-0.03698376655578617
2018-12-15 05:00:00,3.49,3.3456213,0.14437865257263205
2018-12-15 05:15:00,3.42,3.5681145,-0.14811451911926277
2018-12-15 05:30:00,3.42,3.2883813,0.1316186618804931
2018-12-15 05:45:00,3.42,3.1518025,0.2681974601745605
2018-12-15 06:00:00,3.38,3.1518025,0.22819746017456044
2018-12-15 06:15:00,3.46,3.1518025,0.3081974601745605
2018-12-15 06:30:00,3.42,3.24882,0.17117993354797356
2018-12-15 06:45:00,3.49,3.2411888,0.24881123542785666
2018-12-15 07:00:00,4.57,3.2534568,1.3165431690216067
2018-12-15 07:15:00,4.43,4.8332186,-0.40321857452392607
2018-12-15 07:30:00,4.1,4.7950325,-0.6950325012207035
2018-12-15 07:45:00,4.07,4.7153587,-0.6453587341308591
2018-12-15 08:00:00,3.64,7.5513453,-3.911345348358154
2018-12-15 08:15:00,3.35,28.990337,-25.64033737182617
2018-12-15 08:30:00,3.35,22.842289,-19.492288970947264
2018-12-15 08:45:00,3.38,16.855503,-13.475503082275392
2018-12-15 09:00:00,3.49,13.066073,-9.576073417663574
2018-12-15 09:15:00,3.56,10.375667,-6.8156666183471675
2018-12-15 09:30:00,3.38,10.313603,-6.933603401184082
2018-12-15 09:45:00,3.42,10.481258,-7.0612583923339844
2018-12-15 10:00:00,3.35,9.726984,-6.376984024047852
2018-12-15 10:15:00,3.35,8.707561,-5.357560539245606
2018-12-15 10:30:00,3.35,10.263821,-6.91382064819336
2018-12-15 10:45:00,4.97,9.471751,-4.501751213073731
2018-12-15 11:00:00,5.36,15.222867,-9.862867012023926
2018-12-15 11:15:00,4.28,15.663047,-11.383046836853026
2018-12-15 11:30:00,4.18,10.590186,-6.41018611907959
2018-12-15 11:45:00,3.35,11.183997,-7.83399715423584
2018-12-15 12:00:00,3.38,7.5883617,-4.208361740112305
2018-12-15 12:15:00,3.42,1.3548477,2.0651523303985595
2018-12-15 12:30:00,3.42,0.57790726,2.8420927357673644
2018-12-15 12:45:00,3.42,0.2052076,3.2147923988103866
2018-12-15 13:00:00,3.38,7.5137987,-4.133798713684082
2018-12-15 13:15:00,3.31,13.697456,-10.38745635986328
2018-12-15 13:30:00,3.35,13.438616,-10.088615798950196
2018-12-15 13:45:00,3.38,10.260331,-6.880331153869629
2018-12-15 14:00:00,3.31,9.558547,-6.248547019958496
2018-12-15 14:15:00,3.82,5.2272882,-1.4072882461547853
2018-12-15 14:30:00,4.1,6.092466,-1.9924658775329593
2018-12-15 14:45:00,4.07,7.2142115,-3.1442114639282224
2018-12-15 15:00:00,4.21,5.267893,-1.057892837524414
2018-12-15 15:15:00,3.74,4.4409313,-0.7009313201904295
2018-12-15 15:30:00,3.74,4.2333846,-0.4933846092224119
2018-12-15 15:45:00,3.96,3.430623,0.5293769454956054
2018-12-15 16:00:00,3.28,5.7008543,-2.420854301452637
2018-12-15 16:15:00,3.35,3.9154642,-0.565464162826538
2018-12-15 16:30:00,3.28,2.4219935,0.8580065059661863
2018-12-15 16:45:00,3.24,1.0377951,2.202204933166504
2018-12-15 17:00:00,3.28,1.3251123,1.9548876571655271
2018-12-15 17:15:00,3.28,0.5542203,2.7257796812057493
2018-12-15 17:30:00,3.35,0.3776169,2.972383087873459
2018-12-15 17:45:00,4.18,0.96862406,3.21137594461441
2018-12-15 18:00:00,4.1,4.1669726,-0.06697263717651403
2018-12-15 18:15:00,4.1,4.8733416,-0.7733415603637699
2018-12-15 18:30:00,4.1,4.806825,-0.706825160980225
2018-12-15 18:45:00,4.03,4.806825,-0.7768251609802244
2018-12-15 19:00:00,4.28,4.4433055,-0.1633054924011228
2018-12-15 19:15:00,3.49,5.0534015,-1.563401470184326
2018-12-15 19:30:00,3.38,3.6014357,-0.22143566131591808
2018-12-15 19:45:00,3.35,3.8815203,-0.5315202713012694
2018-12-15 20:00:00,3.38,2.6187165,0.7612835216522216
2018-12-15 20:15:00,3.46,3.4278088,0.03219123840332028
2018-12-15 20:30:00,3.42,3.4875793,-0.06757934570312507
2018-12-15 20:45:00,3.35,2.5195186,0.8304813861846925
2018-12-15 21:00:00,3.38,3.471458,-0.09145795822143565
2018-12-15 21:15:00,3.96,3.211316,0.7486838912963867
2018-12-15 21:30:00,4.28,3.4836829,0.7963171291351321
2018-12-15 21:45:00,4.25,4.0825276,0.16747236251831055
2018-12-15 22:00:00,4.18,4.156087,0.023913078308105185
2018-12-15 22:15:00,3.74,4.3326054,-0.5926053619384763
2018-12-15 22:30:00,3.31,3.8542874,-0.5442873859405517
2018-12-15 22:45:00,4.07,3.7418525,0.328147478103638
2018-12-15 23:00:00,3.56,4.175369,-0.6153687858581542
2018-12-15 23:15:00,3.17,3.4416852,-0.2716851997375489
2018-12-15 23:30:00,3.24,3.3673782,-0.12737823486328104
2018-12-15 23:45:00,3.2,3.4348192,-0.23481922149658185
2018-12-16 00:00:00,4.21,3.5906713,0.6193286991119384
2018-12-16 00:15:00,3.24,5.265799,-2.025799045562744
2018-12-16 00:30:00,3.28,3.7574053,-0.4774052810668947
2018-12-16 00:45:00,3.28,3.7574053,-0.4774052810668947
2018-12-16 01:00:00,3.85,3.2447782,0.6052218437194825
2018-12-16 01:15:00,4.18,3.5742548,0.6057452487945554
2018-12-16 01:30:00,4.07,4.81334,-0.7433401870727536
2018-12-16 01:45:00,4.07,3.7674975,0.3025024604797366
2018-12-16 02:00:00,3.92,3.7674975,0.15250246047973626
2018-12-16 02:15:00,3.28,3.636782,-0.3567819309234621
2018-12-16 02:30:00,3.42,3.2447782,0.17522184371948235
2018-12-16 02:45:00,3.53,3.2447782,0.2852218437194822
2018-12-16 03:00:00,4.14,3.251054,0.8889459514617917
2018-12-16 03:15:00,3.56,4.790007,-1.2300071144104003
2018-12-16 03:30:00,3.35,3.3780968,-0.028096818923950106
2018-12-16 03:45:00,3.38,3.2447782,0.13522184371948232
2018-12-16 04:00:00,3.42,3.2447782,0.17522184371948235
2018-12-16 04:15:00,3.42,3.2447782,0.17522184371948235
2018-12-16 04:30:00,3.42,3.3174977,0.10250226974487298
2018-12-16 04:45:00,3.38,3.222269,0.15773094177246083
2018-12-16 05:00:00,4.07,3.222269,0.8477309417724612
2018-12-16 05:15:00,4.14,3.7449896,0.395010366439819
2018-12-16 05:30:00,4.07,4.7908325,-0.7208325195312497
2018-12-16 05:45:00,4.07,3.7449896,0.3250103664398196
2018-12-16 06:00:00,3.53,3.7449896,-0.21498963356018086
2018-12-16 06:15:00,3.31,3.228545,0.08145504951477056
2018-12-16 06:30:00,3.35,3.222269,0.12773094177246103
2018-12-16 06:45:00,3.64,3.222269,0.41773094177246106
2018-12-16 07:00:00,4.07,3.227803,0.8421970081329349
2018-12-16 07:15:00,3.38,3.7938552,-0.4138551902770997
2018-12-16 07:30:00,3.28,3.2447782,0.035221843719482226
2018-12-16 07:45:00,3.89,3.2447782,0.6452218437194825
2018-12-16 08:00:00,3.96,3.9230568,0.03694315910339352
2018-12-16 08:15:00,39.35,3.985584,35.36441597938538
2018-12-16 08:30:00,63.54,49.07948,14.460520782470702
2018-12-16 08:45:00,65.02,59.717907,5.302093048095699
2018-12-16 09:00:00,63.79,66.25017,-2.4601678466796884
2018-12-16 09:15:00,61.7,58.929214,2.7707855224609403
2018-12-16 09:30:00,64.8,54.242188,10.557812499999997
2018-12-16 09:45:00,51.16,62.450455,-11.290454711914066
2018-12-16 10:00:00,55.01,43.07823,11.93176818847656
2018-12-16 10:15:00,61.81,45.80639,16.003611145019534
2018-12-16 10:30:00,72.18,53.19865,18.981349639892585
2018-12-16 10:45:00,54.86,58.65551,-3.7955099487304693
2018-12-16 11:00:00,66.78,38.787605,27.99239471435547
2018-12-16 11:15:00,69.95,59.830803,10.119197082519534
2018-12-16 11:30:00,53.35,60.378696,-7.028696441650389
2018-12-16 11:45:00,55.51,45.231148,10.278852233886717
2018-12-16 12:00:00,11.81,30.242662,-18.432662429809568
2018-12-16 12:15:00,5.65,5.70479,-0.05479011535644496
2018-12-16 12:30:00,5.54,4.433473,1.1065268898010254
2018-12-16 12:45:00,5.44,4.4898014,0.9501985931396488
2018-12-16 13:00:00,5.33,7.745111,-2.4151109886169433
2018-12-16 13:15:00,36.47,8.312248,28.15775177001953
2018-12-16 13:30:00,63.72,39.443512,24.276488037109374
2018-12-16 13:45:00,64.8,62.56314,2.236859130859372
2018-12-16 14:00:00,61.85,62.18579,-0.3357910156249986
2018-12-16 14:15:00,57.89,54.49079,3.3992086791992193
2018-12-16 14:30:00,54.36,43.358467,11.001532897949218
2018-12-16 14:45:00,47.38,43.621605,3.758395080566409
2018-12-16 15:00:00,43.49,37.01256,6.477438201904299
2018-12-16 15:15:00,45.4,38.693542,6.706457519531249
2018-12-16 15:30:00,60.55,40.24492,20.30508117675781
2018-12-16 15:45:00,48.42,48.671997,-0.2519970703124983
2018-12-16 16:00:00,63.22,42.59502,20.624979705810546
2018-12-16 16:15:00,62.64,59.495754,3.144245758056641
2018-12-16 16:30:00,66.02,55.154266,10.865733642578121
2018-12-16 16:45:00,35.42,65.23976,-29.81976135253906
2018-12-16 17:00:00,9.11,29.560617,-20.450617446899415
2018-12-16 17:15:00,8.06,9.227708,-1.1677078628540034
2018-12-16 17:30:00,7.74,8.383426,-0.643425712585449
2018-12-16 17:45:00,7.85,6.6218476,1.2281523704528805
2018-12-16 18:00:00,6.73,8.318257,-1.588257331848144
2018-12-16 18:15:00,5.22,6.153349,-0.9333489227294924
2018-12-16 18:30:00,5.69,6.3100333,-0.6200333213806148
2018-12-16 18:45:00,5.72,6.3038015,-0.5838015365600588
2018-12-16 19:00:00,5.69,6.3038015,-0.6138015365600582
2018-12-16 19:15:00,5.72,6.5038624,-0.7838623809814456
2018-12-16 19:30:00,5.44,6.5038624,-1.063862380981445
2018-12-16 19:45:00,4.46,6.047884,-1.5878839874267578
2018-12-16 20:00:00,4.5,5.5833817,-1.0833816528320312
2018-12-16 20:15:00,4.46,5.5833817,-1.1233816528320313
2018-12-16 20:30:00,4.5,5.5833817,-1.0833816528320312
2018-12-16 20:45:00,4.54,5.5833817,-1.0433816528320312
2018-12-16 21:00:00,4.46,3.8674393,0.5925607299804687
2018-12-16 21:15:00,4.5,3.794719,0.7052810192108154
2018-12-16 21:30:00,4.5,3.794719,0.7052810192108154
2018-12-16 21:45:00,4.57,3.794719,0.7752810192108157
2018-12-16 22:00:00,4.57,3.977589,0.5924111080169681
2018-12-16 22:15:00,4.25,4.0503078,0.1996922492980957
2018-12-16 22:30:00,4.25,4.0588193,0.19118070602416992
2018-12-16 22:45:00,4.18,3.986101,0.1938990879058835
2018-12-16 23:00:00,5.44,4.0588193,1.3811807060241703
2018-12-16 23:15:00,4.82,4.7270494,0.0929506492614749
2018-12-16 23:30:00,4.14,4.3940187,-0.25401865005493196
2018-12-16 23:45:00,4.18,4.007702,0.17229812622070284
2018-12-17 00:00:00,4.57,7.018328,-2.4483281898498532
2018-12-17 00:15:00,4.25,6.3619447,-2.1119446754455566
2018-12-17 00:30:00,4.18,6.354181,-2.1741808128356936
2018-12-17 00:45:00,4.21,6.354181,-2.1441808128356934
2018-12-17 01:00:00,4.21,6.013263,-1.80326322555542
2018-12-17 01:15:00,4.21,6.0150976,-1.8050976181030274
2018-12-17 01:30:00,4.36,5.940543,-1.580543174743652
2018-12-17 01:45:00,4.28,5.999506,-1.7195059967041013
2018-12-17 02:00:00,4.28,5.999506,-1.7195059967041013
2018-12-17 02:15:00,4.28,6.026202,-1.7462022018432615
2018-12-17 02:30:00,3.71,6.026202,-2.3162022018432618
2018-12-17 02:45:00,4.32,5.8762527,-1.5562526512145993
2018-12-17 03:00:00,3.82,5.999506,-2.1795059967041017
2018-12-17 03:15:00,3.53,4.5636954,-1.0336954307556154
2018-12-17 03:30:00,3.53,4.194468,-0.6644680213928225
2018-12-17 03:45:00,3.53,4.194468,-0.6644680213928225
2018-12-17 04:00:00,3.6,4.194468,-0.5944680213928222
2018-12-17 04:15:00,3.53,4.194468,-0.6644680213928225
2018-12-17 04:30:00,3.53,4.194468,-0.6644680213928225
2018-12-17 04:45:00,4.1,4.194468,-0.09446802139282262
2018-12-17 05:00:00,4.25,5.940543,-1.6905431747436523
2018-12-17 05:15:00,4.28,5.940543,-1.660543174743652
2018-12-17 05:30:00,4.25,5.999506,-1.7495059967041016
2018-12-17 05:45:00,3.64,5.940543,-2.300543174743652
2018-12-17 06:00:00,3.49,5.680893,-2.1908929443359373
2018-12-17 06:15:00,3.46,4.1758647,-0.7158646965026856
2018-12-17 06:30:00,4.32,4.1712284,0.14877159118652372
2018-12-17 06:45:00,3.6,6.072226,-2.472226047515869
2018-12-17 07:00:00,3.42,4.167773,-0.7477727699279786
2018-12-17 07:15:00,3.49,4.1779594,-0.6879594421386717
2018-12-17 07:30:00,4.36,4.1758647,0.18413530349731477
2018-12-17 07:45:00,6.19,6.0343766,0.1556233787536625
2018-12-17 08:00:00,6.3,24.016052,-17.71605224609375
2018-12-17 08:15:00,6.48,34.715004,-28.235003967285156
2018-12-17 08:30:00,53.35,31.115088,22.234912490844728
2018-12-17 08:45:00,46.94,63.059673,-16.119673309326174
2018-12-17 09:00:00,52.06,51.734993,0.325007019042971
2018-12-17 09:15:00,54.83,55.764133,-0.9341334533691423
2018-12-17 09:30:00,56.12,55.466114,0.6538859558105443
2018-12-17 09:45:00,58.0,56.280388,1.7196121215820312
2018-12-17 10:00:00,50.08,56.42972,-6.349721832275392
2018-12-17 10:15:00,46.04,53.35189,-7.311890563964845
2018-12-17 10:30:00,49.54,48.54865,0.9913511657714835
2018-12-17 10:45:00,54.14,52.560303,1.5796972656250006
2018-12-17 11:00:00,53.78,54.52191,-0.7419116210937489
2018-12-17 11:15:00,52.67,54.724617,-2.0546170043945295
2018-12-17 11:30:00,55.84,53.84322,1.9967802429199253
2018-12-17 11:45:00,49.64,55.96075,-6.320750579833984
2018-12-17 12:00:00,54.5,34.256203,20.243797302246094
2018-12-17 12:15:00,11.12,34.147087,-23.02708709716797
2018-12-17 12:30:00,7.06,9.267952,-2.2079519653320316
2018-12-17 12:45:00,7.13,10.236756,-3.1067563247680665
2018-12-17 13:00:00,8.21,27.079315,-18.869315185546874
2018-12-17 13:15:00,33.26,43.766827,-10.506826629638674
2018-12-17 13:30:00,56.99,53.65986,3.3301412963867207
2018-12-17 13:45:00,56.59,65.626656,-9.036655578613278
2018-12-17 14:00:00,55.08,57.073303,-1.9933032226562517
2018-12-17 14:15:00,51.05,55.605614,-4.555613708496097
2018-12-17 14:30:00,47.95,53.838326,-5.888325500488278
2018-12-17 14:45:00,57.82,51.90801,5.911991424560547
2018-12-17 15:00:00,59.11,57.551113,1.55888687133789
2018-12-17 15:15:00,60.62,57.073006,3.546994323730466
2018-12-17 15:30:00,53.6,60.083775,-6.483774566650389
2018-12-17 15:45:00,60.44,55.66103,4.77897018432617
2018-12-17 16:00:00,67.5,60.072433,7.4275665283203125
2018-12-17 16:15:00,85.86,66.849556,19.010444030761718
2018-12-17 16:30:00,82.33,92.71326,-10.383256835937502
2018-12-17 16:45:00,59.8,88.18943,-28.38943023681641
2018-12-17 17:00:00,60.37,51.41211,8.957890624999997
2018-12-17 17:15:00,56.38,52.22043,4.159571533203128
2018-12-17 17:30:00,52.99,51.7811,1.2088987731933614
2018-12-17 17:45:00,35.35,50.669228,-15.319227600097655
2018-12-17 18:00:00,31.32,40.586975,-9.26697509765625
2018-12-17 18:15:00,16.09,40.21905,-24.129051361083985
2018-12-17 18:30:00,6.37,22.68406,-16.314059143066405
2018-12-17 18:45:00,5.8,17.233387,-11.433386993408202
2018-12-17 19:00:00,5.54,15.978858,-10.43885799407959
2018-12-17 19:15:00,5.54,16.030092,-10.490092239379884
2018-12-17 19:30:00,5.62,16.030092,-10.410092239379882
2018-12-17 19:45:00,5.54,15.340143,-9.800143203735352
2018-12-17 20:00:00,5.62,14.742295,-9.122295265197753
2018-12-17 20:15:00,5.54,14.742295,-9.202295265197755
2018-12-17 20:30:00,4.75,14.742295,-9.992295265197754
2018-12-17 20:45:00,4.46,14.301818,-9.841817893981933
2018-12-17 21:00:00,4.46,3.179305,1.2806949234008789
2018-12-17 21:15:00,4.43,3.179305,1.2506949234008786
2018-12-17 21:30:00,4.43,3.2467804,1.1832196044921872
2018-12-17 21:45:00,4.46,3.2467804,1.2132196044921875
2018-12-17 22:00:00,4.46,4.085709,0.37429090499877926
2018-12-17 22:15:00,4.14,3.9167173,0.22328270912170378
2018-12-17 22:30:00,4.18,3.9252279,0.25477211952209444
2018-12-17 22:45:00,4.21,3.9252279,0.2847721195220947
2018-12-17 23:00:00,4.18,4.607705,-0.42770511627197294
2018-12-17 23:15:00,4.14,4.8162193,-0.6762193298339847
2018-12-17 23:30:00,4.07,3.9252279,0.144772119522095
2018-12-17 23:45:00,4.07,3.5022874,0.5677126121520999
2018-12-18 00:00:00,4.14,4.332195,-0.192194805145264
2018-12-18 00:15:00,5.22,5.527721,-0.3077209281921389
2018-12-18 00:30:00,4.68,7.726603,-3.0466030311584475
2018-12-18 00:45:00,4.14,5.535484,-1.3954838371276859
2018-12-18 01:00:00,4.1,5.369874,-1.2698740005493168
2018-12-18 01:15:00,4.18,5.369874,-1.1898740005493167
2018-12-18 01:30:00,4.07,5.369874,-1.2998740005493161
2018-12-18 01:45:00,4.18,4.137431,0.04256885528564425
2018-12-18 02:00:00,4.1,5.369874,-1.2698740005493168
2018-12-18 02:15:00,4.18,5.369874,-1.1898740005493167
2018-12-18 02:30:00,4.14,5.0310693,-0.8910692787170413
2018-12-18 02:45:00,4.21,5.369874,-1.1598740005493164
2018-12-18 03:00:00,4.18,5.442594,-1.2625940513610843
2018-12-18 03:15:00,3.6,5.0310693,-1.431069278717041
2018-12-18 03:30:00,3.42,3.2583034,0.1616965961456298
2018-12-18 03:45:00,3.42,3.22347,0.1965300273895263
2018-12-18 04:00:00,3.38,3.22347,0.15653002738952626
2018-12-18 04:15:00,3.42,3.22347,0.1965300273895263
2018-12-18 04:30:00,3.71,3.22347,0.48653002738952633
2018-12-18 04:45:00,4.18,3.7924693,0.3875307369232175
2018-12-18 05:00:00,3.53,5.369874,-1.8398740005493166
2018-12-18 05:15:00,3.46,3.597109,-0.13710907936096195
2018-12-18 05:30:00,3.38,3.5738688,-0.193868751525879
2018-12-18 05:45:00,4.03,3.22347,0.8065300273895266
2018-12-18 06:00:00,4.14,3.7986276,0.3413723850250241
2018-12-18 06:15:00,3.6,5.0310693,-1.431069278717041
2018-12-18 06:30:00,3.38,3.597109,-0.21710907936096202
2018-12-18 06:45:00,3.35,3.22347,0.12653002738952646
2018-12-18 07:00:00,3.31,3.22347,0.08653002738952642
2018-12-18 07:15:00,3.28,3.22347,0.05653002738952617
2018-12-18 07:30:00,3.42,3.5622756,-0.1422756481170655
2018-12-18 07:45:00,5.58,3.7912083,1.788791732788086
2018-12-18 08:00:00,7.27,14.481288,-7.211287956237793
2018-12-18 08:15:00,38.38,17.944101,20.43589866638184
2018-12-18 08:30:00,72.86,52.2423,20.617701873779296
2018-12-18 08:45:00,66.42,75.080986,-8.660986022949217
2018-12-18 09:00:00,81.4,64.08533,17.314672851562506
2018-12-18 09:15:00,66.28,83.17016,-16.890158386230468
2018-12-18 09:30:00,78.3,64.44099,13.859013366699216
2018-12-18 09:45:00,77.72,82.16865,-4.448647766113282
2018-12-18 10:00:00,74.59,83.70625,-9.116253051757809
2018-12-18 10:15:00,63.04,71.38828,-8.348282775878907
2018-12-18 10:30:00,58.68,59.31435,-0.6343501281738284
2018-12-18 10:45:00,62.96,56.282814,6.677185974121095
2018-12-18 11:00:00,68.36,59.567642,8.792357788085937
2018-12-18 11:15:00,60.05,64.58814,-4.538142395019534
2018-12-18 11:30:00,58.82,56.14415,2.675850219726563
2018-12-18 11:45:00,64.73,56.349194,8.380806427001957
2018-12-18 12:00:00,67.54,53.414368,14.125632324218756
2018-12-18 12:15:00,8.14,24.029613,-15.889613494873046
2018-12-18 12:30:00,8.64,1.7885162,6.851483836174012
2018-12-18 12:45:00,8.78,1.5822746,7.197725443840026
2018-12-18 13:00:00,9.4,20.56267,-11.16266975402832
2018-12-18 13:15:00,52.45,43.759266,8.6907341003418
2018-12-18 13:30:00,67.46,61.261883,6.198117218017572
2018-12-18 13:45:00,62.53,70.11229,-7.582289428710936
2018-12-18 14:00:00,62.46,58.363087,4.096913299560548
2018-12-18 14:15:00,67.18,58.371674,8.808326416015632
2018-12-18 14:30:00,113.51,65.56464,47.945363769531255
2018-12-18 14:45:00,99.5,87.56908,11.930923461914062
2018-12-18 15:00:00,68.0,93.58791,-25.587913513183594
2018-12-18 15:15:00,120.82,69.098465,51.72153503417968
2018-12-18 15:30:00,79.45,91.973755,-12.523754882812497
2018-12-18 15:45:00,117.68,88.21824,29.4617611694336
2018-12-18 16:00:00,114.08,88.983536,25.096464233398436
2018-12-18 16:15:00,106.27,87.222084,19.04791595458984
2018-12-18 16:30:00,93.28,88.600494,4.679505615234376
2018-12-18 16:45:00,127.58,96.106766,31.473234252929686
2018-12-18 17:00:00,94.61,85.7213,8.888701782226562
2018-12-18 17:15:00,101.02,86.07425,14.945750732421871
2018-12-18 17:30:00,112.14,87.750275,24.389725341796876
2018-12-18 17:45:00,68.08,80.17791,-12.09790985107422
2018-12-18 18:00:00,15.95,59.161236,-43.21123580932617
2018-12-18 18:15:00,7.16,14.442491,-7.282490577697754
2018-12-18 18:30:00,5.58,10.526436,-4.946435852050781
2018-12-18 18:45:00,5.65,9.940693,-4.290692901611328
2018-12-18 19:00:00,5.0,10.152428,-5.152427673339844
2018-12-18 19:15:00,4.5,9.833206,-5.3332061767578125
2018-12-18 19:30:00,4.39,9.295653,-4.905653343200684
2018-12-18 19:45:00,4.43,9.435803,-5.005803413391114
2018-12-18 20:00:00,4.39,8.974169,-4.584168777465821
2018-12-18 20:15:00,4.43,9.063118,-4.6331179809570315
2018-12-18 20:30:00,4.36,9.428426,-5.068425788879394
2018-12-18 20:45:00,4.39,9.478117,-5.0881169891357425
2018-12-18 21:00:00,4.43,3.4920073,0.9379927444458005
2018-12-18 21:15:00,4.39,3.4920073,0.8979927444458005
2018-12-18 21:30:00,4.46,3.4920073,0.9679927444458007
2018-12-18 21:45:00,4.39,3.424532,0.9654680633544919
2018-12-18 22:00:00,4.39,4.124348,0.26565183639526335
2018-12-18 22:15:00,4.25,4.097991,0.1520090103149414
2018-12-18 22:30:00,5.18,4.039028,1.1409718322753903
2018-12-18 22:45:00,5.15,4.548796,0.6012038230896
2018-12-18 23:00:00,4.14,4.548796,-0.4087961769104007
2018-12-18 23:15:00,4.14,4.039028,0.1009718322753903
2018-12-18 23:30:00,4.14,4.039028,0.1009718322753903
2018-12-18 23:45:00,4.1,4.039028,0.06097183227539027
2018-12-19 00:00:00,3.92,5.5242424,-1.604242401123047
2018-12-19 00:15:00,4.14,4.1062675,0.033732547760009446
2018-12-19 00:30:00,4.14,5.512009,-1.372009143829346
2018-12-19 00:45:00,4.14,5.5242424,-1.3842424011230472
2018-12-19 01:00:00,4.21,5.100487,-0.890487232208252
2018-12-19 01:15:00,4.14,5.100487,-0.9604872322082523
2018-12-19 01:30:00,4.14,5.100487,-0.9604872322082523
2018-12-19 01:45:00,4.18,5.100487,-0.9204872322082522
2018-12-19 02:00:00,4.18,5.100487,-0.9204872322082522
2018-12-19 02:15:00,4.93,5.100487,-0.17048723220825224
2018-12-19 02:30:00,5.26,6.576762,-1.3167621994018557
2018-12-19 02:45:00,4.14,7.3669515,-3.2269514656066898
2018-12-19 03:00:00,4.14,5.100487,-0.9604872322082523
2018-12-19 03:15:00,4.1,5.189874,-1.0898741722106937
2018-12-19 03:30:00,4.25,5.189874,-0.9398741722106934
2018-12-19 03:45:00,3.82,5.189874,-1.3698741722106935
2018-12-19 04:00:00,3.49,3.740309,-0.2503090000152586
2018-12-19 04:15:00,3.42,3.3985043,0.02149574279785149
2018-12-19 04:30:00,3.42,3.3822744,0.037725610733032156
2018-12-19 04:45:00,3.49,3.2928877,0.19711231231689474
2018-12-19 05:00:00,3.38,3.3985043,-0.018504257202148544
2018-12-19 05:15:00,3.42,3.3822744,0.037725610733032156
2018-12-19 05:30:00,3.38,3.3822744,-0.00227438926696788
2018-12-19 05:45:00,3.42,3.2928877,0.12711231231689446
2018-12-19 06:00:00,3.42,3.2928877,0.12711231231689446
2018-12-19 06:15:00,4.07,3.3822744,0.6877256107330325
2018-12-19 06:30:00,4.18,3.9574318,0.2225682067871091
2018-12-19 06:45:00,3.96,5.189874,-1.2298741722106934
2018-12-19 07:00:00,4.1,3.8028357,0.2971642971038815
2018-12-19 07:15:00,4.1,5.189874,-1.0898741722106937
2018-12-19 07:30:00,4.07,5.189874,-1.119874172210693
2018-12-19 07:45:00,5.76,3.9022322,1.8577678298950193
2018-12-19 08:00:00,6.23,15.067187,-8.837187309265136
2018-12-19 08:15:00,36.14,41.850674,-5.710673675537109
2018-12-19 08:30:00,70.81,57.249126,13.56087356567383
2018-12-19 08:45:00,59.54,82.14053,-22.600533447265626
2018-12-19 09:00:00,63.86,60.522488,3.33751235961914
2018-12-19 09:15:00,77.4,67.34077,10.059233093261724
2018-12-19 09:30:00,65.23,86.369446,-21.139445800781246
2018-12-19 09:45:00,69.3,65.596985,3.703015136718747
2018-12-19 10:00:00,61.13,69.54847,-8.418469543457029
2018-12-19 10:15:00,61.16,64.537476,-3.3774755859375034
2018-12-19 10:30:00,70.42,63.04073,7.379270477294924
2018-12-19 10:45:00,63.68,75.27886,-11.598861999511719
2018-12-19 11:00:00,83.09,66.70214,16.387859191894535
2018-12-19 11:15:00,129.37415,91.22588,38.14826651611327
2018-12-19 11:30:00,110.88,90.14806,20.731936340332027
2018-12-19 11:45:00,115.13,90.20238,24.927622680664058
2018-12-19 12:00:00,101.99,83.281944,18.70805572509765
2018-12-19 12:15:00,12.13,34.22216,-22.092160339355466
2018-12-19 12:30:00,6.66,0.5324358,6.1275642251968385
2018-12-19 12:45:00,6.8,1.2122666,5.587733435630798
2018-12-19 13:00:00,6.98,12.756071,-5.776071090698242
2018-12-19 13:15:00,62.42,37.336525,25.083475036621095
2018-12-19 13:30:00,116.46,69.61942,46.84057708740234
2018-12-19 13:45:00,89.86,92.64394,-2.7839437866210943
2018-12-19 14:00:00,98.03,92.47902,5.550980834960939
2018-12-19 14:15:00,129.37415,95.82509,33.54906149902342
2018-12-19 14:30:00,116.64,88.95188,27.688118591308594
2018-12-19 14:45:00,105.48,89.57267,15.907330017089848
2018-12-19 15:00:00,129.37415,95.94265,33.43150015869139
2018-12-19 15:15:00,101.38,84.2668,17.113200073242183
2018-12-19 15:30:00,129.37415,93.36301,36.01114340820311
2018-12-19 15:45:00,115.24,85.20725,30.03274749755859
2018-12-19 16:00:00,125.21,92.745735,32.46426483154296
2018-12-19 16:15:00,129.37415,92.84042,36.53372641601561
2018-12-19 16:30:00,81.65,85.08667,-3.4366699218749943
2018-12-19 16:45:00,62.68,88.69996,-26.01995880126953
2018-12-19 17:00:00,125.5,56.007713,69.4922866821289
2018-12-19 17:15:00,68.0,83.419876,-15.419876098632812
2018-12-19 17:30:00,40.5,65.81037,-25.31037139892578
2018-12-19 17:45:00,31.68,43.29063,-11.610630340576172
2018-12-19 18:00:00,26.82,30.685545,-3.865544967651367
2018-12-19 18:15:00,5.98,25.319237,-19.339236755371093
2018-12-19 18:30:00,5.47,10.147725,-4.677725105285645
2018-12-19 18:45:00,5.54,9.133632,-3.593631706237793
2018-12-19 19:00:00,5.44,10.495306,-5.055306015014648
2018-12-19 19:15:00,5.47,10.142047,-4.672046928405762
2018-12-19 19:30:00,5.47,9.785245,-4.315244941711426
2018-12-19 19:45:00,5.4,9.811603,-4.411602592468261
2018-12-19 20:00:00,5.33,10.165146,-4.835145874023437
2018-12-19 20:15:00,5.36,10.191504,-4.831503524780273
2018-12-19 20:30:00,5.33,10.165146,-4.835145874023437
2018-12-19 20:45:00,5.44,10.172594,-4.73259407043457
2018-12-19 21:00:00,5.4,3.9428294,1.4571706295013431
2018-12-19 21:15:00,5.4,4.053238,1.3467620849609379
2018-12-19 21:30:00,5.04,4.079595,0.9604049110412598
2018-12-19 21:45:00,4.25,3.9442453,0.3057546615600586
2018-12-19 22:00:00,4.39,4.102953,0.28704704284667937
2018-12-19 22:15:00,4.03,4.1619163,-0.13191625595092749
2018-12-19 22:30:00,4.03,3.5983496,0.4316504287719729
2018-12-19 22:45:00,3.96,3.5983496,0.3616504287719726
2018-12-19 23:00:00,4.07,3.5254138,0.5445862483978274
2018-12-19 23:15:00,4.03,3.6725616,0.35743835449218775
2018-12-19 23:30:00,3.92,3.6725616,0.24743835449218743
2018-12-19 23:45:00,3.96,3.5179653,0.442034683227539
2018-12-20 00:00:00,3.89,3.762729,0.1272710704803468
2018-12-20 00:15:00,4.03,3.7002037,0.3297963428497317
2018-12-20 00:30:00,4.03,3.8934453,0.13655474662780787
2018-12-20 00:45:00,4.0,3.8934453,0.10655474662780762
2018-12-20 01:00:00,4.0,3.6754298,0.3245701789855957
2018-12-20 01:15:00,4.0,3.6754298,0.3245701789855957
2018-12-20 01:30:00,4.1,3.6754298,0.42457017898559535
2018-12-20 01:45:00,4.0,4.907872,-0.907872200012207
2018-12-20 02:00:00,4.07,3.6754298,0.394570178985596
2018-12-20 02:15:00,4.43,3.6520982,0.7779018211364743
2018-12-20 02:30:00,5.18,4.940935,0.2390648651123044
2018-12-20 02:45:00,4.1,6.6456413,-2.5456413269042972
2018-12-20 03:00:00,4.0,4.907872,-0.907872200012207
2018-12-20 03:15:00,4.1,3.6754298,0.42457017898559535
2018-12-20 03:30:00,4.03,4.907872,-0.8778722000122068
2018-12-20 03:45:00,4.1,3.8600447,0.23995528221130336
2018-12-20 04:00:00,3.31,4.997259,-1.6872591400146484
2018-12-20 04:15:00,3.35,3.1920252,0.15797481536865243
2018-12-20 04:30:00,3.46,3.1920252,0.2679748153686523
2018-12-20 04:45:00,3.38,3.2036183,0.17638171195983876
2018-12-20 05:00:00,3.35,3.1920252,0.15797481536865243
2018-12-20 05:15:00,3.35,3.1920252,0.15797481536865243
2018-12-20 05:30:00,3.38,3.1920252,0.18797481536865224
2018-12-20 05:45:00,3.38,3.1920252,0.18797481536865224
2018-12-20 06:00:00,3.92,3.1920252,0.7279748153686523
2018-12-20 06:15:00,3.67,3.544714,0.1252860260009765
2018-12-20 06:30:00,3.35,3.2524838,0.09751615524292001
2018-12-20 06:45:00,4.0,3.1026382,0.8973617553710938
2018-12-20 07:00:00,4.03,3.6754298,0.35457017898559595
2018-12-20 07:15:00,3.96,3.6754298,0.28457017898559567
2018-12-20 07:30:00,4.18,3.544714,0.6352860260009763
2018-12-20 07:45:00,4.79,4.942059,-0.15205904006958004
2018-12-20 08:00:00,5.87,11.771016,-5.901016120910644
2018-12-20 08:15:00,39.49,40.904312,-1.4143121337890605
2018-12-20 08:30:00,79.85,59.97188,19.878118133544916
2018-12-20 08:45:00,66.96,90.78751,-23.827513732910163
2018-12-20 09:00:00,63.14,70.2749,-7.134902343749999
2018-12-20 09:15:00,64.12,62.945534,1.1744662475585983
2018-12-20 09:30:00,64.37,66.24761,-1.8776119995117142
2018-12-20 09:45:00,83.16,67.481926,15.678074035644528
2018-12-20 10:00:00,71.14,89.12924,-17.989241943359374
2018-12-20 10:15:00,58.72,74.988235,-16.268235473632814
2018-12-20 10:30:00,68.72,61.626522,7.0934779357910145
2018-12-20 10:45:00,75.53,70.227356,5.302644042968751
2018-12-20 11:00:00,77.51,72.36467,5.145330200195318
2018-12-20 11:15:00,64.4,86.448746,-22.048745727539057
2018-12-20 11:30:00,63.0,64.19201,-1.1920089721679688
2018-12-20 11:45:00,71.46,62.593,8.867001495361322
2018-12-20 12:00:00,71.06,67.566246,3.4937539672851585
2018-12-20 12:15:00,16.96,22.990534,-6.030533828735351
2018-12-20 12:30:00,7.67,3.6041253,4.065874738693237
2018-12-20 12:45:00,7.49,4.0920467,3.3979532623291018
2018-12-20 13:00:00,6.66,15.603994,-8.943994369506836
2018-12-20 13:15:00,42.7,38.90146,3.798541259765628
2018-12-20 13:30:00,63.07,58.668686,4.401314086914063
2018-12-20 13:45:00,71.5,69.60477,1.895233154296875
2018-12-20 14:00:00,76.9,73.853355,3.046644592285162
2018-12-20 14:15:00,63.5,83.80408,-20.3040771484375
2018-12-20 14:30:00,78.41,61.72749,16.68251052856445
2018-12-20 14:45:00,73.4,86.39476,-12.994760131835932
2018-12-20 15:00:00,64.44,71.92668,-7.48668151855469
2018-12-20 15:15:00,60.26,62.89602,-2.6360189819335957
2018-12-20 15:30:00,58.9,58.395504,0.5044960021972642
2018-12-20 15:45:00,60.59,56.371796,4.218204345703128
2018-12-20 16:00:00,56.92,57.139816,-0.2198162841796858
2018-12-20 16:15:00,60.08,56.00761,4.072389678955076
2018-12-20 16:30:00,58.68,55.577248,3.1027523803710935
2018-12-20 16:45:00,57.56,58.445835,-0.8858351135253884
2018-12-20 17:00:00,46.51,50.346313,-3.836313476562502
2018-12-20 17:15:00,58.07,45.985626,12.084373779296875
2018-12-20 17:30:00,41.22,49.85012,-8.630120544433595
2018-12-20 17:45:00,41.51,33.312412,8.197587738037107
2018-12-20 18:00:00,24.8,40.364037,-15.564036560058593
2018-12-20 18:15:00,5.44,24.455816,-19.015816268920897
2018-12-20 18:30:00,5.18,11.255123,-6.075123138427735
2018-12-20 18:45:00,5.29,11.318148,-6.028147659301758
2018-12-20 19:00:00,5.29,11.311819,-6.021819076538086
2018-12-20 19:15:00,5.29,11.311819,-6.021819076538086
2018-12-20 19:30:00,4.18,11.311819,-7.131819076538086
2018-12-20 19:45:00,4.07,10.908614,-6.838614158630371
2018-12-20 20:00:00,4.1,10.225883,-6.125882530212403
2018-12-20 20:15:00,4.07,10.648827,-6.5788265991210935
2018-12-20 20:30:00,4.18,10.225883,-6.045882530212403
2018-12-20 20:45:00,4.1,10.341848,-6.241848373413086
2018-12-20 21:00:00,4.1,3.8519835,0.24801645278930629
2018-12-20 21:15:00,4.14,3.8519835,0.2880164527893063
2018-12-20 21:30:00,4.14,4.0528426,0.08715738296508757
2018-12-20 21:45:00,4.21,4.0127506,0.1972493743896484
2018-12-20 22:00:00,4.18,4.4043665,-0.22436649322509794
2018-12-20 22:15:00,3.85,4.4043665,-0.5543664932250976
2018-12-20 22:30:00,3.85,3.7881813,0.061818695068359464
2018-12-20 22:45:00,4.64,3.7881813,0.851818695068359
2018-12-20 23:00:00,5.04,4.3237686,0.7162313842773438
2018-12-20 23:15:00,4.07,4.833445,-0.763445072174072
2018-12-20 23:30:00,3.82,3.981425,-0.16142504692077653
2018-12-20 23:45:00,3.85,3.7881813,0.061818695068359464
2018-12-21 00:00:00,3.92,4.172127,-0.2521267700195313
2018-12-21 00:15:00,3.89,4.199785,-0.3097852325439452
2018-12-21 00:30:00,3.85,4.1372566,-0.28725662231445304
2018-12-21 00:45:00,3.89,4.1372566,-0.247256622314453
2018-12-21 01:00:00,3.89,3.6246295,0.26537050247192395
2018-12-21 01:15:00,3.96,3.6246295,0.3353705024719238
2018-12-21 01:30:00,3.89,3.6871567,0.20284332275390637
2018-12-21 01:45:00,3.89,3.6246295,0.26537050247192395
2018-12-21 02:00:00,3.89,3.6246295,0.26537050247192395
2018-12-21 02:15:00,3.92,3.6509871,0.2690128517150878
2018-12-21 02:30:00,3.92,3.6612568,0.2587432098388671
2018-12-21 02:45:00,3.92,3.6871567,0.23284332275390618
2018-12-21 03:00:00,3.96,3.6871567,0.2728433227539062
2018-12-21 03:15:00,4.79,3.6871567,1.1028433227539063
2018-12-21 03:30:00,4.5,4.9941587,-0.4941587448120117
2018-12-21 03:45:00,3.24,4.8714767,-1.631476650238037
2018-12-21 04:00:00,3.28,3.264893,0.015106945037841601
2018-12-21 04:15:00,3.24,3.264893,-0.02489305496215799
2018-12-21 04:30:00,3.24,3.264893,-0.02489305496215799
2018-12-21 04:45:00,3.28,3.264893,0.015106945037841601
2018-12-21 05:00:00,3.28,3.264893,0.015106945037841601
2018-12-21 05:15:00,3.28,3.264893,0.015106945037841601
2018-12-21 05:30:00,3.2,3.264893,-0.06489305496215803
2018-12-21 05:45:00,3.24,3.1456015,0.0943984889984133
2018-12-21 06:00:00,3.2,3.2874022,-0.08740215301513654
2018-12-21 06:15:00,3.67,3.1456015,0.524398488998413
2018-12-21 06:30:00,3.96,3.3724165,0.5875835037231445
2018-12-21 06:45:00,3.92,3.6871567,0.23284332275390618
2018-12-21 07:00:00,3.89,3.6871567,0.20284332275390637
2018-12-21 07:15:00,3.67,3.6246295,0.04537050247192376
2018-12-21 07:30:00,3.17,3.394925,-0.22492511749267585
2018-12-21 07:45:00,5.44,3.122306,2.317693891525269
2018-12-21 08:00:00,6.77,12.519694,-5.749694328308106
2018-12-21 08:15:00,28.8,35.008408,-6.208407592773437
2018-12-21 08:30:00,54.22,43.59324,10.626761169433593
2018-12-21 08:45:00,56.41,63.687355,-7.27735504150391
2018-12-21 09:00:00,56.74,55.534454,1.205545654296877
2018-12-21 09:15:00,43.78,54.56577,-10.78576919555664
2018-12-21 09:30:00,47.52,47.5948,-0.07479904174804375
2018-12-21 09:45:00,56.2,48.80213,7.397868347167972
2018-12-21 10:00:00,51.59,54.202877,-2.612877044677731
2018-12-21 10:15:00,66.64,51.338608,15.301392211914063
2018-12-21 10:30:00,53.14,62.42179,-9.281791076660156
2018-12-21 10:45:00,58.54,51.49162,7.048380889892577
2018-12-21 11:00:00,73.12,54.108597,19.011403198242192
2018-12-21 11:15:00,67.79,67.53873,0.25127319335938125
2018-12-21 11:30:00,65.59,64.50356,1.0864370727539097
2018-12-21 11:45:00,57.85,60.32382,-2.473818206787108
2018-12-21 12:00:00,58.9,48.769966,10.130033874511717
2018-12-21 12:15:00,7.42,19.545885,-12.12588508605957
2018-12-21 12:30:00,8.35,4.1295266,4.220473384857177
2018-12-21 12:45:00,7.67,4.695166,2.9748338890075683
2018-12-21 13:00:00,7.2,14.776034,-7.576034355163574
2018-12-21 13:15:00,39.74,36.631767,3.1082327270507832
2018-12-21 13:30:00,58.03,52.98217,5.047829895019532
2018-12-21 13:45:00,63.97,62.16697,1.8030307006835926
2018-12-21 14:00:00,56.34,59.894836,-3.5548364257812466
2018-12-21 14:15:00,69.62,54.545433,15.07456695556641
2018-12-21 14:30:00,60.34,63.666023,-3.326023254394528
2018-12-21 14:45:00,57.74,57.508293,0.23170684814453324
2018-12-21 15:00:00,68.04,55.740105,12.299895324707038
2018-12-21 15:15:00,67.68,63.79278,3.8872181701660224
2018-12-21 15:30:00,58.32,62.964993,-4.644992523193359
2018-12-21 15:45:00,65.48,55.84314,9.636860351562504
2018-12-21 16:00:00,63.0,61.24334,1.7566604614257812
2018-12-21 16:15:00,69.73,59.34926,10.380741577148441
2018-12-21 16:30:00,59.69,62.84692,-3.1569200134277366
2018-12-21 16:45:00,63.32,55.239136,8.0808642578125
2018-12-21 17:00:00,62.32,52.633904,9.686096496582032
2018-12-21 17:15:00,52.78,51.570126,1.2098744201660168
2018-12-21 17:30:00,45.86,47.87229,-2.012291564941407
2018-12-21 17:45:00,30.78,44.043682,-13.26368209838867
2018-12-21 18:00:00,8.21,31.161427,-22.951426544189452
2018-12-21 18:15:00,5.51,12.519449,-7.009449234008789
2018-12-21 18:30:00,5.4,9.986461,-4.58646068572998
2018-12-21 18:45:00,5.62,9.970614,-4.350614433288574
2018-12-21 19:00:00,5.54,10.124785,-4.584785423278809
2018-12-21 19:15:00,5.54,10.129877,-4.5898770904541015
2018-12-21 19:30:00,5.51,10.466425,-4.956424942016602
2018-12-21 19:45:00,5.47,10.340395,-4.870394973754883
2018-12-21 20:00:00,5.54,9.537602,-3.997602424621582
2018-12-21 20:15:00,5.47,10.206637,-4.7366373825073245
2018-12-21 20:30:00,5.44,9.537602,-4.097602424621582
2018-12-21 20:45:00,5.47,9.917656,-4.447655944824219
2018-12-21 21:00:00,5.44,3.4180536,2.0219463729858402
2018-12-21 21:15:00,5.54,3.7981071,1.7418928527832032
2018-12-21 21:30:00,5.4,4.087088,1.3129118919372562
2018-12-21 21:45:00,5.44,3.9348714,1.5051285648345951
2018-12-21 22:00:00,5.44,4.1897225,1.2502774620056156
2018-12-21 22:15:00,5.18,4.262443,0.9175569343566892
2018-12-21 22:30:00,5.26,4.3482547,0.9117453193664549
2018-12-21 22:45:00,5.15,4.2914987,0.8585013389587406
2018-12-21 23:00:00,5.15,4.315626,0.8343738555908207
2018-12-21 23:15:00,5.11,4.275534,0.8344658470153812
2018-12-21 23:30:00,4.57,4.3482547,0.22174531936645536
2018-12-21 23:45:00,4.0,3.9798687,0.020131349563598633
2018-12-22 00:00:00,3.31,4.301444,-0.9914440536499023
2018-12-22 00:15:00,4.0,3.805843,0.19415688514709473
2018-12-22 00:30:00,4.0,4.3741636,-0.3741636276245117
2018-12-22 00:45:00,4.0,4.336314,-0.33631420135498047
2018-12-22 01:00:00,4.1,3.8236864,0.27631363868713343
2018-12-22 01:15:00,3.96,4.8346577,-0.8746576690673828
2018-12-22 01:30:00,4.03,3.6929708,0.3370292472839358
2018-12-22 01:45:00,4.03,3.8236864,0.20631363868713404
2018-12-22 02:00:00,3.96,3.8236864,0.13631363868713375
2018-12-22 02:15:00,4.07,3.6581004,0.41189963340759306
2018-12-22 02:30:00,4.07,3.788816,0.2811840248107913
2018-12-22 02:45:00,3.67,3.788816,-0.11881597518920906
2018-12-22 03:00:00,3.31,3.3658688,-0.055868806838989205
2018-12-22 03:15:00,3.82,3.2350132,0.584986753463745
2018-12-22 03:30:00,4.07,3.5723221,0.4976778697967532
2018-12-22 03:45:00,3.42,3.766308,-0.34630806922912605
2018-12-22 04:00:00,3.38,3.2358367,0.1441632556915282
2018-12-22 04:15:00,3.31,3.2358367,0.07416325569152837
2018-12-22 04:30:00,3.38,3.2358367,0.1441632556915282
2018-12-22 04:45:00,3.35,3.2358367,0.11416325569152841
2018-12-22 05:00:00,3.38,3.2358367,0.1441632556915282
2018-12-22 05:15:00,3.42,3.2358367,0.18416325569152825
2018-12-22 05:30:00,3.96,3.2358367,0.7241632556915283
2018-12-22 05:45:00,4.07,3.6355913,0.4344087314605716
2018-12-22 06:00:00,4.07,3.766308,0.3036919307708743
2018-12-22 06:15:00,4.0,3.766308,0.23369193077087402
2018-12-22 06:30:00,3.38,3.788816,-0.4088159751892091
2018-12-22 06:45:00,3.35,3.2583458,0.0916541576385499
2018-12-22 07:00:00,3.35,3.2932162,0.05678377151489267
2018-12-22 07:15:00,3.31,3.2358367,0.07416325569152837
2018-12-22 07:30:00,3.85,3.2358367,0.6141632556915284
2018-12-22 07:45:00,4.03,3.8116047,0.21839526176452662
2018-12-22 08:00:00,3.35,7.124392,-3.774392032623291
2018-12-22 08:15:00,3.31,14.081688,-10.771687927246093
2018-12-22 08:30:00,3.24,12.12061,-8.880610237121582
2018-12-22 08:45:00,3.38,10.420326,-7.040326232910156
2018-12-22 09:00:00,3.82,5.9342866,-2.1142865943908693
2018-12-22 09:15:00,4.28,8.812786,-4.532786102294922
2018-12-22 09:30:00,4.28,8.274105,-3.994105072021484
2018-12-22 09:45:00,4.32,7.6305633,-3.3105632591247556
2018-12-22 10:00:00,4.21,8.033253,-3.823252716064453
2018-12-22 10:15:00,3.6,6.148484,-2.548484230041504
2018-12-22 10:30:00,3.6,3.2549014,0.34509859085083017
2018-12-22 10:45:00,3.6,2.2397435,1.3602565288543702
2018-12-22 11:00:00,3.6,2.4451358,1.1548641681671143
2018-12-22 11:15:00,3.6,1.7306752,1.8693247795104981
2018-12-22 11:30:00,3.6,1.6702871,1.9297128677368165
2018-12-22 11:45:00,3.6,1.9577057,1.6422942638397218
2018-12-22 12:00:00,3.6,3.8316317,-0.2316316604614257
2018-12-22 12:15:00,3.71,0.4215293,3.2884707069396972
2018-12-22 12:30:00,4.39,0.5598407,3.8301593208312985
2018-12-22 12:45:00,4.1,2.4959784,1.6040216445922848
2018-12-22 13:00:00,3.71,8.395476,-4.685476341247559
2018-12-22 13:15:00,4.28,11.031302,-6.751302452087402
2018-12-22 13:30:00,4.25,10.969359,-6.719359397888184
2018-12-22 13:45:00,4.25,10.914959,-6.664958953857422
2018-12-22 14:00:00,4.21,5.8385777,-1.6285777473449707
2018-12-22 14:15:00,3.67,4.968929,-1.2989288139343262
2018-12-22 14:30:00,3.46,3.1226683,0.33733173370361325
2018-12-22 14:45:00,3.49,2.945348,0.5446519756317141
2018-12-22 15:00:00,3.53,3.5518947,-0.021894664764404492
2018-12-22 15:15:00,3.56,2.7946312,0.7653687572479249
2018-12-22 15:30:00,3.53,2.3195157,1.2104842948913572
2018-12-22 15:45:00,3.56,2.6403062,0.9196937656402588
2018-12-22 16:00:00,3.56,2.3601177,1.1998823261260987
2018-12-22 16:15:00,3.49,3.270049,0.21995090484619162
2018-12-22 16:30:00,3.53,2.245109,1.2848909187316893
2018-12-22 16:45:00,3.56,2.3601177,1.1998823261260987
2018-12-22 17:00:00,4.68,0.37643316,4.303566836118698
2018-12-22 17:15:00,5.44,1.1288497,4.3111502552032475
2018-12-22 17:30:00,4.46,1.776508,2.6834920263290405
2018-12-22 17:45:00,4.28,1.9015225,2.3784774827957156
2018-12-22 18:00:00,4.07,4.861231,-0.7912308502197263
2018-12-22 18:15:00,3.6,4.207543,-0.6075428962707519
2018-12-22 18:30:00,3.67,3.996623,-0.32662303924560554
2018-12-22 18:45:00,3.67,3.7836127,-0.11361272811889656
2018-12-22 19:00:00,3.71,3.8060155,-0.09601549148559574
2018-12-22 19:15:00,3.74,3.8864617,-0.1464617347717283
2018-12-22 19:30:00,3.71,3.8864617,-0.17646173477172855
2018-12-22 19:45:00,3.74,3.8864617,-0.1464617347717283
2018-12-22 20:00:00,3.67,3.7576964,-0.08769639015197761
2018-12-22 20:15:00,3.67,3.6772501,-0.007250146865844798
2018-12-22 20:30:00,3.67,3.6772501,-0.007250146865844798
2018-12-22 20:45:00,3.67,3.6772501,-0.007250146865844798
2018-12-22 21:00:00,4.18,3.3563623,0.8236376571655271
2018-12-22 21:15:00,4.61,3.9942312,0.6157687759399417
2018-12-22 21:30:00,5.51,4.3126574,1.1973426437377928
2018-12-22 21:45:00,4.43,7.255624,-2.825623817443848
2018-12-22 22:00:00,4.1,4.410274,-0.3102740287780765
2018-12-22 22:15:00,3.46,4.1415987,-0.6815987014770508
2018-12-22 22:30:00,3.38,3.648484,-0.2684839916229249
2018-12-22 22:45:00,3.42,3.4717386,-0.05173857688903816
2018-12-22 23:00:00,3.38,3.4956608,-0.11566078186035167
2018-12-22 23:15:00,3.35,3.4717386,-0.121738576889038
2018-12-22 23:30:00,3.31,3.4115686,-0.1015686416625976
2018-12-22 23:45:00,3.31,3.4348192,-0.12481922149658198
2018-12-23 00:00:00,3.78,3.7099628,0.07003715515136699
2018-12-23 00:15:00,3.31,3.9590437,-0.6490437412261962
2018-12-23 00:30:00,3.35,3.7574053,-0.40740528106689444
2018-12-23 00:45:00,3.42,3.7574053,-0.3374052810668946
2018-12-23 01:00:00,4.93,3.2447782,1.6852218437194821
2018-12-23 01:15:00,4.93,6.669084,-1.7390840721130374
2018-12-23 01:30:00,4.14,6.669084,-2.5290840721130374
2018-12-23 01:45:00,4.07,4.81334,-0.7433401870727536
2018-12-23 02:00:00,3.49,3.7674975,-0.27749753952026346
2018-12-23 02:15:00,3.46,3.2492955,0.21070452690124508
2018-12-23 02:30:00,3.49,3.2446587,0.24534129142761252
2018-12-23 02:45:00,3.42,3.2267864,0.19321362495422356
2018-12-23 03:00:00,3.42,3.222269,0.19773094177246087
2018-12-23 03:15:00,3.46,3.3174977,0.142502269744873
2018-12-23 03:30:00,3.42,3.2446587,0.17534129142761223
2018-12-23 03:45:00,3.53,3.222269,0.30773094177246074
2018-12-23 04:00:00,3.46,3.228545,0.23145504951477047
2018-12-23 04:15:00,3.42,3.2221496,0.19785038948059075
2018-12-23 04:30:00,3.6,3.222269,0.377730941772461
2018-12-23 04:45:00,4.14,3.228545,0.9114550495147702
2018-12-23 05:00:00,5.18,4.7908325,0.3891674804687497
2018-12-23 05:15:00,4.64,6.7883363,-2.148336277008057
2018-12-23 05:30:00,4.1,4.993924,-0.8939241409301761
2018-12-23 05:45:00,3.49,4.81334,-1.3233401870727537
2018-12-23 06:00:00,3.38,3.2492955,0.130704526901245
2018-12-23 06:15:00,3.35,3.2447782,0.10522184371948251
2018-12-23 06:30:00,3.46,3.222269,0.2377309417724609
2018-12-23 06:45:00,3.38,3.2221496,0.1578503894805907
2018-12-23 07:00:00,3.38,3.222269,0.15773094177246083
2018-12-23 07:15:00,3.38,3.222269,0.15773094177246083
2018-12-23 07:30:00,3.38,3.3174977,0.06250226974487294
2018-12-23 07:45:00,3.42,3.2447782,0.17522184371948235
2018-12-23 08:00:00,3.49,3.593581,-0.10358096122741678
2018-12-23 08:15:00,4.07,3.5980983,0.471901721954346
2018-12-23 08:30:00,4.97,4.1163006,0.8536994171142576
2018-12-23 08:45:00,4.82,7.068537,-2.2485372352600095
2018-12-23 09:00:00,4.28,4.391828,-0.11182806015014624
2018-12-23 09:15:00,3.92,3.7654197,0.15458027839660637
2018-12-23 09:30:00,3.71,2.5851746,1.124825439453125
2018-12-23 09:45:00,3.64,2.3948102,1.2451898002624513
2018-12-23 10:00:00,3.64,2.2561085,1.383891477584839
2018-12-23 10:15:00,3.67,2.328828,1.3411719036102294
2018-12-23 10:30:00,3.71,2.4223244,1.2876755809783935
2018-12-23 10:45:00,3.71,2.5216384,1.1883616065979004
2018-12-23 11:00:00,3.74,2.5830474,1.1569526100158694
2018-12-23 11:15:00,3.78,2.5830474,1.196952610015869
2018-12-23 11:30:00,3.71,2.5830474,1.126952610015869
2018-12-23 11:45:00,3.74,2.5830474,1.1569526100158694
2018-12-23 12:00:00,3.96,1.7771225,2.182877502441406
2018-12-23 12:15:00,4.86,1.9674876,2.892512426376343
2018-12-23 12:30:00,5.54,3.886448,1.6535520935058594
2018-12-23 12:45:00,4.54,4.5170565,0.022943534851074254
2018-12-23 13:00:00,4.36,4.8721623,-0.5121623420715329
2018-12-23 13:15:00,3.67,4.850643,-1.1806431579589844
2018-12-23 13:30:00,3.67,2.6637478,1.006252212524414
2018-12-23 13:45:00,3.67,2.6637478,1.006252212524414
2018-12-23 14:00:00,3.67,3.374295,0.29570500373840325
2018-12-23 14:15:00,3.71,3.4470146,0.2629854297637939
2018-12-23 14:30:00,3.67,3.8960783,-0.2260783481597901
2018-12-23 14:45:00,3.67,3.4470146,0.22298542976379387
2018-12-23 15:00:00,3.67,3.428039,0.24196092605590813
2018-12-23 15:15:00,3.64,3.428039,0.21196092605590833
2018-12-23 15:30:00,3.67,3.426248,0.24375192642211907
2018-12-23 15:45:00,3.74,3.428039,0.3119609260559084
2018-12-23 16:00:00,4.36,3.5505085,0.8094915008544925
2018-12-23 16:15:00,4.36,4.339719,0.02028118133544954
2018-12-23 16:30:00,5.0,4.339719,0.6602811813354492
2018-12-23 16:45:00,5.33,4.9437704,0.386229591369629
2018-12-23 17:00:00,3.6,4.104194,-0.504194164276123
2018-12-23 17:15:00,3.56,2.5064187,1.0535812950134278
2018-12-23 17:30:00,3.6,2.4181411,1.1818588733673097
2018-12-23 17:45:00,3.67,2.3917835,1.2782165241241454
2018-12-23 18:00:00,3.49,3.538421,-0.04842091560363748
2018-12-23 18:15:00,3.49,3.607591,-0.1175909137725828
2018-12-23 18:30:00,3.49,3.607591,-0.1175909137725828
2018-12-23 18:45:00,3.64,3.607591,0.03240908622741712
2018-12-23 19:00:00,3.64,3.6093495,0.03065051078796399
2018-12-23 19:15:00,4.03,3.6093495,0.4206505107879641
2018-12-23 19:30:00,4.25,4.012672,0.23732805252075195
2018-12-23 19:45:00,4.28,4.2490115,0.030988483428955327
2018-12-23 20:00:00,4.25,4.3520303,-0.10203027725219727
2018-12-23 20:15:00,4.0,4.1202455,-0.12024545669555664
2018-12-23 20:30:00,3.49,3.883904,-0.39390398025512674
2018-12-23 20:45:00,4.21,3.4788256,0.7311744308471679
2018-12-23 21:00:00,4.14,3.76746,0.37253989219665495
2018-12-23 21:15:00,3.49,3.7552273,-0.26522732734680154
2018-12-23 21:30:00,3.42,3.2302868,0.18971316337585442
2018-12-23 21:45:00,3.46,3.1478815,0.3121184921264648
2018-12-23 22:00:00,3.53,3.3056626,0.22433736801147441
2018-12-23 22:15:00,3.2,3.3847775,-0.1847775459289549
2018-12-23 22:30:00,3.2,3.3096108,-0.10961084365844709
2018-12-23 22:45:00,3.2,3.3096108,-0.10961084365844709
2018-12-23 23:00:00,3.96,3.3096108,0.6503891563415527
2018-12-23 23:15:00,4.0,3.6573792,0.342620849609375
2018-12-23 23:30:00,4.0,3.7880955,0.21190452575683594
2018-12-23 23:45:00,4.0,3.7880955,0.21190452575683594
2018-12-24 00:00:00,3.78,6.987722,-3.207721920013428
2018-12-24 00:15:00,3.35,6.040908,-2.690907859802246
2018-12-24 00:30:00,3.38,5.8290358,-2.449035758972168
2018-12-24 00:45:00,3.38,5.8290358,-2.449035758972168
2018-12-24 01:00:00,3.96,5.0686164,-1.1086163902282715
2018-12-24 01:15:00,3.89,5.5115485,-1.6215485191345214
2018-12-24 01:30:00,3.38,5.84417,-2.464170093536377
2018-12-24 01:45:00,3.35,5.504461,-2.15446081161499
2018-12-24 02:00:00,3.49,5.4877014,-1.9977014160156248
2018-12-24 02:15:00,3.38,5.4856067,-2.105606670379639
2018-12-24 02:30:00,3.42,5.4877014,-2.067701416015625
2018-12-24 02:45:00,4.0,5.531154,-1.5311541557312012
2018-12-24 03:00:00,4.07,6.0879884,-2.0179883766174314
2018-12-24 03:15:00,4.14,5.7916613,-1.6516612625122074
2018-12-24 03:30:00,4.1,7.067558,-2.967557811737061
2018-12-24 03:45:00,3.96,8.553984,-4.593983688354492
2018-12-24 04:00:00,3.35,5.637065,-2.2870649337768554
2018-12-24 04:15:00,3.38,5.27828,-1.8982797813415528
2018-12-24 04:30:00,3.64,5.3243065,-1.6843064880371093
2018-12-24 04:45:00,4.07,5.268095,-1.198095016479492
2018-12-24 05:00:00,3.42,5.9096694,-2.4896693992614747
2018-12-24 05:15:00,3.31,5.3461733,-2.0361732864379882
2018-12-24 05:30:00,3.35,5.504461,-2.15446081161499
2018-12-24 05:45:00,3.35,5.4877014,-2.137701416015625
2018-12-24 06:00:00,3.35,5.531154,-2.181154155731201
2018-12-24 06:15:00,3.38,5.531154,-2.1511541557312013
2018-12-24 06:30:00,3.6,5.4877014,-1.887701416015625
2018-12-24 06:45:00,4.03,5.5476627,-1.5176627349853513
2018-12-24 07:00:00,4.0,6.0879884,-2.0879883766174316
2018-12-24 07:15:00,3.96,6.0879884,-2.1279883766174317
2018-12-24 07:30:00,4.54,5.6805177,-1.1405176734924316
2018-12-24 07:45:00,5.36,7.248142,-1.888141765594482
2018-12-24 08:00:00,6.52,24.38908,-17.869080047607422
2018-12-24 08:15:00,21.89,26.82241,-4.932410583496093
2018-12-24 08:30:00,59.62,59.298306,0.32169448852538807
2018-12-24 08:45:00,64.58,64.21429,0.36571319580077954
2018-12-24 09:00:00,67.18,63.21403,3.965968780517585
2018-12-24 09:15:00,69.44,64.841896,4.5981039428710915
2018-12-24 09:30:00,65.38,70.756,-5.375996704101567
2018-12-24 09:45:00,67.0,67.588196,-0.58819580078125
2018-12-24 10:00:00,56.27,65.75585,-9.485851745605466
2018-12-24 10:15:00,54.18,61.328754,-7.148754425048828
2018-12-24 10:30:00,58.39,59.396564,-1.0065644836425776
2018-12-24 10:45:00,54.86,60.866585,-6.006584777832032
2018-12-24 11:00:00,54.18,59.176735,-4.9967349243164065
2018-12-24 11:15:00,55.55,58.26146,-2.7114593505859403
2018-12-24 11:30:00,53.21,59.313526,-6.103526153564452
2018-12-24 11:45:00,53.03,58.838364,-5.808363647460936
2018-12-24 12:00:00,40.64,31.720825,8.9191748046875
2018-12-24 12:15:00,6.91,23.585768,-16.67576774597168
2018-12-24 12:30:00,6.91,9.13111,-2.2211101913452147
2018-12-24 12:45:00,6.48,8.230171,-1.7501712036132808
2018-12-24 13:00:00,6.12,23.144186,-17.02418601989746
2018-12-24 13:15:00,34.49,23.532112,10.95788787841797
2018-12-24 13:30:00,46.98,51.47084,-4.490840454101566
2018-12-24 13:45:00,38.2,57.2151,-19.015099334716794
2018-12-24 14:00:00,37.84,46.611507,-8.771507415771481
2018-12-24 14:15:00,43.45,47.336845,-3.886845397949216
2018-12-24 14:30:00,63.9,49.984905,13.915094757080077
2018-12-24 14:45:00,38.48,65.63003,-27.150027770996097
2018-12-24 15:00:00,38.12,45.265175,-7.145174865722659
2018-12-24 15:15:00,45.25,45.641327,-0.391326904296875
2018-12-24 15:30:00,51.12,50.350918,0.7690821838378881
2018-12-24 15:45:00,45.72,55.369087,-9.649087219238282
2018-12-24 16:00:00,51.7,47.652607,4.047393035888675
2018-12-24 16:15:00,47.2,53.03915,-5.8391502380371065
2018-12-24 16:30:00,69.55,48.884083,20.665917205810544
2018-12-24 16:45:00,44.82,66.1601,-21.34010284423828
2018-12-24 17:00:00,40.86,44.98479,-4.124790802001954
2018-12-24 17:15:00,33.66,42.350285,-8.690284576416019
2018-12-24 17:30:00,9.86,38.890156,-29.03015579223633
2018-12-24 17:45:00,6.73,18.257872,-11.527871627807617
2018-12-24 18:00:00,5.29,16.236967,-10.946967086791993
2018-12-24 18:15:00,5.22,16.014585,-10.794585494995118
2018-12-24 18:30:00,5.18,16.04725,-10.867250747680664
2018-12-24 18:45:00,5.33,15.698277,-10.368277473449707
2018-12-24 19:00:00,5.04,15.980027,-10.940027198791505
2018-12-24 19:15:00,4.14,15.461555,-11.321554527282714
2018-12-24 19:30:00,4.18,14.968884,-10.788884468078614
2018-12-24 19:45:00,4.1,14.968884,-10.868884468078614
2018-12-24 20:00:00,4.18,14.409844,-10.229844398498535
2018-12-24 20:15:00,4.1,14.409844,-10.309844398498536
2018-12-24 20:30:00,4.14,14.482564,-10.342563972473144
2018-12-24 20:45:00,4.21,14.409844,-10.199844398498534
2018-12-24 21:00:00,4.18,3.0370631,1.1429368782043454
2018-12-24 21:15:00,4.18,2.923259,1.2567409801483151
2018-12-24 21:30:00,4.14,2.966712,1.1732880020141598
2018-12-24 21:45:00,4.18,2.923259,1.2567409801483151
2018-12-24 22:00:00,5.4,3.8296638,1.5703362464904789
2018-12-24 22:15:00,4.5,4.3002286,0.19977140426635742
2018-12-24 22:30:00,3.92,3.9863055,-0.06630547523498542
2018-12-24 22:45:00,3.89,3.2444596,0.6455403709411622
2018-12-24 23:00:00,3.85,3.3034034,0.5465966224670411
2018-12-24 23:15:00,3.85,3.3034034,0.5465966224670411
2018-12-24 23:30:00,3.82,3.3034034,0.5165966224670409
2018-12-24 23:45:00,3.85,3.3034034,0.5465966224670411
2018-12-25 00:00:00,3.13,3.8093252,-0.6793252182006837
2018-12-25 00:15:00,3.85,3.2230263,0.6269737243652345
2018-12-25 00:30:00,3.92,3.7239332,0.19606678009033196
2018-12-25 00:45:00,3.89,3.78646,0.10354007720947278
2018-12-25 01:00:00,3.85,3.9301114,-0.08011140823364249
2018-12-25 01:15:00,3.56,3.9649827,-0.40498274803161616
2018-12-25 01:30:00,3.2,3.268108,-0.0681078910827635
2018-12-25 01:45:00,3.92,3.113983,0.806017084121704
2018-12-25 02:00:00,3.64,3.6538363,-0.013836250305175657
2018-12-25 02:15:00,3.17,3.268108,-0.09810789108276374
2018-12-25 02:30:00,3.17,3.0915105,0.0784894657135009
2018-12-25 02:45:00,3.2,3.4303162,-0.23031620979309064
2018-12-25 03:00:00,3.24,3.4527886,-0.21278859138488748
2018-12-25 03:15:00,3.2,3.5720801,-0.3720801353454588
2018-12-25 03:30:00,3.2,3.4527886,-0.2527885913848875
2018-12-25 03:45:00,3.28,3.4527886,-0.1727885913848879
2018-12-25 04:00:00,3.96,3.2332745,0.7267255401611328
2018-12-25 04:15:00,3.96,3.6538363,0.3061637496948242
2018-12-25 04:30:00,3.92,3.6538363,0.26616374969482415
2018-12-25 04:45:00,3.89,3.9926395,-0.10263954162597644
2018-12-25 05:00:00,3.35,3.5913095,-0.24130954742431632
2018-12-25 05:15:00,3.24,3.2332745,0.006725540161133026
2018-12-25 05:30:00,3.35,3.2332745,0.1167255401611329
2018-12-25 05:45:00,3.96,3.2332745,0.7267255401611328
2018-12-25 06:00:00,3.71,3.6538363,0.05616374969482418
2018-12-25 06:15:00,3.17,3.4634705,-0.29347045898437507
2018-12-25 06:30:00,3.2,3.0915105,0.10848946571350115
2018-12-25 06:45:00,3.2,3.4527886,-0.2527885913848875
2018-12-25 07:00:00,3.17,3.4527886,-0.28278859138488777
2018-12-25 07:15:00,3.24,3.4303162,-0.1903162097930906
2018-12-25 07:30:00,3.85,3.5488296,0.3011704444885255
2018-12-25 07:45:00,3.92,3.9042125,0.015787525177001882
2018-12-25 08:00:00,3.89,10.566736,-6.676736221313476
2018-12-25 08:15:00,3.89,20.673504,-16.78350387573242
2018-12-25 08:30:00,3.49,18.76302,-15.273019561767578
2018-12-25 08:45:00,3.24,17.942646,-14.702646026611328
2018-12-25 09:00:00,3.38,9.813364,-6.433364028930664
2018-12-25 09:15:00,3.49,10.21932,-6.729320297241211
2018-12-25 09:30:00,3.46,9.930214,-6.470213928222656
2018-12-25 09:45:00,3.82,9.878608,-6.058607749938965
2018-12-25 10:00:00,3.96,10.701375,-6.741375007629395
2018-12-25 10:15:00,3.42,11.2871275,-7.867127494812012
2018-12-25 10:30:00,3.53,9.799176,-6.269176216125489
2018-12-25 10:45:00,3.46,9.94434,-6.484339752197266
2018-12-25 11:00:00,3.46,10.366361,-6.906360664367676
2018-12-25 11:15:00,3.78,6.472412,-2.692412109375
2018-12-25 11:30:00,4.18,2.7906513,1.389348678588867
2018-12-25 11:45:00,4.28,5.4187083,-1.1387083244323728
2018-12-25 12:00:00,4.18,9.122753,-4.942753143310547
2018-12-25 12:15:00,4.07,3.1642768,0.905723161697388
2018-12-25 12:30:00,3.56,1.9318383,1.6281617259979249
2018-12-25 12:45:00,3.53,1.6208417,1.9091582584381102
2018-12-25 13:00:00,3.53,7.848383,-4.318382949829102
2018-12-25 13:15:00,5.04,11.955347,-6.9153470611572265
2018-12-25 13:30:00,4.07,15.916911,-11.846911125183105
2018-12-25 13:45:00,3.42,13.266963,-9.846963005065918
2018-12-25 14:00:00,3.42,4.857188,-1.4371882247924805
2018-12-25 14:15:00,3.49,3.1040504,0.3859496021270754
2018-12-25 14:30:00,3.46,-1.1883755,4.648375473022461
2018-12-25 14:45:00,3.53,4.616371,-1.0863711547851564
2018-12-25 15:00:00,4.14,4.8505216,-0.7105215644836429
2018-12-25 15:15:00,4.14,4.0228515,0.11714853286743132
2018-12-25 15:30:00,4.14,1.2645148,2.875485196113586
2018-12-25 15:45:00,4.1,3.564637,0.5353630542755123
2018-12-25 16:00:00,3.67,1.1301142,2.539885802268982
2018-12-25 16:15:00,3.46,0.5869088,2.87309118270874
2018-12-25 16:30:00,3.42,-0.42373043,3.843730432987213
2018-12-25 16:45:00,3.46,2.6304312,0.8295688247680664
2018-12-25 17:00:00,3.42,2.3455498,1.0744501781463622
2018-12-25 17:15:00,3.46,2.2983356,1.1616644477844238
2018-12-25 17:30:00,4.0,6.8837996,-2.8837995529174805
2018-12-25 17:45:00,4.0,7.345365,-3.345365047454834
2018-12-25 18:00:00,3.38,8.346347,-4.966346855163574
2018-12-25 18:15:00,3.38,7.843624,-4.4636241149902345
2018-12-25 18:30:00,3.74,7.843624,-4.103624114990234
2018-12-25 18:45:00,4.1,8.0013895,-3.9013895034790043
2018-12-25 19:00:00,4.18,8.71515,-4.535149879455567
2018-12-25 19:15:00,4.1,8.675058,-4.575058364868164
2018-12-25 19:30:00,4.18,8.675058,-4.495058364868164
2018-12-25 19:45:00,3.64,8.675058,-5.0350583648681635
2018-12-25 20:00:00,3.46,7.540045,-4.0800447845458985
2018-12-25 20:15:00,3.46,7.516805,-4.056805171966553
2018-12-25 20:30:00,3.38,7.516805,-4.136805171966553
2018-12-25 20:45:00,3.42,7.505212,-4.08521183013916
2018-12-25 21:00:00,3.42,2.4303203,0.9896797370910644
2018-12-25 21:15:00,3.42,2.4303203,0.9896797370910644
2018-12-25 21:30:00,4.03,2.4303203,1.5996797370910647
2018-12-25 21:45:00,4.14,2.8923526,1.2476474189758298
2018-12-25 22:00:00,3.49,3.872606,-0.382606039047241
2018-12-25 22:15:00,3.2,3.022796,0.17720408439636248
2018-12-25 22:30:00,3.85,2.9759681,0.8740318775177003
2018-12-25 22:45:00,3.89,3.3095968,0.5804032230377199
2018-12-25 23:00:00,3.89,3.347446,0.5425540351867677
2018-12-25 23:15:00,3.85,3.347446,0.5025540351867677
2018-12-25 23:30:00,3.64,3.347446,0.2925540351867677
2018-12-25 23:45:00,3.31,3.1373696,0.1726303672790528
2018-12-26 00:00:00,3.67,3.681342,-0.011341886520385813
2018-12-26 00:15:00,3.24,3.929833,-0.6898329353332517
2018-12-26 00:30:00,3.24,3.7287836,-0.48878360748290994
2018-12-26 00:45:00,3.2,3.763654,-0.5636539936065672
2018-12-26 01:00:00,3.31,3.4641964,-0.1541964435577392
2018-12-26 01:15:00,3.24,3.4882593,-0.24825931549072244
2018-12-26 01:30:00,3.28,3.4882593,-0.20825931549072285
2018-12-26 01:45:00,3.24,3.510768,-0.27076793670654276
2018-12-26 02:00:00,3.24,3.4882593,-0.24825931549072244
2018-12-26 02:15:00,3.78,3.4882593,0.29174068450927715
2018-12-26 02:30:00,3.96,3.7184553,0.2415446853637695
2018-12-26 02:45:00,4.97,3.9088206,1.0611793708801267
2018-12-26 03:00:00,4.36,7.3735833,-3.013583316802978
2018-12-26 03:15:00,3.71,5.527644,-1.817644157409668
2018-12-26 03:30:00,3.28,3.7184553,-0.43845531463623066
2018-12-26 03:45:00,3.31,3.4882593,-0.1782593154907226
2018-12-26 04:00:00,3.28,3.510768,-0.23076793670654316
2018-12-26 04:15:00,3.28,3.510768,-0.23076793670654316
2018-12-26 04:30:00,3.2,3.510768,-0.3107679367065428
2018-12-26 04:45:00,3.24,3.4263473,-0.1863472557067869
2018-12-26 05:00:00,3.28,3.4882593,-0.20825931549072285
2018-12-26 05:15:00,3.2,3.4882593,-0.2882593154907225
2018-12-26 05:30:00,3.24,3.3689678,-0.12896777153015115
2018-12-26 05:45:00,3.2,3.510768,-0.3107679367065428
2018-12-26 06:00:00,4.79,3.3689678,1.4210322284698487
2018-12-26 06:15:00,4.86,5.843744,-0.983743801116943
2018-12-26 06:30:00,3.92,6.332962,-2.4129620361328126
2018-12-26 06:45:00,3.82,3.9088206,-0.0888206291198732
2018-12-26 07:00:00,3.35,3.8462934,-0.4962934494018554
2018-12-26 07:15:00,3.17,3.4882593,-0.3182593154907227
2018-12-26 07:30:00,3.42,3.441724,-0.021724061965942454
2018-12-26 07:45:00,4.82,3.510768,1.3092320632934573
2018-12-26 08:00:00,5.0,12.982417,-7.982417106628418
2018-12-26 08:15:00,34.52,14.103335,20.416664619445804
2018-12-26 08:30:00,48.06,57.37711,-9.317109527587888
2018-12-26 08:45:00,78.23,55.042755,23.18724487304688
2018-12-26 09:00:00,51.08,86.065285,-34.98528472900391
2018-12-26 09:15:00,70.99,50.59783,20.392168273925776
2018-12-26 09:30:00,65.74,72.258224,-6.518224487304693
2018-12-26 09:45:00,52.96,64.60204,-11.642043151855468
2018-12-26 10:00:00,55.44,49.166203,6.273797454833982
2018-12-26 10:15:00,52.06,53.59824,-1.5382398986816384
2018-12-26 10:30:00,57.64,52.632515,5.007485046386719
2018-12-26 10:45:00,62.21,54.97739,7.23260971069336
2018-12-26 11:00:00,45.58,59.566532,-13.986532135009767
2018-12-26 11:15:00,54.58,41.245728,13.334272460937498
2018-12-26 11:30:00,55.15,47.046856,8.103144073486327
2018-12-26 11:45:00,58.64,46.632187,12.007813110351563
2018-12-26 12:00:00,31.28,29.579428,1.7005722808837902
2018-12-26 12:15:00,6.77,21.365213,-14.59521339416504
2018-12-26 12:30:00,7.09,5.939651,1.1503489875793456
2018-12-26 12:45:00,6.95,6.921058,0.02894182205200213
2018-12-26 13:00:00,6.41,12.723125,-6.313125457763672
2018-12-26 13:15:00,20.66,13.820599,6.839401397705078
2018-12-26 13:30:00,59.9,27.153717,32.746282958984374
2018-12-26 13:45:00,55.3,61.10285,-5.802851867675784
2018-12-26 14:00:00,51.41,56.1321,-4.7220991516113315
2018-12-26 14:15:00,57.02,52.45392,4.566081542968753
2018-12-26 14:30:00,43.06,57.899853,-14.839852752685545
2018-12-26 14:45:00,41.4,44.76541,-3.3654113769531264
2018-12-26 15:00:00,52.92,40.4713,12.448701782226564
2018-12-26 15:15:00,53.42,49.397972,4.022027893066408
2018-12-26 15:30:00,40.68,49.809322,-9.129322357177735
2018-12-26 15:45:00,40.64,39.32335,1.316651000976563
2018-12-26 16:00:00,41.47,41.33249,0.13751098632812386
2018-12-26 16:15:00,56.2,42.79405,13.405951690673831
2018-12-26 16:30:00,59.04,57.130615,1.9093847656249991
2018-12-26 16:45:00,54.68,58.063057,-3.3830569458007815
2018-12-26 17:00:00,57.67,51.570168,6.0998324584960955
2018-12-26 17:15:00,54.79,53.80746,0.9825392150878898
2018-12-26 17:30:00,34.42,48.605278,-14.185278015136717
2018-12-26 17:45:00,9.5,35.234425,-25.734424591064453
2018-12-26 18:00:00,5.22,14.400111,-9.180111198425294
2018-12-26 18:15:00,5.04,11.153806,-6.113805732727051
2018-12-26 18:30:00,5.04,10.990018,-5.950017890930176
2018-12-26 18:45:00,5.08,10.917297,-5.83729736328125
2018-12-26 19:00:00,5.08,11.001741,-5.921741409301758
2018-12-26 19:15:00,4.68,11.001741,-6.321741409301758
2018-12-26 19:30:00,3.92,10.192809,-6.272809104919434
2018-12-26 19:45:00,3.89,9.680228,-5.790228233337402
2018-12-26 20:00:00,3.85,9.519589,-5.669589424133301
2018-12-26 20:15:00,3.89,9.519589,-5.6295894241333
2018-12-26 20:30:00,3.89,9.519589,-5.6295894241333
2018-12-26 20:45:00,3.96,9.519589,-5.559589424133301
2018-12-26 21:00:00,3.89,3.0876253,0.8023747348785402
2018-12-26 21:15:00,3.96,3.0250986,0.9349014377593994
2018-12-26 21:30:00,4.0,3.0149057,0.9850943088531494
2018-12-26 21:45:00,3.96,3.1695025,0.7904975032806396
2018-12-26 22:00:00,4.07,3.6401577,0.42984230041503935
2018-12-26 22:15:00,4.0,3.7436342,0.2563657760620117
2018-12-26 22:30:00,4.9,3.7947555,1.1052445411682132
2018-12-26 22:45:00,4.1,4.7457113,-0.6457113265991214
2018-12-26 23:00:00,3.71,4.1798477,-0.4698477172851563
2018-12-26 23:15:00,3.74,3.4497929,0.29020713806152365
2018-12-26 23:30:00,3.64,3.4497929,0.19020713806152356
2018-12-26 23:45:00,3.67,3.3675556,0.3024443817138671
2018-12-27 00:00:00,3.74,3.7702644,-0.03026438713073709
2018-12-27 00:15:00,3.64,3.847198,-0.20719800949096667
2018-12-27 00:30:00,3.74,3.642031,0.0979690456390383
2018-12-27 00:45:00,3.71,3.8373935,-0.12739352226257328
2018-12-27 01:00:00,3.71,3.6443105,0.06568952560424801
2018-12-27 01:15:00,3.67,3.6443105,0.025689525604247976
2018-12-27 01:30:00,3.67,3.5424442,0.12755577087402337
2018-12-27 01:45:00,3.78,3.5424442,0.23755577087402324
2018-12-27 02:00:00,4.18,3.6443105,0.5356895256042478
2018-12-27 02:15:00,4.86,5.197833,-0.3378330612182614
2018-12-27 02:30:00,4.21,5.935635,-1.7256350898742676
2018-12-27 02:45:00,3.71,5.197008,-1.4870081329345703
2018-12-27 03:00:00,3.78,3.6668196,0.11318042755126934
2018-12-27 03:15:00,3.67,3.6443105,0.025689525604247976
2018-12-27 03:30:00,3.71,3.5424442,0.1675557708740234
2018-12-27 03:45:00,3.24,3.6443105,-0.40431047439575174
2018-12-27 04:00:00,3.02,3.3925996,-0.3725995826721191
2018-12-27 04:15:00,2.99,3.1400926,-0.150092611312866
2018-12-27 04:30:00,2.99,3.1400926,-0.150092611312866
2018-12-27 04:45:00,2.95,3.1400926,-0.19009261131286603
2018-12-27 05:00:00,2.95,3.1400926,-0.19009261131286603
2018-12-27 05:15:00,2.95,3.1400926,-0.19009261131286603
2018-12-27 05:30:00,2.95,3.1400926,-0.19009261131286603
2018-12-27 05:45:00,2.95,3.1400926,-0.19009261131286603
2018-12-27 06:00:00,3.42,3.1083786,0.31162135124206536
2018-12-27 06:15:00,3.74,3.3608851,0.3791148567199709
2018-12-27 06:30:00,4.86,3.676624,1.1833759403228763
2018-12-27 06:45:00,4.21,6.01816,-1.8081598663330078
2018-12-27 07:00:00,3.6,5.197833,-1.5978330612182616
2018-12-27 07:15:00,2.88,3.4587529,-0.5787528705596925
2018-12-27 07:30:00,3.2,3.149897,0.05010290145874041
2018-12-27 07:45:00,4.9,3.241594,1.6584059238433841
2018-12-27 08:00:00,5.65,12.260133,-6.610132789611816
2018-12-27 08:15:00,32.0,34.312057,-2.3120574951171875
2018-12-27 08:30:00,52.63,48.910816,3.7191838073730494
2018-12-27 08:45:00,73.66,62.039986,11.620014343261715
2018-12-27 09:00:00,63.47,69.15932,-5.689317016601564
2018-12-27 09:15:00,56.77,60.78522,-4.0152210998535125
2018-12-27 09:30:00,53.93,56.5489,-2.618900604248047
2018-12-27 09:45:00,59.4,55.036015,4.363985443115233
2018-12-27 10:00:00,76.03,56.316277,19.713723449707032
2018-12-27 10:15:00,47.81,74.577484,-26.767484130859373
2018-12-27 10:30:00,45.83,50.64603,-4.816030426025392
2018-12-27 10:45:00,52.63,50.175636,2.4543637084960963
2018-12-27 11:00:00,68.69,53.814327,14.875672760009763
2018-12-27 11:15:00,51.16,64.12773,-12.967731323242191
2018-12-27 11:30:00,51.52,51.63979,-0.119789581298825
2018-12-27 11:45:00,54.83,52.66607,2.1639309692382795
2018-12-27 12:00:00,59.62,29.381945,30.238055343627927
2018-12-27 12:15:00,13.54,24.26595,-10.725949249267579
2018-12-27 12:30:00,6.62,5.0869193,1.5330806922912599
2018-12-27 12:45:00,6.59,4.4194875,2.170512523651123
2018-12-27 13:00:00,17.82,14.013114,3.806886024475098
2018-12-27 13:15:00,40.57,34.275627,6.2943728637695315
2018-12-27 13:30:00,43.7,53.82242,-10.122418212890622
2018-12-27 13:45:00,46.84,55.399075,-8.559074554443356
2018-12-27 14:00:00,53.32,51.11581,2.204189605712891
2018-12-27 14:15:00,55.01,54.44438,0.5656182861328105
2018-12-27 14:30:00,61.74,54.20613,7.5338690185546895
2018-12-27 14:45:00,54.14,58.525906,-4.385905609130859
2018-12-27 15:00:00,53.5,54.119663,-0.6196632385253906
2018-12-27 15:15:00,44.75,54.259518,-9.509517669677734
2018-12-27 15:30:00,42.95,49.713085,-6.763085174560544
2018-12-27 15:45:00,60.84,47.50438,13.335620727539066
2018-12-27 16:00:00,63.04,58.358273,4.681727447509765
2018-12-27 16:15:00,59.58,59.735294,-0.15529434204101733
2018-12-27 16:30:00,63.22,56.160793,7.0592066955566395
2018-12-27 16:45:00,45.79,59.637638,-13.847638092041016
2018-12-27 17:00:00,41.58,43.523254,-1.9432543945312517
2018-12-27 17:15:00,54.58,40.55264,14.027360992431639
2018-12-27 17:30:00,36.72,44.44648,-7.726479797363282
2018-12-27 17:45:00,29.38,31.610811,-2.230811233520509
2018-12-27 18:00:00,28.48,32.21959,-3.739589233398437
2018-12-27 18:15:00,48.56,30.176546,18.383453903198244
2018-12-27 18:30:00,53.82,43.098057,10.72194320678711
2018-12-27 18:45:00,53.5,46.778698,6.721302032470703
2018-12-27 19:00:00,53.14,46.27684,6.863159790039063
2018-12-27 19:15:00,51.01,46.79192,4.218080291748045
2018-12-27 19:30:00,47.99,47.39237,0.5976316833496114
2018-12-27 19:45:00,49.18,45.7,3.4799992370605466
2018-12-27 20:00:00,50.33,48.6416,1.6883984374999983
2018-12-27 20:15:00,50.04,47.53862,2.5013800048828116
2018-12-27 20:30:00,40.93,47.511646,-6.581646270751953
2018-12-27 20:45:00,14.51,41.445072,-26.935072174072268
2018-12-27 21:00:00,8.35,5.559816,2.790184116363525
2018-12-27 21:15:00,5.26,4.781214,0.478785762786865
2018-12-27 21:30:00,5.26,4.6117887,0.6482112503051756
2018-12-27 21:45:00,5.26,4.6117887,0.6482112503051756
2018-12-27 22:00:00,4.5,5.0034027,-0.5034027099609375
2018-12-27 22:15:00,3.89,4.395855,-0.5058549499511718
2018-12-27 22:30:00,3.85,3.7648482,0.08515176773071298
2018-12-27 22:45:00,3.82,3.7881813,0.031818695068359215
2018-12-27 23:00:00,3.82,3.8609009,-0.04090087890625016
2018-12-27 23:15:00,3.82,3.8609009,-0.04090087890625016
2018-12-27 23:30:00,3.78,3.8609009,-0.0809008789062502
2018-12-27 23:45:00,3.74,3.7330608,0.006939163208008026
2018-12-28 00:00:00,4.82,4.003977,0.8160231781005862
2018-12-28 00:15:00,3.74,5.4947553,-1.7547552680969236
2018-12-28 00:30:00,3.78,4.003977,-0.22397682189941426
2018-12-28 00:45:00,3.85,4.003977,-0.15397682189941397
2018-12-28 01:00:00,4.14,3.6191874,0.5208126449584958
2018-12-28 01:15:00,4.9,4.858273,0.04172697067260778
2018-12-28 01:30:00,4.14,5.0719466,-0.9319466209411624
2018-12-28 01:45:00,3.82,4.858273,-1.0382730293273927
2018-12-28 02:00:00,3.85,3.641696,0.20830402374267587
2018-12-28 02:15:00,3.82,3.6183639,0.20163614273071273
2018-12-28 02:30:00,3.82,3.641696,0.17830402374267562
2018-12-28 02:45:00,3.82,3.6191874,0.20081264495849593
2018-12-28 03:00:00,3.82,3.6191874,0.20081264495849593
2018-12-28 03:15:00,3.89,3.6191874,0.2708126449584962
2018-12-28 03:30:00,3.89,3.6191874,0.2708126449584962
2018-12-28 03:45:00,3.85,3.6191874,0.23081264495849618
2018-12-28 04:00:00,3.82,3.6191874,0.20081264495849593
2018-12-28 04:15:00,4.07,3.6292574,0.4407425594329837
2018-12-28 04:30:00,5.04,3.822501,1.2174990558624268
2018-12-28 04:45:00,4.1,6.69259,-2.5925902366638187
2018-12-28 05:00:00,3.82,5.0307245,-1.2107245254516603
2018-12-28 05:15:00,3.89,3.6292574,0.2607425594329835
2018-12-28 05:30:00,3.38,3.6292574,-0.2492574405670167
2018-12-28 05:45:00,3.17,3.2920296,-0.12202961921691902
2018-12-28 06:00:00,3.06,3.1401951,-0.08019513130187983
2018-12-28 06:15:00,3.06,3.029453,0.03054696083068853
2018-12-28 06:30:00,3.1,3.028629,0.07137093544006357
2018-12-28 06:45:00,3.06,3.0519612,0.00803881645202642
2018-12-28 07:00:00,3.1,3.029453,0.07054696083068857
2018-12-28 07:15:00,3.38,3.0395231,0.3404768753051757
2018-12-28 07:30:00,4.97,3.2819595,1.6880404663085935
2018-12-28 07:45:00,6.7,6.111743,0.5882570266723635
2018-12-28 08:00:00,6.16,13.501468,-7.341467704772949
2018-12-28 08:15:00,35.75,36.00936,-0.25936126708984375
2018-12-28 08:30:00,57.78,52.692596,5.087403564453126
2018-12-28 08:45:00,57.74,67.23617,-9.496167907714842
2018-12-28 09:00:00,66.46,58.766827,7.693173370361322
2018-12-28 09:15:00,66.82,65.41109,1.4089129638671807
2018-12-28 09:30:00,59.9,64.925224,-5.02522430419922
2018-12-28 09:45:00,63.32,57.271748,6.048252410888672
2018-12-28 10:00:00,57.17,59.41664,-2.246641235351561
2018-12-28 10:15:00,55.91,56.270096,-0.3600958251953159
2018-12-28 10:30:00,62.42,55.195335,7.224664611816408
2018-12-28 10:45:00,59.72,58.18147,1.538531036376952
2018-12-28 11:00:00,62.71,57.45062,5.2593812561035165
2018-12-28 11:15:00,57.82,58.272785,-0.45278518676757784
2018-12-28 11:30:00,64.94,56.782276,8.157723846435545
2018-12-28 11:45:00,58.97,61.272335,-2.3023350524902355
2018-12-28 12:00:00,47.05,50.354946,-3.304946136474612
2018-12-28 12:15:00,10.01,10.773355,-0.7633545303344729
2018-12-28 12:30:00,7.81,1.5021392,6.307860789299011
2018-12-28 12:45:00,7.27,2.8656902,4.404309768676757
2018-12-28 13:00:00,7.31,26.570318,-19.2603182220459
2018-12-28 13:15:00,42.55,40.862106,1.6878936767578097
2018-12-28 13:30:00,56.12,57.483803,-1.3638027954101588
2018-12-28 13:45:00,45.0,62.725655,-17.72565460205078
2018-12-28 14:00:00,45.22,51.34824,-6.128239898681642
2018-12-28 14:15:00,42.62,51.095985,-8.475985412597659
2018-12-28 14:30:00,34.2,47.24971,-13.04971008300781
2018-12-28 14:45:00,42.8,43.84969,-1.049689483642581
2018-12-28 15:00:00,48.02,47.35062,0.6693797302246125
2018-12-28 15:15:00,44.6,51.832607,-7.232607269287108
2018-12-28 15:30:00,35.78,50.562363,-14.782362670898436
2018-12-28 15:45:00,32.62,43.85037,-11.230368499755862
2018-12-28 16:00:00,31.39,41.35214,-9.962138519287109
2018-12-28 16:15:00,30.06,41.231304,-11.171304168701173
2018-12-28 16:30:00,30.13,38.900024,-8.770024414062501
2018-12-28 16:45:00,23.58,39.22946,-15.649461669921877
2018-12-28 17:00:00,8.57,24.032587,-15.462587051391601
2018-12-28 17:15:00,9.58,14.6528845,-5.072884483337402
2018-12-28 17:30:00,9.14,16.175285,-7.035285339355468
2018-12-28 17:45:00,5.47,14.407632,-8.937631874084474
2018-12-28 18:00:00,5.08,11.371407,-6.291406555175781
2018-12-28 18:15:00,5.08,9.245184,-4.165183944702148
2018-12-28 18:30:00,5.11,9.685721,-4.575721397399902
2018-12-28 18:45:00,5.15,9.616289,-4.466289138793945
2018-12-28 19:00:00,5.15,8.89231,-3.7423101425170895
2018-12-28 19:15:00,5.15,8.64434,-3.494339561462402
2018-12-28 19:30:00,5.18,8.701346,-3.5213463973999026
2018-12-28 19:45:00,5.22,8.758644,-3.5386441040039065
2018-12-28 20:00:00,5.15,8.311083,-3.16108283996582
2018-12-28 20:15:00,5.15,8.113285,-2.9632850646972653
2018-12-28 20:30:00,5.18,10.729627,-5.549626655578614
2018-12-28 20:45:00,5.26,11.552195,-6.292194595336914
2018-12-28 21:00:00,5.18,4.6902165,0.4897834587097165
2018-12-28 21:15:00,5.15,4.626833,0.5231670379638675
2018-12-28 21:30:00,5.26,4.626833,0.633167037963867
2018-12-28 21:45:00,5.26,4.6550307,0.6049692726135252
2018-12-28 22:00:00,5.22,4.9521136,0.2678863716125486
2018-12-28 22:15:00,4.97,5.0428424,-0.07284238815307642
2018-12-28 22:30:00,4.97,4.878126,0.09187385559082006
2018-12-28 22:45:00,4.93,4.878126,0.05187385559082003
2018-12-28 23:00:00,5.04,4.878126,0.16187385559082035
2018-12-28 23:15:00,4.86,4.878126,-0.018126144409179368
2018-12-28 23:30:00,4.86,4.857412,0.0025881385803225854
2018-12-28 23:45:00,4.86,4.857412,0.0025881385803225854
2018-12-29 00:00:00,4.28,6.023505,-1.7435052108764646
2018-12-29 00:15:00,4.9,5.506198,-0.6061979293823239
2018-12-29 00:30:00,4.82,6.0895357,-1.2695357131958005
2018-12-29 00:45:00,3.85,6.1551137,-2.305113697052002
2018-12-29 01:00:00,3.74,3.6053777,0.134622325897217
2018-12-29 01:15:00,3.82,3.389001,0.4309991073608397
2018-12-29 01:30:00,3.78,3.6053777,0.1746223258972166
2018-12-29 01:45:00,3.67,3.5502586,0.11974136352539055
2018-12-29 02:00:00,3.74,3.4483929,0.291607131958008
2018-12-29 02:15:00,3.71,3.5502586,0.1597413635253906
2018-12-29 02:30:00,3.82,3.5502586,0.26974136352539047
2018-12-29 02:45:00,3.78,3.6780972,0.10190275192260723
2018-12-29 03:00:00,3.71,3.5502586,0.1597413635253906
2018-12-29 03:15:00,3.74,3.5124094,0.227590551376343
2018-12-29 03:30:00,3.78,3.5124094,0.2675905513763426
2018-12-29 03:45:00,3.78,3.5502586,0.22974136352539043
2018-12-29 04:00:00,3.74,3.5502586,0.18974136352539084
2018-12-29 04:15:00,3.02,3.477539,-0.4575390625
2018-12-29 04:30:00,3.74,2.9923108,0.7476892375946047
2018-12-29 04:45:00,3.6,3.477539,0.12246093750000009
2018-12-29 05:00:00,3.06,3.3548965,-0.2948965454101562
2018-12-29 05:15:00,3.02,3.0505133,-0.030513267517089826
2018-12-29 05:30:00,3.02,2.9931347,0.02686526298522951
2018-12-29 05:45:00,2.99,2.9931347,-0.0031347370147702946
2018-12-29 06:00:00,3.06,2.9931347,0.06686526298522955
2018-12-29 06:15:00,3.06,2.9931347,0.06686526298522955
2018-12-29 06:30:00,3.67,2.9931347,0.6768652629852294
2018-12-29 06:45:00,3.74,3.3531647,0.3868353271484377
2018-12-29 07:00:00,3.71,3.455031,0.2549690818786621
2018-12-29 07:15:00,3.67,3.455031,0.21496908187866204
2018-12-29 07:30:00,3.38,3.3523412,0.02765882492065419
2018-12-29 07:45:00,3.02,3.4294038,-0.4094037818908691
2018-12-29 08:00:00,2.92,4.170453,-1.2504530715942384
2018-12-29 08:15:00,2.95,9.526098,-6.576098251342773
2018-12-29 08:30:00,3.13,4.442683,-1.312683219909668
2018-12-29 08:45:00,3.78,5.342924,-1.5629241180419924
2018-12-29 09:00:00,3.24,2.0028884,1.2371115589141848
2018-12-29 09:15:00,3.17,1.5136969,1.6563030910491943
2018-12-29 09:30:00,3.2,1.5716246,1.6283753633499147
2018-12-29 09:45:00,3.31,2.0108008,1.299199161529541
2018-12-29 10:00:00,4.03,1.6440176,2.3859824228286746
2018-12-29 10:15:00,4.03,2.9976618,1.0323381710052493
2018-12-29 10:30:00,4.03,3.1568255,0.8731744575500491
2018-12-29 10:45:00,4.03,2.7176497,1.312350301742554
2018-12-29 11:00:00,6.19,2.1321454,4.057854595184327
2018-12-29 11:15:00,26.17,7.063804,19.106195850372316
2018-12-29 11:30:00,9.36,20.238834,-10.878834381103516
2018-12-29 11:45:00,3.64,11.743292,-8.103291854858398
2018-12-29 12:00:00,4.14,1.3091171,2.8308829212188718
2018-12-29 12:15:00,3.78,1.7432202,2.0367797899246214
2018-12-29 12:30:00,3.46,0.4704915,2.989508501291275
2018-12-29 12:45:00,3.42,-0.04506839,3.4650683906674384
2018-12-29 13:00:00,3.42,4.408458,-0.9884582328796387
2018-12-29 13:15:00,4.1,7.1780567,-3.0780567169189457
2018-12-29 13:30:00,4.14,8.98561,-4.845610008239746
2018-12-29 13:45:00,4.07,10.225128,-6.155128173828125
2018-12-29 14:00:00,4.03,4.1398644,-0.10986444473266577
2018-12-29 14:15:00,3.92,4.6047454,-0.6847453880310059
2018-12-29 14:30:00,3.31,4.770525,-1.4605249786376953
2018-12-29 14:45:00,3.35,3.7087638,-0.35876383781433097
2018-12-29 15:00:00,3.31,2.8201478,0.48985224723815923
2018-12-29 15:15:00,3.31,3.870524,-0.5605239295959472
2018-12-29 15:30:00,3.31,4.2526135,-0.9426135444641113
2018-12-29 15:45:00,3.35,4.107785,-0.7577852249145507
2018-12-29 16:00:00,3.49,3.3365269,0.15347312927246115
2018-12-29 16:15:00,4.1,4.259825,-0.15982522964477575
2018-12-29 16:30:00,3.71,4.8632016,-1.1532016181945801
2018-12-29 16:45:00,3.67,3.7728143,-0.10281427383422859
2018-12-29 17:00:00,4.1,2.3683312,1.7316688060760494
2018-12-29 17:15:00,4.07,2.6799781,1.3900218677520755
2018-12-29 17:30:00,4.07,2.4436362,1.6263638210296634
2018-12-29 17:45:00,4.1,3.0626974,1.0373025894165036
2018-12-29 18:00:00,3.56,4.366169,-0.8061689758300781
2018-12-29 18:15:00,3.31,3.7265086,-0.416508617401123
2018-12-29 18:30:00,3.24,3.7202327,-0.4802327251434324
2018-12-29 18:45:00,3.35,3.7202327,-0.37023272514343253
2018-12-29 19:00:00,3.31,3.7202327,-0.41023272514343256
2018-12-29 19:15:00,3.35,3.7202327,-0.37023272514343253
2018-12-29 19:30:00,3.35,3.7202327,-0.37023272514343253
2018-12-29 19:45:00,3.31,3.8731759,-0.5631758594512939
2018-12-29 20:00:00,3.71,3.5914674,0.11853261947631832
2018-12-29 20:15:00,4.36,3.6799805,0.6800194835662845
2018-12-29 20:30:00,4.28,4.4691877,-0.18918773651123022
2018-12-29 20:45:00,4.14,4.6221313,-0.4821313476562503
2018-12-29 21:00:00,4.1,3.9573388,0.14266119003295863
2018-12-29 21:15:00,4.07,3.9573388,0.11266119003295927
2018-12-29 21:30:00,3.85,3.87394,-0.023939990997314364
2018-12-29 21:45:00,3.46,3.680696,-0.22069601058959964
2018-12-29 22:00:00,3.31,3.648484,-0.33848399162292475
2018-12-29 22:15:00,3.13,3.411487,-0.28148710250854503
2018-12-29 22:30:00,3.13,3.2824788,-0.15247880935668956
2018-12-29 22:45:00,3.13,3.2824788,-0.15247880935668956
2018-12-29 23:00:00,3.17,3.345904,-0.1759041118621827
2018-12-29 23:15:00,3.06,3.344046,-0.2840461158752441
2018-12-29 23:30:00,2.99,3.281939,-0.2919390296936033
2018-12-29 23:45:00,3.42,3.281939,0.1380609703063964
2018-12-30 00:00:00,3.1,3.7574053,-0.6574052810668944
2018-12-30 00:15:00,3.92,3.4163601,0.5036398601531982
2018-12-30 00:30:00,3.82,4.060871,-0.24087112426757828
2018-12-30 00:45:00,3.74,4.1596007,-0.41960073471069315
2018-12-30 01:00:00,3.78,3.423908,0.3560920047760008
2018-12-30 01:15:00,3.42,3.5191357,-0.09913571357727058
2018-12-30 01:30:00,3.17,3.222269,-0.052269058227539134
2018-12-30 01:45:00,3.02,3.0805047,-0.06050465583801268
2018-12-30 02:00:00,3.1,2.9697626,0.13023743629455575
2018-12-30 02:15:00,3.06,2.9697626,0.09023743629455572
2018-12-30 02:30:00,3.1,3.0649903,0.03500971794128427
2018-12-30 02:45:00,3.13,2.9697626,0.16023743629455556
2018-12-30 03:00:00,3.1,3.0189373,0.08106265068054208
2018-12-30 03:15:00,3.13,2.9697626,0.16023743629455556
2018-12-30 03:30:00,3.6,3.0189373,0.5810626506805421
2018-12-30 03:45:00,4.86,3.228545,1.6314550495147708
2018-12-30 04:00:00,3.85,5.6059546,-1.755954647064209
2018-12-30 04:15:00,3.82,3.5517461,0.2682538700103758
2018-12-30 04:30:00,3.82,3.5517461,0.2682538700103758
2018-12-30 04:45:00,3.46,3.5517461,-0.09174612998962406
2018-12-30 05:00:00,3.17,3.2221496,-0.05214961051940925
2018-12-30 05:15:00,3.13,3.0805047,0.0494953441619872
2018-12-30 05:30:00,3.1,3.0189373,0.08106265068054208
2018-12-30 05:45:00,3.1,2.9626284,0.1373716354370118
2018-12-30 06:00:00,3.1,2.9697626,0.13023743629455575
2018-12-30 06:15:00,3.13,2.9697626,0.16023743629455556
2018-12-30 06:30:00,3.13,3.0189373,0.11106265068054189
2018-12-30 06:45:00,3.1,3.0189373,0.08106265068054208
2018-12-30 07:00:00,3.82,2.9697626,0.8502374362945555
2018-12-30 07:15:00,4.36,3.5517461,0.8082538700103763
2018-12-30 07:30:00,4.97,5.022617,-0.05261686325073267
2018-12-30 07:45:00,3.96,6.901971,-2.941970863342285
2018-12-30 08:00:00,3.46,4.0737157,-0.6137156867980957
2018-12-30 08:15:00,3.06,3.5863273,-0.526327314376831
2018-12-30 08:30:00,3.06,3.0527353,0.007264671325683647
2018-12-30 08:45:00,3.17,3.0527353,0.11726467132568352
2018-12-30 09:00:00,3.28,2.155676,1.1243241119384764
2018-12-30 09:15:00,3.35,2.2974398,1.0525601863861085
2018-12-30 09:30:00,3.38,2.2974398,1.0825601863861083
2018-12-30 09:45:00,3.35,2.2974398,1.0525601863861085
2018-12-30 10:00:00,3.46,2.2498326,1.2101673698425293
2018-12-30 10:15:00,3.38,2.2497132,1.130286817550659
2018-12-30 10:30:00,4.0,2.2498326,1.7501673698425293
2018-12-30 10:45:00,4.1,2.7699995,1.3300004959106442
2018-12-30 11:00:00,4.1,3.875236,0.2247639656066891
2018-12-30 11:15:00,4.28,8.904615,-4.624615402221679
2018-12-30 11:30:00,4.61,3.950836,0.6591640567779544
2018-12-30 11:45:00,3.56,3.9024563,-0.3424562835693359
2018-12-30 12:00:00,3.42,1.5115924,1.9084076118469238
2018-12-30 12:15:00,3.46,1.5780362,1.8819638109207153
2018-12-30 12:30:00,3.46,1.5779169,1.8820831394195556
2018-12-30 12:45:00,3.31,1.5779169,1.7320831394195557
2018-12-30 13:00:00,3.28,2.7137277,0.5662722873687742
2018-12-30 13:15:00,3.2,2.6410081,0.558991861343384
2018-12-30 13:30:00,3.24,2.449103,0.7908968830108645
2018-12-30 13:45:00,3.24,2.6410081,0.598991861343384
2018-12-30 14:00:00,4.03,3.366228,0.6637718963623049
2018-12-30 14:15:00,4.0,3.642348,0.357651948928833
2018-12-30 14:30:00,4.03,4.2171607,-0.18716070175170874
2018-12-30 14:45:00,4.82,4.2171607,0.6028392982482913
2018-12-30 15:00:00,4.1,5.22,-1.1199997901916507
2018-12-30 15:15:00,3.31,4.434529,-1.1245288276672363
2018-12-30 15:30:00,3.24,3.4199722,-0.17997218132019022
2018-12-30 15:45:00,3.24,3.4199722,-0.17997218132019022
2018-12-30 16:00:00,3.35,3.4619958,-0.11199584007263175
2018-12-30 16:15:00,3.31,3.3892763,-0.07927626609802241
2018-12-30 16:30:00,3.35,3.4619958,-0.11199584007263175
2018-12-30 16:45:00,3.24,3.4619958,-0.22199584007263162
2018-12-30 17:00:00,3.24,2.3855076,0.8544924163818362
2018-12-30 17:15:00,3.42,2.3855076,1.0344924163818359
2018-12-30 17:30:00,4.0,2.3855076,1.614492416381836
2018-12-30 17:45:00,4.75,2.7951033,1.9548966884613037
2018-12-30 18:00:00,4.68,4.5522785,0.1277214813232419
2018-12-30 18:15:00,3.89,4.4295955,-0.5395954704284667
2018-12-30 18:30:00,3.53,3.8194253,-0.2894253444671633
2018-12-30 18:45:00,3.2,3.6093495,-0.40934948921203596
2018-12-30 19:00:00,3.28,3.5581055,-0.2781054687500002
2018-12-30 19:15:00,3.24,3.6030736,-0.3630735969543455
2018-12-30 19:30:00,3.24,3.6030736,-0.3630735969543455
2018-12-30 19:45:00,3.2,3.6030736,-0.4030735969543455
2018-12-30 20:00:00,3.24,3.4293401,-0.1893401241302488
2018-12-30 20:15:00,3.31,3.4015887,-0.0915886783599853
2018-12-30 20:30:00,3.24,3.4015887,-0.16158867835998514
2018-12-30 20:45:00,3.78,3.4015887,0.37841132164001445
2018-12-30 21:00:00,4.32,3.210037,1.1099630069732669
2018-12-30 21:15:00,4.07,3.9992447,0.07075531005859403
2018-12-30 21:30:00,4.07,3.6038373,0.4661627483367923
2018-12-30 21:45:00,4.03,3.6038373,0.42616274833679224
2018-12-30 22:00:00,4.0,3.7880955,0.21190452575683594
2018-12-30 22:15:00,3.2,3.7369766,-0.5369766235351561
2018-12-30 22:30:00,2.99,3.258491,-0.26849103927612283
2018-12-30 22:45:00,3.1,3.1739116,-0.07391157150268546
2018-12-30 23:00:00,3.02,3.1739116,-0.15391157150268553
2018-12-30 23:15:00,2.95,3.1739116,-0.22391157150268537
2018-12-30 23:30:00,2.99,3.1667774,-0.17677737236022928
2018-12-30 23:45:00,2.92,3.2250314,-0.30503137588500984
2018-12-31 00:00:00,3.67,3.6773703,-0.007370309829711985
2018-12-31 00:15:00,3.64,4.569015,-0.9290150260925292
2018-12-31 00:30:00,3.31,4.5482388,-1.2382387542724609
2018-12-31 00:45:00,3.49,4.531729,-1.041729221343994
2018-12-31 01:00:00,3.71,3.5304136,0.17958637237548825
2018-12-31 01:15:00,3.78,3.6983552,0.08164480209350566
2018-12-31 01:30:00,3.71,3.6983552,0.011644802093505824
2018-12-31 01:45:00,3.67,3.6983552,-0.02835519790649421
2018-12-31 02:00:00,3.02,3.596489,-0.5764889526367187
2018-12-31 02:15:00,2.99,3.2339787,-0.243978748321533
2018-12-31 02:30:00,3.06,3.2339787,-0.17397874832153315
2018-12-31 02:45:00,3.02,3.2339787,-0.21397874832153319
2018-12-31 03:00:00,3.06,3.2339787,-0.17397874832153315
2018-12-31 03:15:00,3.02,3.2339787,-0.21397874832153319
2018-12-31 03:30:00,3.46,3.2800033,0.17999669075012203
2018-12-31 03:45:00,3.74,3.3014364,0.4385635757446291
2018-12-31 04:00:00,3.06,3.7443807,-0.6843807125091552
2018-12-31 04:15:00,3.74,3.2800033,0.4599966907501223
2018-12-31 04:30:00,3.74,3.7443807,-0.00438071250915506
2018-12-31 04:45:00,3.78,3.6549022,0.12509778022766094
2018-12-31 05:00:00,3.78,3.6983552,0.08164480209350566
2018-12-31 05:15:00,3.56,3.6983552,-0.1383551979064941
2018-12-31 05:30:00,2.99,3.502993,-0.5129931068420408
2018-12-31 05:45:00,3.02,3.2339787,-0.21397874832153319
2018-12-31 06:00:00,2.95,3.2339787,-0.283978748321533
2018-12-31 06:15:00,3.02,3.2339787,-0.21397874832153319
2018-12-31 06:30:00,2.99,3.2339787,-0.243978748321533
2018-12-31 06:45:00,3.02,3.2339787,-0.21397874832153319
2018-12-31 07:00:00,3.74,3.2800033,0.4599966907501223
2018-12-31 07:15:00,3.17,3.476,-0.3060000705718995
2018-12-31 07:30:00,2.95,3.0274992,-0.07749919891357404
2018-12-31 07:45:00,3.56,3.1090734,0.45092659950256353
2018-12-31 08:00:00,3.64,11.950309,-8.310308799743652
2018-12-31 08:15:00,3.6,11.993762,-8.393762016296387
2018-12-31 08:30:00,3.74,14.434477,-10.694476852416992
2018-12-31 08:45:00,3.74,14.629839,-10.889838943481445
2018-12-31 09:00:00,3.06,11.094941,-8.034941139221191
2018-12-31 09:15:00,3.17,10.662111,-7.492111282348633
2018-12-31 09:30:00,3.13,10.772854,-7.6428538513183595
2018-12-31 09:45:00,3.17,8.270571,-5.100570755004883
2018-12-31 10:00:00,3.24,8.209104,-4.969103584289551
2018-12-31 10:15:00,3.2,8.3943205,-5.194320487976074
2018-12-31 10:30:00,4.03,8.158855,-4.128855438232422
2018-12-31 10:45:00,3.67,8.832427,-5.162427024841309
2018-12-31 11:00:00,3.35,8.671068,-5.321068191528321
2018-12-31 11:15:00,3.35,8.561063,-5.211062812805176
2018-12-31 11:30:00,3.82,8.598438,-4.778438262939453
2018-12-31 11:45:00,4.0,8.970941,-4.970940589904785
2018-12-31 12:00:00,4.07,-1.252529,5.32252902507782
2018-12-31 12:15:00,4.03,-1.295982,5.325982003211975
2018-12-31 12:30:00,4.1,-1.295982,5.395982003211975
2018-12-31 12:45:00,3.35,-0.020086246,3.37008624561131
2018-12-31 13:00:00,3.35,9.971872,-6.621872329711914
2018-12-31 13:15:00,3.35,10.375626,-7.025625610351563
2018-12-31 13:30:00,3.31,10.375626,-7.065625610351562
2018-12-31 13:45:00,3.31,10.375626,-7.065625610351562
2018-12-31 14:00:00,3.35,7.45136,-4.101360225677491
2018-12-31 14:15:00,3.35,7.45136,-4.101360225677491
2018-12-31 14:30:00,3.56,7.45136,-3.89136022567749
2018-12-31 14:45:00,4.07,7.5119076,-3.441907577514648
2018-12-31 15:00:00,3.53,7.9698853,-4.439885349273682
2018-12-31 15:15:00,3.42,7.5650663,-4.145066337585449
2018-12-31 15:30:00,4.07,7.62455,-3.554549865722656
2018-12-31 15:45:00,4.07,8.664137,-4.594136886596679
2018-12-31 16:00:00,4.03,8.035805,-4.005804748535156
2018-12-31 16:15:00,4.07,8.035805,-3.965804748535156
2018-12-31 16:30:00,3.92,8.035805,-4.115804748535156
2018-12-31 16:45:00,3.31,10.321924,-7.011924209594726
2018-12-31 17:00:00,3.31,8.061583,-4.751582565307617
2018-12-31 17:15:00,3.35,8.061583,-4.7115825653076175
2018-12-31 17:30:00,3.31,5.5046964,-2.1946963691711425
2018-12-31 17:45:00,3.46,5.50804,-2.048039951324463
2018-12-31 18:00:00,3.42,5.612215,-2.192215042114258
2018-12-31 18:15:00,3.35,5.6164417,-2.2664417266845702
2018-12-31 18:30:00,3.82,5.8217525,-2.0017525482177736
2018-12-31 18:45:00,4.14,5.924328,-1.7843278503417972
2018-12-31 19:00:00,3.49,6.507077,-3.0170772171020506
2018-12-31 19:15:00,3.96,5.638335,-1.6783352279663086
2018-12-31 19:30:00,4.14,5.9295406,-1.7895406341552738
2018-12-31 19:45:00,4.21,8.947792,-4.737792053222656
2018-12-31 20:00:00,4.14,8.388746,-4.24874626159668
2018-12-31 20:15:00,4.18,8.388746,-4.20874626159668
2018-12-31 20:30:00,3.38,8.388746,-5.00874626159668
2018-12-31 20:45:00,3.42,7.478649,-4.058649139404297
2018-12-31 21:00:00,3.42,0.6246491,2.7953508925437927
2018-12-31 21:15:00,3.42,0.6246491,2.7953508925437927
2018-12-31 21:30:00,3.49,0.526439,2.963560988903046
2018-12-31 21:45:00,3.42,0.52434474,2.8956552577018737
2018-12-31 22:00:00,3.42,1.4328434,1.9871565532684325
2018-12-31 22:15:00,3.24,1.311374,1.928626050949097
2018-12-31 22:30:00,3.67,1.2953591,2.3746408653259277
2018-12-31 22:45:00,3.82,1.3296741,2.4903258752822874
2018-12-31 23:00:00,3.85,1.6361684,2.213831639289856
2018-12-31 23:15:00,3.74,1.6290342,2.1109658384323122
2018-12-31 23:30:00,3.78,1.501196,2.278803973197937
2018-12-31 23:45:00,3.78,1.6571075,2.122892527580261
