timestamp,production_load_t,equipment_utilization_pct,ambient_temp_c,equipment_run_frac,furnace_kwh,compressor_kwh,ventilation_kwh,auxiliary_kwh,energy_kwh
2024-01-01 00:00:00,116.99,100.0,15.18,1.0,701.89,276.82,41.47,56.35,1076.52
2024-01-01 01:00:00,112.44,89.74,16.08,0.936,687.69,252.37,40.42,61.85,1042.33
2024-01-01 02:00:00,110.09,89.11,13.71,0.913,659.99,244.6,35.01,63.18,1002.78
2024-01-01 03:00:00,106.09,95.94,17.54,0.991,641.27,266.29,45.39,57.94,1010.88
2024-01-01 04:00:00,91.56,85.46,11.93,0.864,575.43,251.96,37.03,65.25,929.67
2024-01-01 05:00:00,86.07,80.76,17.18,0.823,539.44,231.48,41.76,61.0,873.68
2024-01-01 06:00:00,91.32,90.74,14.93,0.918,561.38,259.07,36.21,67.31,923.97
2024-01-01 07:00:00,90.08,85.98,16.51,0.86,558.45,245.66,49.93,64.65,918.68
2024-01-01 08:00:00,90.62,85.57,15.55,0.893,571.17,237.94,45.3,57.64,912.05
2024-01-01 09:00:00,102.17,94.98,15.52,0.968,635.9,260.65,36.9,65.28,998.72
2024-01-01 10:00:00,105.65,90.95,15.83,0.865,653.44,254.15,40.35,56.77,1004.72
2024-01-01 11:00:00,111.13,100.0,16.22,1.0,688.34,265.53,35.88,63.13,1052.89
2024-01-01 12:00:00,115.97,94.04,14.51,0.953,700.65,241.84,38.58,62.63,1043.7
2024-01-01 13:00:00,105.34,95.95,16.55,0.99,648.58,256.5,41.69,57.41,1004.18
2024-01-01 14:00:00,100.6,97.47,13.37,0.969,621.0,251.74,43.38,50.03,966.14
2024-01-01 15:00:00,97.75,81.99,14.99,0.86,607.14,227.67,35.05,67.39,937.24
2024-01-01 16:00:00,88.45,82.51,16.26,0.822,578.89,223.02,37.01,62.09,901.01
2024-01-01 17:00:00,88.27,89.84,16.49,0.935,563.42,253.95,43.77,60.1,921.25
2024-01-01 18:00:00,81.37,86.47,15.69,0.842,529.63,234.49,45.3,60.09,869.51
2024-01-01 19:00:00,81.36,79.82,14.41,0.779,517.64,230.89,36.91,64.87,850.31
2024-01-01 20:00:00,98.36,85.51,16.35,0.885,615.1,244.17,43.83,70.93,974.02
2024-01-01 21:00:00,99.1,94.33,14.0,0.927,620.75,262.3,35.06,64.51,982.62
2024-01-01 22:00:00,107.77,99.8,17.63,1.0,667.73,258.38,38.81,61.84,1026.76
2024-01-01 23:00:00,107.29,87.82,14.87,0.907,661.5,251.16,35.42,61.43,1009.51
2024-01-02 00:00:00,112.82,90.39,12.7,0.905,683.1,252.34,38.38,61.82,1035.64
2024-01-02 01:00:00,113.43,97.84,13.21,1.0,685.81,270.3,47.64,54.98,1058.73
2024-01-02 02:00:00,102.9,94.59,15.07,0.922,633.9,269.63,39.78,62.93,1006.24
2024-01-02 03:00:00,101.5,89.26,15.22,0.939,628.37,252.2,38.87,53.45,972.89
2024-01-02 04:00:00,90.1,88.45,17.96,0.929,580.63,238.64,37.74,62.21,919.22
2024-01-02 05:00:00,85.84,79.37,13.45,0.856,557.8,230.6,38.8,57.64,884.84
2024-01-02 06:00:00,82.59,70.72,15.07,0.685,538.99,199.5,36.77,64.33,839.58
2024-01-02 07:00:00,94.42,85.09,13.42,0.79,608.33,238.31,40.55,61.9,949.09
2024-01-02 08:00:00,92.45,86.54,14.27,0.835,560.98,238.71,39.87,58.25,897.81
2024-01-02 09:00:00,95.77,86.51,17.53,0.851,595.17,241.72,38.17,54.95,930.01
2024-01-02 10:00:00,110.79,89.6,13.3,0.979,673.86,239.11,37.82,67.38,1018.17
2024-01-02 11:00:00,108.11,84.98,15.89,0.96,655.16,230.08,40.73,59.57,985.54
2024-01-02 12:00:00,115.84,95.35,15.6,0.971,691.74,257.53,37.08,68.7,1055.05
2024-01-02 13:00:00,105.15,97.06,14.97,0.971,632.02,262.5,39.04,53.84,987.4
2024-01-02 14:00:00,102.19,97.37,15.79,0.956,628.45,261.93,38.2,58.74,987.31
2024-01-02 15:00:00,100.79,96.33,13.27,1.0,631.09,271.0,31.18,48.75,982.01
2024-01-02 16:00:00,95.45,83.65,17.49,0.946,603.46,238.2,43.44,63.78,948.88
2024-01-02 17:00:00,87.7,78.08,17.89,0.87,552.46,226.34,32.67,64.19,875.66
2024-01-02 18:00:00,84.54,84.75,15.08,0.904,544.45,235.69,32.93,56.97,870.04
2024-01-02 19:00:00,85.81,86.08,18.64,0.917,559.89,232.41,43.58,56.73,892.61
2024-01-02 20:00:00,86.59,85.29,14.41,0.895,540.77,239.09,35.57,58.06,873.49
2024-01-02 21:00:00,97.12,78.49,15.61,0.783,604.33,235.67,31.69,58.8,930.5
2024-01-02 22:00:00,105.66,88.49,17.15,0.848,650.58,247.18,45.35,57.2,1000.32
2024-01-02 23:00:00,117.22,98.46,14.32,0.984,706.17,273.45,37.45,65.4,1082.47
2024-01-03 00:00:00,116.37,100.0,12.94,1.0,708.68,277.44,44.86,57.66,1088.63
2024-01-03 01:00:00,105.94,96.81,12.6,0.895,637.71,266.65,36.34,50.52,991.21
2024-01-03 02:00:00,108.8,95.12,18.1,0.944,655.94,261.07,33.43,58.73,1009.16
2024-01-03 03:00:00,98.46,90.88,14.22,0.868,617.75,244.93,38.71,57.44,958.84
2024-01-03 04:00:00,89.79,85.32,14.73,0.904,555.34,237.92,35.17,53.46,881.9
2024-01-03 05:00:00,89.46,88.16,13.34,0.854,573.78,242.96,41.62,60.95,919.3
2024-01-03 06:00:00,89.12,86.13,16.44,0.878,569.22,242.85,42.7,50.37,905.14
2024-01-03 07:00:00,90.73,85.7,13.84,0.822,579.61,231.48,43.72,61.9,916.71
2024-01-03 08:00:00,89.14,83.23,14.28,0.912,561.96,231.56,38.75,59.83,892.11
2024-01-03 09:00:00,98.76,89.79,15.46,0.813,617.89,250.98,45.52,57.18,971.58
2024-01-03 10:00:00,108.83,96.84,13.42,0.992,654.75,259.14,36.29,54.27,1004.45
2024-01-03 11:00:00,116.89,99.78,14.75,0.934,701.15,264.05,40.54,52.68,1058.42
2024-01-03 12:00:00,113.08,98.45,17.12,0.959,685.71,261.99,39.45,64.41,1051.55
2024-01-03 13:00:00,112.25,100.0,15.66,1.0,674.05,268.37,47.89,58.5,1048.81
2024-01-03 14:00:00,103.07,92.86,15.21,0.941,637.12,240.73,44.83,51.61,974.28
2024-01-03 15:00:00,95.22,84.36,15.34,0.855,586.92,232.68,40.13,59.94,919.68
2024-01-03 16:00:00,95.75,92.29,14.43,0.931,600.9,259.53,40.79,58.63,959.86
2024-01-03 17:00:00,92.43,79.39,18.01,0.762,596.11,228.65,46.14,67.06,937.97
2024-01-03 18:00:00,84.71,76.95,13.8,0.761,533.51,224.11,36.99,57.94,852.55
2024-01-03 19:00:00,91.02,87.19,15.33,0.873,574.94,232.14,31.87,64.9,903.84
2024-01-03 20:00:00,93.95,89.56,15.19,0.905,576.79,245.58,36.13,58.91,917.41
2024-01-03 21:00:00,97.42,82.48,16.53,0.822,600.43,232.52,38.34,54.09,925.39
2024-01-03 22:00:00,108.95,92.56,16.67,0.962,670.34,257.16,45.44,62.36,1035.3
2024-01-03 23:00:00,119.14,96.54,14.97,0.97,712.27,269.4,44.14,66.09,1091.9
2024-01-04 00:00:00,114.86,94.99,15.46,0.96,700.22,265.22,39.82,64.53,1069.8
2024-01-04 01:00:00,119.25,100.0,15.52,0.981,719.09,266.49,41.87,61.57,1089.02
2024-01-04 02:00:00,97.02,92.04,11.62,0.868,604.59,249.92,37.16,64.99,956.66
2024-01-04 03:00:00,103.29,91.55,12.64,0.923,628.2,260.72,48.35,60.85,998.13
2024-01-04 04:00:00,92.85,83.69,14.12,0.897,589.72,233.6,44.85,60.41,928.58
2024-01-04 05:00:00,85.81,76.16,14.18,0.784,551.5,213.44,40.21,52.64,857.79
2024-01-04 06:00:00,85.37,89.78,13.22,0.857,534.61,247.3,39.71,61.06,882.68
2024-01-04 07:00:00,79.06,82.49,16.15,0.866,507.58,241.33,42.81,67.54,859.25
2024-01-04 08:00:00,91.62,82.28,15.03,0.806,555.95,227.35,39.77,51.82,874.9
2024-01-04 09:00:00,101.43,94.31,14.7,0.979,616.22,255.48,32.71,53.44,957.85
2024-01-04 10:00:00,113.41,96.35,13.14,0.945,684.55,257.16,46.13,58.36,1046.21
2024-01-04 11:00:00,110.92,94.02,14.96,0.958,666.14,263.19,44.67,53.22,1027.22
2024-01-04 12:00:00,111.77,98.06,11.08,0.955,672.18,267.65,41.49,63.42,1044.74
2024-01-04 13:00:00,110.98,91.78,14.78,0.893,686.04,258.3,38.32,51.36,1034.03
2024-01-04 14:00:00,111.16,93.86,15.12,0.86,684.04,266.5,40.04,63.4,1053.98
2024-01-04 15:00:00,101.32,91.26,15.39,0.938,621.02,242.58,29.42,65.02,958.05
2024-01-04 16:00:00,90.38,82.69,12.68,0.845,578.25,229.1,35.57,63.28,906.21
2024-01-04 17:00:00,89.06,87.88,15.36,0.9,575.03,241.94,47.07,60.1,924.14
2024-01-04 18:00:00,85.39,92.04,13.46,0.934,551.89,253.7,42.07,62.67,910.33
2024-01-04 19:00:00,90.88,81.67,13.8,0.779,576.81,234.54,32.21,54.22,897.78
2024-01-04 20:00:00,89.69,76.52,16.1,0.813,577.25,217.74,36.69,61.3,892.98
2024-01-04 21:00:00,98.69,79.34,18.04,0.843,619.6,222.45,32.3,56.91,931.26
2024-01-04 22:00:00,105.93,92.21,15.1,0.883,639.95,259.39,36.88,64.45,1000.67
2024-01-04 23:00:00,107.14,90.25,13.8,0.929,654.17,252.81,39.34,63.55,1009.87
2024-01-05 00:00:00,116.18,99.13,15.32,1.0,696.51,270.07,46.41,55.95,1068.93
2024-01-05 01:00:00,114.03,97.68,16.45,0.953,699.39,252.25,43.14,61.76,1056.55
2024-01-05 02:00:00,107.52,85.74,15.97,0.843,652.96,247.3,38.79,61.97,1001.02
2024-01-05 03:00:00,99.06,80.46,19.15,0.831,609.29,230.06,38.99,57.63,935.97
2024-01-05 04:00:00,86.84,84.9,13.96,0.773,562.41,237.32,36.8,60.11,896.63
2024-01-05 05:00:00,85.33,83.34,15.42,0.779,548.71,230.1,44.36,62.56,885.73
2024-01-05 06:00:00,83.63,79.69,17.36,0.747,555.04,223.54,44.84,57.72,3083.99
2024-01-05 07:00:00,83.8,73.61,17.27,0.646,532.1,209.25,34.65,55.57,831.57
2024-01-05 08:00:00,91.85,88.28,12.11,0.937,575.12,233.41,33.12,61.14,902.79
2024-01-05 09:00:00,101.62,97.17,15.03,0.872,637.06,259.15,38.73,67.42,1002.35
2024-01-05 10:00:00,115.04,98.91,17.26,1.0,684.99,258.12,39.22,59.24,1041.57
2024-01-05 11:00:00,113.69,92.61,19.37,0.967,699.0,254.11,41.03,58.24,1052.39
2024-01-05 12:00:00,116.03,98.24,16.09,0.968,690.49,259.39,33.3,56.04,1039.22
2024-01-05 13:00:00,112.69,89.52,14.49,0.862,688.34,252.36,37.14,65.75,1043.6
2024-01-05 14:00:00,99.82,95.2,13.52,0.964,604.38,249.94,39.67,64.38,958.37
2024-01-05 15:00:00,99.89,90.36,18.37,0.904,619.83,256.92,36.88,59.27,972.9
2024-01-05 16:00:00,92.74,77.53,16.13,0.825,572.75,227.83,43.43,56.06,900.07
2024-01-05 17:00:00,96.86,86.93,13.76,0.738,619.72,236.15,47.47,56.02,959.37
2024-01-05 18:00:00,84.23,84.43,14.73,0.798,532.58,236.74,37.85,55.72,862.89
2024-01-05 19:00:00,88.22,82.44,15.5,0.853,554.45,228.0,43.56,57.53,883.54
2024-01-05 20:00:00,92.36,84.8,15.85,0.851,586.09,241.55,38.57,57.2,
2024-01-05 21:00:00,95.33,81.54,13.69,0.853,591.82,242.03,36.28,56.31,926.44
2024-01-05 22:00:00,112.07,98.87,14.12,1.0,685.96,274.71,37.15,65.58,1063.39
2024-01-05 23:00:00,116.0,94.76,12.56,0.941,694.3,254.86,43.07,67.93,1060.17
2024-01-06 00:00:00,89.41,73.92,16.61,0.724,560.77,215.93,37.43,54.55,868.68
2024-01-06 01:00:00,81.11,78.7,14.54,0.903,525.31,234.4,38.22,57.14,855.06
2024-01-06 02:00:00,86.24,88.02,15.75,0.957,541.45,248.0,35.42,55.26,880.13
2024-01-06 03:00:00,69.39,72.76,17.19,0.752,470.13,218.86,42.54,61.59,793.12
2024-01-06 04:00:00,71.72,84.55,15.38,0.849,485.63,241.46,41.83,58.3,827.23
2024-01-06 05:00:00,74.02,79.15,14.88,0.818,494.52,226.68,45.82,54.85,821.87
2024-01-06 06:00:00,59.79,71.59,15.34,0.757,424.09,209.92,42.39,68.26,744.65
2024-01-06 07:00:00,62.99,70.85,15.15,0.729,419.56,201.53,41.65,62.44,725.18
2024-01-06 08:00:00,69.77,74.55,16.92,0.708,465.17,211.95,42.33,55.1,774.56
2024-01-06 09:00:00,72.99,75.18,15.52,0.841,483.11,212.46,38.98,67.53,
2024-01-06 10:00:00,74.42,75.7,14.24,0.769,503.75,216.86,40.44,54.27,815.32
2024-01-06 11:00:00,85.02,85.16,16.63,0.952,540.43,239.44,43.72,63.07,886.67
2024-01-06 12:00:00,82.0,76.32,16.9,0.773,511.59,219.63,36.72,72.09,840.03
2024-01-06 13:00:00,86.64,77.94,13.05,0.767,545.15,224.97,46.81,59.34,876.27
2024-01-06 14:00:00,76.95,72.86,17.35,0.798,499.45,216.99,42.55,58.56,817.54
2024-01-06 15:00:00,81.2,90.83,15.6,0.923,508.75,248.25,48.08,60.84,865.92
2024-01-06 16:00:00,66.24,75.77,15.48,0.764,458.96,223.55,35.3,71.13,788.94
2024-01-06 17:00:00,63.97,73.51,16.56,0.675,427.29,221.19,35.3,67.38,751.16
2024-01-06 18:00:00,67.0,68.21,14.2,0.715,458.59,205.74,41.49,57.78,763.6
2024-01-06 19:00:00,60.33,73.28,16.48,0.708,412.93,210.63,40.49,61.52,725.57
2024-01-06 20:00:00,70.28,74.56,14.49,0.723,483.48,222.26,38.17,64.61,808.52
2024-01-06 21:00:00,80.23,81.19,12.84,0.787,518.93,233.38,34.92,57.86,845.1
2024-01-06 22:00:00,74.2,72.21,13.56,0.744,487.14,215.36,38.93,54.34,795.78
2024-01-06 23:00:00,85.48,83.54,15.9,0.759,551.63,244.65,40.87,65.42,902.57
2024-01-07 00:00:00,87.29,81.53,13.65,0.805,548.39,235.46,34.77,62.55,881.16
2024-01-07 01:00:00,87.87,80.11,17.49,0.85,563.95,237.67,38.36,61.59,901.58
2024-01-07 02:00:00,75.68,81.51,16.86,0.753,494.53,230.28,41.53,65.53,831.87
2024-01-07 03:00:00,69.72,67.17,17.07,0.68,463.83,198.47,43.15,54.27,759.73
2024-01-07 04:00:00,71.46,78.56,15.26,0.754,476.61,231.86,38.86,58.84,806.17
2024-01-07 05:00:00,66.45,76.65,15.46,0.746,443.51,215.04,36.8,73.19,768.54
2024-01-07 06:00:00,64.75,67.98,13.28,0.763,442.23,214.08,40.46,62.84,759.62
2024-01-07 07:00:00,66.64,69.22,16.57,0.61,455.93,213.17,39.17,63.14,771.42
2024-01-07 08:00:00,66.65,72.21,15.64,0.76,434.8,212.17,34.14,60.53,741.65
2024-01-07 09:00:00,75.93,79.37,15.92,0.77,508.38,233.89,38.2,50.79,831.26
2024-01-07 10:00:00,81.8,80.13,17.6,0.775,535.51,232.26,37.64,55.91,861.32
2024-01-07 11:00:00,81.89,83.11,14.16,0.776,514.59,226.79,40.09,64.57,846.04
2024-01-07 12:00:00,93.71,95.67,14.88,0.994,572.48,256.01,37.07,57.29,922.85
2024-01-07 13:00:00,86.64,80.78,15.56,0.798,559.93,231.35,37.81,59.15,888.24
2024-01-07 14:00:00,75.86,69.35,13.67,0.678,505.42,206.6,39.27,61.46,812.74
2024-01-07 15:00:00,77.63,82.94,14.79,0.835,513.12,242.03,42.55,55.12,852.81
2024-01-07 16:00:00,65.48,81.15,15.81,0.803,435.97,232.24,40.37,53.59,762.16
2024-01-07 17:00:00,68.41,76.17,14.58,0.662,476.66,212.34,50.66,59.94,799.59
2024-01-07 18:00:00,68.38,68.75,17.04,0.663,455.88,201.11,34.94,58.15,750.08
2024-01-07 19:00:00,61.97,70.37,12.81,0.748,431.79,212.23,43.65,61.14,748.8
2024-01-07 20:00:00,73.23,71.02,16.76,0.635,488.16,198.21,39.69,52.84,778.9
2024-01-07 21:00:00,76.65,81.54,16.06,0.761,516.0,222.77,34.42,57.33,830.51
2024-01-07 22:00:00,83.91,75.2,14.22,0.731,540.57,215.68,38.49,63.44,858.18
2024-01-07 23:00:00,92.33,84.66,13.69,0.81,584.98,243.36,33.95,74.73,937.01
2024-01-08 00:00:00,114.02,91.99,11.97,0.918,689.48,251.87,40.33,60.6,1042.28
2024-01-08 01:00:00,109.98,95.62,13.9,0.902,660.3,263.57,38.78,63.35,1026.01
2024-01-08 02:00:00,103.94,90.14,16.67,0.882,621.16,249.32,37.26,62.44,970.18
2024-01-08 03:00:00,96.74,89.25,15.01,0.89,603.94,246.58,35.76,61.47,947.76
2024-01-08 04:00:00,92.19,86.21,16.84,0.895,569.66,237.11,44.07,63.41,914.25
2024-01-08 05:00:00,88.37,79.25,14.16,0.855,564.67,231.47,39.36,55.21,890.71
2024-01-08 06:00:00,86.11,86.19,16.16,0.849,551.72,233.47,40.84,58.21,884.24
2024-01-08 07:00:00,90.32,84.92,14.02,0.944,572.59,236.92,40.71,61.25,911.46
2024-01-08 08:00:00,92.55,81.33,13.65,0.804,574.34,237.68,40.43,55.17,907.61
2024-01-08 09:00:00,105.81,100.0,14.93,1.0,657.36,265.41,38.69,62.17,1023.64
2024-01-08 10:00:00,106.44,95.6,14.1,1.0,656.01,251.43,46.07,50.42,1003.92
2024-01-08 11:00:00,123.87,100.0,12.78,1.0,729.9,257.3,48.95,64.06,1100.21
2024-01-08 12:00:00,117.5,100.0,14.82,0.931,724.06,274.0,45.79,59.25,1103.1
2024-01-08 13:00:00,109.56,100.0,15.25,1.0,666.12,274.4,40.09,63.47,1044.08
2024-01-08 14:00:00,103.22,90.88,17.0,0.878,625.41,248.79,39.81,64.98,978.99
2024-01-08 15:00:00,101.93,92.7,16.5,0.913,623.58,247.05,44.37,67.05,982.05
2024-01-08 16:00:00,91.61,80.86,16.92,0.908,565.96,228.94,36.97,61.34,893.21
2024-01-08 17:00:00,89.87,84.2,16.18,0.781,580.2,243.88,46.84,51.33,922.26
2024-01-08 18:00:00,86.89,82.45,15.59,0.84,563.11,225.53,43.17,51.19,883.0
2024-01-08 19:00:00,86.72,84.28,13.25,0.799,559.51,243.34,38.88,53.68,895.41
2024-01-08 20:00:00,89.11,86.22,15.32,0.847,569.97,230.89,41.13,63.6,905.59
2024-01-08 21:00:00,93.94,89.77,15.99,0.935,599.69,241.69,42.51,52.96,936.85
2024-01-08 22:00:00,105.71,94.05,17.28,0.956,646.63,258.15,38.29,58.83,1001.9
2024-01-08 23:00:00,116.42,92.15,16.12,0.91,705.46,259.21,44.14,57.89,1066.7
2024-01-09 00:00:00,115.86,93.24,16.98,0.9,692.79,264.63,45.09,61.8,1064.31
2024-01-09 01:00:00,108.01,91.27,13.57,0.929,658.81,257.62,38.95,63.58,1018.96
2024-01-09 02:00:00,108.19,92.69,14.63,1.0,664.56,263.95,38.1,60.47,1027.09
2024-01-09 03:00:00,101.54,96.02,15.76,0.915,603.06,262.74,39.58,64.01,969.39
2024-01-09 04:00:00,88.96,78.67,16.86,0.882,559.87,221.47,35.37,54.5,871.21
2024-01-09 05:00:00,87.62,82.03,14.9,0.88,559.44,239.36,33.33,65.1,897.23
2024-01-09 06:00:00,85.23,87.38,15.0,0.942,545.54,251.68,38.27,60.66,896.15
2024-01-09 07:00:00,82.44,79.72,16.15,0.813,528.57,233.0,36.16,63.8,861.52
2024-01-09 08:00:00,93.93,89.27,13.43,0.951,594.37,251.14,47.08,57.41,950.0
2024-01-09 09:00:00,102.24,90.42,17.53,0.854,625.55,258.24,38.18,49.75,971.72
2024-01-09 10:00:00,111.83,97.2,13.8,0.939,669.39,266.17,41.82,63.33,1040.71
2024-01-09 11:00:00,117.21,97.46,12.24,1.0,715.5,264.54,37.49,59.28,1076.81
2024-01-09 12:00:00,109.49,98.08,15.13,0.996,675.79,270.32,47.13,66.01,1059.25
2024-01-09 13:00:00,109.24,86.89,17.67,0.862,661.4,245.34,39.22,62.11,1008.08
2024-01-09 14:00:00,109.56,92.96,16.0,0.805,667.25,260.54,35.03,74.76,1037.57
2024-01-09 15:00:00,102.06,92.51,16.25,0.903,637.04,253.48,42.68,66.35,999.56
2024-01-09 16:00:00,94.56,89.95,15.18,0.841,593.15,254.35,41.04,58.76,947.3
2024-01-09 17:00:00,102.42,98.68,14.89,1.0,636.34,272.36,44.81,52.08,1005.6
2024-01-09 18:00:00,87.28,81.69,12.8,0.807,560.22,232.82,39.38,55.64,888.07
2024-01-09 19:00:00,91.55,93.17,11.73,0.9,575.21,251.16,40.43,55.31,922.11
2024-01-09 20:00:00,96.32,84.86,15.41,0.981,605.71,245.66,33.97,57.39,942.73
2024-01-09 21:00:00,102.61,97.95,17.09,1.0,625.31,258.43,43.34,59.37,986.45
2024-01-09 22:00:00,106.24,97.21,15.64,1.0,654.35,258.39,40.25,61.59,1014.58
2024-01-09 23:00:00,116.03,93.45,16.06,1.0,699.54,257.24,39.5,66.87,1063.16
2024-01-10 00:00:00,111.91,97.49,17.52,1.0,676.66,249.68,39.08,55.65,1021.07
2024-01-10 01:00:00,112.04,95.77,15.64,0.919,670.24,270.37,38.87,53.06,1032.54
2024-01-10 02:00:00,105.56,95.91,14.96,0.915,648.85,261.49,43.4,64.15,1017.89
2024-01-10 03:00:00,100.33,89.05,13.92,0.939,621.95,256.24,36.3,66.66,981.14
2024-01-10 04:00:00,101.76,89.34,18.18,0.79,622.08,258.44,42.97,57.55,981.04
2024-01-10 05:00:00,79.54,86.62,15.94,0.862,504.93,240.96,33.58,65.21,844.68
2024-01-10 06:00:00,87.75,83.38,13.73,0.725,545.57,243.19,32.33,63.85,884.94
2024-01-10 07:00:00,80.56,84.41,13.39,0.849,520.76,230.9,45.64,51.46,848.77
2024-01-10 08:00:00,90.61,84.18,17.03,0.884,575.51,239.38,35.91,56.82,907.62
2024-01-10 09:00:00,104.36,100.0,13.59,1.0,656.58,267.16,40.42,57.62,1021.78
2024-01-10 10:00:00,107.76,90.49,17.93,0.952,658.42,254.2,38.93,69.94,1021.5
2024-01-10 11:00:00,108.68,91.27,11.01,1.0,650.39,256.96,41.38,62.54,1011.27
2024-01-10 12:00:00,112.14,100.0,17.28,0.993,679.04,269.04,40.21,57.48,1045.77
2024-01-10 13:00:00,115.71,95.63,15.88,1.0,708.55,264.09,44.17,56.51,1073.33
2024-01-10 14:00:00,104.58,100.0,15.33,1.0,637.43,275.67,34.28,52.15,999.53
2024-01-10 15:00:00,100.87,94.89,14.88,0.996,633.28,260.4,42.68,65.33,1001.69
2024-01-10 16:00:00,92.68,85.57,17.98,0.825,584.82,254.93,39.79,61.98,941.52
2024-01-10 17:00:00,84.4,73.14,16.21,0.812,547.19,212.76,33.87,63.1,856.92
2024-01-10 18:00:00,93.58,86.69,13.79,0.919,602.75,251.99,37.88,53.57,946.19
2024-01-10 19:00:00,89.55,85.28,12.57,0.926,553.03,245.96,33.58,63.68,896.25
2024-01-10 20:00:00,84.4,88.04,15.41,0.883,549.17,233.72,33.31,58.81,875.0
2024-01-10 21:00:00,100.75,98.32,15.15,0.92,622.97,275.42,38.25,56.36,993.01
2024-01-10 22:00:00,104.85,89.0,12.87,0.913,636.67,253.35,44.75,62.57,997.33
2024-01-10 23:00:00,116.4,100.0,15.06,0.915,701.2,270.68,41.25,54.0,1067.13
2024-01-11 00:00:00,111.83,99.74,14.32,0.981,692.68,271.67,45.2,60.9,1070.44
2024-01-11 01:00:00,112.53,100.0,15.19,1.0,693.34,272.96,40.3,58.67,1065.27
2024-01-11 02:00:00,109.52,97.25,16.27,1.0,651.59,272.48,46.2,65.36,1035.64
2024-01-11 03:00:00,103.46,82.02,17.42,0.836,631.16,229.76,45.79,64.46,971.16
2024-01-11 04:00:00,87.7,83.07,16.54,0.838,566.04,243.97,36.2,60.45,906.66
2024-01-11 05:00:00,85.67,77.06,14.1,0.767,548.18,215.32,40.28,61.4,865.19
2024-01-11 06:00:00,83.1,80.54,15.73,0.738,535.36,218.57,37.11,62.99,854.03
2024-01-11 07:00:00,84.4,87.1,15.27,0.875,529.43,246.47,39.42,59.95,875.28
2024-01-11 08:00:00,99.56,91.31,13.18,0.918,611.85,259.3,46.63,55.91,973.69
2024-01-11 09:00:00,101.62,96.55,15.78,0.917,617.23,261.68,37.43,57.59,973.93
2024-01-11 10:00:00,102.46,92.94,17.96,0.87,619.06,241.58,35.26,53.9,949.79
2024-01-11 11:00:00,116.66,91.84,15.23,0.894,693.25,243.92,35.52,64.63,1037.31
2024-01-11 12:00:00,123.49,89.14,12.79,0.895,730.02,249.81,38.42,61.99,1080.24
2024-01-11 13:00:00,117.12,99.3,15.22,0.97,699.51,268.48,54.98,57.88,1080.86
2024-01-11 14:00:00,101.42,89.64,13.36,0.844,620.38,255.95,45.89,56.38,978.6
2024-01-11 15:00:00,98.06,84.15,16.47,0.856,618.48,237.15,28.51,61.18,945.31
2024-01-11 16:00:00,97.57,80.28,15.97,0.83,600.58,224.15,39.86,52.94,917.52
2024-01-11 17:00:00,84.18,78.42,14.92,0.79,552.3,226.53,37.48,54.66,870.97
2024-01-11 18:00:00,86.78,82.42,14.68,0.796,550.0,239.17,43.95,59.9,893.02
2024-01-11 19:00:00,90.11,88.38,14.86,0.914,574.05,253.71,35.28,72.21,935.26
2024-01-11 20:00:00,88.79,85.34,15.19,0.844,567.73,238.55,35.85,62.26,904.39
2024-01-11 21:00:00,99.76,97.92,14.02,0.92,611.63,266.04,37.71,60.93,976.31
2024-01-11 22:00:00,94.53,82.09,13.1,0.873,590.05,237.06,37.23,54.15,918.49
2024-01-11 23:00:00,108.89,98.85,16.89,1.0,660.44,263.1,42.61,55.33,1021.48
2024-01-12 00:00:00,113.99,97.23,14.63,0.966,692.93,268.61,38.66,66.78,1066.98
2024-01-12 01:00:00,108.0,97.47,15.46,0.896,658.97,263.3,44.01,57.69,1023.97
2024-01-12 02:00:00,114.03,94.83,15.64,0.911,684.16,258.69,36.76,60.35,1039.97
2024-01-12 03:00:00,94.28,92.5,15.7,1.0,592.35,254.26,43.46,62.96,953.03
2024-01-12 04:00:00,90.74,86.85,13.45,0.793,576.42,243.15,35.37,57.9,912.84
2024-01-12 05:00:00,87.53,80.37,12.7,0.791,572.46,240.26,42.46,57.46,912.64
2024-01-12 06:00:00,90.77,85.32,14.33,0.852,574.37,236.36,38.0,51.38,900.11
2024-01-12 07:00:00,81.27,79.44,15.81,0.81,526.41,224.31,43.57,53.92,848.21
2024-01-12 08:00:00,97.15,91.02,14.12,0.835,609.19,259.83,30.24,62.93,962.19
2024-01-12 09:00:00,100.04,84.12,14.68,0.85,612.61,239.32,36.87,57.81,
2024-01-12 10:00:00,103.57,91.64,18.4,0.832,624.07,257.05,44.67,63.34,989.13
2024-01-12 11:00:00,114.84,99.4,12.44,0.999,691.7,262.55,39.19,52.08,1045.52
2024-01-12 12:00:00,115.8,98.06,14.08,0.948,707.56,267.41,33.19,64.06,1072.22
2024-01-12 13:00:00,110.59,100.0,18.06,0.957,682.82,274.86,37.17,59.8,1054.65
2024-01-12 14:00:00,107.78,97.76,15.15,1.0,643.86,261.25,41.53,52.65,999.29
2024-01-12 15:00:00,98.46,89.19,14.15,0.88,617.62,251.07,36.76,65.65,971.1
2024-01-12 16:00:00,92.95,87.56,16.97,0.899,567.29,242.65,44.64,52.97,907.55
2024-01-12 17:00:00,89.66,86.31,15.3,0.888,571.96,237.37,44.34,65.39,919.06
2024-01-12 18:00:00,91.34,87.69,14.69,0.94,579.92,250.23,42.67,59.84,932.65
2024-01-12 19:00:00,82.06,71.9,15.5,0.659,516.5,217.82,44.12,55.53,833.97
2024-01-12 20:00:00,101.03,89.01,14.23,0.936,633.16,247.69,37.94,69.24,988.03
2024-01-12 21:00:00,92.19,78.67,13.69,0.788,594.91,227.92,45.95,62.03,930.8
2024-01-12 22:00:00,106.89,99.84,15.04,0.979,653.96,277.61,44.3,66.07,1041.95
2024-01-12 23:00:00,115.34,97.37,13.7,0.916,697.85,262.1,39.48,62.16,1061.59
2024-01-13 00:00:00,87.37,82.72,15.27,0.858,568.7,235.8,33.49,58.92,896.92
2024-01-13 01:00:00,82.25,85.61,15.78,0.81,522.25,237.46,30.53,55.65,845.89
2024-01-13 02:00:00,79.79,82.01,16.53,0.846,510.15,226.11,43.96,59.09,
2024-01-13 03:00:00,73.03,70.87,16.94,0.805,478.42,206.46,33.56,60.82,779.26
2024-01-13 04:00:00,67.02,73.15,14.64,0.781,455.38,206.87,36.31,64.08,762.66
2024-01-13 05:00:00,68.66,72.65,16.0,0.796,463.55,215.12,41.91,58.03,778.62
2024-01-13 06:00:00,65.18,63.87,15.99,0.603,441.46,189.49,34.8,62.57,728.32
2024-01-13 07:00:00,62.49,67.79,15.74,0.716,430.02,193.98,49.74,68.39,742.13
2024-01-13 08:00:00,72.97,75.57,14.53,0.698,480.55,223.15,40.95,60.79,805.44
2024-01-13 09:00:00,76.23,77.54,13.71,0.764,497.21,226.9,45.91,50.2,820.23
2024-01-13 10:00:00,83.88,74.53,16.0,0.832,533.23,214.53,44.17,60.24,852.17
2024-01-13 11:00:00,87.26,89.39,12.69,0.863,550.22,251.94,29.85,59.53,891.53
2024-01-13 12:00:00,82.93,80.96,14.85,0.865,518.66,225.17,42.98,59.37,846.18
2024-01-13 13:00:00,82.5,81.44,11.42,0.865,530.72,228.79,39.94,52.02,851.47
2024-01-13 14:00:00,83.61,83.81,13.24,0.892,522.43,238.45,39.75,61.38,862.0
2024-01-13 15:00:00,77.44,74.78,13.93,0.684,513.21,223.24,39.9,57.34,833.69
2024-01-13 16:00:00,69.29,76.93,16.89,0.796,461.98,219.25,44.22,59.47,784.92
2024-01-13 17:00:00,65.73,71.03,16.28,0.702,447.68,205.58,46.58,64.74,764.58
2024-01-13 18:00:00,68.86,69.95,14.42,0.754,461.32,212.78,35.23,55.94,765.28
2024-01-13 19:00:00,62.89,74.31,16.34,0.66,432.5,219.73,40.31,59.49,752.03
2024-01-13 20:00:00,71.56,83.24,16.58,0.851,487.92,235.7,45.61,58.99,828.22
2024-01-13 21:00:00,74.19,80.72,15.01,0.819,480.14,236.6,39.17,59.17,815.08
2024-01-13 22:00:00,79.75,84.49,13.17,0.745,505.78,249.12,40.81,57.78,853.49
2024-01-13 23:00:00,89.14,81.97,14.94,0.775,566.64,234.32,40.87,58.05,899.89
2024-01-14 00:00:00,89.55,76.79,15.14,0.676,563.79,217.72,48.46,68.38,898.34
2024-01-14 01:00:00,88.0,91.45,13.44,0.878,562.86,255.03,42.99,57.89,918.77
2024-01-14 02:00:00,85.85,93.2,15.84,0.959,554.97,250.79,48.28,61.35,915.4
2024-01-14 03:00:00,75.08,85.26,15.71,0.862,486.57,246.49,46.97,60.52,840.56
2024-01-14 04:00:00,72.1,74.37,15.96,0.752,485.34,211.97,39.09,60.36,796.77
2024-01-14 05:00:00,64.02,66.23,15.71,0.61,431.91,197.93,41.2,62.4,733.44
2024-01-14 06:00:00,65.05,67.19,16.38,0.728,445.83,196.08,48.21,56.84,746.96
2024-01-14 07:00:00,64.74,63.95,15.02,0.639,433.79,195.39,35.43,67.01,731.62
2024-01-14 08:00:00,69.76,74.34,15.59,0.745,469.87,217.43,43.04,55.4,785.74
2024-01-14 09:00:00,77.38,86.72,14.69,0.914,506.74,246.57,43.08,59.18,855.56
2024-01-14 10:00:00,77.35,77.97,14.41,0.73,497.94,224.45,38.89,54.07,815.35
2024-01-14 11:00:00,93.11,88.07,17.3,0.892,574.69,245.22,38.48,64.49,922.88
2024-01-14 12:00:00,82.23,87.99,12.22,0.901,537.13,241.34,39.03,55.39,872.89
2024-01-14 13:00:00,79.89,77.92,16.6,0.752,515.81,221.92,42.81,63.78,844.31
2024-01-14 14:00:00,85.26,92.81,14.36,0.961,554.38,246.54,45.89,61.32,908.14
2024-01-14 15:00:00,78.17,89.04,14.16,0.914,506.49,255.35,42.96,60.88,865.68
2024-01-14 16:00:00,71.87,75.28,15.68,0.748,489.77,217.52,34.97,65.58,807.85
2024-01-14 17:00:00,67.77,71.0,13.05,0.703,451.27,218.94,46.02,56.98,773.21
2024-01-14 18:00:00,63.7,75.34,14.06,0.78,450.29,217.48,44.77,67.33,779.87
2024-01-14 19:00:00,61.67,69.1,14.02,0.73,429.74,193.69,39.02,58.08,720.52
2024-01-14 20:00:00,69.68,69.06,14.96,0.694,471.59,202.32,37.38,62.16,773.45
2024-01-14 21:00:00,72.29,82.55,14.08,0.882,473.42,233.34,36.37,59.03,802.17
2024-01-14 22:00:00,84.53,88.34,17.69,0.916,548.46,245.92,44.3,63.09,901.76
2024-01-14 23:00:00,84.15,82.85,17.98,0.739,546.88,238.06,32.48,54.99,872.41
2024-01-15 00:00:00,111.7,89.53,12.3,0.825,675.89,249.07,44.4,60.54,1029.89
2024-01-15 01:00:00,111.7,89.7,16.15,0.956,661.45,246.36,38.19,60.09,1006.1
2024-01-15 02:00:00,109.15,95.11,16.62,0.939,656.85,254.25,41.14,62.18,1014.42
2024-01-15 03:00:00,97.75,86.37,16.15,0.872,599.82,238.95,26.31,62.03,927.11
2024-01-15 04:00:00,89.21,82.9,14.34,0.886,569.65,237.72,32.91,55.7,895.97
2024-01-15 05:00:00,87.98,89.1,14.97,0.891,556.2,252.26,37.28,66.53,912.28
2024-01-15 06:00:00,85.98,86.66,14.21,0.868,546.33,237.93,36.35,59.71,880.33
2024-01-15 07:00:00,84.98,89.38,14.7,0.85,540.38,253.74,43.03,63.65,900.81
2024-01-15 08:00:00,90.62,80.35,13.52,0.822,584.83,232.16,41.21,53.7,911.9
2024-01-15 09:00:00,100.93,88.75,15.16,0.917,625.0,241.05,47.74,57.93,971.72
2024-01-15 10:00:00,101.71,94.65,13.08,0.918,630.12,260.24,42.05,65.39,997.81
2024-01-15 11:00:00,107.36,95.92,15.03,0.913,651.85,263.65,37.4,68.18,1021.08
2024-01-15 12:00:00,112.13,100.0,13.46,1.0,680.39,263.61,44.89,62.12,1051.02
2024-01-15 13:00:00,112.14,98.17,15.64,0.977,672.88,258.01,38.15,59.56,1028.59
2024-01-15 14:00:00,108.74,100.0,14.31,0.966,666.47,272.84,37.92,54.69,1031.92
2024-01-15 15:00:00,105.9,95.65,15.77,0.992,640.33,258.14,40.01,63.99,1002.47
2024-01-15 16:00:00,95.93,93.28,16.95,0.93,605.61,264.95,46.48,61.53,978.57
2024-01-15 17:00:00,86.37,81.57,17.72,0.761,545.97,241.62,44.2,48.23,880.03
2024-01-15 18:00:00,84.92,82.53,11.54,0.849,552.21,236.15,44.08,51.34,883.77
2024-01-15 19:00:00,83.0,86.05,14.08,0.818,550.26,246.42,47.84,61.75,906.27
2024-01-15 20:00:00,92.43,94.28,14.88,1.0,582.14,251.84,43.98,55.84,933.8
2024-01-15 21:00:00,98.85,93.07,16.02,0.955,624.72,247.45,35.09,54.8,
2024-01-15 22:00:00,108.79,93.98,12.86,0.926,669.97,256.51,42.15,59.48,1028.11
2024-01-15 23:00:00,109.68,100.0,13.86,1.0,656.95,262.28,46.49,61.72,1027.43
2024-01-16 00:00:00,117.08,87.58,15.57,0.921,706.27,245.76,33.93,67.15,1053.11
2024-01-16 01:00:00,119.12,92.45,15.5,0.934,719.62,249.44,39.94,55.91,1064.91
2024-01-16 02:00:00,107.06,96.94,15.94,1.0,660.11,264.72,35.73,62.18,1022.73
2024-01-16 03:00:00,101.61,90.87,16.04,0.966,629.46,249.8,40.51,54.87,974.64
2024-01-16 04:00:00,95.26,90.66,15.88,0.931,597.63,254.21,44.54,57.52,953.9
2024-01-16 05:00:00,85.4,83.02,15.67,0.783,547.06,236.31,45.37,60.94,889.69
2024-01-16 06:00:00,85.9,85.8,15.46,0.851,550.55,237.76,39.26,59.26,886.83
2024-01-16 07:00:00,87.06,79.46,16.37,0.819,545.51,218.65,42.65,53.17,859.98
2024-01-16 08:00:00,92.89,89.3,12.02,0.852,582.56,248.5,33.98,62.57,927.62
2024-01-16 09:00:00,96.91,93.43,17.69,0.999,592.92,245.74,33.01,63.71,935.37
2024-01-16 10:00:00,107.6,99.9,12.07,0.95,654.01,277.27,44.48,71.8,1047.55
2024-01-16 11:00:00,114.98,100.0,13.76,0.968,690.19,273.17,27.89,61.11,1052.36
2024-01-16 12:00:00,120.8,100.0,15.04,0.972,718.79,275.06,37.25,60.87,1091.96
2024-01-16 13:00:00,116.83,99.78,16.39,1.0,695.72,263.73,42.71,61.52,1063.67
2024-01-16 14:00:00,116.11,90.44,10.88,0.864,702.72,252.06,40.88,53.18,1048.84
2024-01-16 15:00:00,96.93,85.81,15.33,0.768,602.11,236.2,28.66,53.52,920.48
2024-01-16 16:00:00,95.99,87.03,16.57,0.925,596.58,243.66,42.1,59.59,941.93
2024-01-16 17:00:00,87.74,89.12,16.87,0.869,547.45,241.17,36.55,48.51,873.69
2024-01-16 18:00:00,93.76,83.82,14.33,0.785,586.41,235.53,40.48,54.35,916.77
2024-01-16 19:00:00,83.78,85.87,14.93,0.821,548.05,232.06,37.5,57.51,875.12
2024-01-16 20:00:00,89.14,84.56,14.45,0.931,574.99,236.62,37.23,65.04,913.89
2024-01-16 21:00:00,97.6,87.92,14.79,0.846,611.0,234.76,32.8,61.3,939.85
2024-01-16 22:00:00,99.0,90.75,13.83,0.901,612.66,261.05,38.56,52.41,964.69
2024-01-16 23:00:00,110.89,93.49,14.04,0.913,678.91,257.29,44.94,59.8,1040.94
2024-01-17 00:00:00,111.96,93.84,16.08,0.877,674.48,257.09,38.31,62.92,1032.8
2024-01-17 01:00:00,113.59,88.27,15.62,0.846,685.57,249.43,38.49,63.57,1037.06
2024-01-17 02:00:00,108.87,93.19,16.16,0.867,658.39,247.91,37.18,65.23,1008.72
2024-01-17 03:00:00,107.5,91.35,15.75,0.961,664.79,247.16,34.86,65.99,1012.79
2024-01-17 04:00:00,96.3,85.57,16.48,0.861,607.75,242.89,36.01,62.85,949.49
2024-01-17 05:00:00,84.7,84.44,16.74,0.968,543.23,238.28,40.89,62.44,884.84
2024-01-17 06:00:00,81.41,84.0,12.81,0.805,540.88,232.07,49.84,61.16,883.96
2024-01-17 07:00:00,88.98,85.65,14.14,0.814,568.19,243.75,43.9,64.21,920.05
2024-01-17 08:00:00,87.22,88.59,15.08,0.963,558.95,247.85,42.48,56.06,905.33
2024-01-17 09:00:00,107.33,96.54,15.39,1.0,658.62,265.77,47.97,58.98,1031.33
2024-01-17 10:00:00,112.22,94.63,14.42,0.966,670.99,261.07,41.87,56.5,1030.43
2024-01-17 11:00:00,111.11,93.24,16.79,0.877,668.41,251.72,44.3,62.17,1026.6
2024-01-17 12:00:00,108.15,95.64,18.4,1.0,660.3,260.38,40.86,58.71,1020.25
2024-01-17 13:00:00,118.41,100.0,15.7,0.996,711.66,258.86,41.81,65.07,1077.39
2024-01-17 14:00:00,107.04,100.0,15.55,0.978,659.93,266.94,34.37,60.26,1021.49
2024-01-17 15:00:00,104.95,98.43,16.7,1.0,639.41,265.23,38.76,65.32,1008.73
2024-01-17 16:00:00,86.12,80.35,12.63,0.802,551.18,232.5,37.75,49.44,870.88
2024-01-17 17:00:00,84.61,81.8,15.47,0.76,543.77,234.84,37.54,56.4,872.55
2024-01-17 18:00:00,85.02,85.87,16.89,0.861,546.13,235.81,37.31,64.69,883.93
2024-01-17 19:00:00,87.2,88.94,14.46,0.85,556.12,242.13,45.72,60.1,904.07
2024-01-17 20:00:00,90.7,90.04,13.59,0.75,562.27,256.94,38.53,65.28,923.01
2024-01-17 21:00:00,102.49,90.93,15.15,0.865,614.37,249.18,39.42,61.25,964.23
2024-01-17 22:00:00,103.23,85.34,15.33,0.827,628.61,239.91,49.06,55.33,972.91
2024-01-17 23:00:00,112.42,91.22,14.06,0.854,677.86,256.26,43.1,68.97,1046.19
2024-01-18 00:00:00,115.48,99.1,18.62,1.0,687.98,267.64,40.03,56.68,1052.33
2024-01-18 01:00:00,115.05,99.24,14.76,0.953,694.8,267.48,44.23,56.27,1062.78
2024-01-18 02:00:00,110.35,89.68,13.75,0.921,680.45,246.44,37.32,64.1,1028.31
2024-01-18 03:00:00,95.5,87.97,15.34,0.818,603.32,241.69,38.3,55.44,938.75
2024-01-18 04:00:00,86.36,86.34,16.84,0.909,555.55,242.17,38.55,53.53,889.8
2024-01-18 05:00:00,92.12,80.3,15.5,0.739,588.48,217.7,41.0,56.16,903.35
2024-01-18 06:00:00,86.33,88.69,16.2,0.77,544.25,244.08,41.87,64.1,894.3
2024-01-18 07:00:00,84.02,80.12,14.17,0.863,536.42,231.49,36.2,70.7,874.82
2024-01-18 08:00:00,98.7,95.64,17.71,0.914,618.44,263.39,41.63,60.02,983.48
2024-01-18 09:00:00,100.46,87.56,16.32,0.963,618.52,252.35,42.42,56.38,969.67
2024-01-18 10:00:00,112.22,90.98,17.05,0.938,677.73,256.07,38.13,66.17,1038.1
2024-01-18 11:00:00,113.26,94.34,16.02,0.983,701.2,260.56,39.34,56.92,1058.03
2024-01-18 12:00:00,123.24,100.0,16.71,1.0,736.98,270.17,35.45,57.78,1100.38
2024-01-18 13:00:00,120.01,98.06,14.17,0.986,734.17,263.19,33.96,62.08,1093.41
2024-01-18 14:00:00,106.5,92.17,14.74,0.928,637.93,256.58,35.41,65.71,995.63
2024-01-18 15:00:00,103.89,93.61,17.5,1.0,634.38,258.53,42.88,60.35,996.15
2024-01-18 16:00:00,95.08,86.68,17.82,0.872,598.68,239.79,42.09,58.23,938.79
2024-01-18 17:00:00,92.48,85.91,13.76,0.823,583.17,235.21,47.71,71.61,937.7
2024-01-18 18:00:00,81.14,72.02,15.85,0.75,509.26,210.93,40.15,56.65,816.99
2024-01-18 19:00:00,89.75,86.84,14.83,0.763,566.93,249.29,40.21,57.2,913.63
2024-01-18 20:00:00,96.73,87.92,14.43,0.945,623.45,245.29,41.35,58.06,968.15
2024-01-18 21:00:00,92.97,94.53,15.9,1.0,586.8,258.69,35.73,62.76,943.98
2024-01-18 22:00:00,102.77,86.69,17.19,0.927,638.67,244.58,43.61,57.66,984.53
2024-01-18 23:00:00,104.83,83.38,16.15,0.892,639.02,237.98,41.53,64.09,982.61
2024-01-19 00:00:00,113.92,100.0,15.05,0.996,691.56,271.49,36.21,59.74,1059.0
2024-01-19 01:00:00,115.86,99.66,16.3,0.991,699.2,269.04,41.49,58.4,1068.14
2024-01-19 02:00:00,113.51,91.71,14.99,0.856,696.5,249.55,43.03,57.19,1046.27
2024-01-19 03:00:00,100.3,82.5,16.15,0.912,630.18,239.28,34.67,59.87,964.0
2024-01-19 04:00:00,99.01,97.19,17.62,0.948,618.33,261.55,44.23,62.24,986.34
2024-01-19 05:00:00,81.49,87.82,12.41,0.895,528.01,253.85,38.2,59.82,879.88
2024-01-19 06:00:00,78.19,66.66,16.73,0.679,497.5,200.9,27.72,61.16,787.28
2024-01-19 07:00:00,86.79,81.1,13.22,0.744,540.23,230.63,43.89,56.12,870.87
2024-01-19 08:00:00,94.04,95.34,17.37,0.866,590.84,264.77,45.37,56.42,957.4
2024-01-19 09:00:00,99.87,87.55,14.57,0.876,626.34,239.94,35.51,59.98,961.77
2024-01-19 10:00:00,99.23,87.16,13.7,0.849,626.81,246.48,33.32,60.6,967.2
2024-01-19 11:00:00,112.63,94.9,16.57,0.945,676.05,259.99,45.31,60.24,1041.59
2024-01-19 12:00:00,109.78,89.29,16.08,0.946,656.84,249.97,37.53,57.05,1001.38
2024-01-19 13:00:00,115.67,89.31,14.03,0.904,705.81,243.45,45.38,60.36,1055.0
2024-01-19 14:00:00,108.97,99.75,13.65,1.0,658.31,265.31,32.83,60.13,1016.58
2024-01-19 15:00:00,96.24,78.91,15.25,0.811,588.59,214.71,45.62,59.39,908.31
2024-01-19 16:00:00,90.44,86.46,13.72,0.849,568.27,238.82,44.29,56.74,908.13
2024-01-19 17:00:00,82.77,85.82,13.94,0.808,529.78,237.16,42.16,62.6,871.7
2024-01-19 18:00:00,84.75,75.12,15.7,0.764,554.31,213.74,31.98,59.94,859.98
2024-01-19 19:00:00,90.83,80.79,14.08,0.812,581.08,228.97,38.55,56.25,904.85
2024-01-19 20:00:00,88.56,90.34,16.17,0.949,556.89,250.11,44.03,59.38,910.4
2024-01-19 21:00:00,102.02,93.67,17.77,0.929,641.26,259.71,33.25,57.09,991.31
2024-01-19 22:00:00,105.38,89.6,15.31,0.881,647.9,251.56,37.91,60.02,997.38
2024-01-19 23:00:00,109.82,100.0,15.73,0.989,677.58,273.9,41.59,67.14,1060.21
2024-01-20 00:00:00,85.82,88.94,18.61,0.843,559.73,250.94,35.36,60.74,906.77
2024-01-20 01:00:00,80.6,81.65,13.81,0.889,520.91,233.11,45.2,61.01,860.23
2024-01-20 02:00:00,78.41,74.7,17.37,0.804,516.62,217.21,44.41,67.12,845.37
2024-01-20 03:00:00,70.21,73.04,17.19,0.67,467.79,218.95,40.97,61.36,789.06
2024-01-20 04:00:00,77.23,80.05,16.87,0.841,513.61,232.26,41.74,62.17,849.78
2024-01-20 05:00:00,65.4,71.76,17.52,0.625,447.71,201.8,37.84,60.72,748.07
2024-01-20 06:00:00,60.95,75.17,16.01,0.801,432.44,216.82,42.36,58.08,749.69
2024-01-20 07:00:00,66.11,65.41,14.71,0.619,462.76,186.54,37.61,62.24,749.15
2024-01-20 08:00:00,68.93,66.99,17.23,0.688,469.01,189.74,39.21,68.51,766.47
2024-01-20 09:00:00,74.12,77.96,17.29,0.683,489.83,220.67,38.03,53.4,801.93
2024-01-20 10:00:00,83.08,79.08,17.24,0.731,534.79,225.31,45.74,57.71,863.56
2024-01-20 11:00:00,87.77,80.75,15.65,0.831,535.21,227.03,44.83,55.74,862.8
2024-01-20 12:00:00,84.13,73.22,14.51,0.697,534.94,203.11,35.99,56.29,830.33
2024-01-20 13:00:00,82.44,81.32,15.87,0.771,539.66,235.42,45.35,66.12,886.54
2024-01-20 14:00:00,79.52,79.5,17.0,0.865,525.38,222.71,36.81,59.21,844.11
2024-01-20 15:00:00,65.79,76.16,17.12,0.872,443.09,222.88,47.41,63.61,776.99
2024-01-20 16:00:00,63.31,72.0,14.94,0.767,437.89,207.13,46.28,56.66,747.96
2024-01-20 17:00:00,70.72,74.7,16.06,0.692,472.11,213.88,48.77,56.78,791.54
2024-01-20 18:00:00,70.33,81.05,13.62,0.899,477.17,232.81,41.17,54.91,806.06
2024-01-20 19:00:00,64.26,65.57,17.06,0.578,458.97,195.6,38.88,67.23,760.68
2024-01-20 20:00:00,71.68,78.52,14.41,0.77,484.07,225.92,38.79,63.88,812.66
2024-01-20 21:00:00,76.25,69.77,16.76,0.7,495.86,208.17,41.5,54.75,800.29
2024-01-20 22:00:00,92.94,82.28,13.86,0.919,584.08,224.22,35.94,65.71,909.95
2024-01-20 23:00:00,89.22,78.55,17.13,0.831,577.32,227.82,30.36,58.7,894.2
2024-01-21 00:00:00,85.74,86.78,16.13,0.845,537.42,236.61,38.4,62.27,874.7
2024-01-21 01:00:00,80.92,80.13,14.47,0.754,519.68,221.61,40.16,60.24,841.69
2024-01-21 02:00:00,74.2,77.03,16.68,0.82,496.68,217.41,42.22,52.82,809.12
2024-01-21 03:00:00,75.81,72.37,14.76,0.697,509.42,216.87,41.59,55.86,823.74
2024-01-21 04:00:00,66.35,71.68,16.77,0.728,456.62,200.92,40.56,66.77,764.87
2024-01-21 05:00:00,59.57,65.97,15.24,0.591,412.99,202.44,44.68,64.7,724.8
2024-01-21 06:00:00,61.16,72.5,13.06,0.753,430.11,214.29,36.51,54.89,735.8
2024-01-21 07:00:00,60.93,65.51,14.17,0.68,427.97,198.02,37.31,61.04,724.34
2024-01-21 08:00:00,76.12,84.71,15.0,0.785,503.42,239.37,48.44,58.93,850.16
2024-01-21 09:00:00,78.53,70.89,17.7,0.76,511.86,207.12,27.26,65.71,811.95
2024-01-21 10:00:00,80.59,76.26,17.0,0.79,523.39,224.25,44.48,58.98,851.09
2024-01-21 11:00:00,90.66,93.72,18.08,0.974,566.05,254.25,42.25,56.16,918.71
2024-01-21 12:00:00,86.56,81.1,18.13,0.792,572.64,220.57,39.99,63.69,896.89
2024-01-21 13:00:00,81.3,74.07,14.84,0.75,527.74,215.09,43.58,65.95,852.37
2024-01-21 14:00:00,86.72,84.45,15.36,0.848,557.98,242.16,42.87,61.97,904.98
2024-01-21 15:00:00,77.16,76.2,15.03,0.755,504.03,222.97,34.16,62.86,824.03
2024-01-21 16:00:00,65.23,68.43,14.64,0.693,452.89,214.6,36.1,54.02,757.62
2024-01-21 17:00:00,64.5,66.77,12.88,0.731,432.09,198.69,38.08,53.61,722.47
2024-01-21 18:00:00,60.25,83.97,15.62,0.893,407.27,235.36,31.51,53.25,727.4
2024-01-21 19:00:00,59.73,68.61,13.72,0.627,418.39,202.67,39.97,65.25,726.28
2024-01-21 20:00:00,73.08,66.91,15.6,0.718,501.83,195.86,42.55,58.06,798.3
2024-01-21 21:00:00,82.64,88.79,18.82,0.947,542.85,243.61,44.66,64.13,895.26
2024-01-21 22:00:00,75.03,80.57,14.88,0.798,488.69,222.97,40.31,57.0,808.96
2024-01-21 23:00:00,86.99,79.66,15.94,0.822,559.1,213.53,37.0,59.93,869.56
2024-01-22 00:00:00,112.4,91.53,17.07,0.94,676.9,248.74,40.9,55.97,1022.51
2024-01-22 01:00:00,111.04,98.89,16.13,0.946,678.62,267.81,39.69,58.36,1044.47
2024-01-22 02:00:00,105.13,91.33,16.15,0.894,649.69,255.58,43.14,51.45,999.86
2024-01-22 03:00:00,96.54,78.64,15.16,0.824,610.13,221.69,39.82,58.41,930.06
2024-01-22 04:00:00,92.69,95.28,15.36,0.928,570.95,256.71,43.56,57.97,929.18
2024-01-22 05:00:00,83.69,79.67,14.27,0.846,528.3,233.5,38.95,51.53,852.28
2024-01-22 06:00:00,86.08,90.52,16.98,0.97,549.8,242.1,45.16,62.12,899.19
2024-01-22 07:00:00,86.81,89.8,13.1,0.955,545.78,247.59,40.71,62.87,896.96
2024-01-22 08:00:00,91.54,80.77,17.17,0.907,568.84,235.35,37.61,56.69,898.5
2024-01-22 09:00:00,96.37,93.35,13.6,0.929,604.02,251.79,38.67,53.97,948.45
2024-01-22 10:00:00,105.19,89.34,17.15,0.902,638.64,238.41,42.91,68.65,988.61
2024-01-22 11:00:00,116.01,88.67,15.18,0.903,718.12,256.45,34.92,61.28,1070.77
2024-01-22 12:00:00,117.0,96.38,13.86,0.961,700.75,267.19,39.48,48.1,1055.53
2024-01-22 13:00:00,109.08,96.53,16.58,0.992,663.24,267.69,44.28,57.86,1033.07
2024-01-22 14:00:00,107.9,91.63,17.1,0.831,661.87,251.9,42.07,56.74,1012.57
2024-01-22 15:00:00,103.01,89.97,15.05,0.91,622.96,252.78,35.4,56.37,967.51
2024-01-22 16:00:00,85.82,88.63,16.79,0.817,553.18,231.18,41.24,65.46,891.06
2024-01-22 17:00:00,89.18,85.12,12.28,0.803,568.65,236.14,34.63,61.26,900.68
2024-01-22 18:00:00,82.35,76.96,13.73,0.806,528.95,227.3,40.75,63.18,860.17
2024-01-22 19:00:00,89.29,88.16,17.65,0.872,568.65,236.75,45.52,59.31,910.23
2024-01-22 20:00:00,89.45,85.71,15.37,0.892,570.66,237.99,40.29,64.27,913.22
2024-01-22 21:00:00,92.78,73.78,12.92,0.727,595.38,216.86,35.47,58.13,
2024-01-22 22:00:00,100.99,92.64,14.66,0.982,644.95,249.83,39.24,61.16,995.18
2024-01-22 23:00:00,113.18,98.55,14.32,0.974,677.42,267.0,40.78,62.44,1047.64
2024-01-23 00:00:00,116.04,98.12,15.52,0.883,689.82,268.37,44.37,56.89,1059.44
2024-01-23 01:00:00,109.37,99.15,15.22,1.0,667.69,270.02,44.33,49.52,1031.55
2024-01-23 02:00:00,110.05,91.67,16.04,0.808,653.64,250.09,35.64,51.53,990.91
2024-01-23 03:00:00,93.35,88.36,15.67,0.811,591.96,240.58,38.7,71.56,942.81
2024-01-23 04:00:00,92.24,78.28,17.81,0.739,582.08,226.77,41.57,63.26,913.68
2024-01-23 05:00:00,82.17,83.12,16.41,0.781,533.77,236.58,37.58,63.49,871.42
2024-01-23 06:00:00,82.39,90.96,16.46,0.882,529.53,252.76,41.99,67.11,891.4
2024-01-23 07:00:00,87.2,78.63,17.52,0.734,558.04,225.8,34.61,54.38,872.82
2024-01-23 08:00:00,89.06,80.73,15.19,0.737,569.07,231.57,41.05,56.38,898.07
2024-01-23 09:00:00,98.46,85.68,13.88,0.934,613.91,245.19,44.11,54.48,957.69
2024-01-23 10:00:00,111.53,96.41,17.58,0.93,666.87,264.33,40.22,71.78,1043.19
2024-01-23 11:00:00,110.68,90.03,15.98,0.789,674.79,249.64,40.7,55.01,1020.15
2024-01-23 12:00:00,118.34,100.0,15.98,0.982,726.55,266.84,43.38,66.27,1103.03
2024-01-23 13:00:00,108.47,98.47,14.82,0.928,664.28,275.1,38.22,56.71,1034.32
2024-01-23 14:00:00,109.62,97.48,14.85,0.931,669.19,257.97,42.49,60.43,1030.08
2024-01-23 15:00:00,105.77,84.04,17.04,0.876,661.31,235.27,39.88,66.35,1002.81
2024-01-23 16:00:00,82.61,86.28,17.25,0.84,527.1,238.14,36.37,61.43,863.04
2024-01-23 17:00:00,83.82,86.6,16.95,0.808,546.23,230.89,43.61,59.34,880.07
2024-01-23 18:00:00,87.31,87.8,16.96,0.9,552.3,246.51,45.6,71.34,915.76
2024-01-23 19:00:00,86.2,84.96,16.63,0.907,559.68,237.2,44.63,50.83,892.35
2024-01-23 20:00:00,93.98,88.09,15.97,0.908,596.31,245.19,43.61,55.28,940.38
2024-01-23 21:00:00,97.58,93.95,15.51,0.817,604.62,256.23,42.04,58.45,961.35
2024-01-23 22:00:00,107.85,100.0,17.59,0.944,657.1,274.52,41.45,65.22,1038.3
2024-01-23 23:00:00,112.37,91.42,15.21,0.917,689.66,257.27,39.62,57.48,1044.04
2024-01-24 00:00:00,119.67,100.0,16.4,0.988,703.51,263.39,37.35,64.84,1069.09
2024-01-24 01:00:00,114.01,96.57,14.64,0.949,686.5,273.4,31.74,51.39,1043.02
2024-01-24 02:00:00,108.85,93.78,14.85,0.889,669.22,255.49,33.73,65.74,1024.18
2024-01-24 03:00:00,98.35,81.49,15.49,0.745,609.3,234.66,40.06,64.47,948.49
2024-01-24 04:00:00,90.55,83.85,14.64,0.939,573.83,237.17,34.89,54.63,900.52
2024-01-24 05:00:00,85.28,77.65,17.04,0.778,530.07,223.71,41.66,59.83,855.26
2024-01-24 06:00:00,86.58,80.97,13.82,0.842,546.05,233.38,46.99,58.65,885.07
2024-01-24 07:00:00,85.33,77.17,15.99,0.772,552.06,229.97,27.1,62.25,871.38
2024-01-24 08:00:00,93.66,84.59,16.04,0.848,582.29,242.29,36.11,65.81,926.49
2024-01-24 09:00:00,108.3,92.12,13.13,0.918,651.09,251.99,48.74,56.58,1008.41
2024-01-24 10:00:00,110.98,95.98,15.18,0.904,683.42,261.04,43.34,61.85,1049.64
2024-01-24 11:00:00,111.69,87.77,16.22,0.802,682.56,240.93,39.55,61.23,1024.27
2024-01-24 12:00:00,119.8,92.67,16.48,0.946,710.32,258.91,37.87,60.62,
2024-01-24 13:00:00,111.36,97.49,15.53,0.984,677.9,268.27,42.34,67.28,1055.78
2024-01-24 14:00:00,99.35,85.69,16.86,0.904,608.29,237.89,43.92,60.8,950.9
2024-01-24 15:00:00,95.97,93.36,15.68,0.97,598.62,264.01,34.92,53.93,951.47
2024-01-24 16:00:00,85.02,83.63,15.86,0.796,546.49,242.08,45.97,63.69,898.22
2024-01-24 17:00:00,85.6,85.84,16.22,0.915,541.55,251.2,41.59,68.0,902.34
2024-01-24 18:00:00,85.07,89.59,17.23,0.934,551.31,243.4,43.75,60.7,899.16
2024-01-24 19:00:00,93.72,85.31,14.83,0.888,595.76,238.55,44.1,66.76,945.16
2024-01-24 20:00:00,93.81,84.03,15.11,0.953,591.15,235.29,41.25,57.9,925.59
2024-01-24 21:00:00,99.12,93.92,14.84,1.0,618.93,272.85,41.78,62.07,
2024-01-24 22:00:00,110.82,97.96,15.34,1.0,662.47,265.77,42.07,52.19,1022.49
2024-01-24 23:00:00,104.15,91.14,17.98,0.94,651.63,258.98,38.57,56.95,1006.13
2024-01-25 00:00:00,115.94,100.0,16.77,1.0,698.98,276.21,42.59,60.84,1078.63
2024-01-25 01:00:00,116.07,96.98,14.22,0.941,692.89,263.15,38.96,63.35,1058.34
2024-01-25 02:00:00,101.59,90.96,15.01,0.881,629.09,251.34,40.0,62.18,982.62
2024-01-25 03:00:00,104.58,92.39,16.47,0.958,648.84,257.16,46.26,66.4,1018.66
2024-01-25 04:00:00,93.85,82.25,14.55,0.78,593.37,240.28,39.86,52.36,925.86
2024-01-25 05:00:00,85.35,83.06,14.82,0.86,538.06,233.4,41.65,67.35,880.47
2024-01-25 06:00:00,87.53,90.75,17.93,0.915,563.72,247.52,39.3,56.43,906.97
2024-01-25 07:00:00,96.09,90.27,14.99,0.86,599.98,255.16,38.54,53.86,
2024-01-25 08:00:00,93.23,86.77,17.34,0.869,590.15,235.33,47.71,65.18,938.38
2024-01-25 09:00:00,100.99,89.69,17.79,0.962,618.55,249.86,34.14,54.44,956.99
2024-01-25 10:00:00,105.66,94.49,14.81,0.949,656.68,264.78,40.21,67.07,1028.74
2024-01-25 11:00:00,109.59,98.54,14.58,0.99,669.42,269.52,35.19,49.09,1023.22
2024-01-25 12:00:00,118.32,100.0,15.5,1.0,721.12,266.6,45.02,56.22,1088.95
2024-01-25 13:00:00,109.57,93.12,14.28,0.954,655.55,249.55,39.75,64.39,1009.24
2024-01-25 14:00:00,107.79,95.52,16.09,0.939,647.72,267.71,38.12,63.36,1016.91
2024-01-25 15:00:00,98.09,91.44,15.6,0.932,608.53,250.98,32.66,46.83,938.99
2024-01-25 16:00:00,94.42,82.17,16.45,0.769,603.82,227.15,46.31,56.68,933.96
2024-01-25 17:00:00,88.34,85.01,18.01,0.81,577.42,245.36,34.69,51.42,908.89
2024-01-25 18:00:00,89.15,73.77,17.14,0.704,558.64,219.72,41.95,60.69,881.0
2024-01-25 19:00:00,84.97,84.9,16.65,0.872,545.27,231.97,43.73,60.26,881.23
2024-01-25 20:00:00,91.42,89.01,12.96,0.898,578.34,262.01,48.7,58.76,947.81
2024-01-25 21:00:00,96.08,91.78,16.58,0.911,606.17,249.5,37.79,59.47,952.93
2024-01-25 22:00:00,105.72,90.89,18.5,0.943,655.69,255.57,36.58,54.49,1002.33
2024-01-25 23:00:00,114.5,98.8,11.4,1.0,683.58,279.39,38.29,56.33,1057.59
2024-01-26 00:00:00,118.03,100.0,17.02,0.986,710.66,275.33,37.65,65.33,1088.97
2024-01-26 01:00:00,109.3,100.0,15.75,0.948,650.44,271.56,32.47,57.55,1012.01
2024-01-26 02:00:00,110.98,95.34,14.71,0.912,681.38,251.63,46.54,57.14,1036.69
2024-01-26 03:00:00,105.42,93.41,17.19,0.861,644.4,268.4,38.33,65.7,1016.83
2024-01-26 04:00:00,94.15,92.63,18.55,0.933,581.13,259.72,39.36,54.11,934.31
2024-01-26 05:00:00,94.52,79.75,17.15,0.754,595.24,219.0,42.51,67.4,924.15
2024-01-26 06:00:00,81.9,79.34,15.43,0.769,526.57,235.88,45.54,67.82,875.81
2024-01-26 07:00:00,82.03,87.69,14.57,0.871,540.25,244.52,35.36,54.92,875.05
2024-01-26 08:00:00,85.39,87.57,16.2,0.928,539.78,242.23,41.43,64.6,888.05
2024-01-26 09:00:00,105.98,94.84,17.29,0.995,667.7,255.73,35.14,49.19,1007.76
2024-01-26 10:00:00,110.12,87.53,15.4,0.873,677.42,244.84,41.33,60.51,1024.11
2024-01-26 11:00:00,112.77,96.13,15.55,1.0,694.14,266.73,41.17,54.96,1057.0
2024-01-26 12:00:00,116.12,95.11,20.22,0.85,692.37,256.76,38.11,62.53,1049.77
2024-01-26 13:00:00,108.49,95.9,17.6,1.0,676.75,262.15,40.93,61.57,1041.41
2024-01-26 14:00:00,117.28,94.59,17.71,0.981,696.71,278.93,41.01,58.62,1075.27
2024-01-26 15:00:00,100.52,85.13,13.79,0.856,620.91,241.63,39.67,54.53,956.74
2024-01-26 16:00:00,92.94,76.14,14.92,0.717,595.13,225.7,39.18,64.59,924.59
2024-01-26 17:00:00,89.91,91.07,16.1,0.889,573.62,245.49,34.54,59.84,913.49
2024-01-26 18:00:00,86.92,81.46,14.48,0.845,544.71,222.93,35.64,56.46,859.74
2024-01-26 19:00:00,87.91,84.74,18.39,0.879,568.61,246.74,37.54,57.43,910.32
2024-01-26 20:00:00,89.34,84.66,18.1,0.88,569.41,244.86,35.97,59.52,909.75
2024-01-26 21:00:00,101.89,85.61,15.18,0.82,626.1,250.06,37.71,59.5,973.37
2024-01-26 22:00:00,115.03,91.22,18.66,0.866,682.8,251.08,39.7,61.55,1035.13
2024-01-26 23:00:00,118.37,94.16,15.98,0.951,715.34,265.26,40.35,64.78,1085.73
2024-01-27 00:00:00,92.62,82.7,19.94,0.865,581.81,218.34,42.25,65.24,907.63
2024-01-27 01:00:00,82.7,83.18,16.28,0.832,534.74,237.93,40.63,58.87,872.17
2024-01-27 02:00:00,76.67,74.35,16.93,0.818,490.65,222.34,40.48,62.13,815.6
2024-01-27 03:00:00,74.5,85.98,18.16,0.861,489.14,236.43,42.15,59.0,826.71
2024-01-27 04:00:00,69.6,79.93,17.98,0.799,471.83,234.2,36.33,66.07,808.43
2024-01-27 05:00:00,69.63,78.86,16.83,0.822,483.18,224.52,36.67,59.34,803.71
2024-01-27 06:00:00,56.98,67.89,15.85,0.74,403.26,202.09,38.51,60.6,704.46
2024-01-27 07:00:00,71.38,83.26,16.83,0.765,488.42,233.29,37.21,59.87,818.8
2024-01-27 08:00:00,68.74,73.28,14.84,0.677,470.01,223.38,32.99,62.31,788.69
2024-01-27 09:00:00,73.29,76.49,16.29,0.749,488.33,217.9,42.3,63.16,
2024-01-27 10:00:00,76.58,79.14,14.4,0.949,494.78,222.73,36.01,66.93,820.45
2024-01-27 11:00:00,78.12,82.57,13.39,0.813,502.85,228.26,47.25,66.06,844.41
2024-01-27 12:00:00,89.54,87.96,16.14,0.873,572.65,242.5,40.66,60.22,916.03
2024-01-27 13:00:00,85.04,80.14,17.95,0.832,540.97,229.47,33.99,59.78,864.22
2024-01-27 14:00:00,75.47,75.07,17.45,0.8,492.4,221.47,42.67,58.87,815.42
2024-01-27 15:00:00,69.82,78.11,15.94,0.79,467.65,219.51,40.13,65.04,792.34
2024-01-27 16:00:00,68.03,77.59,18.68,0.834,458.85,225.18,41.16,61.23,786.42
2024-01-27 17:00:00,71.93,74.0,15.21,0.68,486.87,219.07,38.01,72.31,816.26
2024-01-27 18:00:00,62.71,63.42,13.18,0.596,429.51,187.59,36.28,59.68,713.06
2024-01-27 19:00:00,59.24,68.59,12.79,0.744,422.63,204.41,34.15,67.61,728.8
2024-01-27 20:00:00,68.39,77.31,14.29,0.774,465.48,221.85,34.87,67.65,789.85
2024-01-27 21:00:00,73.91,85.98,17.29,0.797,476.15,241.0,34.53,67.52,819.2
2024-01-27 22:00:00,69.84,68.93,15.11,0.623,471.54,201.57,38.57,58.35,770.04
2024-01-27 23:00:00,84.53,80.13,16.75,0.761,521.29,227.46,39.79,59.58,848.12
2024-01-28 00:00:00,85.33,80.72,18.61,0.807,539.47,229.69,33.81,59.19,862.16
2024-01-28 01:00:00,87.53,90.54,14.49,0.929,561.34,261.32,43.61,67.37,933.65
2024-01-28 02:00:00,88.02,83.84,16.86,0.822,560.02,236.32,40.57,57.75,894.66
2024-01-28 03:00:00,79.51,75.22,16.95,0.771,503.39,225.99,49.71,57.11,836.19
2024-01-28 04:00:00,68.3,76.94,14.85,0.748,452.54,230.07,38.38,63.47,784.46
2024-01-28 05:00:00,60.83,68.39,18.17,0.745,403.28,195.71,48.93,53.36,701.29
2024-01-28 06:00:00,74.04,70.9,15.71,0.837,479.48,207.14,42.98,63.84,793.44
2024-01-28 07:00:00,65.49,68.28,15.56,0.663,452.1,211.89,32.16,54.29,750.45
2024-01-28 08:00:00,69.43,83.39,19.31,0.858,462.69,236.2,35.24,57.94,792.07
2024-01-28 09:00:00,74.9,79.37,16.92,0.814,495.88,225.98,41.27,65.78,828.91
2024-01-28 10:00:00,81.42,81.25,17.53,0.819,527.2,235.12,33.01,57.22,852.55
2024-01-28 11:00:00,84.17,80.83,18.17,0.841,541.09,236.15,36.41,61.53,875.19
2024-01-28 12:00:00,83.96,83.44,15.16,0.858,547.96,235.04,33.63,66.04,882.68
2024-01-28 13:00:00,82.56,82.68,18.01,0.803,531.15,231.96,48.55,54.31,865.97
2024-01-28 14:00:00,80.49,81.71,15.39,0.883,529.76,217.41,44.39,60.87,852.42
2024-01-28 15:00:00,72.83,76.99,15.32,0.78,464.31,221.96,38.64,63.23,788.15
2024-01-28 16:00:00,66.52,77.61,15.73,0.757,461.51,220.69,46.05,52.9,781.14
2024-01-28 17:00:00,65.68,72.96,15.21,0.852,438.09,207.17,45.03,54.81,745.11
2024-01-28 18:00:00,62.73,66.48,17.37,0.659,425.07,198.37,45.24,68.08,736.75
2024-01-28 19:00:00,71.27,72.57,16.54,0.738,470.73,209.9,37.76,54.27,772.66
2024-01-28 20:00:00,58.77,59.49,15.4,0.604,422.53,185.94,38.76,58.25,705.49
2024-01-28 21:00:00,79.37,89.82,17.15,0.892,509.72,246.94,35.61,49.92,842.19
2024-01-28 22:00:00,85.61,87.12,15.73,0.894,542.8,245.63,39.55,56.07,884.05
2024-01-28 23:00:00,76.45,74.07,15.65,0.698,494.55,216.6,36.75,63.88,811.78
2024-01-29 00:00:00,113.63,95.41,16.29,0.984,690.19,267.99,35.7,64.79,1058.68
2024-01-29 01:00:00,111.5,92.57,16.92,0.838,683.47,251.19,44.53,63.97,1043.15
2024-01-29 02:00:00,101.87,98.65,16.81,0.922,642.98,277.84,42.69,59.83,1023.34
2024-01-29 03:00:00,96.89,81.34,15.68,0.905,623.64,237.23,36.47,54.62,951.97
2024-01-29 04:00:00,88.06,84.6,17.49,0.783,565.49,246.58,43.78,62.07,917.92
2024-01-29 05:00:00,94.02,86.47,15.89,0.767,593.02,243.1,41.24,57.79,935.14
2024-01-29 06:00:00,88.74,88.51,15.24,0.823,553.97,244.17,38.74,51.96,888.85
2024-01-29 07:00:00,92.1,85.53,14.02,0.942,595.75,236.38,46.36,60.14,938.64
2024-01-29 08:00:00,95.39,78.9,17.7,0.699,598.66,236.21,41.22,66.35,942.44
2024-01-29 09:00:00,95.48,86.49,16.24,0.817,595.11,248.2,47.11,65.55,955.97
2024-01-29 10:00:00,105.4,87.84,16.54,0.805,650.11,238.42,42.26,65.89,
2024-01-29 11:00:00,114.95,97.87,17.79,0.965,689.65,271.4,42.61,61.51,1065.17
2024-01-29 12:00:00,110.11,100.0,15.5,0.978,651.86,265.05,35.7,55.35,1007.95
2024-01-29 13:00:00,115.84,89.22,14.16,0.868,703.79,249.32,37.77,62.94,1053.81
2024-01-29 14:00:00,106.54,89.27,16.33,0.985,663.43,252.42,45.83,60.76,1022.44
2024-01-29 15:00:00,98.5,86.49,16.68,0.805,616.96,250.37,44.65,58.71,970.69
2024-01-29 16:00:00,95.34,85.76,15.83,0.853,596.66,241.53,38.57,63.33,940.09
2024-01-29 17:00:00,88.79,88.09,18.43,0.898,564.04,244.19,34.59,62.28,905.11
2024-01-29 18:00:00,83.56,80.91,12.49,0.76,539.16,230.18,46.64,56.9,872.88
2024-01-29 19:00:00,91.65,87.9,17.9,0.903,579.37,251.0,44.27,56.67,931.3
2024-01-29 20:00:00,88.18,80.96,17.41,0.79,560.39,234.74,35.42,54.24,884.8
2024-01-29 21:00:00,102.46,92.38,16.91,0.943,632.52,253.9,35.42,61.28,983.13
2024-01-29 22:00:00,109.87,98.83,11.22,0.983,681.8,256.35,47.33,64.54,1050.03
2024-01-29 23:00:00,111.75,92.21,18.15,0.82,682.54,239.04,37.97,57.04,1016.6
2024-01-30 00:00:00,116.3,100.0,14.76,1.0,702.36,271.35,38.04,54.67,1066.43
2024-01-30 01:00:00,107.99,94.25,15.54,1.0,665.2,250.85,37.28,62.52,1015.85
2024-01-30 02:00:00,111.2,100.0,16.05,0.991,681.25,266.83,41.42,67.89,1057.4
2024-01-30 03:00:00,99.26,88.62,16.92,0.841,623.87,244.75,34.4,69.95,972.97
2024-01-30 04:00:00,90.41,87.11,17.26,0.946,565.99,255.39,40.95,67.58,929.91
2024-01-30 05:00:00,91.21,85.4,17.64,0.949,572.18,240.07,34.37,59.75,906.38
2024-01-30 06:00:00,82.18,80.61,17.53,0.798,524.4,233.6,34.4,55.5,847.9
2024-01-30 07:00:00,81.38,81.98,16.68,0.809,533.01,235.19,34.54,63.04,865.78
2024-01-30 08:00:00,86.27,85.82,16.93,0.854,557.11,225.69,34.69,59.65,877.14
2024-01-30 09:00:00,102.42,84.96,14.67,0.766,621.93,236.03,42.89,59.0,959.86
2024-01-30 10:00:00,102.38,98.36,15.18,0.969,635.02,259.23,42.89,69.5,1006.64
2024-01-30 11:00:00,120.01,90.71,17.65,0.993,731.03,260.85,39.35,66.93,1098.15
2024-01-30 12:00:00,106.67,89.91,17.56,0.891,651.48,237.9,37.47,63.18,990.04
2024-01-30 13:00:00,119.78,99.42,17.39,0.942,721.39,266.25,45.53,59.52,1092.69
2024-01-30 14:00:00,108.34,96.23,15.53,0.987,667.56,260.53,42.78,60.04,1030.91
2024-01-30 15:00:00,99.61,97.69,17.67,0.944,607.5,259.23,35.29,52.28,954.29
2024-01-30 16:00:00,90.32,75.87,14.56,0.755,572.82,219.93,41.4,65.23,899.38
2024-01-30 17:00:00,88.61,81.76,17.92,0.754,573.21,231.45,41.2,66.49,912.34
2024-01-30 18:00:00,84.85,71.79,15.91,0.666,539.5,211.74,42.87,56.18,850.29
2024-01-30 19:00:00,91.42,85.87,18.83,0.896,583.77,243.34,51.0,56.86,934.97
2024-01-30 20:00:00,92.96,87.84,14.02,0.884,585.0,245.88,36.73,64.88,932.48
2024-01-30 21:00:00,100.6,98.25,18.95,0.944,617.61,268.62,42.22,58.38,986.82
2024-01-30 22:00:00,106.05,93.63,15.76,0.942,649.46,263.29,45.98,65.68,1024.41
2024-01-30 23:00:00,112.76,100.0,15.73,0.97,679.6,260.1,46.87,56.09,1042.67
2024-01-31 00:00:00,116.23,100.0,16.68,0.961,694.05,274.2,40.72,58.44,1067.41
2024-01-31 01:00:00,106.15,90.9,15.34,0.967,648.71,244.61,34.77,62.59,990.69
2024-01-31 02:00:00,102.11,84.01,16.28,0.879,631.08,232.56,32.82,58.38,954.85
2024-01-31 03:00:00,102.97,92.86,15.28,0.928,633.54,255.74,43.31,58.09,990.67
2024-01-31 04:00:00,93.18,79.13,15.34,0.799,583.79,228.64,41.37,57.98,911.79
2024-01-31 05:00:00,86.27,89.61,17.12,0.896,553.18,251.36,40.51,63.47,908.53
2024-01-31 06:00:00,85.07,81.73,15.04,0.842,549.62,225.96,41.13,64.81,881.52
2024-01-31 07:00:00,88.4,90.18,15.24,0.862,552.85,259.16,43.91,62.46,918.38
2024-01-31 08:00:00,90.34,82.77,14.33,0.871,569.69,231.31,42.19,56.51,899.69
2024-01-31 09:00:00,96.89,89.79,15.63,0.916,588.65,244.24,41.55,66.84,941.27
2024-01-31 10:00:00,108.28,95.19,18.36,0.939,660.12,252.26,37.63,61.28,1011.29
2024-01-31 11:00:00,109.08,94.31,15.12,0.919,666.59,249.83,44.16,65.25,1025.83
2024-01-31 12:00:00,116.63,96.15,15.29,1.0,707.72,253.52,37.69,53.55,1052.49
2024-01-31 13:00:00,106.18,95.05,16.68,0.943,652.13,261.5,43.87,65.84,1023.34
2024-01-31 14:00:00,111.62,91.18,15.83,0.877,682.47,255.1,38.43,58.14,1034.13
2024-01-31 15:00:00,101.89,84.9,19.73,0.83,629.97,233.1,42.36,57.79,963.22
2024-01-31 16:00:00,93.52,92.98,16.15,0.968,582.22,248.4,47.05,62.03,939.7
2024-01-31 17:00:00,90.94,89.11,16.89,0.811,565.77,245.85,42.64,49.75,904.02
2024-01-31 18:00:00,91.66,86.16,17.81,0.844,576.21,241.52,45.67,61.75,925.14
2024-01-31 19:00:00,91.07,93.86,17.78,0.992,569.21,258.68,38.51,58.62,925.02
2024-01-31 20:00:00,85.14,81.23,16.74,0.804,544.72,224.8,40.38,67.07,876.98
2024-01-31 21:00:00,94.88,94.05,16.15,0.954,590.47,256.51,38.58,61.36,946.92
2024-01-31 22:00:00,105.0,93.38,19.43,0.988,648.36,265.5,33.36,55.03,1002.25
2024-01-31 23:00:00,113.09,91.42,16.24,0.959,685.87,244.82,44.27,55.99,1030.96
2024-02-01 00:00:00,117.07,100.0,15.82,0.978,708.93,269.83,42.28,47.7,1068.74
2024-02-01 01:00:00,110.09,100.0,15.51,0.993,673.98,272.99,41.99,72.14,1061.11
2024-02-01 02:00:00,108.25,93.52,13.89,0.98,659.8,250.58,44.93,47.48,1002.79
2024-02-01 03:00:00,96.98,92.13,17.71,0.968,603.95,257.13,35.46,57.3,953.83
2024-02-01 04:00:00,90.05,83.01,12.96,0.826,574.28,226.28,34.5,63.71,898.77
2024-02-01 05:00:00,81.38,84.84,16.47,0.846,546.48,241.97,44.97,67.34,900.75
2024-02-01 06:00:00,81.31,68.7,16.17,0.7,518.62,204.53,39.72,69.02,831.89
2024-02-01 07:00:00,81.6,75.7,19.84,0.825,528.35,210.46,40.86,59.5,839.17
2024-02-01 08:00:00,88.6,89.19,13.73,0.945,553.42,251.43,34.13,62.51,901.49
2024-02-01 09:00:00,104.21,90.86,15.13,0.943,640.91,245.43,45.89,58.47,990.7
2024-02-01 10:00:00,103.7,92.89,16.28,0.875,633.12,254.15,42.69,52.22,982.17
2024-02-01 11:00:00,123.52,95.03,16.18,0.937,736.64,263.34,37.7,54.77,1092.45
2024-02-01 12:00:00,116.97,100.0,15.65,0.989,706.11,264.21,48.34,51.42,1070.08
2024-02-01 13:00:00,113.73,100.0,16.36,1.0,684.73,266.83,34.55,61.58,1047.69
2024-02-01 14:00:00,104.07,91.03,14.59,0.898,626.06,257.92,38.68,58.29,980.95
2024-02-01 15:00:00,102.8,89.38,17.02,0.956,645.41,235.27,43.95,59.06,983.69
2024-02-01 16:00:00,90.2,90.25,13.0,0.874,577.7,258.03,44.61,63.36,943.71
2024-02-01 17:00:00,87.5,93.66,16.44,0.912,556.44,247.9,34.03,61.24,899.61
2024-02-01 18:00:00,95.24,92.39,15.58,0.948,589.04,249.82,38.87,63.31,941.04
2024-02-01 19:00:00,86.63,94.17,18.0,1.0,553.81,259.46,42.98,69.06,925.3
2024-02-01 20:00:00,97.1,83.94,19.11,0.829,608.37,239.89,45.89,56.03,950.18
2024-02-01 21:00:00,97.19,84.5,15.98,0.717,612.1,239.23,45.56,50.63,947.52
2024-02-01 22:00:00,107.36,87.74,18.57,0.799,663.7,244.53,42.8,57.1,1008.13
2024-02-01 23:00:00,120.07,100.0,16.01,1.0,728.77,267.38,40.36,58.97,1095.48
2024-02-02 00:00:00,112.49,97.12,15.12,0.898,668.53,273.33,39.28,62.18,1043.32
2024-02-02 01:00:00,120.24,99.36,19.19,0.95,718.76,273.29,41.99,63.62,1097.67
2024-02-02 02:00:00,110.33,99.21,17.35,0.993,679.6,275.4,45.74,54.68,1055.41
2024-02-02 03:00:00,97.75,95.04,16.58,0.828,601.36,257.05,39.14,53.94,951.49
2024-02-02 04:00:00,95.03,79.89,17.6,0.78,604.9,213.79,38.91,66.82,924.42
2024-02-02 05:00:00,90.9,82.47,16.98,0.766,588.98,239.3,44.58,61.59,934.45
2024-02-02 06:00:00,87.49,87.84,16.47,0.803,566.97,246.61,44.25,61.77,919.59
2024-02-02 07:00:00,80.73,78.03,14.58,0.74,528.94,224.95,38.0,61.32,853.21
2024-02-02 08:00:00,89.59,80.8,16.16,0.755,564.38,226.29,34.72,60.74,886.13
2024-02-02 09:00:00,99.01,94.6,17.51,0.969,617.3,256.57,33.15,58.88,965.89
2024-02-02 10:00:00,107.2,87.15,16.39,0.931,645.24,239.43,40.52,56.45,981.65
2024-02-02 11:00:00,115.47,96.23,17.92,0.944,691.12,262.35,35.58,57.3,1046.35
2024-02-02 12:00:00,115.71,99.5,17.15,0.965,692.87,262.13,43.59,70.83,1069.42
2024-02-02 13:00:00,107.65,90.96,15.25,0.889,658.74,255.58,33.13,69.02,1016.48
2024-02-02 14:00:00,109.02,98.43,14.59,0.929,661.97,278.91,46.45,64.64,1051.97
2024-02-02 15:00:00,102.44,88.38,16.33,0.819,634.3,242.01,38.65,59.66,974.63
2024-02-02 16:00:00,94.74,94.41,15.78,0.862,600.72,248.71,36.81,62.83,949.06
2024-02-02 17:00:00,91.33,85.04,17.08,0.784,570.99,237.97,37.84,52.88,899.67
2024-02-02 18:00:00,88.34,87.52,15.49,0.957,562.87,245.69,36.54,64.98,910.08
2024-02-02 19:00:00,88.85,88.15,15.65,0.847,560.9,247.84,46.06,58.8,913.6
2024-02-02 20:00:00,92.22,82.97,18.15,0.683,582.62,243.86,42.69,60.08,929.24
2024-02-02 21:00:00,93.36,76.41,16.79,0.735,592.27,225.36,40.39,60.49,918.5
2024-02-02 22:00:00,109.22,96.41,15.52,0.885,673.46,251.6,35.19,59.1,1019.35
2024-02-02 23:00:00,113.82,97.27,16.6,0.976,694.47,256.86,39.78,64.02,1055.12
2024-02-03 00:00:00,87.34,86.45,18.73,0.862,559.99,243.97,36.92,67.97,908.86
2024-02-03 01:00:00,79.64,78.69,17.11,0.79,506.82,222.51,29.48,64.28,823.09
2024-02-03 02:00:00,76.3,76.0,17.55,0.758,492.85,228.69,37.23,60.33,819.1
2024-02-03 03:00:00,79.21,89.65,15.54,0.878,509.47,242.64,42.42,54.67,849.2
2024-02-03 04:00:00,69.22,67.25,18.2,0.6,468.95,206.98,38.3,60.2,774.43
2024-02-03 05:00:00,67.98,77.66,20.14,0.773,449.59,219.19,39.42,59.61,767.81
2024-02-03 06:00:00,63.86,69.06,15.48,0.742,442.02,206.6,44.16,64.12,756.9
2024-02-03 07:00:00,65.38,71.01,14.89,0.801,449.0,204.15,43.45,56.78,753.37
2024-02-03 08:00:00,73.13,74.98,16.93,0.738,470.16,220.81,47.84,55.56,794.37
2024-02-03 09:00:00,72.94,72.45,17.98,0.718,475.98,218.58,31.23,61.49,787.28
2024-02-03 10:00:00,81.01,83.36,16.53,0.859,533.4,236.58,36.63,64.6,871.21
2024-02-03 11:00:00,82.89,88.4,15.08,0.959,540.05,257.09,43.63,60.76,901.54
2024-02-03 12:00:00,84.51,84.61,16.5,0.822,535.76,233.35,41.73,64.83,875.66
2024-02-03 13:00:00,83.51,82.27,17.56,0.857,529.25,233.35,40.4,53.62,856.62
2024-02-03 14:00:00,81.51,75.82,16.05,0.717,507.96,224.31,37.58,62.37,832.22
2024-02-03 15:00:00,73.09,79.13,17.58,0.808,497.2,220.47,40.91,53.59,812.16
2024-02-03 16:00:00,74.4,87.98,18.41,0.928,492.32,245.13,40.68,73.34,851.46
2024-02-03 17:00:00,61.68,68.94,17.02,0.625,443.46,208.75,32.59,66.7,751.51
2024-02-03 18:00:00,63.0,69.62,16.62,0.67,433.48,211.78,40.85,61.92,748.04
2024-02-03 19:00:00,63.5,68.94,17.91,0.737,439.75,211.63,37.93,51.98,741.3
2024-02-03 20:00:00,75.16,75.13,15.38,0.782,502.94,212.57,43.36,53.12,812.0
2024-02-03 21:00:00,75.79,64.17,15.23,0.693,512.04,196.48,41.38,69.48,819.38
2024-02-03 22:00:00,84.75,84.4,16.26,0.886,547.77,229.35,47.82,54.21,879.16
2024-02-03 23:00:00,78.8,75.17,15.93,0.735,514.02,213.52,40.0,62.5,830.04
2024-02-04 00:00:00,87.32,75.61,15.56,0.866,556.81,217.73,35.63,69.12,879.3
2024-02-04 01:00:00,88.3,87.92,19.51,0.886,553.14,251.49,30.05,60.53,895.2
2024-02-04 02:00:00,80.95,75.07,20.02,0.598,521.72,220.81,36.25,54.03,832.8
2024-02-04 03:00:00,79.26,77.94,16.23,0.765,516.72,223.91,41.51,51.12,833.26
2024-02-04 04:00:00,67.31,80.99,16.9,0.786,467.58,232.76,42.53,61.91,804.79
2024-02-04 05:00:00,70.89,68.4,16.48,0.724,471.03,206.77,37.58,54.48,769.86
2024-02-04 06:00:00,72.95,68.81,18.42,0.666,493.23,206.71,38.28,60.01,798.23
2024-02-04 07:00:00,63.81,73.25,18.72,0.787,438.37,210.37,40.28,54.67,743.7
2024-02-04 08:00:00,67.59,79.54,14.09,0.823,467.91,221.3,41.52,56.99,787.73
2024-02-04 09:00:00,80.81,72.54,17.47,0.675,529.48,210.98,44.08,57.15,841.7
2024-02-04 10:00:00,86.94,85.51,14.8,0.848,559.59,234.81,37.65,58.69,890.74
2024-02-04 11:00:00,82.65,84.23,19.4,0.804,541.09,240.61,37.03,56.3,875.03
2024-02-04 12:00:00,84.57,71.99,17.42,0.729,549.51,220.35,48.1,61.42,879.38
2024-02-04 13:00:00,83.62,85.8,15.53,0.819,546.59,243.56,47.13,64.99,902.27
2024-02-04 14:00:00,75.25,82.01,16.4,0.824,513.29,221.35,37.88,58.2,830.72
2024-02-04 15:00:00,71.33,74.1,16.33,0.727,489.56,211.82,44.57,61.3,807.25
2024-02-04 16:00:00,65.36,78.94,17.55,0.782,450.52,225.88,48.82,55.32,780.55
2024-02-04 17:00:00,62.19,76.78,18.32,0.87,427.4,212.62,45.27,52.16,737.45
2024-02-04 18:00:00,63.61,72.32,15.04,0.705,440.99,212.06,36.95,62.01,752.01
2024-02-04 19:00:00,66.19,70.84,19.52,0.612,435.56,211.58,40.42,64.4,751.96
2024-02-04 20:00:00,75.58,72.92,19.17,0.78,504.52,221.59,32.99,50.43,809.54
2024-02-04 21:00:00,71.01,75.32,15.45,0.804,466.55,229.07,36.14,59.54,791.31
2024-02-04 22:00:00,84.56,85.13,16.87,0.752,551.79,231.62,39.94,62.16,885.52
2024-02-04 23:00:00,83.89,80.32,19.33,0.768,555.28,227.98,40.88,61.45,885.58
2024-02-05 00:00:00,114.8,86.41,18.71,0.886,682.4,240.84,37.23,57.05,1017.53
2024-02-05 01:00:00,115.69,100.0,16.35,1.0,698.05,265.72,28.99,60.24,1053.0
2024-02-05 02:00:00,103.01,92.46,18.08,0.924,626.53,254.75,40.77,64.63,
2024-02-05 03:00:00,101.53,88.87,21.36,0.89,613.82,246.14,42.91,55.7,958.57
2024-02-05 04:00:00,93.17,90.87,17.02,0.862,584.98,254.51,43.06,67.77,950.32
2024-02-05 05:00:00,88.98,92.11,15.91,0.801,569.98,261.58,39.18,53.06,
2024-02-05 06:00:00,86.16,69.07,17.12,0.793,556.82,205.84,39.46,64.49,866.61
2024-02-05 07:00:00,96.83,90.59,17.23,0.857,605.39,247.29,40.99,60.27,953.93
2024-02-05 08:00:00,89.95,77.84,16.07,0.787,556.43,217.31,41.64,57.43,872.81
2024-02-05 09:00:00,97.88,91.43,17.52,0.906,610.37,264.27,39.63,50.79,965.05
2024-02-05 10:00:00,105.01,93.14,14.98,0.976,633.1,261.04,30.71,65.95,990.8
2024-02-05 11:00:00,110.77,98.56,15.86,0.991,662.43,269.38,45.59,55.33,1032.72
2024-02-05 12:00:00,112.45,93.73,18.0,0.945,674.28,255.83,38.14,59.85,1028.11
2024-02-05 13:00:00,117.75,89.51,14.23,0.763,717.13,257.64,35.1,62.36,1072.23
2024-02-05 14:00:00,113.18,94.34,18.21,0.902,690.27,257.15,38.43,71.9,1057.75
2024-02-05 15:00:00,97.72,90.89,13.84,0.946,611.17,240.6,40.45,58.22,950.44
2024-02-05 16:00:00,89.17,89.66,14.26,0.929,558.95,249.88,37.56,60.26,906.65
2024-02-05 17:00:00,88.9,78.59,16.11,0.738,561.37,217.67,37.84,62.07,878.95
2024-02-05 18:00:00,82.79,86.53,17.29,0.786,522.99,243.33,38.7,60.58,865.61
2024-02-05 19:00:00,89.54,81.53,18.85,0.822,578.62,239.28,41.45,56.19,915.54
2024-02-05 20:00:00,93.31,88.47,16.95,0.739,604.14,235.75,36.8,67.43,944.12
2024-02-05 21:00:00,93.94,84.42,16.49,0.787,594.14,231.88,41.35,57.7,925.07
2024-02-05 22:00:00,113.69,97.76,17.73,1.0,694.3,270.48,34.48,62.34,1061.6
2024-02-05 23:00:00,120.17,100.0,15.55,1.0,719.6,267.0,48.02,58.92,1093.54
2024-02-06 00:00:00,112.55,90.14,17.17,0.926,669.79,251.78,44.29,56.97,1022.83
2024-02-06 01:00:00,111.44,92.32,15.16,0.939,670.45,256.38,38.9,65.24,1030.97
2024-02-06 02:00:00,108.64,95.25,17.08,0.855,659.49,265.36,41.34,61.31,1027.5
2024-02-06 03:00:00,101.34,100.0,16.77,0.963,623.61,266.12,35.33,49.08,974.13
2024-02-06 04:00:00,95.13,83.25,15.75,0.818,590.75,219.52,42.25,61.49,914.0
2024-02-06 05:00:00,95.05,97.73,17.21,0.941,595.63,267.61,43.38,56.86,963.49
2024-02-06 06:00:00,84.29,92.17,17.2,0.904,534.66,244.14,41.07,52.06,871.92
2024-02-06 07:00:00,83.82,81.42,18.72,0.879,556.42,236.6,43.61,64.78,901.41
2024-02-06 08:00:00,86.98,82.0,14.55,0.793,543.99,231.95,39.97,56.18,872.09
2024-02-06 09:00:00,97.08,85.08,16.85,0.834,612.48,236.89,39.59,61.31,950.27
2024-02-06 10:00:00,107.37,93.34,15.82,0.97,654.74,260.16,37.36,64.6,1016.87
2024-02-06 11:00:00,120.17,93.05,18.27,0.86,724.55,244.96,42.22,58.79,1070.51
2024-02-06 12:00:00,112.93,96.08,18.09,0.919,688.71,260.57,36.65,61.26,1047.2
2024-02-06 13:00:00,113.89,100.0,17.72,0.963,690.68,272.69,41.66,56.6,1061.62
2024-02-06 14:00:00,107.43,90.66,15.9,0.909,648.1,251.91,41.21,65.52,1006.74
2024-02-06 15:00:00,104.75,91.17,18.29,0.894,641.11,248.53,45.38,59.09,
2024-02-06 16:00:00,102.61,82.8,14.67,0.812,634.39,231.0,42.33,62.69,970.42
2024-02-06 17:00:00,84.89,84.31,14.36,0.81,545.28,246.32,32.97,67.53,892.1
2024-02-06 18:00:00,83.04,82.84,15.05,0.775,527.03,239.45,37.35,50.74,854.56
2024-02-06 19:00:00,91.19,85.91,16.91,0.89,586.26,236.43,37.24,56.57,916.51
2024-02-06 20:00:00,95.23,86.53,17.97,0.848,576.19,249.8,37.07,59.14,922.2
2024-02-06 21:00:00,107.39,92.23,12.5,0.953,654.93,258.21,43.87,60.64,1017.65
2024-02-06 22:00:00,109.84,97.43,18.94,0.919,661.81,267.53,31.19,63.08,1023.6
2024-02-06 23:00:00,111.55,95.63,17.16,0.923,679.22,263.99,45.7,66.1,1055.01
2024-02-07 00:00:00,117.36,100.0,14.71,0.989,714.95,263.12,43.99,56.27,1078.34
2024-02-07 01:00:00,117.43,99.79,17.22,0.991,695.87,278.59,40.74,58.99,1074.19
2024-02-07 02:00:00,110.78,100.0,18.7,1.0,692.74,275.71,41.4,65.61,1075.45
2024-02-07 03:00:00,102.03,94.4,17.96,0.922,631.76,259.71,40.3,61.69,993.46
2024-02-07 04:00:00,96.77,89.35,18.71,0.931,606.89,249.09,40.63,51.5,948.11
2024-02-07 05:00:00,91.69,93.44,15.01,0.953,566.92,255.67,44.51,51.08,918.17
2024-02-07 06:00:00,90.53,87.37,16.44,0.868,572.27,240.06,39.11,57.55,908.99
2024-02-07 07:00:00,89.6,91.33,15.68,0.866,575.8,254.99,42.4,62.76,935.95
2024-02-07 08:00:00,91.83,88.95,19.64,0.927,580.84,242.02,36.51,62.67,922.04
2024-02-07 09:00:00,100.59,81.08,18.02,0.765,624.06,231.18,42.13,55.53,952.9
2024-02-07 10:00:00,112.33,100.0,21.33,0.999,681.22,270.58,38.91,63.32,1054.03
2024-02-07 11:00:00,109.72,95.54,16.36,0.953,657.59,262.94,41.71,61.26,1023.5
2024-02-07 12:00:00,116.47,97.98,15.98,0.969,691.3,271.4,36.54,54.59,1053.84
2024-02-07 13:00:00,111.42,97.12,16.85,0.952,686.44,266.36,41.8,56.99,1051.59
2024-02-07 14:00:00,107.61,92.08,19.13,0.88,665.13,257.53,39.81,50.28,1012.76
2024-02-07 15:00:00,105.11,93.69,16.52,0.856,653.81,245.11,46.26,54.05,999.23
2024-02-07 16:00:00,93.26,83.67,17.25,0.907,579.74,238.48,41.04,50.58,909.83
2024-02-07 17:00:00,87.2,89.97,17.21,0.875,554.72,249.39,41.97,52.27,898.34
2024-02-07 18:00:00,79.56,79.21,17.12,0.786,527.66,228.58,38.23,68.4,862.86
2024-02-07 19:00:00,89.99,83.08,16.09,0.824,560.14,231.3,41.25,58.0,890.69
2024-02-07 20:00:00,95.08,82.92,16.86,0.884,604.45,241.03,41.9,51.13,938.5
2024-02-07 21:00:00,108.65,95.67,16.79,1.0,658.57,262.41,38.58,62.09,1021.66
2024-02-07 22:00:00,106.27,94.07,17.05,0.949,644.5,253.08,38.27,61.45,997.3
2024-02-07 23:00:00,113.87,98.88,18.48,0.981,689.08,264.23,36.77,60.96,1051.05
2024-02-08 00:00:00,116.0,92.86,19.81,0.872,691.05,260.43,39.7,55.63,1046.81
2024-02-08 01:00:00,119.3,91.64,15.91,0.844,701.33,251.94,37.39,63.11,1053.77
2024-02-08 02:00:00,107.12,96.69,16.58,0.878,656.2,263.02,41.17,54.51,1014.9
2024-02-08 03:00:00,101.12,97.98,15.93,0.94,629.85,264.57,36.84,63.97,995.24
2024-02-08 04:00:00,94.93,82.33,17.45,0.719,604.38,238.97,39.51,64.42,947.28
2024-02-08 05:00:00,87.76,91.83,16.36,0.972,563.64,255.73,36.22,59.68,915.26
2024-02-08 06:00:00,83.21,83.03,17.53,0.851,551.79,227.23,44.58,52.68,876.28
2024-02-08 07:00:00,87.79,83.86,18.83,0.826,569.82,230.25,40.1,64.01,904.18
2024-02-08 08:00:00,96.79,86.41,13.38,0.92,609.88,241.49,40.06,57.08,948.51
2024-02-08 09:00:00,95.89,81.02,17.91,0.757,603.22,226.29,42.38,61.37,933.27
2024-02-08 10:00:00,108.03,98.95,16.48,0.949,670.0,254.84,47.1,63.45,1035.4
2024-02-08 11:00:00,110.19,91.22,17.86,0.815,653.25,247.09,40.32,55.95,996.61
2024-02-08 12:00:00,119.78,95.99,15.83,0.999,715.06,259.91,34.04,70.73,1079.74
2024-02-08 13:00:00,106.9,98.41,18.96,0.944,639.62,264.26,44.73,59.78,1008.39
2024-02-08 14:00:00,105.26,83.22,18.54,0.833,651.63,239.08,34.57,56.65,981.92
2024-02-08 15:00:00,101.51,83.14,18.02,0.881,621.6,221.18,38.01,65.0,945.79
2024-02-08 16:00:00,98.76,89.29,18.36,0.961,637.97,242.88,44.77,67.75,993.36
2024-02-08 17:00:00,86.75,84.84,16.05,0.847,549.59,242.94,38.66,49.67,880.85
2024-02-08 18:00:00,82.78,83.81,16.24,0.857,534.75,232.0,37.71,53.09,857.55
2024-02-08 19:00:00,94.53,85.76,18.3,0.812,589.45,232.82,41.13,56.12,919.52
2024-02-08 20:00:00,86.71,96.01,16.02,1.0,549.63,257.53,40.04,70.57,917.76
2024-02-08 21:00:00,91.2,84.46,19.34,0.836,566.05,240.05,37.23,57.6,900.93
2024-02-08 22:00:00,109.26,93.48,16.68,0.939,656.06,254.78,43.51,67.6,1021.95
2024-02-08 23:00:00,110.98,91.51,17.92,0.895,657.47,247.81,44.91,61.1,1011.3
2024-02-09 00:00:00,110.92,96.08,20.43,1.0,678.94,264.65,45.55,52.75,1041.89
2024-02-09 01:00:00,115.82,100.0,16.22,1.0,695.72,272.25,42.21,64.4,1074.58
2024-02-09 02:00:00,108.48,100.0,17.38,1.0,677.85,262.42,37.2,61.58,1039.04
2024-02-09 03:00:00,97.74,81.43,18.86,0.832,598.77,231.56,34.98,55.69,920.99
2024-02-09 04:00:00,87.38,82.46,18.71,0.814,568.7,225.37,30.73,56.7,881.5
2024-02-09 05:00:00,90.5,87.48,16.79,0.921,585.08,250.74,44.13,54.75,934.7
2024-02-09 06:00:00,87.6,86.74,16.5,0.885,568.22,249.53,40.78,56.88,915.41
2024-02-09 07:00:00,86.61,83.34,16.93,0.785,554.94,233.29,38.32,63.29,889.85
2024-02-09 08:00:00,99.89,92.66,19.45,0.877,616.73,260.97,32.27,55.48,965.44
2024-02-09 09:00:00,95.72,83.82,16.86,0.846,608.81,231.47,35.27,60.42,935.97
2024-02-09 10:00:00,101.4,98.49,17.4,1.0,620.66,265.99,32.94,61.57,981.15
2024-02-09 11:00:00,110.22,100.0,16.64,1.0,673.28,266.49,45.77,59.73,1045.27
2024-02-09 12:00:00,114.82,90.68,18.34,0.818,693.74,250.29,42.54,51.92,1038.49
2024-02-09 13:00:00,113.96,91.61,17.51,0.917,682.69,252.77,34.78,63.74,1033.98
2024-02-09 14:00:00,106.54,88.03,15.77,0.905,654.9,244.85,46.54,54.17,1000.47
2024-02-09 15:00:00,101.41,94.09,15.83,0.956,632.98,257.06,37.11,57.12,984.27
2024-02-09 16:00:00,87.49,77.32,14.28,0.824,550.02,223.14,41.4,57.7,872.26
2024-02-09 17:00:00,92.78,84.74,16.03,0.88,587.6,245.48,41.41,59.84,934.33
2024-02-09 18:00:00,84.67,84.61,18.47,0.797,525.52,225.61,39.62,60.48,851.24
2024-02-09 19:00:00,91.48,85.41,19.26,0.803,569.0,250.88,38.79,63.43,922.1
2024-02-09 20:00:00,93.87,88.23,18.31,0.898,585.7,243.18,40.14,58.44,927.45
2024-02-09 21:00:00,101.83,85.58,18.11,0.905,631.99,239.26,38.88,53.92,964.05
2024-02-09 22:00:00,109.78,97.86,17.09,0.986,675.85,273.49,41.0,65.44,1055.77
2024-02-09 23:00:00,114.78,94.32,18.44,0.864,694.57,261.72,41.16,57.99,1055.44
2024-02-10 00:00:00,88.82,82.79,17.82,0.776,568.64,237.06,37.9,59.08,902.68
2024-02-10 01:00:00,90.06,86.22,20.1,0.897,569.01,248.53,44.4,55.0,916.95
2024-02-10 02:00:00,81.41,81.22,17.24,0.795,530.29,229.58,36.65,55.67,852.19
2024-02-10 03:00:00,77.84,79.04,19.4,0.796,512.0,231.49,41.56,67.21,852.26
2024-02-10 04:00:00,69.02,70.75,18.7,0.761,461.01,201.02,38.64,53.12,753.8
2024-02-10 05:00:00,71.02,74.01,18.49,0.68,472.25,217.93,36.52,53.86,780.56
2024-02-10 06:00:00,61.04,70.53,14.37,0.685,430.02,211.49,38.89,57.69,738.09
2024-02-10 07:00:00,72.46,69.36,18.78,0.667,496.8,212.52,37.36,61.59,808.27
2024-02-10 08:00:00,69.21,72.29,17.2,0.741,475.73,216.07,42.63,55.16,789.59
2024-02-10 09:00:00,69.28,76.58,16.72,0.804,457.35,222.04,39.62,52.11,771.12
2024-02-10 10:00:00,81.14,74.18,15.16,0.668,516.68,213.88,45.48,53.9,829.93
2024-02-10 11:00:00,82.02,86.79,17.38,0.868,525.81,240.29,36.19,57.92,860.21
2024-02-10 12:00:00,89.61,91.15,17.44,0.955,568.85,249.5,31.21,55.0,904.57
2024-02-10 13:00:00,82.13,74.84,15.43,0.656,531.05,209.38,41.58,71.12,853.12
2024-02-10 14:00:00,78.84,86.21,15.18,0.859,524.12,251.5,46.89,69.91,892.42
2024-02-10 15:00:00,67.44,73.0,18.12,0.669,467.57,219.3,41.96,65.83,794.65
2024-02-10 16:00:00,67.57,75.88,18.7,0.727,457.87,220.87,36.23,61.88,776.85
2024-02-10 17:00:00,55.56,65.3,17.67,0.528,395.99,202.01,35.91,61.89,695.8
2024-02-10 18:00:00,57.41,73.32,19.12,0.803,411.21,218.5,48.1,66.61,744.42
2024-02-10 19:00:00,68.3,76.18,17.26,0.744,470.0,214.02,38.48,60.65,783.16
2024-02-10 20:00:00,72.52,72.19,17.31,0.682,487.01,215.42,35.94,55.88,794.25
2024-02-10 21:00:00,76.7,72.52,16.01,0.742,500.06,219.92,44.76,70.62,835.36
2024-02-10 22:00:00,76.76,71.08,15.05,0.659,498.89,205.19,39.41,62.88,806.37
2024-02-10 23:00:00,84.55,83.22,20.17,0.775,533.87,225.55,31.89,67.27,858.58
2024-02-11 00:00:00,86.24,85.98,19.2,0.935,552.73,233.59,48.33,69.06,903.7
2024-02-11 01:00:00,80.11,83.31,15.41,0.924,525.53,234.37,42.34,51.14,853.38
2024-02-11 02:00:00,86.64,82.73,17.74,0.798,559.07,226.41,33.95,55.68,875.12
2024-02-11 03:00:00,78.51,73.47,17.35,0.788,521.76,213.25,45.58,58.98,839.58
2024-02-11 04:00:00,68.49,70.84,17.09,0.726,474.3,204.83,35.81,62.5,777.44
2024-02-11 05:00:00,65.36,78.44,16.89,0.714,435.82,224.73,35.57,64.58,760.7
2024-02-11 06:00:00,64.58,69.87,18.07,0.652,446.16,203.67,36.43,59.68,745.94
2024-02-11 07:00:00,57.09,69.26,18.73,0.77,408.97,205.23,47.76,66.46,728.42
2024-02-11 08:00:00,68.39,68.81,18.11,0.617,461.34,208.13,48.18,63.05,780.69
2024-02-11 09:00:00,72.27,77.82,17.32,0.892,474.73,217.67,37.81,62.99,793.2
2024-02-11 10:00:00,76.62,76.02,17.27,0.732,514.65,221.33,46.82,58.62,
2024-02-11 11:00:00,83.62,87.04,18.91,0.949,533.38,237.68,30.85,61.58,863.49
2024-02-11 12:00:00,93.44,90.59,18.2,0.891,569.66,250.2,43.66,61.54,925.06
2024-02-11 13:00:00,87.31,81.17,17.61,0.852,556.69,229.98,45.46,64.81,896.94
2024-02-11 14:00:00,78.34,78.54,17.45,0.855,509.8,227.06,46.03,53.41,836.3
2024-02-11 15:00:00,77.29,75.89,18.02,0.828,521.31,220.48,40.31,63.51,845.61
2024-02-11 16:00:00,74.97,70.39,16.8,0.675,498.78,215.25,42.26,51.77,808.06
2024-02-11 17:00:00,68.96,70.19,18.73,0.659,462.34,207.24,37.13,55.73,762.45
2024-02-11 18:00:00,63.99,72.99,15.89,0.726,438.37,209.5,40.1,63.04,751.01
2024-02-11 19:00:00,62.67,72.96,16.88,0.665,431.68,218.8,39.34,55.81,745.63
2024-02-11 20:00:00,72.17,76.83,18.42,0.78,498.58,223.32,39.11,60.14,821.15
2024-02-11 21:00:00,76.57,76.78,15.8,0.727,508.27,226.54,44.54,55.39,834.75
2024-02-11 22:00:00,84.21,86.77,15.14,0.922,529.77,241.49,40.86,63.0,875.12
2024-02-11 23:00:00,87.28,83.96,17.6,0.811,554.46,228.46,46.77,60.24,889.93
2024-02-12 00:00:00,119.2,100.0,15.07,0.913,715.8,283.46,40.99,59.88,1100.13
2024-02-12 01:00:00,110.85,86.56,15.67,0.936,665.39,238.15,48.77,65.5,1017.8
2024-02-12 02:00:00,112.77,76.77,18.75,0.777,669.58,214.26,44.91,62.08,990.83
2024-02-12 03:00:00,100.79,91.81,17.31,0.92,628.72,257.11,39.65,62.47,987.95
2024-02-12 04:00:00,100.8,83.28,19.54,0.887,617.57,229.21,40.7,65.54,953.02
2024-02-12 05:00:00,84.25,81.06,15.81,0.854,551.25,227.88,36.64,66.06,881.83
2024-02-12 06:00:00,91.94,84.46,17.48,0.807,579.78,238.12,40.64,55.25,913.79
2024-02-12 07:00:00,87.8,91.84,18.22,0.896,555.21,252.0,36.07,63.68,906.97
2024-02-12 08:00:00,89.89,86.95,15.86,0.814,550.14,240.41,45.32,62.17,898.03
2024-02-12 09:00:00,98.06,89.86,19.16,0.825,620.1,258.25,38.63,66.56,983.53
2024-02-12 10:00:00,106.22,97.29,18.38,1.0,653.44,263.65,41.42,53.57,1012.08
2024-02-12 11:00:00,114.69,99.19,15.2,1.0,689.85,262.89,30.87,56.55,1040.17
2024-02-12 12:00:00,117.09,96.26,17.56,1.0,698.33,268.0,38.93,59.01,1064.28
2024-02-12 13:00:00,110.7,100.0,18.2,1.0,686.27,265.66,38.51,67.01,1057.46
2024-02-12 14:00:00,107.4,88.15,16.73,0.92,648.5,244.47,43.68,58.57,995.21
2024-02-12 15:00:00,108.57,95.9,15.4,1.0,659.9,255.96,42.09,59.79,1017.74
2024-02-12 16:00:00,99.41,81.97,18.03,0.716,621.61,233.4,44.07,56.58,955.66
2024-02-12 17:00:00,88.75,85.4,20.93,0.839,575.38,239.57,41.77,63.92,920.64
2024-02-12 18:00:00,85.15,83.54,17.04,0.884,544.03,235.26,44.92,63.38,887.6
2024-02-12 19:00:00,87.49,92.13,19.97,0.863,551.57,254.37,41.68,57.28,904.89
2024-02-12 20:00:00,94.95,79.65,16.49,0.801,593.92,232.18,34.5,54.78,915.36
2024-02-12 21:00:00,95.91,84.95,17.94,0.875,606.78,242.61,39.64,63.86,952.89
2024-02-12 22:00:00,106.47,97.35,18.77,0.996,661.39,258.2,39.84,62.54,1021.97
2024-02-12 23:00:00,106.32,94.83,17.6,0.967,640.58,255.1,26.94,56.68,979.3
2024-02-13 00:00:00,116.6,99.2,17.29,1.0,703.9,273.87,35.93,63.47,1077.18
2024-02-13 01:00:00,115.58,93.01,18.82,0.939,686.42,250.62,48.17,63.2,1048.41
2024-02-13 02:00:00,105.57,89.83,20.57,0.825,654.91,251.59,38.9,66.15,1011.56
2024-02-13 03:00:00,106.3,99.37,18.18,1.0,654.86,273.72,39.58,64.23,1032.39
2024-02-13 04:00:00,87.6,83.54,16.96,0.85,550.62,225.59,31.29,58.31,865.79
2024-02-13 05:00:00,81.15,82.45,17.45,0.752,538.03,230.71,34.61,56.19,859.55
2024-02-13 06:00:00,85.9,82.37,21.51,0.893,552.17,237.87,41.94,70.08,902.06
2024-02-13 07:00:00,91.2,79.68,17.94,0.824,577.79,226.45,38.14,57.43,899.82
2024-02-13 08:00:00,99.24,94.29,16.84,0.874,614.75,255.58,35.56,50.83,956.72
2024-02-13 09:00:00,98.16,91.6,16.02,0.875,610.76,257.34,45.19,53.96,967.25
2024-02-13 10:00:00,111.81,100.0,15.0,0.972,676.02,276.62,37.2,49.86,1039.7
2024-02-13 11:00:00,112.84,91.34,18.28,0.885,678.25,247.74,34.8,66.11,1026.9
2024-02-13 12:00:00,114.31,100.0,18.72,1.0,701.38,280.6,40.16,69.11,1091.25
2024-02-13 13:00:00,116.53,91.7,17.14,0.868,698.68,241.87,36.74,61.25,1038.55
2024-02-13 14:00:00,110.11,95.84,17.71,1.0,666.34,252.22,36.74,51.98,1007.28
2024-02-13 15:00:00,93.69,91.73,15.98,0.97,587.44,249.91,39.76,66.01,943.11
2024-02-13 16:00:00,98.41,78.84,17.93,0.819,623.43,223.56,37.43,62.33,946.74
2024-02-13 17:00:00,92.53,85.24,18.46,0.855,591.7,237.27,33.33,66.15,928.46
2024-02-13 18:00:00,82.5,78.43,16.93,0.831,529.33,221.5,42.23,62.95,856.02
2024-02-13 19:00:00,88.59,80.79,20.27,0.794,572.78,225.3,43.46,53.08,894.62
2024-02-13 20:00:00,94.48,89.16,16.48,0.855,593.25,245.92,39.0,63.31,941.47
2024-02-13 21:00:00,101.04,96.12,18.16,1.0,618.47,258.32,42.48,52.22,971.49
2024-02-13 22:00:00,105.3,91.98,19.01,0.936,642.68,257.26,38.52,56.14,994.61
2024-02-13 23:00:00,110.3,96.18,17.62,0.928,682.51,262.16,32.36,65.17,1042.19
2024-02-14 00:00:00,114.9,98.02,17.57,0.959,711.15,264.52,43.59,64.92,1084.17
2024-02-14 01:00:00,117.68,98.85,15.71,0.952,710.97,267.15,39.6,55.28,1073.0
2024-02-14 02:00:00,109.67,89.39,19.89,0.995,663.84,254.4,40.6,54.3,1013.15
2024-02-14 03:00:00,98.52,94.8,17.6,0.948,611.59,256.18,39.57,60.13,967.48
2024-02-14 04:00:00,95.59,89.27,18.66,0.901,591.83,239.83,39.27,70.02,940.95
2024-02-14 05:00:00,75.62,79.78,18.86,0.834,493.14,221.68,40.57,62.8,818.19
2024-02-14 06:00:00,89.6,80.76,16.91,0.747,562.25,228.21,40.64,71.76,902.87
2024-02-14 07:00:00,80.05,77.73,17.56,0.832,519.62,226.12,45.05,59.18,849.97
2024-02-14 08:00:00,91.05,84.64,19.85,0.816,576.22,243.03,41.75,64.42,925.42
2024-02-14 09:00:00,95.52,80.09,16.18,0.892,596.42,238.08,44.71,58.42,937.63
2024-02-14 10:00:00,102.32,82.72,21.05,0.812,629.84,238.15,46.03,56.0,970.01
2024-02-14 11:00:00,117.63,95.81,16.74,1.0,714.25,255.91,33.55,55.24,1058.96
2024-02-14 12:00:00,113.13,99.18,16.08,0.867,683.81,267.05,45.11,61.77,1057.74
2024-02-14 13:00:00,114.38,93.92,18.05,0.88,690.56,244.26,42.61,66.47,1043.9
2024-02-14 14:00:00,107.31,88.56,21.17,0.871,655.15,244.11,41.95,58.37,999.58
2024-02-14 15:00:00,101.91,86.88,14.99,0.767,641.89,238.82,43.96,67.11,991.77
2024-02-14 16:00:00,92.81,84.13,17.64,0.871,580.11,222.79,38.94,69.15,910.99
2024-02-14 17:00:00,81.88,79.17,18.57,0.807,534.16,238.9,42.41,64.34,879.81
2024-02-14 18:00:00,88.99,95.32,17.9,0.904,558.94,257.9,35.77,61.63,914.25
2024-02-14 19:00:00,85.03,87.79,18.43,0.877,547.97,231.72,34.35,56.65,870.69
2024-02-14 20:00:00,86.27,88.26,16.78,0.923,555.74,243.7,42.13,66.51,908.08
2024-02-14 21:00:00,98.29,94.99,16.95,0.845,620.11,269.38,39.72,54.3,983.51
2024-02-14 22:00:00,113.5,91.76,17.63,0.854,684.44,264.13,39.99,63.04,1051.6
2024-02-14 23:00:00,116.39,92.08,16.16,0.904,693.04,253.73,36.81,53.55,1037.13
2024-02-15 00:00:00,113.61,91.27,17.91,0.914,681.76,252.24,41.56,54.71,1030.27
2024-02-15 01:00:00,111.59,100.0,17.39,0.997,685.68,277.35,38.29,59.69,1061.02
2024-02-15 02:00:00,106.21,90.37,17.27,0.948,667.72,248.88,39.81,63.52,1019.93
2024-02-15 03:00:00,108.31,87.9,18.46,0.903,668.21,247.34,38.05,65.02,1018.63
2024-02-15 04:00:00,94.03,84.86,15.24,0.883,580.04,243.24,36.79,60.02,920.09
2024-02-15 05:00:00,88.73,83.17,17.63,0.762,570.05,228.21,39.17,57.91,895.34
2024-02-15 06:00:00,89.12,85.9,21.45,0.866,558.06,249.62,44.74,56.05,908.46
2024-02-15 07:00:00,87.96,85.24,16.35,0.837,557.03,233.72,38.11,63.5,892.36
2024-02-15 08:00:00,91.46,81.59,19.9,0.889,578.82,227.54,39.49,63.31,909.16
2024-02-15 09:00:00,99.21,93.04,18.06,0.939,618.92,255.97,38.94,60.89,974.72
2024-02-15 10:00:00,107.21,90.41,17.07,0.871,656.59,255.5,37.45,61.51,1011.05
2024-02-15 11:00:00,112.84,95.64,15.99,0.999,679.4,264.91,44.92,68.01,1057.23
2024-02-15 12:00:00,117.91,100.0,18.18,1.0,718.03,269.7,34.55,65.08,1087.37
2024-02-15 13:00:00,113.2,93.39,20.15,0.893,681.77,257.82,39.66,52.92,1032.18
2024-02-15 14:00:00,110.43,92.37,17.39,0.906,682.19,260.41,36.63,64.44,1043.67
2024-02-15 15:00:00,99.68,92.8,17.85,0.911,607.51,254.92,42.27,66.91,971.61
2024-02-15 16:00:00,92.81,82.12,19.49,0.883,585.8,227.58,40.54,55.9,909.81
2024-02-15 17:00:00,79.02,77.58,18.49,0.786,505.27,219.31,44.73,64.74,834.06
2024-02-15 18:00:00,88.67,87.11,15.62,0.907,556.65,248.39,42.94,75.03,923.01
2024-02-15 19:00:00,88.4,94.47,18.12,0.92,557.87,253.52,40.33,62.41,914.13
2024-02-15 20:00:00,96.49,91.27,20.24,0.929,614.63,242.27,42.98,58.82,958.69
2024-02-15 21:00:00,88.41,86.57,17.92,0.931,572.54,239.97,43.34,59.5,915.35
2024-02-15 22:00:00,115.85,100.0,13.86,0.982,706.26,269.55,36.35,60.66,1072.82
2024-02-15 23:00:00,112.43,90.85,18.56,0.914,682.43,255.95,43.09,52.11,1033.58
2024-02-16 00:00:00,119.43,100.0,17.8,0.932,718.67,261.25,41.19,51.88,1072.99
2024-02-16 01:00:00,108.83,94.27,15.35,0.904,674.29,260.04,41.96,61.35,1037.63
2024-02-16 02:00:00,109.95,96.58,15.58,0.949,675.37,269.73,38.37,59.76,1043.22
2024-02-16 03:00:00,95.79,88.48,19.56,0.832,599.08,240.89,36.58,63.32,939.87
2024-02-16 04:00:00,90.0,86.9,17.0,0.935,581.92,242.98,35.86,58.59,
2024-02-16 05:00:00,94.67,85.78,16.74,0.816,599.84,227.23,26.37,60.41,913.85
2024-02-16 06:00:00,84.24,82.41,18.04,0.863,543.13,238.3,37.16,64.75,883.34
2024-02-16 07:00:00,87.88,77.8,17.13,0.787,555.72,228.15,49.76,48.62,882.26
2024-02-16 08:00:00,95.98,86.39,18.25,0.865,595.51,241.3,43.29,55.42,935.52
2024-02-16 09:00:00,101.98,97.95,17.79,1.0,627.22,257.72,41.27,57.38,983.6
2024-02-16 10:00:00,108.1,95.64,16.3,0.843,664.16,264.86,43.84,59.21,1032.07
2024-02-16 11:00:00,114.45,97.12,17.33,0.961,698.94,262.48,38.96,52.91,1053.29
2024-02-16 12:00:00,124.61,100.0,18.76,0.946,731.51,253.32,38.43,55.46,1078.72
2024-02-16 13:00:00,112.76,89.58,18.16,0.798,668.23,252.78,38.84,63.5,1023.34
2024-02-16 14:00:00,108.3,88.6,17.98,0.826,653.91,253.05,37.06,62.32,1006.34
2024-02-16 15:00:00,104.2,100.0,21.0,1.0,637.75,278.04,37.39,46.04,999.21
2024-02-16 16:00:00,96.92,88.69,19.19,0.851,614.18,238.59,39.94,58.87,951.58
2024-02-16 17:00:00,91.76,84.67,19.38,0.891,576.55,226.3,40.26,59.29,902.39
2024-02-16 18:00:00,87.55,77.78,17.85,0.767,559.81,220.88,45.3,55.43,881.43
2024-02-16 19:00:00,82.44,83.46,18.43,0.818,535.53,238.37,44.1,59.29,877.29
2024-02-16 20:00:00,99.03,92.24,17.45,0.906,606.98,248.05,34.06,61.96,951.05
2024-02-16 21:00:00,95.41,82.23,19.26,0.817,608.75,223.15,38.82,63.58,934.3
2024-02-16 22:00:00,108.71,93.65,17.93,0.916,658.23,261.02,35.58,60.51,1015.34
2024-02-16 23:00:00,109.97,93.31,18.43,0.891,682.34,253.88,29.57,63.23,1029.02
2024-02-17 00:00:00,85.99,84.28,18.46,0.892,548.96,240.72,40.35,60.05,890.08
2024-02-17 01:00:00,86.06,77.43,18.2,0.743,547.59,222.7,42.31,48.58,861.18
2024-02-17 02:00:00,81.91,87.21,22.63,0.853,520.67,242.15,41.42,59.33,863.57
2024-02-17 03:00:00,76.69,82.92,17.22,0.851,505.02,233.75,41.75,53.86,834.37
2024-02-17 04:00:00,75.83,76.1,17.21,0.777,517.18,217.66,38.66,60.57,834.07
2024-02-17 05:00:00,67.07,72.45,19.26,0.68,458.67,209.4,35.89,58.9,762.86
2024-02-17 06:00:00,62.77,70.7,17.33,0.745,436.03,201.87,38.53,58.85,735.29
2024-02-17 07:00:00,69.11,70.67,17.79,0.734,460.23,211.3,45.48,55.81,772.82
2024-02-17 08:00:00,74.13,74.85,16.59,0.757,495.4,224.67,41.5,58.01,819.57
2024-02-17 09:00:00,70.09,73.69,18.96,0.715,471.71,211.75,33.92,61.53,778.91
2024-02-17 10:00:00,83.01,89.57,18.98,0.875,534.57,259.3,40.52,55.43,889.82
2024-02-17 11:00:00,87.55,88.51,17.75,0.875,561.7,248.12,45.1,56.89,911.81
2024-02-17 12:00:00,85.06,87.2,19.3,0.81,530.77,244.68,43.05,51.24,869.73
2024-02-17 13:00:00,90.25,86.97,15.44,0.868,570.42,246.57,45.15,61.4,923.54
2024-02-17 14:00:00,80.02,74.43,17.16,0.789,510.55,222.14,34.05,53.62,820.36
2024-02-17 15:00:00,75.5,77.54,17.97,0.819,497.74,220.11,40.5,60.14,818.5
2024-02-17 16:00:00,68.68,79.19,16.47,0.773,457.62,229.64,38.61,63.53,789.39
2024-02-17 17:00:00,65.32,66.37,15.6,0.717,441.35,205.65,42.38,66.36,755.74
2024-02-17 18:00:00,59.36,72.87,17.76,0.824,406.16,210.74,36.6,58.39,711.89
2024-02-17 19:00:00,59.5,81.36,19.26,0.798,426.41,230.89,36.53,63.12,756.96
2024-02-17 20:00:00,75.75,83.19,20.15,0.866,493.34,230.09,39.99,59.96,823.38
2024-02-17 21:00:00,71.61,82.88,17.4,0.716,473.07,231.08,36.31,50.64,791.1
2024-02-17 22:00:00,76.66,79.42,19.32,0.731,515.54,224.69,41.04,52.57,833.83
2024-02-17 23:00:00,76.13,82.9,19.18,0.834,505.19,228.67,31.84,64.24,829.94
2024-02-18 00:00:00,83.69,78.26,20.18,0.732,522.19,223.96,44.7,65.79,856.65
2024-02-18 01:00:00,79.45,83.7,17.83,0.939,528.34,237.76,28.86,49.41,844.36
2024-02-18 02:00:00,87.19,86.87,15.65,0.899,569.15,244.99,43.62,61.67,919.43
2024-02-18 03:00:00,79.04,80.97,18.46,0.858,527.63,225.18,37.68,61.34,851.84
2024-02-18 04:00:00,66.62,79.89,16.83,0.797,458.46,224.13,34.2,55.99,772.78
2024-02-18 05:00:00,74.27,74.44,17.27,0.694,482.52,221.43,40.68,56.04,800.67
2024-02-18 06:00:00,67.68,72.9,17.9,0.703,457.99,209.44,43.54,54.72,765.7
2024-02-18 07:00:00,63.96,72.46,17.84,0.737,428.2,217.1,44.63,50.39,740.33
2024-02-18 08:00:00,59.38,64.54,18.56,0.614,409.96,191.14,44.5,54.73,700.33
2024-02-18 09:00:00,84.16,83.22,19.41,0.866,531.93,237.02,36.57,63.48,869.0
2024-02-18 10:00:00,75.07,68.94,17.8,0.725,490.32,209.29,40.82,58.25,798.67
2024-02-18 11:00:00,78.16,84.32,18.94,0.843,512.12,221.16,32.89,63.67,829.84
2024-02-18 12:00:00,90.34,85.4,18.37,0.763,568.14,244.56,40.32,49.99,903.01
2024-02-18 13:00:00,94.5,84.65,19.75,0.932,588.61,245.58,41.35,62.2,937.74
2024-02-18 14:00:00,86.16,78.91,18.07,0.778,548.48,223.86,38.5,63.89,874.73
2024-02-18 15:00:00,77.26,77.45,18.23,0.91,518.27,224.73,32.66,46.93,822.59
2024-02-18 16:00:00,71.75,79.32,17.79,0.826,496.08,221.53,37.62,57.37,812.6
2024-02-18 17:00:00,68.67,77.07,18.11,0.76,459.75,224.04,47.63,61.72,793.13
2024-02-18 18:00:00,66.79,69.87,17.18,0.721,456.62,221.48,41.56,66.52,786.18
2024-02-18 19:00:00,66.38,68.96,17.03,0.589,445.18,191.64,38.06,53.11,727.98
2024-02-18 20:00:00,69.79,78.18,19.52,0.833,475.1,221.17,39.36,66.94,802.57
2024-02-18 21:00:00,74.75,73.76,16.73,0.866,489.94,219.68,41.54,62.19,813.35
2024-02-18 22:00:00,77.61,79.1,17.87,0.687,502.36,233.69,33.8,54.99,824.83
2024-02-18 23:00:00,83.62,82.43,19.87,0.81,554.11,224.81,34.01,64.96,877.89
2024-02-19 00:00:00,108.23,95.67,17.95,0.951,650.29,257.09,37.06,71.51,1015.95
2024-02-19 01:00:00,112.6,100.0,19.72,1.0,663.36,266.52,37.95,58.32,1026.16
2024-02-19 02:00:00,103.55,85.46,17.59,0.96,643.61,235.54,47.18,57.91,984.24
2024-02-19 03:00:00,95.59,78.24,16.9,0.802,594.99,223.6,40.28,55.24,914.11
2024-02-19 04:00:00,93.22,83.77,16.09,0.945,580.93,227.35,37.93,69.19,915.4
2024-02-19 05:00:00,92.58,95.3,20.45,0.961,604.74,258.6,40.23,56.35,959.92
2024-02-19 06:00:00,88.67,94.45,16.78,0.967,569.21,252.72,31.9,55.16,908.99
2024-02-19 07:00:00,80.73,89.52,19.6,0.912,523.17,247.58,36.38,56.88,864.01
2024-02-19 08:00:00,88.54,83.31,16.98,0.894,557.04,230.71,37.01,56.94,881.7
2024-02-19 09:00:00,103.76,82.97,20.46,0.809,642.38,233.22,35.92,57.11,968.63
2024-02-19 10:00:00,103.57,80.07,21.79,0.842,623.99,221.93,44.94,56.06,946.91
2024-02-19 11:00:00,112.09,92.98,15.95,0.868,676.33,260.97,42.64,56.42,1036.36
2024-02-19 12:00:00,117.2,97.61,16.85,0.962,705.7,263.03,35.16,60.72,1064.61
2024-02-19 13:00:00,109.12,100.0,19.64,0.968,667.29,270.08,34.93,66.75,1039.06
2024-02-19 14:00:00,107.92,98.3,19.25,0.987,658.47,265.55,34.96,55.04,1014.03
2024-02-19 15:00:00,94.66,88.47,19.65,0.869,587.77,245.83,39.25,53.49,926.34
2024-02-19 16:00:00,90.09,80.6,17.62,0.863,577.84,229.27,40.8,61.63,909.54
2024-02-19 17:00:00,88.29,79.34,21.46,0.749,548.23,231.45,41.66,62.66,884.01
2024-02-19 18:00:00,78.63,80.58,18.66,0.719,510.92,227.51,35.94,67.7,842.08
2024-02-19 19:00:00,88.77,87.87,16.66,0.811,559.71,240.21,39.29,67.04,906.26
2024-02-19 20:00:00,92.42,88.17,18.1,0.931,590.2,245.41,39.78,52.07,927.46
2024-02-19 21:00:00,102.21,85.93,16.68,0.811,627.38,236.78,44.79,50.01,958.96
2024-02-19 22:00:00,108.4,97.45,20.87,0.994,665.48,264.2,43.1,62.83,1035.6
2024-02-19 23:00:00,118.45,100.0,17.49,0.985,714.9,263.69,34.26,62.69,1075.54
2024-02-20 00:00:00,115.5,92.4,19.35,0.965,682.82,260.33,32.46,67.41,1043.03
2024-02-20 01:00:00,111.27,91.71,17.91,0.906,675.84,247.92,39.56,61.96,1025.28
2024-02-20 02:00:00,107.99,97.44,17.69,1.0,646.0,271.81,37.45,57.19,1012.46
2024-02-20 03:00:00,102.17,89.91,15.75,0.994,633.68,248.45,36.16,65.2,983.48
2024-02-20 04:00:00,92.7,94.29,19.51,0.927,577.63,263.15,36.97,54.78,932.54
2024-02-20 05:00:00,87.17,86.09,20.56,0.838,565.35,236.19,42.32,70.03,913.89
2024-02-20 06:00:00,82.19,78.66,17.24,0.943,529.51,213.39,33.99,61.36,838.25
2024-02-20 07:00:00,84.36,82.13,16.29,0.767,535.63,222.58,47.39,56.31,861.91
2024-02-20 08:00:00,86.89,83.76,19.82,0.835,564.05,250.92,37.13,55.57,907.66
2024-02-20 09:00:00,107.0,89.86,16.14,0.9,648.02,245.11,42.53,60.98,996.63
2024-02-20 10:00:00,102.52,86.7,20.44,0.867,639.78,248.65,37.32,59.6,985.35
2024-02-20 11:00:00,110.22,98.62,17.26,0.899,674.83,259.31,33.93,59.32,1027.38
2024-02-20 12:00:00,112.13,100.0,16.96,1.0,677.71,271.07,39.42,53.45,1041.65
2024-02-20 13:00:00,116.57,100.0,18.99,0.951,692.16,272.09,34.98,59.19,1058.43
2024-02-20 14:00:00,106.32,100.0,17.06,1.0,661.53,287.02,40.59,64.13,1053.27
2024-02-20 15:00:00,104.99,89.79,17.55,0.825,648.96,246.64,39.9,56.23,991.73
2024-02-20 16:00:00,89.81,93.27,19.14,0.936,562.85,251.61,37.22,61.28,912.97
2024-02-20 17:00:00,88.13,79.56,14.97,0.685,562.58,229.18,40.61,65.59,897.96
2024-02-20 18:00:00,81.66,75.77,21.08,0.65,536.34,213.56,44.16,63.15,857.21
2024-02-20 19:00:00,95.59,79.0,18.68,0.748,598.85,228.35,39.56,53.95,920.71
2024-02-20 20:00:00,87.75,81.65,16.67,0.782,560.66,231.14,37.09,61.61,890.48
2024-02-20 21:00:00,101.24,88.1,17.09,0.954,634.45,240.49,41.6,67.32,983.87
2024-02-20 22:00:00,110.04,97.65,20.1,0.974,682.47,268.03,41.77,62.49,1054.75
2024-02-20 23:00:00,114.65,98.54,19.51,1.0,692.27,267.59,38.86,65.9,1064.62
2024-02-21 00:00:00,114.26,91.16,20.83,0.893,680.59,256.01,45.49,64.9,1047.0
2024-02-21 01:00:00,112.47,94.27,17.72,0.973,671.93,267.89,38.8,54.31,1032.93
2024-02-21 02:00:00,107.68,91.98,19.19,0.884,652.85,250.15,45.95,68.9,1017.85
2024-02-21 03:00:00,99.41,80.83,19.39,0.769,609.58,227.27,37.38,66.27,940.5
2024-02-21 04:00:00,96.36,83.27,19.79,0.742,588.32,226.8,43.4,58.58,917.1
2024-02-21 05:00:00,95.85,84.07,20.44,0.858,614.04,239.68,39.12,66.48,959.32
2024-02-21 06:00:00,82.77,88.55,17.67,0.899,538.07,242.09,41.07,59.36,880.6
2024-02-21 07:00:00,81.53,81.72,18.57,0.856,523.46,233.69,31.9,59.55,848.6
2024-02-21 08:00:00,92.15,89.38,17.83,0.905,580.47,254.7,48.67,55.53,939.38
2024-02-21 09:00:00,110.32,87.67,18.67,0.978,657.3,239.99,41.27,54.83,993.39
2024-02-21 10:00:00,104.29,98.11,19.79,0.99,650.69,263.19,44.07,60.75,1018.69
2024-02-21 11:00:00,119.55,100.0,16.26,1.0,702.14,276.09,34.49,58.73,1071.45
2024-02-21 12:00:00,121.71,90.86,20.41,0.892,732.63,255.06,40.69,52.56,1080.94
2024-02-21 13:00:00,110.78,91.86,17.04,0.873,659.17,256.52,39.28,61.75,1016.72
2024-02-21 14:00:00,109.78,97.37,18.28,1.0,665.57,262.12,35.77,62.55,1026.01
2024-02-21 15:00:00,106.51,96.48,20.61,0.96,662.51,253.99,45.14,61.5,1023.13
2024-02-21 16:00:00,90.98,82.1,19.24,0.863,561.85,228.14,40.59,61.45,892.02
2024-02-21 17:00:00,86.2,81.57,19.26,0.833,549.79,225.24,39.78,62.04,876.85
2024-02-21 18:00:00,82.67,78.35,16.97,0.744,538.39,228.02,42.5,60.83,869.74
2024-02-21 19:00:00,82.95,82.03,17.18,0.874,538.47,233.96,36.58,61.75,870.76
2024-02-21 20:00:00,89.9,90.94,20.16,0.866,570.08,247.38,40.65,62.53,920.63
2024-02-21 21:00:00,95.1,83.7,17.86,0.868,599.49,233.2,40.36,57.07,930.12
2024-02-21 22:00:00,107.64,98.82,18.0,1.0,653.3,270.38,40.54,53.67,1017.88
2024-02-21 23:00:00,109.91,91.05,20.19,0.891,685.01,249.28,44.11,61.6,1040.0
2024-02-22 00:00:00,115.94,93.73,17.31,0.995,686.79,253.34,38.3,60.76,1039.2
2024-02-22 01:00:00,106.77,97.48,19.28,0.995,663.13,276.57,37.88,62.27,1039.85
2024-02-22 02:00:00,108.82,99.02,18.95,1.0,665.63,264.65,37.54,65.69,1033.51
2024-02-22 03:00:00,103.33,95.92,18.88,0.917,641.61,265.45,37.38,59.83,1004.26
2024-02-22 04:00:00,84.53,75.68,18.1,0.768,548.98,221.29,44.41,59.33,874.02
2024-02-22 05:00:00,88.51,81.92,18.01,0.749,566.97,222.9,39.72,62.34,891.93
2024-02-22 06:00:00,89.91,89.07,17.26,0.976,563.07,242.97,44.09,54.9,905.03
2024-02-22 07:00:00,82.17,81.29,19.61,0.712,528.57,235.63,41.08,60.21,865.49
2024-02-22 08:00:00,99.19,84.23,17.88,0.825,604.34,236.09,36.5,59.49,936.42
2024-02-22 09:00:00,101.68,93.13,20.33,0.885,625.99,246.78,33.97,64.38,971.13
2024-02-22 10:00:00,104.68,88.77,18.54,0.921,645.98,248.78,34.19,57.71,986.65
2024-02-22 11:00:00,112.77,100.0,17.29,1.0,688.69,266.51,36.44,60.45,1052.09
2024-02-22 12:00:00,117.23,100.0,18.52,1.0,709.3,272.62,44.08,59.22,1085.21
2024-02-22 13:00:00,113.29,99.67,18.26,1.0,672.43,285.43,45.2,47.56,1050.63
2024-02-22 14:00:00,109.66,100.0,20.39,0.931,663.78,272.29,40.37,57.36,1033.8
2024-02-22 15:00:00,96.32,88.48,18.33,0.82,596.29,249.49,43.71,59.96,949.44
2024-02-22 16:00:00,93.18,90.42,18.47,0.86,575.41,248.35,37.78,55.54,917.08
2024-02-22 17:00:00,81.35,88.07,21.0,0.887,520.09,238.22,37.49,59.39,855.18
2024-02-22 18:00:00,84.56,83.51,19.64,0.784,542.79,241.5,43.08,66.69,894.07
2024-02-22 19:00:00,83.39,80.42,21.38,0.767,548.28,225.25,40.67,64.82,879.01
2024-02-22 20:00:00,89.56,76.26,20.77,0.794,560.16,218.76,42.93,50.67,872.53
2024-02-22 21:00:00,104.94,92.06,17.55,0.859,635.69,264.08,40.2,63.8,1003.77
2024-02-22 22:00:00,111.87,100.0,20.37,0.943,674.53,267.97,38.5,62.81,1043.81
2024-02-22 23:00:00,115.43,100.0,21.17,0.98,699.83,277.29,39.14,59.53,1075.8
2024-02-23 00:00:00,110.63,97.84,21.32,0.963,682.94,267.78,41.23,48.28,1040.23
2024-02-23 01:00:00,111.72,93.16,20.5,0.982,677.93,252.31,40.96,63.91,1035.11
2024-02-23 02:00:00,112.35,86.29,20.47,0.818,670.19,243.26,36.27,57.85,1007.58
2024-02-23 03:00:00,100.57,87.81,18.56,0.842,612.97,240.1,39.51,61.05,953.63
2024-02-23 04:00:00,101.78,89.37,17.76,0.923,630.39,253.1,33.92,55.16,972.57
2024-02-23 05:00:00,88.58,82.73,18.49,0.867,570.88,241.21,38.6,56.29,906.98
2024-02-23 06:00:00,85.77,85.98,16.52,0.931,563.37,240.85,36.32,64.68,905.21
2024-02-23 07:00:00,85.77,92.81,21.03,0.952,539.41,262.97,27.82,68.11,898.3
2024-02-23 08:00:00,93.03,87.13,18.59,0.878,586.29,243.94,48.84,57.86,936.94
2024-02-23 09:00:00,99.39,88.61,20.96,0.915,608.71,251.57,36.91,67.56,964.76
2024-02-23 10:00:00,110.33,93.87,17.17,0.925,664.47,274.83,36.23,57.86,1033.4
2024-02-23 11:00:00,116.82,99.03,20.64,0.977,696.22,282.81,46.49,57.8,1083.32
2024-02-23 12:00:00,111.86,91.79,18.28,0.829,676.61,251.66,35.31,52.91,1016.49
2024-02-23 13:00:00,107.67,94.43,17.09,0.989,651.27,260.07,34.19,62.49,1008.02
2024-02-23 14:00:00,100.16,92.33,21.46,0.934,640.61,247.57,39.18,59.02,986.38
2024-02-23 15:00:00,102.03,92.06,20.68,0.959,626.48,258.13,38.02,59.3,981.93
2024-02-23 16:00:00,88.09,86.33,19.34,0.723,568.33,243.63,37.44,58.1,907.51
2024-02-23 17:00:00,78.4,81.37,19.07,0.811,506.71,226.23,36.33,55.04,824.31
2024-02-23 18:00:00,86.55,74.42,19.68,0.701,570.64,223.4,39.25,63.13,896.41
2024-02-23 19:00:00,96.98,91.68,19.31,0.992,607.62,250.92,46.55,59.69,964.78
2024-02-23 20:00:00,92.48,82.88,17.83,0.86,589.07,230.93,33.56,64.04,917.6
2024-02-23 21:00:00,103.35,86.2,18.4,0.874,632.04,243.41,43.36,55.28,974.1
2024-02-23 22:00:00,107.83,88.39,21.96,0.862,666.95,242.83,46.13,61.2,1017.11
2024-02-23 23:00:00,112.59,98.47,23.03,1.0,685.65,266.59,39.34,70.69,1062.27
2024-02-24 00:00:00,89.93,83.85,21.5,0.792,566.6,246.56,41.51,56.44,911.11
2024-02-24 01:00:00,83.58,73.38,19.87,0.729,529.27,210.41,39.51,57.58,836.77
2024-02-24 02:00:00,81.69,83.24,18.65,0.803,526.57,238.85,33.12,57.52,856.06
2024-02-24 03:00:00,76.29,70.95,17.96,0.823,498.85,205.48,44.88,54.79,804.0
2024-02-24 04:00:00,66.7,74.05,18.06,0.814,460.47,209.67,40.14,68.29,778.56
2024-02-24 05:00:00,69.23,75.81,18.33,0.811,464.27,218.7,37.92,48.48,769.37
2024-02-24 06:00:00,63.05,75.95,22.38,0.685,419.88,235.61,34.6,53.89,743.98
2024-02-24 07:00:00,62.23,80.03,21.87,0.843,436.34,232.74,42.08,62.34,773.51
2024-02-24 08:00:00,71.52,68.94,20.28,0.699,487.95,207.54,40.61,56.35,792.45
2024-02-24 09:00:00,71.41,75.44,17.72,0.816,463.7,215.28,42.42,59.85,781.25
2024-02-24 10:00:00,80.74,78.99,20.5,0.806,538.13,223.57,42.22,59.86,863.77
2024-02-24 11:00:00,84.71,84.52,18.8,0.845,554.7,228.6,36.75,62.49,882.53
2024-02-24 12:00:00,90.59,86.38,15.93,0.875,567.92,252.16,26.32,60.41,906.81
2024-02-24 13:00:00,86.64,81.56,19.59,0.725,544.27,232.89,39.56,58.06,874.77
2024-02-24 14:00:00,80.52,78.06,17.89,0.742,531.05,225.01,39.29,60.65,856.0
2024-02-24 15:00:00,78.27,73.55,17.94,0.754,500.4,215.68,40.66,59.11,815.85
2024-02-24 16:00:00,74.94,82.41,18.78,0.881,489.33,245.6,46.07,68.47,849.47
2024-02-24 17:00:00,67.49,76.04,18.41,0.733,446.92,221.48,39.81,57.12,765.33
2024-02-24 18:00:00,63.79,76.48,19.11,0.763,439.0,219.46,42.77,62.78,764.01
2024-02-24 19:00:00,60.01,68.45,19.03,0.604,431.77,214.55,41.51,64.57,752.39
2024-02-24 20:00:00,65.11,69.27,16.34,0.766,448.57,204.7,34.46,53.39,741.12
2024-02-24 21:00:00,73.78,71.5,21.44,0.771,497.04,200.0,34.84,54.44,786.31
2024-02-24 22:00:00,78.19,80.89,17.68,0.841,508.12,220.7,44.61,69.65,843.09
2024-02-24 23:00:00,83.99,76.8,17.73,0.788,540.75,220.13,36.48,56.61,853.98
2024-02-25 00:00:00,86.48,92.48,18.8,1.0,542.57,255.96,41.48,60.06,900.07
2024-02-25 01:00:00,86.86,76.89,19.14,0.729,553.53,226.41,35.9,59.13,874.97
2024-02-25 02:00:00,80.34,81.54,21.49,0.77,515.75,225.72,42.99,59.81,844.27
2024-02-25 03:00:00,76.95,86.31,19.7,0.916,503.45,239.89,40.99,58.14,842.47
2024-02-25 04:00:00,69.63,77.81,20.15,0.828,466.33,218.55,38.81,60.61,784.29
2024-02-25 05:00:00,57.36,69.56,19.71,0.636,404.26,212.75,42.67,55.94,715.61
2024-02-25 06:00:00,59.99,65.15,19.64,0.625,436.82,204.52,41.04,58.88,741.26
2024-02-25 07:00:00,64.68,65.43,19.76,0.739,457.54,209.16,37.11,50.14,753.96
2024-02-25 08:00:00,64.54,76.12,16.4,0.782,454.01,221.96,40.05,59.42,775.43
2024-02-25 09:00:00,77.4,86.23,18.92,0.902,521.36,252.28,42.68,61.67,877.99
2024-02-25 10:00:00,86.75,81.18,21.04,0.754,565.09,226.32,44.43,64.8,900.64
2024-02-25 11:00:00,89.62,79.11,25.21,0.824,567.91,227.43,45.27,65.74,906.35
2024-02-25 12:00:00,85.4,70.41,17.49,0.633,545.98,201.49,47.15,58.11,852.73
2024-02-25 13:00:00,90.71,80.45,19.93,0.705,575.41,232.38,37.02,64.2,909.02
2024-02-25 14:00:00,81.22,80.04,18.44,0.837,524.41,229.8,33.77,54.24,842.23
2024-02-25 15:00:00,73.65,84.82,22.37,0.92,479.94,223.4,35.02,57.41,795.77
2024-02-25 16:00:00,66.92,76.83,17.27,0.756,456.98,227.99,39.96,68.1,793.04
2024-02-25 17:00:00,64.05,73.55,20.23,0.708,427.71,219.59,40.05,60.91,748.25
2024-02-25 18:00:00,62.2,69.1,17.19,0.777,432.09,201.77,40.5,61.16,735.53
2024-02-25 19:00:00,65.94,70.05,18.82,0.691,441.74,208.8,37.33,59.11,746.97
2024-02-25 20:00:00,70.02,82.04,19.25,0.817,469.44,223.32,48.9,69.34,811.0
2024-02-25 21:00:00,75.01,78.51,20.9,0.87,496.59,220.25,46.04,62.65,825.54
2024-02-25 22:00:00,82.37,70.67,17.68,0.689,529.04,218.43,35.42,67.42,850.32
2024-02-25 23:00:00,89.51,81.38,20.29,0.781,554.4,223.98,39.59,57.04,875.02
2024-02-26 00:00:00,118.8,95.11,19.47,0.992,704.49,259.78,40.2,55.14,1059.61
2024-02-26 01:00:00,107.05,90.79,19.85,0.872,658.92,242.29,42.74,56.17,1000.13
2024-02-26 02:00:00,97.28,91.46,20.88,0.907,601.96,254.09,33.9,63.15,953.1
2024-02-26 03:00:00,103.74,91.33,17.52,0.847,643.17,255.17,33.14,68.24,999.73
2024-02-26 04:00:00,87.03,83.13,20.66,0.841,555.24,238.92,35.12,63.75,893.04
2024-02-26 05:00:00,86.11,89.62,18.59,0.9,548.97,251.02,46.02,64.39,910.39
2024-02-26 06:00:00,80.32,76.68,21.08,0.815,524.38,229.58,37.38,60.86,852.21
2024-02-26 07:00:00,79.8,89.22,19.94,0.935,513.61,244.04,43.23,53.63,854.52
2024-02-26 08:00:00,94.67,83.98,19.13,0.867,596.53,230.0,42.36,70.12,939.0
2024-02-26 09:00:00,103.04,91.96,18.55,0.939,631.83,249.6,39.28,63.32,984.03
2024-02-26 10:00:00,105.19,91.19,20.67,0.908,666.26,243.42,43.31,62.62,1015.61
2024-02-26 11:00:00,102.63,91.93,21.33,0.95,624.06,253.53,35.09,64.37,977.04
2024-02-26 12:00:00,112.82,98.63,18.64,0.931,681.22,266.29,38.11,51.43,1037.05
2024-02-26 13:00:00,114.56,99.45,17.74,0.877,690.25,271.71,31.13,57.49,1050.59
2024-02-26 14:00:00,101.58,87.03,20.48,0.928,617.11,233.06,40.39,63.11,953.67
2024-02-26 15:00:00,100.73,84.75,17.27,0.881,629.47,237.9,36.83,59.28,963.48
2024-02-26 16:00:00,92.44,98.74,17.48,0.981,578.76,274.63,48.76,59.62,961.77
2024-02-26 17:00:00,89.33,82.24,17.85,0.876,547.6,236.14,40.23,66.41,890.38
2024-02-26 18:00:00,85.48,86.24,18.82,0.826,552.95,229.72,43.28,60.59,886.54
2024-02-26 19:00:00,83.12,73.52,17.44,0.7,530.5,214.32,42.61,71.89,859.32
2024-02-26 20:00:00,97.29,87.25,16.53,0.83,605.59,238.82,39.69,59.8,943.9
2024-02-26 21:00:00,99.37,89.05,17.74,0.919,622.24,247.08,43.97,64.02,977.31
2024-02-26 22:00:00,107.39,96.06,20.4,0.881,654.04,259.44,40.13,62.42,1016.03
2024-02-26 23:00:00,109.26,81.02,17.53,0.772,663.3,240.57,41.9,57.13,1002.9
2024-02-27 00:00:00,113.23,97.44,19.07,0.989,705.85,265.15,49.43,54.84,1075.28
2024-02-27 01:00:00,109.45,88.98,22.5,0.83,650.03,248.75,41.68,60.19,1000.64
2024-02-27 02:00:00,106.81,95.03,19.51,0.917,643.75,259.29,37.89,69.6,1010.53
2024-02-27 03:00:00,106.85,88.24,20.1,0.772,645.5,248.15,37.17,58.03,988.85
2024-02-27 04:00:00,87.01,79.23,18.16,0.823,569.37,225.08,39.67,62.59,896.72
2024-02-27 05:00:00,80.56,78.91,22.83,0.755,517.62,230.35,41.96,58.71,848.65
2024-02-27 06:00:00,90.88,80.18,18.77,0.747,576.35,226.03,40.24,61.11,903.72
2024-02-27 07:00:00,86.17,80.71,19.24,0.742,547.07,237.75,33.67,65.71,884.2
2024-02-27 08:00:00,89.82,78.94,21.56,0.769,573.94,228.76,30.95,60.57,894.23
2024-02-27 09:00:00,104.16,82.91,19.31,0.75,640.7,233.2,36.13,56.92,966.95
2024-02-27 10:00:00,105.08,97.63,19.66,1.0,647.41,270.07,40.23,68.03,1025.75
2024-02-27 11:00:00,120.29,93.67,19.16,0.817,731.77,259.66,40.25,56.98,1088.66
2024-02-27 12:00:00,117.71,97.96,19.17,0.957,712.08,270.69,41.82,63.38,1087.97
2024-02-27 13:00:00,111.04,99.28,20.14,0.998,669.31,269.01,41.45,52.55,1032.32
2024-02-27 14:00:00,116.13,94.99,20.41,0.911,703.14,258.03,38.0,66.42,1065.6
2024-02-27 15:00:00,97.58,84.66,18.62,0.857,627.23,238.6,35.92,73.02,974.78
2024-02-27 16:00:00,95.47,88.87,18.43,0.849,601.86,243.62,42.08,59.86,947.43
2024-02-27 17:00:00,88.21,89.69,18.67,0.973,562.25,254.23,40.9,54.87,912.25
2024-02-27 18:00:00,90.21,79.26,17.48,0.737,560.07,235.25,35.63,63.84,894.79
2024-02-27 19:00:00,93.26,85.88,17.2,0.741,592.07,243.82,42.5,60.45,938.84
2024-02-27 20:00:00,92.63,77.65,20.03,0.712,590.12,231.58,43.83,70.71,936.23
2024-02-27 21:00:00,96.99,86.53,20.99,0.885,607.43,248.47,43.16,57.0,956.06
2024-02-27 22:00:00,109.34,94.84,20.89,0.943,667.61,257.56,43.86,53.32,1022.34
2024-02-27 23:00:00,110.28,90.87,16.01,0.946,694.06,255.83,37.0,61.52,1048.41
2024-02-28 00:00:00,123.05,99.24,19.36,1.0,742.11,260.71,43.41,62.92,1109.14
2024-02-28 01:00:00,113.54,89.73,18.08,0.865,697.6,249.54,39.37,56.16,1042.67
2024-02-28 02:00:00,106.04,93.4,19.94,0.91,650.73,249.06,48.18,64.8,1012.77
2024-02-28 03:00:00,100.74,95.65,19.1,0.937,622.64,260.2,43.58,60.28,986.7
2024-02-28 04:00:00,87.11,78.07,20.62,0.875,560.61,215.31,41.72,58.65,876.29
2024-02-28 05:00:00,83.12,78.45,19.7,0.819,534.56,231.31,46.87,62.72,875.45
2024-02-28 06:00:00,89.8,87.41,16.89,0.969,568.6,241.2,37.97,58.56,906.34
2024-02-28 07:00:00,84.38,88.25,18.28,0.925,545.62,250.77,42.2,56.32,894.91
2024-02-28 08:00:00,88.31,76.69,19.74,0.764,557.46,220.6,48.94,51.93,878.93
2024-02-28 09:00:00,102.15,90.23,19.86,0.851,632.5,238.42,43.25,56.91,971.08
2024-02-28 10:00:00,112.24,97.54,17.62,0.985,681.85,261.92,40.61,72.47,1056.86
2024-02-28 11:00:00,115.87,97.42,17.42,0.971,707.07,261.4,38.92,60.18,1067.57
2024-02-28 12:00:00,118.98,87.11,19.81,0.866,710.03,242.84,36.13,54.91,1043.91
2024-02-28 13:00:00,109.96,97.49,17.62,0.964,653.82,273.77,38.84,66.33,1032.76
2024-02-28 14:00:00,101.81,98.5,17.23,0.882,626.58,276.9,36.72,59.77,999.97
2024-02-28 15:00:00,106.01,93.59,19.06,0.999,653.2,255.14,39.08,61.46,1008.89
2024-02-28 16:00:00,91.21,80.45,19.0,0.802,583.76,221.38,39.56,61.37,906.07
2024-02-28 17:00:00,86.01,80.44,18.41,0.734,544.49,224.45,43.95,67.43,880.32
2024-02-28 18:00:00,90.31,94.01,18.67,0.964,575.9,260.29,38.37,53.36,927.91
2024-02-28 19:00:00,89.23,89.17,19.75,0.849,575.25,246.6,37.61,67.3,926.77
2024-02-28 20:00:00,94.32,90.36,18.65,0.932,597.63,240.31,43.55,63.73,945.21
2024-02-28 21:00:00,108.66,96.11,19.84,1.0,656.97,258.81,42.79,60.39,1018.96
2024-02-28 22:00:00,104.93,89.16,19.16,0.943,639.16,255.1,39.03,55.73,989.02
2024-02-28 23:00:00,116.7,97.35,19.98,0.965,706.99,266.18,42.4,58.77,1074.34
2024-02-29 00:00:00,115.23,97.22,21.19,0.952,709.14,264.46,38.95,60.21,1072.76
2024-02-29 01:00:00,114.06,99.78,21.14,0.967,690.44,267.21,39.15,69.04,1065.83
2024-02-29 02:00:00,113.61,100.0,21.81,0.964,686.75,267.24,46.22,67.18,1067.38
2024-02-29 03:00:00,102.03,96.61,21.13,0.965,619.2,266.14,39.45,58.06,982.85
2024-02-29 04:00:00,94.65,80.23,20.23,0.792,590.35,229.33,38.38,70.05,928.11
2024-02-29 05:00:00,91.3,86.77,19.23,0.826,570.78,246.84,40.07,64.75,922.45
2024-02-29 06:00:00,83.54,85.45,19.29,0.797,537.92,242.73,32.14,62.36,875.15
2024-02-29 07:00:00,83.65,84.92,18.56,0.844,526.16,238.45,39.33,58.59,862.54
2024-02-29 08:00:00,88.32,81.01,19.88,0.788,558.98,232.44,41.02,57.11,889.54
2024-02-29 09:00:00,92.13,100.0,20.92,0.943,572.6,266.44,47.93,62.71,949.68
2024-02-29 10:00:00,115.72,91.48,18.79,0.956,706.15,251.81,40.37,61.92,1060.25
2024-02-29 11:00:00,108.58,88.87,19.82,0.977,656.01,254.68,41.75,58.05,1010.49
2024-02-29 12:00:00,114.11,98.23,18.86,1.0,686.0,266.34,41.39,65.57,1059.29
2024-02-29 13:00:00,111.88,100.0,20.19,0.964,681.67,268.7,49.07,60.82,1060.26
2024-02-29 14:00:00,108.73,90.18,19.05,0.899,660.02,250.65,44.01,62.09,1016.77
2024-02-29 15:00:00,103.26,90.3,18.77,0.98,655.19,242.64,34.2,65.36,997.39
2024-02-29 16:00:00,95.94,93.36,18.86,0.875,607.15,257.38,44.92,64.13,973.58
2024-02-29 17:00:00,84.68,82.25,20.63,0.862,543.52,242.9,36.22,51.9,874.55
2024-02-29 18:00:00,84.33,80.49,19.73,0.733,544.6,224.18,37.39,63.81,869.98
2024-02-29 19:00:00,88.14,86.9,19.23,0.953,541.86,244.09,34.8,60.14,880.89
2024-02-29 20:00:00,91.51,87.12,20.27,0.85,587.38,242.8,47.29,57.76,935.23
2024-02-29 21:00:00,106.43,98.37,19.25,1.0,656.24,266.28,44.75,60.26,1027.52
2024-02-29 22:00:00,109.46,100.0,21.57,1.0,666.73,269.6,44.92,58.47,1039.72
2024-02-29 23:00:00,115.93,99.5,18.42,0.99,704.18,273.24,44.14,60.63,1082.19
2024-03-01 00:00:00,117.65,100.0,19.74,0.964,713.76,263.41,42.76,59.9,1079.83
2024-03-01 01:00:00,117.68,99.91,17.92,1.0,705.09,273.95,38.72,63.44,1081.2
2024-03-01 02:00:00,108.22,96.56,19.5,0.957,664.16,263.19,40.82,52.34,1020.51
2024-03-01 03:00:00,94.81,87.68,17.51,0.857,602.45,233.56,37.93,60.92,934.86
2024-03-01 04:00:00,94.1,87.05,21.14,0.788,594.13,245.08,36.59,59.86,935.66
2024-03-01 05:00:00,84.4,88.19,21.17,0.856,540.0,245.87,37.44,71.26,894.57
2024-03-01 06:00:00,82.89,89.02,21.2,0.835,536.8,241.72,49.42,50.21,878.15
2024-03-01 07:00:00,89.36,77.14,20.07,0.799,577.83,222.96,38.47,64.61,903.87
2024-03-01 08:00:00,97.45,88.78,18.71,0.937,613.54,238.53,44.0,62.17,958.24
2024-03-01 09:00:00,100.09,86.6,18.82,0.903,611.12,237.75,48.31,63.83,961.01
2024-03-01 10:00:00,108.74,92.81,22.32,0.945,668.37,255.13,43.7,57.76,1024.96
2024-03-01 11:00:00,119.8,100.0,22.18,0.957,722.63,259.89,37.17,61.6,1081.28
2024-03-01 12:00:00,115.96,100.0,20.21,1.0,709.13,263.09,37.05,60.73,1070.0
2024-03-01 13:00:00,123.4,100.0,19.25,1.0,737.25,263.99,40.48,77.68,1119.39
2024-03-01 14:00:00,109.76,85.31,22.08,0.824,665.86,239.64,49.17,58.45,1013.11
2024-03-01 15:00:00,92.96,81.65,18.98,0.822,573.84,234.12,45.69,56.07,909.73
2024-03-01 16:00:00,95.51,92.24,20.37,0.915,592.01,248.35,42.15,70.01,952.51
2024-03-01 17:00:00,88.53,70.56,22.05,0.789,572.33,202.49,39.28,61.72,875.83
2024-03-01 18:00:00,90.16,91.02,18.77,0.953,572.38,251.96,41.52,62.57,928.43
2024-03-01 19:00:00,89.7,87.46,21.27,0.905,567.71,244.33,40.76,65.63,918.43
2024-03-01 20:00:00,91.95,92.55,20.81,0.84,590.1,250.16,40.73,60.38,941.37
2024-03-01 21:00:00,95.1,86.56,19.97,0.874,604.23,252.75,36.5,57.9,951.38
2024-03-01 22:00:00,106.66,83.02,18.53,0.822,647.43,235.46,36.42,60.66,979.98
2024-03-01 23:00:00,109.59,96.95,18.94,0.961,677.55,262.57,41.32,55.8,1037.23
2024-03-02 00:00:00,83.93,88.34,20.61,0.805,526.37,243.19,35.36,52.74,857.66
2024-03-02 01:00:00,87.1,88.17,18.04,0.827,559.16,251.21,37.5,55.78,903.66
2024-03-02 02:00:00,87.3,80.34,20.37,0.8,559.25,231.98,40.12,48.19,879.54
2024-03-02 03:00:00,76.58,78.72,20.99,0.843,512.09,214.89,41.32,58.18,826.49
2024-03-02 04:00:00,64.59,69.63,21.65,0.667,446.01,202.05,44.46,57.5,750.02
2024-03-02 05:00:00,67.04,69.42,18.08,0.674,453.22,203.1,34.99,63.02,2640.155
2024-03-02 06:00:00,68.54,79.05,22.15,0.88,461.36,225.92,35.27,60.65,783.2
2024-03-02 07:00:00,62.82,65.42,22.72,0.639,455.64,201.15,46.52,59.3,762.61
2024-03-02 08:00:00,68.84,69.95,20.79,0.693,464.86,200.47,46.71,65.89,777.92
2024-03-02 09:00:00,75.06,72.01,18.62,0.714,500.07,210.74,35.82,57.91,804.55
2024-03-02 10:00:00,77.49,71.29,19.68,0.646,491.26,219.91,36.62,54.45,
2024-03-02 11:00:00,87.34,84.4,20.1,0.873,550.06,237.41,42.18,47.36,877.02
2024-03-02 12:00:00,85.77,88.69,20.58,0.854,552.98,242.08,40.19,60.12,895.38
2024-03-02 13:00:00,86.42,82.29,20.21,0.821,539.19,224.8,40.23,59.73,863.94
2024-03-02 14:00:00,77.08,71.01,20.6,0.732,509.77,206.2,36.88,66.35,819.19
2024-03-02 15:00:00,73.25,80.82,20.04,0.905,480.45,223.26,42.88,55.66,802.25
2024-03-02 16:00:00,72.26,84.56,20.57,0.78,473.05,235.21,39.05,63.75,811.06
2024-03-02 17:00:00,63.77,68.65,19.48,0.73,433.0,207.42,38.92,47.58,726.93
2024-03-02 18:00:00,70.66,72.94,19.67,0.773,485.51,213.39,35.48,53.5,787.88
2024-03-02 19:00:00,63.66,74.41,19.31,0.712,440.96,213.38,43.17,61.92,759.42
2024-03-02 20:00:00,70.27,83.25,23.05,0.862,464.09,224.07,40.45,63.45,792.05
2024-03-02 21:00:00,78.73,76.77,22.37,0.85,519.85,226.2,40.49,51.7,838.24
2024-03-02 22:00:00,74.95,70.81,21.01,0.67,501.4,206.59,44.76,56.03,808.78
2024-03-02 23:00:00,77.7,82.01,22.16,0.832,505.45,232.86,36.11,60.23,834.64
2024-03-03 00:00:00,80.15,84.07,21.52,0.861,528.41,231.07,39.65,59.52,858.66
2024-03-03 01:00:00,89.79,84.93,20.6,0.876,577.02,235.89,33.77,62.74,909.42
2024-03-03 02:00:00,78.42,76.42,18.07,0.803,518.9,217.0,37.91,64.57,838.37
2024-03-03 03:00:00,85.23,87.59,19.93,0.884,540.77,235.93,45.15,53.61,875.47
2024-03-03 04:00:00,67.12,76.2,19.82,0.788,446.16,214.57,33.83,62.22,756.78
2024-03-03 05:00:00,66.0,69.16,18.63,0.646,436.43,205.14,40.94,56.4,738.92
2024-03-03 06:00:00,69.92,75.2,18.1,0.76,464.35,219.72,46.41,61.68,792.16
2024-03-03 07:00:00,73.28,69.88,21.07,0.675,483.47,202.65,42.2,57.67,785.98
2024-03-03 08:00:00,77.62,82.24,20.81,0.761,505.81,225.49,37.66,65.38,834.35
2024-03-03 09:00:00,79.83,78.61,18.58,0.761,518.79,222.93,35.55,62.93,840.21
2024-03-03 10:00:00,84.72,80.18,19.21,0.815,557.47,233.06,32.28,55.06,877.87
2024-03-03 11:00:00,87.11,83.39,22.07,0.856,552.85,229.49,46.37,51.61,880.32
2024-03-03 12:00:00,89.36,84.88,19.01,0.785,566.43,238.33,38.32,65.95,909.02
2024-03-03 13:00:00,82.54,85.74,20.58,0.811,518.15,236.1,32.79,56.47,843.51
2024-03-03 14:00:00,77.35,81.63,20.04,0.853,524.58,238.2,35.92,56.99,855.69
2024-03-03 15:00:00,74.99,76.71,21.09,0.793,484.41,218.05,35.69,63.71,801.86
2024-03-03 16:00:00,68.69,78.17,19.04,0.826,457.82,228.12,38.02,54.88,778.84
2024-03-03 17:00:00,63.44,73.73,20.46,0.806,442.79,220.91,49.55,61.0,774.25
2024-03-03 18:00:00,66.54,71.13,20.58,0.738,454.65,218.63,43.69,60.09,777.06
2024-03-03 19:00:00,69.08,73.92,20.67,0.718,478.54,207.1,41.94,59.59,787.17
2024-03-03 20:00:00,69.73,74.12,20.45,0.747,474.4,207.27,44.79,65.98,792.44
2024-03-03 21:00:00,80.91,82.98,20.84,0.913,523.9,241.25,47.34,62.33,874.82
2024-03-03 22:00:00,76.06,76.19,23.61,0.9,508.64,226.02,45.02,64.9,844.57
2024-03-03 23:00:00,83.97,80.03,24.17,0.823,549.13,224.37,49.67,58.75,881.92
2024-03-04 00:00:00,112.13,100.0,19.52,1.0,675.38,250.58,37.44,56.38,1019.78
2024-03-04 01:00:00,105.52,97.46,17.0,1.0,655.33,265.15,36.55,65.19,1022.22
2024-03-04 02:00:00,107.17,89.78,21.37,0.899,654.07,239.44,35.87,57.15,986.53
2024-03-04 03:00:00,99.51,92.61,20.76,0.984,616.74,249.52,41.18,60.62,968.05
2024-03-04 04:00:00,98.55,89.87,22.07,0.949,613.91,249.81,29.61,62.12,955.45
2024-03-04 05:00:00,89.53,86.72,20.91,0.885,564.62,244.01,45.3,56.15,910.08
2024-03-04 06:00:00,80.9,81.14,20.57,0.795,521.04,239.88,38.03,56.17,855.11
2024-03-04 07:00:00,94.43,93.16,22.17,0.856,600.01,253.4,43.62,58.64,955.67
2024-03-04 08:00:00,97.38,90.42,22.38,0.941,594.69,244.02,35.12,63.72,937.56
2024-03-04 09:00:00,102.33,90.85,18.4,0.919,623.15,256.3,44.44,61.73,985.62
2024-03-04 10:00:00,106.59,98.51,19.25,0.948,658.37,269.13,45.53,53.23,1026.26
2024-03-04 11:00:00,109.15,95.74,20.32,0.901,665.18,258.88,40.41,69.76,1034.24
2024-03-04 12:00:00,113.51,97.36,20.63,1.0,695.49,264.65,42.11,61.9,1064.15
2024-03-04 13:00:00,117.35,100.0,20.14,0.92,709.59,267.73,35.9,57.88,1071.1
2024-03-04 14:00:00,115.04,97.05,21.13,0.985,684.52,267.96,40.18,59.24,1051.9
2024-03-04 15:00:00,106.17,93.13,21.97,0.974,651.37,265.71,43.89,58.79,1019.75
2024-03-04 16:00:00,90.54,82.34,23.06,0.851,577.0,228.56,40.7,58.14,904.4
2024-03-04 17:00:00,82.53,77.51,21.35,0.756,534.53,225.3,46.11,65.83,871.76
2024-03-04 18:00:00,85.56,77.79,19.2,0.715,544.07,214.18,32.87,71.88,863.0
2024-03-04 19:00:00,79.94,73.01,20.26,0.759,517.49,206.88,38.69,57.44,820.49
2024-03-04 20:00:00,93.79,82.5,20.37,0.885,584.48,236.62,32.32,57.71,911.13
2024-03-04 21:00:00,99.41,88.83,21.25,0.86,606.45,246.13,41.26,59.55,953.39
2024-03-04 22:00:00,105.64,93.33,21.06,0.959,636.48,249.35,39.15,53.12,978.09
2024-03-04 23:00:00,106.61,91.95,23.55,0.999,656.18,253.15,42.1,62.64,1014.06
2024-03-05 00:00:00,117.05,86.75,19.94,0.884,698.3,247.45,42.96,60.93,1049.64
2024-03-05 01:00:00,110.86,100.0,21.21,0.98,678.9,261.32,38.86,60.75,1039.83
2024-03-05 02:00:00,102.82,96.84,24.17,1.0,629.34,273.85,55.12,50.74,1009.05
2024-03-05 03:00:00,88.51,86.48,19.76,0.828,552.05,245.06,43.23,48.69,889.03
2024-03-05 04:00:00,92.39,95.73,20.85,0.892,578.69,264.6,40.12,58.16,941.56
2024-03-05 05:00:00,94.1,82.16,19.22,0.862,607.25,232.53,37.3,63.31,940.39
2024-03-05 06:00:00,91.65,95.26,20.76,0.932,577.46,270.53,36.36,51.11,935.46
2024-03-05 07:00:00,85.18,77.76,19.46,0.762,551.07,229.08,41.75,64.48,886.38
2024-03-05 08:00:00,90.09,86.24,22.2,0.831,571.81,238.9,38.26,58.48,907.45
2024-03-05 09:00:00,101.88,84.57,20.85,0.822,618.13,242.14,43.96,55.86,960.09
2024-03-05 10:00:00,103.51,91.83,19.23,0.988,649.12,248.44,39.67,60.42,997.65
2024-03-05 11:00:00,114.2,99.03,21.89,1.0,689.01,266.28,39.68,53.51,1048.48
2024-03-05 12:00:00,118.06,98.26,20.9,1.0,699.84,275.14,40.46,47.31,1062.75
2024-03-05 13:00:00,117.9,100.0,22.06,1.0,705.39,272.33,39.5,66.03,1083.25
2024-03-05 14:00:00,107.1,94.04,18.91,0.964,653.85,261.46,41.11,59.76,1016.18
2024-03-05 15:00:00,99.19,86.98,21.19,0.798,621.92,249.68,48.28,56.39,976.27
2024-03-05 16:00:00,88.99,81.66,21.79,0.807,559.49,234.78,42.16,57.11,893.54
2024-03-05 17:00:00,83.7,85.91,20.0,0.967,559.47,235.53,41.69,56.13,892.83
2024-03-05 18:00:00,84.09,78.78,18.74,0.766,532.97,235.4,43.15,58.24,869.76
2024-03-05 19:00:00,88.48,88.82,20.57,0.964,567.29,249.61,39.57,59.44,915.91
2024-03-05 20:00:00,96.15,94.19,22.48,0.945,584.98,261.32,37.0,63.44,946.74
2024-03-05 21:00:00,96.79,80.05,22.32,0.667,602.95,228.44,28.5,56.52,916.41
2024-03-05 22:00:00,113.47,100.0,19.99,1.0,690.29,276.66,31.8,54.71,1053.47
2024-03-05 23:00:00,111.91,100.0,18.71,1.0,670.57,281.49,42.99,57.32,1052.37
2024-03-06 00:00:00,114.91,98.72,20.14,0.985,706.57,265.05,41.48,72.32,1085.41
2024-03-06 01:00:00,110.0,98.0,20.09,1.0,673.48,272.18,39.41,60.78,1045.86
2024-03-06 02:00:00,97.8,94.09,21.46,0.857,606.47,257.79,49.45,62.0,975.71
2024-03-06 03:00:00,103.54,90.39,20.63,0.835,641.07,237.83,39.86,58.73,977.49
2024-03-06 04:00:00,95.45,88.64,19.66,0.897,592.49,237.71,30.55,68.67,929.42
2024-03-06 05:00:00,85.88,76.37,22.45,0.788,559.43,222.93,43.8,64.3,890.46
2024-03-06 06:00:00,85.27,83.33,21.0,0.901,554.46,241.05,44.64,54.8,894.95
2024-03-06 07:00:00,89.07,87.03,21.44,0.902,568.35,246.41,42.88,60.79,918.43
2024-03-06 08:00:00,86.25,85.71,18.2,0.797,556.14,244.6,44.7,58.07,903.51
2024-03-06 09:00:00,97.88,94.27,17.15,0.953,597.6,273.5,32.96,62.06,966.12
2024-03-06 10:00:00,110.68,91.46,18.63,0.945,685.12,255.25,40.38,64.98,1045.73
2024-03-06 11:00:00,107.97,91.32,20.07,0.82,659.07,250.19,36.68,53.88,999.83
2024-03-06 12:00:00,116.17,100.0,21.65,0.998,709.07,269.24,42.09,61.79,1082.2
2024-03-06 13:00:00,107.56,93.03,17.28,0.914,663.82,265.17,46.08,55.96,1031.04
2024-03-06 14:00:00,109.37,95.68,23.18,0.924,674.91,253.32,40.65,67.08,1035.96
2024-03-06 15:00:00,99.86,89.59,21.04,0.921,610.91,255.57,42.61,64.83,973.92
2024-03-06 16:00:00,86.04,78.91,22.83,0.732,542.83,225.81,37.99,50.05,856.68
2024-03-06 17:00:00,91.67,93.95,19.46,0.96,596.33,252.31,39.93,54.37,942.93
2024-03-06 18:00:00,82.06,78.39,21.54,0.812,518.15,215.92,37.94,53.28,825.3
2024-03-06 19:00:00,83.77,76.25,20.92,0.817,530.06,229.0,47.2,59.69,865.96
2024-03-06 20:00:00,93.3,84.4,22.02,0.788,586.86,232.09,35.71,61.51,916.16
2024-03-06 21:00:00,104.59,82.29,20.44,0.748,643.33,233.18,40.35,63.96,980.82
2024-03-06 22:00:00,103.44,88.46,21.5,0.899,632.86,239.92,45.48,58.77,977.03
2024-03-06 23:00:00,113.24,91.78,22.44,0.903,691.11,264.53,33.02,58.59,1047.25
2024-03-07 00:00:00,116.72,100.0,19.97,1.0,710.79,270.59,41.73,61.42,1084.53
2024-03-07 01:00:00,115.76,94.51,21.31,0.968,698.67,250.4,40.44,75.75,1065.27
2024-03-07 02:00:00,108.21,98.54,18.11,0.988,658.88,264.37,37.28,52.43,1012.95
2024-03-07 03:00:00,98.53,96.26,22.0,0.954,612.48,270.5,44.86,50.6,978.45
2024-03-07 04:00:00,89.19,88.5,23.88,0.824,561.97,239.99,50.24,57.32,909.52
2024-03-07 05:00:00,87.35,82.6,19.08,0.854,543.19,231.29,42.63,56.41,873.52
2024-03-07 06:00:00,80.71,81.06,20.81,0.807,525.96,237.35,38.81,56.31,858.44
2024-03-07 07:00:00,75.32,70.04,22.27,0.696,502.75,209.13,34.69,59.94,806.51
2024-03-07 08:00:00,94.25,86.45,20.99,0.869,590.0,234.24,40.72,54.15,919.11
2024-03-07 09:00:00,103.62,87.51,21.19,0.886,619.96,245.1,39.39,57.02,961.47
2024-03-07 10:00:00,98.05,92.5,20.36,0.838,605.67,253.32,39.63,58.53,957.15
2024-03-07 11:00:00,108.95,100.0,20.3,1.0,672.0,270.31,38.01,58.64,1038.97
2024-03-07 12:00:00,117.48,100.0,20.82,0.958,695.88,275.68,37.66,59.29,1068.51
2024-03-07 13:00:00,121.22,90.65,21.01,0.9,731.67,251.82,40.12,59.25,1082.85
2024-03-07 14:00:00,107.58,91.99,19.17,0.984,654.35,252.61,35.07,55.96,998.0
2024-03-07 15:00:00,97.09,89.16,20.85,0.981,605.29,246.38,44.15,58.72,954.54
2024-03-07 16:00:00,91.77,86.32,23.3,0.778,573.35,247.73,39.28,59.97,920.35
2024-03-07 17:00:00,92.51,82.6,20.32,0.828,573.46,229.14,40.45,64.8,907.85
2024-03-07 18:00:00,82.42,82.43,19.09,0.838,543.55,220.11,38.7,52.6,854.96
2024-03-07 19:00:00,83.81,75.69,20.72,0.682,545.59,217.61,42.6,60.12,865.92
2024-03-07 20:00:00,90.57,80.56,19.87,0.846,578.0,231.45,42.38,60.82,912.65
2024-03-07 21:00:00,96.19,91.32,18.94,0.919,608.2,249.28,42.03,60.92,960.43
2024-03-07 22:00:00,107.99,88.92,21.15,0.899,663.98,243.57,35.32,61.16,1004.03
2024-03-07 23:00:00,119.49,100.0,19.88,0.954,725.0,267.81,39.23,53.43,1085.48
2024-03-08 00:00:00,116.29,91.3,20.17,0.934,696.15,251.58,46.41,60.8,1054.94
2024-03-08 01:00:00,111.98,100.0,21.33,1.0,690.93,262.21,38.63,60.53,1052.3
2024-03-08 02:00:00,106.33,89.3,18.8,0.899,661.97,251.49,44.2,62.74,1020.4
2024-03-08 03:00:00,93.75,85.76,18.49,0.832,591.78,224.11,39.96,59.17,915.02
2024-03-08 04:00:00,96.03,89.67,22.11,0.875,597.86,251.55,38.96,57.3,945.66
2024-03-08 05:00:00,86.7,80.52,18.21,0.816,543.7,230.98,40.75,65.01,880.43
2024-03-08 06:00:00,84.28,82.86,19.64,0.831,543.22,236.98,36.67,53.91,870.78
2024-03-08 07:00:00,99.78,92.77,18.4,0.973,632.39,243.24,43.6,53.13,972.36
2024-03-08 08:00:00,93.7,91.65,20.37,0.892,579.19,254.22,36.58,53.8,923.79
2024-03-08 09:00:00,96.99,92.45,21.75,0.864,613.11,250.9,42.21,61.73,967.95
2024-03-08 10:00:00,105.79,92.04,21.27,0.938,645.2,262.89,44.31,56.39,1008.8
2024-03-08 11:00:00,117.58,98.06,24.69,0.957,704.83,268.09,46.55,59.44,1078.92
2024-03-08 12:00:00,115.45,100.0,22.73,1.0,687.86,262.94,39.05,66.93,1056.77
2024-03-08 13:00:00,107.24,98.37,19.71,0.984,650.17,256.43,40.74,54.11,1001.45
2024-03-08 14:00:00,111.18,90.98,19.31,0.943,681.06,247.37,37.06,51.49,1016.98
2024-03-08 15:00:00,97.33,89.16,25.16,0.841,612.81,252.11,44.85,64.15,973.92
2024-03-08 16:00:00,99.99,88.32,22.7,0.89,621.85,252.39,39.16,55.83,969.23
2024-03-08 17:00:00,91.33,84.99,21.99,0.815,572.64,239.56,36.96,54.14,903.3
2024-03-08 18:00:00,83.21,75.46,21.22,0.694,527.23,218.94,42.52,59.46,848.15
2024-03-08 19:00:00,92.13,84.01,21.51,0.797,581.16,234.42,43.94,59.04,918.57
2024-03-08 20:00:00,92.77,95.44,18.88,0.927,580.94,260.3,44.21,55.66,941.11
2024-03-08 21:00:00,103.41,94.6,21.34,1.0,638.74,265.96,40.97,62.81,1008.48
2024-03-08 22:00:00,109.44,82.26,21.21,0.794,664.62,230.67,45.88,56.1,997.28
2024-03-08 23:00:00,109.6,100.0,19.75,0.936,665.66,273.95,37.29,55.88,1032.78
2024-03-09 00:00:00,83.68,87.29,20.46,0.879,539.65,240.13,45.14,50.67,875.59
2024-03-09 01:00:00,88.86,82.63,23.54,0.828,567.13,239.61,46.4,47.73,900.87
2024-03-09 02:00:00,79.29,83.23,21.08,0.808,526.22,238.25,40.16,61.18,865.82
2024-03-09 03:00:00,73.39,72.4,24.37,0.716,484.23,217.86,45.16,53.4,800.65
2024-03-09 04:00:00,65.55,70.43,18.65,0.753,452.14,219.19,44.15,59.24,774.71
2024-03-09 05:00:00,66.95,80.97,20.48,0.843,469.19,214.54,42.65,69.64,796.01
2024-03-09 06:00:00,72.0,74.64,18.94,0.776,484.58,221.27,41.05,62.33,809.22
2024-03-09 07:00:00,60.99,61.14,19.45,0.552,434.25,191.22,38.2,60.14,723.81
2024-03-09 08:00:00,69.47,74.42,20.02,0.889,462.39,218.97,36.3,62.12,779.78
2024-03-09 09:00:00,80.65,79.93,21.74,0.852,517.48,229.3,40.43,70.79,858.0
2024-03-09 10:00:00,80.31,86.15,21.66,0.887,520.26,242.34,35.42,50.57,
2024-03-09 11:00:00,86.55,83.35,20.24,0.775,552.34,237.05,42.93,59.32,891.64
2024-03-09 12:00:00,82.0,78.89,17.92,0.836,538.57,231.11,32.9,67.37,869.95
2024-03-09 13:00:00,86.46,88.45,23.48,0.859,546.44,250.71,43.89,61.54,902.58
2024-03-09 14:00:00,79.88,80.54,20.83,0.796,518.67,228.99,38.89,66.02,852.58
2024-03-09 15:00:00,78.94,75.72,19.59,0.673,523.31,217.89,38.24,56.87,836.32
2024-03-09 16:00:00,74.12,82.84,21.68,0.766,492.35,234.08,38.89,53.75,819.07
2024-03-09 17:00:00,75.62,78.78,21.57,0.81,497.99,222.95,28.47,69.56,818.97
2024-03-09 18:00:00,66.07,73.05,20.78,0.781,452.25,224.08,38.23,60.38,774.94
2024-03-09 19:00:00,66.56,74.17,21.49,0.776,443.78,208.13,36.53,64.13,752.57
2024-03-09 20:00:00,70.15,69.72,19.53,0.73,461.61,210.92,36.58,64.44,773.55
2024-03-09 21:00:00,73.59,74.16,22.4,0.738,475.23,220.19,53.21,66.4,815.03
2024-03-09 22:00:00,81.98,81.01,19.77,0.79,531.55,226.93,34.44,61.47,854.4
2024-03-09 23:00:00,83.56,80.81,20.35,0.823,545.16,231.47,41.58,61.69,879.9
2024-03-10 00:00:00,86.92,89.82,22.4,0.939,560.74,256.21,37.53,62.49,916.97
2024-03-10 01:00:00,90.01,86.09,23.23,0.861,579.21,238.82,38.56,56.79,913.39
2024-03-10 02:00:00,76.6,82.57,23.8,0.886,514.63,241.28,37.86,65.25,859.01
2024-03-10 03:00:00,79.56,79.83,23.01,0.788,518.95,234.35,46.33,57.14,856.77
2024-03-10 04:00:00,74.64,82.6,20.94,0.777,492.7,229.21,44.82,65.53,832.26
2024-03-10 05:00:00,64.78,74.38,19.11,0.743,455.73,209.55,37.52,63.97,766.78
2024-03-10 06:00:00,55.26,67.7,23.53,0.682,390.7,203.16,46.4,48.97,689.24
2024-03-10 07:00:00,62.83,71.35,23.48,0.709,424.7,202.39,38.52,64.03,729.64
2024-03-10 08:00:00,74.56,72.51,20.42,0.789,490.1,194.84,38.4,61.17,
2024-03-10 09:00:00,74.91,79.99,22.8,0.84,490.9,225.04,44.16,66.67,826.77
2024-03-10 10:00:00,76.63,78.11,20.92,0.71,503.53,237.08,36.0,68.66,845.27
2024-03-10 11:00:00,82.72,78.85,23.67,0.865,526.82,222.91,40.06,60.55,850.34
2024-03-10 12:00:00,89.61,90.34,20.65,0.766,571.02,251.99,40.1,61.79,924.89
2024-03-10 13:00:00,86.93,77.21,24.39,0.88,550.1,226.35,44.45,53.58,874.48
2024-03-10 14:00:00,79.67,77.72,22.6,0.763,528.17,222.97,36.77,59.16,847.07
2024-03-10 15:00:00,73.53,81.9,24.12,0.81,478.11,230.0,52.75,68.28,829.13
2024-03-10 16:00:00,67.81,75.48,20.73,0.752,457.92,225.88,36.62,60.0,780.43
2024-03-10 17:00:00,61.57,70.54,22.03,0.725,425.16,208.38,43.87,64.64,742.05
2024-03-10 18:00:00,70.21,76.36,19.97,0.764,472.9,219.81,42.38,59.89,794.99
2024-03-10 19:00:00,63.97,72.88,22.69,0.722,447.25,217.84,38.02,59.42,762.52
2024-03-10 20:00:00,74.24,69.54,22.77,0.761,493.35,199.85,43.24,62.87,799.32
2024-03-10 21:00:00,81.09,78.8,25.02,0.816,524.4,217.89,42.07,45.44,829.8
2024-03-10 22:00:00,84.62,90.39,22.15,0.856,548.62,240.07,40.55,61.86,891.1
2024-03-10 23:00:00,83.02,78.21,22.51,0.819,541.83,227.65,44.21,48.75,862.44
2024-03-11 00:00:00,116.61,96.72,20.88,0.993,705.23,262.12,37.77,59.59,1064.7
2024-03-11 01:00:00,112.89,93.74,22.4,0.91,687.57,261.81,42.36,55.82,1047.56
2024-03-11 02:00:00,103.89,91.51,21.01,0.955,644.6,252.47,37.7,54.22,988.99
2024-03-11 03:00:00,101.3,87.73,21.76,0.869,613.34,236.01,40.7,67.39,957.44
2024-03-11 04:00:00,87.78,86.33,21.85,0.852,556.11,239.15,40.42,65.6,901.29
2024-03-11 05:00:00,91.76,86.87,21.06,0.856,581.81,247.8,38.53,58.22,926.37
2024-03-11 06:00:00,83.14,85.44,21.68,0.733,533.37,237.85,32.67,71.89,875.79
2024-03-11 07:00:00,87.81,78.65,21.02,0.76,556.77,232.29,43.12,64.97,897.15
2024-03-11 08:00:00,93.63,85.11,21.01,0.887,591.16,236.02,47.96,59.21,934.36
2024-03-11 09:00:00,98.96,88.35,23.2,0.882,618.0,249.86,42.72,50.56,961.14
2024-03-11 10:00:00,109.85,97.2,21.85,0.908,672.97,253.43,37.55,59.51,1023.45
2024-03-11 11:00:00,111.09,91.58,22.1,0.964,669.12,250.96,41.02,56.84,1017.94
2024-03-11 12:00:00,118.49,100.0,19.4,0.985,701.08,267.68,44.58,57.69,1071.03
2024-03-11 13:00:00,107.61,99.74,22.22,0.936,664.47,261.06,45.51,62.07,1033.11
2024-03-11 14:00:00,108.01,89.06,22.38,1.0,654.09,253.69,44.33,56.86,1008.97
2024-03-11 15:00:00,107.76,91.42,20.99,0.862,652.29,248.15,41.78,66.6,1008.82
2024-03-11 16:00:00,88.5,81.59,24.71,0.86,555.28,226.88,47.58,57.35,887.09
2024-03-11 17:00:00,84.3,95.31,18.15,0.915,550.7,267.96,40.47,54.89,914.02
2024-03-11 18:00:00,87.06,81.38,22.76,0.821,556.97,231.86,37.55,63.25,889.63
2024-03-11 19:00:00,87.73,92.25,22.65,0.877,561.38,258.41,39.66,59.86,919.31
2024-03-11 20:00:00,93.9,80.62,22.4,0.744,595.03,219.08,39.42,64.28,917.81
2024-03-11 21:00:00,101.96,86.03,21.85,0.886,629.44,235.87,41.17,60.86,967.34
2024-03-11 22:00:00,110.04,91.59,22.41,0.936,678.3,264.85,33.68,53.05,1029.88
2024-03-11 23:00:00,117.43,94.49,22.89,1.0,697.57,263.55,43.64,61.52,1066.28
2024-03-12 00:00:00,116.64,96.98,20.66,0.968,694.51,257.22,31.95,55.46,1039.14
2024-03-12 01:00:00,112.03,92.47,22.2,1.0,671.0,255.53,42.0,60.73,1029.26
2024-03-12 02:00:00,110.19,91.0,21.47,0.923,674.32,245.12,44.68,57.01,1021.14
2024-03-12 03:00:00,107.6,99.59,20.11,1.0,662.05,277.51,43.58,58.97,1042.11
2024-03-12 04:00:00,91.97,92.1,22.82,0.853,576.07,239.8,37.9,60.22,913.98
2024-03-12 05:00:00,83.11,86.3,20.9,0.832,533.7,242.89,42.49,63.67,882.75
2024-03-12 06:00:00,89.43,87.33,19.5,0.899,577.29,244.96,42.82,57.24,922.31
2024-03-12 07:00:00,86.53,83.73,20.94,0.833,547.08,229.15,46.82,46.05,869.11
2024-03-12 08:00:00,83.81,79.42,20.55,0.804,541.41,225.14,41.46,55.22,863.23
2024-03-12 09:00:00,103.39,86.93,23.29,0.828,631.46,244.8,46.43,60.67,983.36
2024-03-12 10:00:00,105.36,94.49,21.98,0.951,655.56,247.77,38.25,65.91,1007.49
2024-03-12 11:00:00,112.63,90.45,23.82,0.91,688.17,242.26,39.87,61.5,1031.79
2024-03-12 12:00:00,116.33,93.19,20.75,0.873,690.45,254.78,43.46,64.98,1053.66
2024-03-12 13:00:00,113.75,100.0,23.06,1.0,686.68,265.0,45.42,60.79,1057.88
2024-03-12 14:00:00,110.34,100.0,26.01,0.915,655.06,267.22,44.67,61.09,1028.04
2024-03-12 15:00:00,98.26,91.1,22.28,0.92,618.49,251.18,35.66,58.79,964.12
2024-03-12 16:00:00,94.55,92.81,23.04,1.0,609.14,249.44,42.36,65.25,966.19
2024-03-12 17:00:00,85.97,81.76,22.79,0.852,532.41,231.53,41.59,68.23,873.76
2024-03-12 18:00:00,87.96,77.29,19.61,0.807,548.36,224.1,40.94,55.18,868.57
2024-03-12 19:00:00,89.47,87.8,22.63,0.833,568.69,249.05,44.67,61.12,923.53
2024-03-12 20:00:00,88.76,87.23,22.21,0.961,563.64,235.7,44.49,54.04,
2024-03-12 21:00:00,104.34,92.53,21.36,0.994,638.43,250.54,40.03,68.36,997.36
2024-03-12 22:00:00,105.36,91.47,20.42,0.872,632.88,255.61,36.02,60.85,985.36
2024-03-12 23:00:00,116.22,100.0,22.79,0.976,703.7,261.11,38.51,59.9,1063.22
2024-03-13 00:00:00,116.47,93.31,20.45,0.996,709.45,256.58,37.61,54.31,1057.95
2024-03-13 01:00:00,120.34,96.3,25.11,1.0,744.49,262.4,45.12,58.87,1110.89
2024-03-13 02:00:00,106.61,88.26,22.08,0.819,663.49,229.83,38.09,59.62,991.03
2024-03-13 03:00:00,98.6,89.73,20.07,0.847,602.62,245.46,39.02,54.63,941.73
2024-03-13 04:00:00,92.42,80.77,21.14,0.801,582.02,231.61,40.3,60.75,914.67
2024-03-13 05:00:00,85.8,79.48,21.49,0.686,553.72,225.63,37.43,55.71,872.49
2024-03-13 06:00:00,88.2,80.57,25.53,0.807,555.49,226.35,47.64,62.17,891.66
2024-03-13 07:00:00,80.54,78.97,20.58,0.849,528.96,226.77,47.31,55.07,858.11
2024-03-13 08:00:00,88.29,76.71,21.74,0.695,567.05,227.02,39.33,60.79,894.19
2024-03-13 09:00:00,95.73,88.3,21.1,0.889,608.54,248.66,37.27,59.03,953.5
2024-03-13 10:00:00,111.3,100.0,22.66,0.971,682.92,265.46,42.41,61.51,1052.31
2024-03-13 11:00:00,119.83,100.0,21.13,1.0,721.45,261.25,36.82,60.83,1080.34
2024-03-13 12:00:00,114.58,100.0,20.2,0.972,687.81,273.12,39.41,60.47,1060.81
2024-03-13 13:00:00,112.32,100.0,21.62,1.0,671.23,262.93,37.29,56.3,1027.75
2024-03-13 14:00:00,107.78,97.78,21.46,0.948,660.65,262.17,35.72,62.77,1021.31
2024-03-13 15:00:00,104.65,92.7,21.02,0.966,640.01,255.87,36.49,61.44,993.8
2024-03-13 16:00:00,88.79,84.51,21.1,0.858,561.5,244.35,37.36,63.19,906.38
2024-03-13 17:00:00,87.96,87.8,23.69,0.871,568.79,252.1,38.87,59.87,919.63
2024-03-13 18:00:00,88.9,82.49,21.43,0.785,575.46,233.6,45.12,59.1,913.27
2024-03-13 19:00:00,89.01,75.09,20.21,0.767,555.19,214.64,41.73,54.93,866.48
2024-03-13 20:00:00,93.26,89.09,21.22,0.869,584.61,239.88,43.77,56.7,924.96
2024-03-13 21:00:00,104.0,86.35,21.99,0.829,636.56,253.08,34.57,57.63,981.84
2024-03-13 22:00:00,96.69,83.53,19.91,0.909,605.95,233.68,38.82,64.81,943.27
2024-03-13 23:00:00,115.7,97.85,24.35,1.0,680.38,269.56,45.9,53.78,1049.62
2024-03-14 00:00:00,112.38,95.72,23.38,0.989,670.23,262.18,49.09,53.3,1034.81
2024-03-14 01:00:00,105.67,85.77,24.22,0.838,647.4,237.15,40.98,59.65,985.18
2024-03-14 02:00:00,109.54,95.6,22.66,0.947,674.01,257.53,36.05,56.17,1023.76
2024-03-14 03:00:00,105.49,97.58,18.93,0.963,648.08,256.62,40.76,58.09,1003.54
2024-03-14 04:00:00,91.95,80.33,24.38,0.82,585.12,235.43,41.58,57.8,919.94
2024-03-14 05:00:00,90.82,91.77,20.78,0.95,575.68,252.0,46.82,56.85,931.35
2024-03-14 06:00:00,91.45,77.92,20.9,0.778,587.46,232.22,42.17,56.18,918.03
2024-03-14 07:00:00,92.27,96.72,22.31,0.928,593.23,260.42,39.41,55.34,948.41
2024-03-14 08:00:00,99.06,87.47,24.14,0.913,609.22,241.91,42.72,58.15,952.0
2024-03-14 09:00:00,102.97,92.21,23.65,0.924,641.91,246.85,42.47,52.69,983.92
2024-03-14 10:00:00,107.8,84.44,23.43,0.772,663.07,235.46,35.28,63.03,996.84
2024-03-14 11:00:00,106.58,92.98,21.61,0.823,672.95,247.82,40.17,55.58,1016.51
2024-03-14 12:00:00,114.02,98.15,21.58,0.996,683.7,268.53,38.05,62.27,1052.55
2024-03-14 13:00:00,109.62,94.38,22.59,0.902,667.15,258.84,43.6,56.7,1026.29
2024-03-14 14:00:00,116.18,95.28,21.88,0.974,692.66,268.93,36.41,65.19,1063.19
2024-03-14 15:00:00,99.3,84.92,23.41,0.81,608.7,229.58,45.26,60.2,943.74
2024-03-14 16:00:00,92.99,92.15,23.32,0.928,588.05,260.81,44.55,54.62,948.02
2024-03-14 17:00:00,89.22,84.76,22.96,0.829,567.72,232.13,42.37,72.49,914.71
2024-03-14 18:00:00,85.17,90.29,18.29,0.991,550.2,251.68,45.01,57.91,904.81
2024-03-14 19:00:00,93.79,84.26,22.27,0.89,593.11,230.08,32.94,57.22,913.34
2024-03-14 20:00:00,90.01,82.83,21.91,0.896,568.16,235.16,41.78,57.56,902.66
2024-03-14 21:00:00,100.78,94.47,22.33,0.946,621.95,243.32,40.41,61.99,967.67
2024-03-14 22:00:00,104.53,84.15,20.94,0.883,634.88,232.69,39.7,52.74,960.02
2024-03-14 23:00:00,107.71,87.79,20.09,0.882,652.94,244.99,36.07,60.68,994.69
2024-03-15 00:00:00,112.55,100.0,22.93,1.0,682.31,280.53,36.0,51.57,1050.42
2024-03-15 01:00:00,112.84,90.56,21.7,0.902,685.79,237.41,43.57,59.63,1026.4
2024-03-15 02:00:00,105.78,83.8,23.1,0.768,654.6,235.96,45.13,65.63,1001.33
2024-03-15 03:00:00,97.23,97.96,21.23,0.88,611.02,262.6,47.19,57.23,978.04
2024-03-15 04:00:00,86.87,76.47,24.36,0.848,566.83,209.09,52.1,64.44,892.46
2024-03-15 05:00:00,86.68,84.26,23.74,0.867,545.6,230.2,36.94,51.65,864.39
2024-03-15 06:00:00,78.98,79.84,22.68,0.826,513.04,224.83,40.61,56.89,835.38
2024-03-15 07:00:00,90.05,70.97,21.92,0.784,563.17,211.84,41.0,53.88,869.89
2024-03-15 08:00:00,92.83,85.08,23.52,0.768,594.37,239.19,46.58,69.54,949.68
2024-03-15 09:00:00,94.17,89.33,22.83,0.875,586.83,239.71,47.2,57.96,931.7
2024-03-15 10:00:00,106.26,94.9,22.6,0.937,660.56,248.29,36.96,56.75,1002.55
2024-03-15 11:00:00,109.98,99.51,23.8,1.0,681.53,271.47,41.08,58.71,1052.8
2024-03-15 12:00:00,116.28,96.2,24.38,0.927,704.69,260.85,49.77,60.03,1075.34
2024-03-15 13:00:00,118.35,100.0,20.36,0.94,714.11,279.67,33.31,58.14,1085.23
2024-03-15 14:00:00,100.0,86.55,20.66,0.805,620.31,239.65,35.69,54.04,949.69
2024-03-15 15:00:00,100.46,83.18,21.07,0.889,619.76,241.53,41.75,66.75,969.79
2024-03-15 16:00:00,91.86,79.44,19.99,0.757,575.8,230.09,48.22,65.44,919.55
2024-03-15 17:00:00,89.69,77.54,22.14,0.748,567.3,227.76,33.55,61.67,890.27
2024-03-15 18:00:00,85.85,87.97,23.14,0.911,563.86,247.34,42.29,61.4,914.89
2024-03-15 19:00:00,84.0,74.43,22.21,0.709,531.67,219.02,42.59,61.08,854.37
2024-03-15 20:00:00,91.22,86.98,21.44,0.785,577.76,228.91,45.88,57.72,910.26
2024-03-15 21:00:00,96.82,87.08,23.93,0.792,609.77,241.44,45.26,57.17,953.65
2024-03-15 22:00:00,111.8,95.39,22.45,0.951,676.75,256.33,33.44,67.97,1034.49
2024-03-15 23:00:00,113.08,100.0,22.75,1.0,688.71,277.62,36.21,63.13,1065.67
2024-03-16 00:00:00,93.85,84.74,24.14,0.837,577.24,231.93,49.33,53.35,911.86
2024-03-16 01:00:00,84.5,85.31,22.22,0.875,553.1,237.47,42.16,57.74,890.47
2024-03-16 02:00:00,77.79,79.08,25.5,0.71,518.01,230.88,41.79,62.44,853.11
2024-03-16 03:00:00,68.95,73.71,21.73,0.66,463.94,216.6,41.97,61.84,784.35
2024-03-16 04:00:00,62.16,82.58,25.4,0.939,423.77,234.42,47.35,62.64,768.19
2024-03-16 05:00:00,58.92,62.25,20.94,0.684,420.95,197.39,30.02,52.57,700.93
2024-03-16 06:00:00,64.82,78.85,23.18,0.827,434.91,227.16,33.73,61.6,757.39
2024-03-16 07:00:00,67.29,76.93,21.44,0.736,448.42,218.28,41.24,65.58,773.52
2024-03-16 08:00:00,63.05,69.13,24.08,0.679,434.82,197.39,51.89,52.47,736.58
2024-03-16 09:00:00,78.58,87.44,21.69,0.874,525.05,246.54,41.06,68.7,881.34
2024-03-16 10:00:00,78.69,70.11,22.84,0.767,518.59,202.6,31.72,61.65,814.56
2024-03-16 11:00:00,85.33,80.06,21.43,0.821,541.47,226.67,33.55,60.55,862.24
2024-03-16 12:00:00,92.7,80.31,23.81,0.829,570.04,235.11,45.76,55.24,906.16
2024-03-16 13:00:00,88.33,86.23,21.42,0.854,561.98,239.75,42.94,56.82,901.48
2024-03-16 14:00:00,79.55,74.21,24.93,0.782,519.77,213.18,44.5,58.11,835.55
2024-03-16 15:00:00,71.44,77.88,20.91,0.794,476.59,221.88,38.06,52.87,789.41
2024-03-16 16:00:00,60.77,69.45,20.39,0.697,438.29,204.33,43.18,58.43,744.22
2024-03-16 17:00:00,62.38,68.79,23.83,0.651,430.85,198.52,47.72,55.54,732.62
2024-03-16 18:00:00,62.91,73.4,21.52,0.728,416.27,224.2,42.78,63.41,746.66
2024-03-16 19:00:00,61.31,69.31,22.39,0.639,423.29,202.26,36.89,44.77,707.21
2024-03-16 20:00:00,68.85,68.98,21.92,0.688,467.89,209.57,43.6,58.76,779.82
2024-03-16 21:00:00,75.31,91.66,20.44,0.921,499.63,246.38,38.59,55.16,839.76
2024-03-16 22:00:00,79.73,77.43,22.29,0.654,517.21,225.89,38.11,60.01,841.24
2024-03-16 23:00:00,82.14,69.98,24.3,0.688,527.98,207.98,41.58,71.77,849.31
2024-03-17 00:00:00,86.92,79.25,24.08,0.734,538.63,226.58,43.82,68.37,877.4
2024-03-17 01:00:00,86.51,76.92,22.92,0.794,553.24,222.58,43.94,57.53,877.28
2024-03-17 02:00:00,76.26,82.26,24.24,0.854,498.61,235.25,35.95,59.07,828.88
2024-03-17 03:00:00,80.64,81.93,20.98,0.798,525.21,230.69,37.08,55.81,848.79
2024-03-17 04:00:00,68.98,76.48,22.08,0.792,468.83,219.55,38.31,59.25,785.94
2024-03-17 05:00:00,65.33,70.82,23.17,0.738,456.59,212.18,46.24,63.68,778.69
2024-03-17 06:00:00,66.58,71.89,22.38,0.707,445.27,204.13,37.21,53.43,740.04
2024-03-17 07:00:00,66.19,71.24,22.2,0.789,440.6,201.83,39.04,67.83,749.3
2024-03-17 08:00:00,73.19,76.19,20.77,0.726,481.35,221.07,43.24,64.57,810.22
2024-03-17 09:00:00,76.15,82.25,19.45,0.896,494.86,220.67,40.16,64.35,820.04
2024-03-17 10:00:00,78.18,80.77,23.8,0.796,504.27,219.52,49.37,61.91,835.07
2024-03-17 11:00:00,86.19,85.59,22.94,0.814,562.5,250.58,41.08,55.48,909.65
2024-03-17 12:00:00,81.68,83.34,23.92,0.816,529.56,244.3,51.0,65.06,889.92
2024-03-17 13:00:00,85.18,87.01,21.92,0.815,561.66,239.3,48.25,58.4,907.61
2024-03-17 14:00:00,80.49,81.69,21.5,0.856,522.44,237.54,41.83,51.56,853.36
2024-03-17 15:00:00,74.17,78.88,22.58,0.709,481.46,231.85,42.72,60.4,816.43
2024-03-17 16:00:00,68.86,80.37,23.85,0.873,457.84,231.61,45.57,54.2,789.23
2024-03-17 17:00:00,57.73,65.54,22.22,0.609,416.84,197.16,43.67,56.97,714.65
2024-03-17 18:00:00,61.56,66.5,23.77,0.707,418.7,203.41,43.69,63.53,729.33
2024-03-17 19:00:00,65.63,66.88,21.06,0.67,452.61,205.25,44.67,59.4,761.93
2024-03-17 20:00:00,70.01,75.92,22.33,0.773,467.22,223.29,42.59,59.81,792.91
2024-03-17 21:00:00,70.89,66.18,22.47,0.632,467.01,189.67,46.38,65.84,768.91
2024-03-17 22:00:00,85.69,85.15,24.41,0.869,559.53,251.02,38.53,48.72,897.8
2024-03-17 23:00:00,81.28,80.09,22.88,0.808,521.68,242.62,42.45,65.62,872.38
2024-03-18 00:00:00,118.88,100.0,25.36,0.927,707.77,258.54,50.11,60.74,1077.16
2024-03-18 01:00:00,114.7,93.99,20.72,0.892,692.86,260.44,35.43,59.65,1048.4
2024-03-18 02:00:00,104.92,91.44,22.93,0.887,640.51,264.3,43.4,59.81,1008.02
2024-03-18 03:00:00,107.1,99.16,23.01,0.954,673.23,274.25,44.25,63.2,1054.93
2024-03-18 04:00:00,87.73,90.78,23.67,0.97,567.11,256.71,49.92,65.13,938.87
2024-03-18 05:00:00,90.69,81.94,21.52,0.82,568.71,223.45,38.64,58.82,889.61
2024-03-18 06:00:00,89.0,85.41,25.27,0.815,561.21,244.11,46.72,59.33,911.37
2024-03-18 07:00:00,84.33,83.64,22.76,0.812,525.48,237.07,39.14,63.04,864.74
2024-03-18 08:00:00,98.07,90.9,21.11,0.884,611.45,255.58,39.44,49.51,955.97
2024-03-18 09:00:00,99.0,88.19,22.71,0.867,609.02,238.98,47.76,59.51,955.27
2024-03-18 10:00:00,108.65,100.0,22.27,0.946,663.98,263.57,40.37,62.49,1030.41
2024-03-18 11:00:00,114.03,87.57,26.91,0.835,674.43,243.04,46.01,57.53,1021.01
2024-03-18 12:00:00,114.46,95.13,24.31,0.99,692.1,257.49,43.43,56.01,1049.03
2024-03-18 13:00:00,116.23,100.0,22.81,1.0,714.76,269.06,39.39,59.24,1082.44
2024-03-18 14:00:00,110.67,97.62,22.57,0.969,673.8,262.13,39.26,57.08,1032.27
2024-03-18 15:00:00,93.01,93.27,24.17,0.933,578.83,254.65,41.74,58.77,934.0
2024-03-18 16:00:00,97.72,94.85,24.24,0.946,608.42,255.19,42.03,57.64,963.28
2024-03-18 17:00:00,80.36,78.75,18.37,0.777,521.28,225.09,35.25,67.81,849.44
2024-03-18 18:00:00,89.13,91.06,23.7,0.936,583.19,242.69,43.34,54.3,923.52
2024-03-18 19:00:00,91.52,82.19,22.78,0.844,574.92,235.68,37.49,64.17,912.26
2024-03-18 20:00:00,88.14,88.72,20.77,0.809,551.05,247.88,44.57,57.06,900.56
2024-03-18 21:00:00,98.36,98.23,24.06,0.976,611.96,258.71,42.46,61.63,974.76
2024-03-18 22:00:00,103.08,97.61,26.11,0.901,636.95,272.95,49.03,63.24,1022.16
2024-03-18 23:00:00,112.13,96.59,23.57,0.998,685.15,257.89,44.48,67.65,1055.17
2024-03-19 00:00:00,113.77,95.23,24.56,0.991,694.89,267.11,37.26,61.96,1061.21
2024-03-19 01:00:00,116.11,90.41,25.61,0.874,716.19,251.84,45.44,58.02,1071.49
2024-03-19 02:00:00,112.74,97.92,21.66,0.973,678.94,271.64,46.87,60.33,1057.79
2024-03-19 03:00:00,105.58,87.22,20.12,0.767,642.42,244.21,36.9,69.59,993.12
2024-03-19 04:00:00,90.25,81.16,23.89,0.86,556.42,233.84,52.49,60.82,903.57
2024-03-19 05:00:00,86.17,77.13,22.54,0.807,556.16,227.92,43.14,53.46,880.67
2024-03-19 06:00:00,78.27,76.83,20.85,0.826,504.23,232.79,42.07,58.08,837.17
2024-03-19 07:00:00,83.79,81.75,22.79,0.892,546.06,238.13,42.38,57.95,884.53
2024-03-19 08:00:00,96.36,89.55,24.0,0.834,597.86,250.74,47.78,63.65,960.03
2024-03-19 09:00:00,106.46,90.23,22.68,0.947,666.12,241.39,45.64,53.89,1007.03
2024-03-19 10:00:00,102.56,96.63,21.73,1.0,621.34,248.42,39.93,57.46,967.15
2024-03-19 11:00:00,110.62,94.27,22.57,0.868,681.29,257.18,39.31,61.07,1038.84
2024-03-19 12:00:00,114.89,93.51,22.88,0.927,701.7,252.08,35.88,58.6,1048.26
2024-03-19 13:00:00,114.11,98.19,20.01,0.964,694.77,262.13,43.26,60.45,1060.6
2024-03-19 14:00:00,104.26,100.0,22.69,1.0,632.37,269.51,41.51,60.74,1004.12
2024-03-19 15:00:00,101.7,92.52,20.89,0.806,632.73,258.28,36.62,61.07,988.7
2024-03-19 16:00:00,90.6,83.49,23.9,0.926,574.04,231.6,41.09,55.37,902.09
2024-03-19 17:00:00,86.95,75.84,20.57,0.753,540.12,224.63,39.73,63.99,868.46
2024-03-19 18:00:00,87.19,82.5,24.43,0.871,568.39,233.44,40.44,57.32,899.6
2024-03-19 19:00:00,87.04,84.69,22.29,0.844,552.41,238.08,40.72,59.94,891.16
2024-03-19 20:00:00,90.75,83.44,22.09,0.859,585.62,246.47,33.69,53.94,919.72
2024-03-19 21:00:00,99.56,81.45,23.35,0.698,617.27,232.12,40.3,60.2,949.89
2024-03-19 22:00:00,107.15,89.32,21.61,0.874,663.59,247.25,35.35,60.95,1007.14
2024-03-19 23:00:00,111.51,100.0,23.32,1.0,670.68,273.14,43.19,60.18,1047.19
2024-03-20 00:00:00,113.96,100.0,21.98,1.0,691.54,280.78,36.09,56.1,1064.51
2024-03-20 01:00:00,119.38,95.26,22.24,0.871,718.08,259.76,38.2,65.64,1081.68
2024-03-20 02:00:00,109.74,98.24,23.68,0.985,666.13,268.93,52.07,62.92,1050.05
2024-03-20 03:00:00,98.82,83.52,21.37,0.794,607.14,234.73,43.46,59.31,944.64
2024-03-20 04:00:00,95.29,94.67,21.18,0.901,571.9,258.18,42.4,59.26,931.75
2024-03-20 05:00:00,85.67,84.06,23.45,0.765,541.61,233.59,47.8,56.31,879.3
2024-03-20 06:00:00,89.69,89.59,23.04,0.927,574.07,244.79,43.91,56.89,919.65
2024-03-20 07:00:00,88.49,75.67,23.33,0.812,551.28,229.08,36.77,67.28,884.42
2024-03-20 08:00:00,92.07,89.42,23.57,1.0,570.85,244.47,37.55,58.21,911.08
2024-03-20 09:00:00,101.79,90.86,23.16,0.835,617.48,241.56,31.25,73.82,964.1
2024-03-20 10:00:00,101.22,94.87,23.99,0.987,627.75,259.98,44.39,54.2,986.32
2024-03-20 11:00:00,108.48,98.82,23.22,1.0,655.27,273.62,37.96,61.84,1028.69
2024-03-20 12:00:00,110.22,95.44,20.06,0.925,680.88,267.88,37.72,61.13,1047.61
2024-03-20 13:00:00,113.56,93.78,20.45,0.892,693.69,249.76,38.72,60.18,1042.35
2024-03-20 14:00:00,114.43,100.0,25.97,0.946,693.75,276.68,44.71,52.04,1067.17
2024-03-20 15:00:00,108.93,94.16,23.08,0.915,667.06,270.09,41.8,53.14,1032.09
2024-03-20 16:00:00,95.05,83.16,24.5,0.842,589.16,230.54,43.37,60.98,924.04
2024-03-20 17:00:00,89.01,79.91,22.56,0.867,558.96,226.76,39.47,54.88,880.07
2024-03-20 18:00:00,77.8,71.51,22.99,0.77,514.67,202.79,35.59,66.05,819.09
2024-03-20 19:00:00,84.84,79.87,22.4,0.718,551.5,238.85,41.68,58.88,890.91
2024-03-20 20:00:00,89.35,90.19,26.77,0.862,572.36,240.44,57.3,61.28,931.38
2024-03-20 21:00:00,97.52,89.65,23.46,0.961,603.82,245.86,43.72,59.8,953.2
2024-03-20 22:00:00,106.83,90.76,22.27,0.871,651.01,255.31,49.57,59.66,1015.55
2024-03-20 23:00:00,111.1,99.58,20.6,0.993,668.06,265.0,37.73,67.6,1038.39
2024-03-21 00:00:00,107.08,89.38,26.21,0.809,661.56,241.76,46.56,65.42,1015.3
2024-03-21 01:00:00,115.98,98.47,23.0,1.0,684.22,266.47,41.72,60.77,1053.18
2024-03-21 02:00:00,103.21,90.71,24.36,0.811,618.41,264.82,43.57,63.37,990.18
2024-03-21 03:00:00,100.96,94.37,24.53,0.862,608.75,256.65,49.21,65.87,980.47
2024-03-21 04:00:00,100.8,82.51,22.55,0.878,606.84,232.03,32.23,57.01,928.11
2024-03-21 05:00:00,83.33,77.42,24.25,0.87,547.52,215.88,42.24,52.23,857.86
2024-03-21 06:00:00,74.88,69.25,22.34,0.678,500.69,207.73,47.26,62.77,818.45
2024-03-21 07:00:00,85.87,81.63,21.76,0.814,539.74,236.74,38.01,66.23,880.72
2024-03-21 08:00:00,96.9,94.51,24.99,0.991,603.67,254.83,49.1,51.43,3356.605
2024-03-21 09:00:00,107.83,91.39,23.01,0.928,670.89,255.13,44.23,56.97,1027.22
2024-03-21 10:00:00,102.58,88.74,24.02,0.869,636.91,242.76,43.35,58.79,981.81
2024-03-21 11:00:00,114.98,100.0,23.86,0.976,711.8,258.64,44.62,55.09,1070.14
2024-03-21 12:00:00,113.14,100.0,24.2,0.922,684.78,272.74,43.62,59.28,1060.42
2024-03-21 13:00:00,112.57,95.84,20.91,0.97,677.59,273.71,31.49,54.43,1037.23
2024-03-21 14:00:00,118.08,100.0,22.37,0.995,701.74,262.82,42.5,58.4,1065.47
2024-03-21 15:00:00,93.99,81.61,22.76,0.794,590.13,232.46,38.9,63.5,924.98
2024-03-21 16:00:00,93.51,93.65,22.0,0.886,595.06,264.52,34.49,49.65,943.73
2024-03-21 17:00:00,88.88,95.18,23.89,0.907,565.19,259.27,44.95,54.74,924.16
2024-03-21 18:00:00,89.34,87.28,25.03,0.904,563.85,234.72,46.73,67.0,912.3
2024-03-21 19:00:00,87.4,73.28,25.26,0.777,567.06,214.16,49.8,55.88,886.89
2024-03-21 20:00:00,93.73,84.07,22.74,0.824,592.89,245.5,40.28,47.01,925.68
2024-03-21 21:00:00,98.43,92.28,23.68,0.901,611.26,250.75,46.46,60.86,969.33
2024-03-21 22:00:00,108.58,92.18,23.91,0.879,656.75,254.97,43.53,59.63,1014.88
2024-03-21 23:00:00,111.62,100.0,24.18,1.0,676.05,263.68,45.3,60.74,1045.77
2024-03-22 00:00:00,117.49,100.0,22.1,1.0,711.21,269.4,41.89,60.29,1082.79
2024-03-22 01:00:00,111.51,92.22,26.15,0.941,671.32,255.99,42.14,66.36,1035.81
2024-03-22 02:00:00,109.01,94.67,24.8,0.965,655.17,259.55,46.56,56.48,1017.77
2024-03-22 03:00:00,99.88,85.47,24.84,0.839,615.57,236.9,45.53,59.53,957.54
2024-03-22 04:00:00,97.0,87.59,25.22,0.818,604.63,246.6,44.71,57.84,953.77
2024-03-22 05:00:00,86.8,80.63,24.22,0.756,564.93,233.34,44.45,63.38,906.09
2024-03-22 06:00:00,77.91,84.83,21.87,0.905,500.26,242.55,50.2,63.89,856.9
2024-03-22 07:00:00,92.06,96.61,23.21,0.93,582.1,261.12,34.49,61.86,939.58
2024-03-22 08:00:00,88.88,77.28,20.94,0.752,562.16,218.57,39.47,70.77,890.97
2024-03-22 09:00:00,97.38,79.08,24.04,0.734,605.1,237.84,46.91,62.77,952.62
2024-03-22 10:00:00,105.12,91.33,23.16,0.853,657.9,252.62,37.1,66.27,1013.91
2024-03-22 11:00:00,118.49,91.65,23.35,0.878,713.09,250.92,43.92,55.57,1063.51
2024-03-22 12:00:00,106.46,93.46,25.22,1.0,644.98,247.4,47.01,56.51,995.9
2024-03-22 13:00:00,125.54,100.0,22.73,1.0,754.82,264.41,34.96,69.9,1124.08
2024-03-22 14:00:00,111.72,100.0,23.04,0.974,685.14,266.15,39.53,53.23,1044.05
2024-03-22 15:00:00,100.89,91.45,23.45,0.969,616.46,254.69,49.74,63.84,984.72
2024-03-22 16:00:00,92.28,85.17,20.65,0.844,571.86,236.73,33.64,66.43,908.66
2024-03-22 17:00:00,88.15,74.18,23.02,0.81,564.04,215.88,40.07,65.88,885.87
2024-03-22 18:00:00,87.08,83.67,19.69,0.947,555.16,227.11,39.34,52.02,873.64
2024-03-22 19:00:00,89.59,85.15,22.54,0.903,564.19,247.25,40.98,58.25,910.66
2024-03-22 20:00:00,94.72,90.56,24.7,0.91,602.06,245.74,43.2,63.11,954.12
2024-03-22 21:00:00,100.36,86.64,24.09,0.901,617.05,243.35,44.08,63.71,968.19
2024-03-22 22:00:00,106.71,91.18,22.52,0.913,656.93,248.29,40.8,59.95,1005.97
2024-03-22 23:00:00,112.39,88.8,23.48,0.796,691.32,244.58,45.5,56.52,1037.92
2024-03-23 00:00:00,85.47,71.28,21.97,0.68,544.64,204.92,43.38,58.63,851.57
2024-03-23 01:00:00,89.28,79.1,23.58,0.743,551.76,227.88,44.6,56.91,881.15
2024-03-23 02:00:00,83.0,73.65,27.98,0.703,531.77,208.78,51.71,53.79,846.05
2024-03-23 03:00:00,63.24,73.3,26.35,0.823,437.71,215.82,41.58,58.5,753.61
2024-03-23 04:00:00,72.0,73.41,23.66,0.79,488.02,213.45,43.46,69.25,814.17
2024-03-23 05:00:00,66.04,70.33,23.82,0.725,446.01,211.47,47.74,58.61,763.82
2024-03-23 06:00:00,63.68,66.92,22.12,0.71,452.16,204.89,33.76,52.44,743.26
2024-03-23 07:00:00,63.7,55.69,22.38,0.462,428.13,175.04,35.42,58.21,
2024-03-23 08:00:00,73.87,84.48,24.13,0.881,490.67,239.6,49.8,68.64,848.71
2024-03-23 09:00:00,78.79,74.39,22.8,0.791,512.04,213.54,35.44,52.04,813.05
2024-03-23 10:00:00,77.53,76.7,24.94,0.655,518.44,228.98,44.88,60.0,852.3
2024-03-23 11:00:00,86.37,75.91,25.94,0.797,540.07,217.26,44.88,63.69,865.9
2024-03-23 12:00:00,82.36,86.04,24.08,0.789,535.22,239.48,49.48,54.3,878.47
2024-03-23 13:00:00,79.22,80.33,23.74,0.705,514.17,225.88,44.34,60.95,845.34
2024-03-23 14:00:00,78.12,74.93,21.06,0.816,522.82,212.95,43.16,55.43,834.37
2024-03-23 15:00:00,78.45,77.26,24.71,0.722,505.62,234.46,45.09,53.87,839.04
2024-03-23 16:00:00,73.19,84.98,21.87,0.814,489.26,241.39,47.98,63.11,841.74
2024-03-23 17:00:00,67.31,73.29,22.96,0.782,449.84,214.32,38.75,69.12,772.02
2024-03-23 18:00:00,66.65,72.42,25.02,0.709,454.76,209.22,46.82,58.06,768.86
2024-03-23 19:00:00,67.32,68.95,25.13,0.681,453.65,211.48,50.66,62.9,778.7
2024-03-23 20:00:00,66.81,63.93,22.88,0.629,450.96,190.98,47.53,62.42,751.89
2024-03-23 21:00:00,76.73,77.56,22.97,0.793,487.74,223.61,40.68,60.87,812.89
2024-03-23 22:00:00,83.83,83.54,22.54,0.824,542.45,248.65,32.86,56.56,880.52
2024-03-23 23:00:00,87.76,89.38,21.79,0.899,550.14,241.95,38.46,54.93,885.49
2024-03-24 00:00:00,91.01,74.26,22.8,0.717,566.09,219.18,48.42,56.01,889.71
2024-03-24 01:00:00,87.58,78.16,21.34,0.799,545.44,225.87,36.95,59.11,867.36
2024-03-24 02:00:00,82.03,78.11,24.78,0.797,521.71,227.2,46.17,57.9,852.98
2024-03-24 03:00:00,79.28,79.62,24.35,0.891,520.41,225.5,43.0,54.25,843.16
2024-03-24 04:00:00,69.27,73.91,24.6,0.72,469.95,211.66,44.38,58.97,784.97
2024-03-24 05:00:00,61.73,70.26,22.32,0.693,433.96,208.9,45.83,56.82,745.51
2024-03-24 06:00:00,63.1,73.59,21.96,0.748,427.27,211.8,41.02,62.78,742.88
2024-03-24 07:00:00,62.28,66.62,23.84,0.714,433.11,185.92,51.47,58.05,728.54
2024-03-24 08:00:00,66.67,78.01,23.85,0.725,448.45,218.87,47.24,64.22,778.77
2024-03-24 09:00:00,74.42,79.38,23.53,0.799,499.75,224.79,43.29,61.15,828.98
2024-03-24 10:00:00,77.46,77.13,23.32,0.646,510.68,215.5,42.0,57.52,825.71
2024-03-24 11:00:00,83.51,89.76,26.32,0.884,532.3,249.4,49.11,59.18,889.99
2024-03-24 12:00:00,78.68,87.12,24.39,0.925,521.7,238.41,39.38,59.32,858.81
2024-03-24 13:00:00,85.6,87.46,26.71,0.838,552.04,243.41,44.25,60.83,900.53
2024-03-24 14:00:00,80.63,65.22,25.66,0.661,512.05,209.97,49.61,61.81,833.45
2024-03-24 15:00:00,71.73,83.76,26.31,0.811,465.29,243.26,51.44,57.75,817.73
2024-03-24 16:00:00,72.01,79.98,22.14,0.757,469.28,231.51,34.97,58.81,794.56
2024-03-24 17:00:00,69.01,84.54,24.64,0.894,478.23,248.38,48.2,60.57,835.38
2024-03-24 18:00:00,57.32,74.85,23.11,0.696,398.48,216.74,41.29,45.21,701.72
2024-03-24 19:00:00,62.21,78.99,21.26,0.805,446.04,225.51,36.68,62.76,771.0
2024-03-24 20:00:00,66.3,77.54,26.0,0.791,442.95,216.51,45.94,55.23,760.63
2024-03-24 21:00:00,71.24,82.36,23.31,0.781,466.81,240.63,45.92,58.55,811.92
2024-03-24 22:00:00,83.94,91.94,22.17,0.927,546.75,264.82,42.75,56.61,910.93
2024-03-24 23:00:00,83.97,83.07,23.13,0.784,547.24,239.88,43.23,63.74,894.1
2024-03-25 00:00:00,113.94,89.11,22.73,0.917,694.16,255.67,42.83,65.12,1057.78
2024-03-25 01:00:00,104.97,90.95,22.89,0.844,650.28,234.57,37.03,59.44,981.32
2024-03-25 02:00:00,110.04,96.97,23.59,0.953,663.8,277.68,45.06,59.5,1046.03
2024-03-25 03:00:00,95.04,87.9,26.52,0.866,601.88,243.96,46.31,59.81,951.95
2024-03-25 04:00:00,92.74,80.14,22.93,0.857,585.62,242.42,49.75,59.92,937.72
2024-03-25 05:00:00,88.12,75.9,26.42,0.766,557.67,229.79,46.43,65.01,898.89
2024-03-25 06:00:00,90.44,81.52,25.2,0.863,572.97,235.82,54.66,75.05,938.5
2024-03-25 07:00:00,81.77,84.93,24.52,0.877,537.36,236.29,43.89,59.14,876.68
2024-03-25 08:00:00,80.42,88.11,25.05,0.909,525.24,245.99,45.11,62.84,879.18
2024-03-25 09:00:00,100.74,94.95,23.95,0.933,606.41,247.94,42.33,55.77,952.44
2024-03-25 10:00:00,114.7,100.0,25.86,1.0,700.64,275.58,41.91,56.22,1074.36
2024-03-25 11:00:00,117.95,98.57,24.78,0.968,716.25,251.66,50.3,54.9,1073.11
2024-03-25 12:00:00,115.84,89.21,21.43,0.806,696.16,245.55,40.39,66.7,1048.79
2024-03-25 13:00:00,111.02,93.24,24.37,0.922,676.05,265.05,46.78,63.52,1051.4
2024-03-25 14:00:00,110.73,94.07,25.1,0.963,674.54,261.87,52.04,58.08,1046.54
2024-03-25 15:00:00,96.11,85.57,23.49,0.775,584.69,230.51,42.16,61.06,918.43
2024-03-25 16:00:00,94.41,87.48,24.12,0.831,588.81,235.66,43.44,63.82,931.73
2024-03-25 17:00:00,89.03,86.72,23.01,0.806,562.25,238.53,42.39,65.98,909.16
2024-03-25 18:00:00,89.24,88.89,21.86,0.928,564.93,247.13,34.87,62.04,908.98
2024-03-25 19:00:00,98.05,87.63,21.6,0.96,606.03,249.29,32.68,60.46,948.47
2024-03-25 20:00:00,94.07,77.52,21.62,0.765,595.65,226.41,33.99,66.59,922.64
2024-03-25 21:00:00,97.96,86.57,24.93,0.892,603.35,235.44,50.24,54.48,943.51
2024-03-25 22:00:00,107.4,93.92,20.19,0.964,664.27,260.94,38.7,50.39,1014.29
2024-03-25 23:00:00,105.91,99.07,22.93,1.0,654.5,272.4,44.81,66.28,1037.98
2024-03-26 00:00:00,112.22,93.27,22.95,0.9,691.99,258.8,40.67,57.75,1049.22
2024-03-26 01:00:00,111.35,98.24,23.67,0.971,690.64,281.17,36.7,66.68,1075.2
2024-03-26 02:00:00,105.4,94.15,21.31,0.924,660.94,262.08,43.46,69.6,1036.08
2024-03-26 03:00:00,100.61,90.52,24.7,0.909,613.56,255.91,41.31,69.27,980.05
2024-03-26 04:00:00,89.21,89.26,22.19,1.0,568.81,258.7,42.66,44.94,915.1
2024-03-26 05:00:00,91.49,82.44,25.8,0.826,571.73,238.23,50.53,64.0,924.49
2024-03-26 06:00:00,85.0,79.62,23.16,0.754,571.25,223.91,41.92,57.46,894.53
2024-03-26 07:00:00,86.97,83.43,23.95,0.777,559.77,242.65,45.41,56.74,904.58
2024-03-26 08:00:00,91.19,82.39,24.1,0.887,587.27,230.62,38.09,61.86,917.84
2024-03-26 09:00:00,100.62,92.85,24.46,0.886,626.59,249.09,56.14,56.87,988.68
2024-03-26 10:00:00,110.8,91.83,24.15,0.952,652.92,247.47,45.64,63.75,1009.77
2024-03-26 11:00:00,109.52,95.89,23.46,0.925,661.34,268.76,45.75,66.61,1042.46
2024-03-26 12:00:00,112.37,95.68,24.61,0.893,676.35,264.66,48.44,58.99,1048.44
2024-03-26 13:00:00,111.78,96.96,24.8,1.0,675.76,269.99,44.48,61.79,1052.01
2024-03-26 14:00:00,102.12,88.76,22.95,0.856,633.46,250.15,42.02,57.71,983.34
2024-03-26 15:00:00,96.72,86.67,24.74,0.888,607.63,243.13,49.27,62.34,962.36
2024-03-26 16:00:00,90.6,85.78,25.89,0.883,551.96,242.04,45.52,67.09,906.61
2024-03-26 17:00:00,90.51,86.26,25.16,0.89,570.64,244.7,47.25,62.05,924.64
2024-03-26 18:00:00,86.05,83.0,25.5,0.817,546.36,230.69,48.16,59.4,884.63
2024-03-26 19:00:00,87.78,92.42,24.36,0.958,569.97,246.34,41.3,66.55,924.16
2024-03-26 20:00:00,95.9,83.0,22.69,0.784,604.26,231.39,43.02,57.97,936.63
2024-03-26 21:00:00,99.45,89.4,22.88,0.771,615.79,251.01,34.81,58.09,959.7
2024-03-26 22:00:00,109.06,86.66,24.58,0.902,667.1,238.1,48.31,56.68,1010.19
2024-03-26 23:00:00,112.58,98.15,25.51,0.99,669.39,278.89,52.6,52.16,1053.04
2024-03-27 00:00:00,116.06,92.45,28.45,0.894,705.6,256.8,55.23,55.7,1073.33
2024-03-27 01:00:00,110.66,93.94,25.74,0.866,670.13,257.99,52.72,60.28,1041.12
2024-03-27 02:00:00,97.74,87.01,22.51,0.768,602.26,239.09,37.88,61.15,940.37
2024-03-27 03:00:00,99.46,91.14,23.12,0.914,627.83,256.88,41.11,55.16,980.98
2024-03-27 04:00:00,98.19,86.33,27.69,0.946,613.14,234.02,50.74,57.45,955.35
2024-03-27 05:00:00,90.71,82.38,23.95,0.817,568.25,234.89,44.02,50.54,897.7
2024-03-27 06:00:00,88.86,91.61,24.34,0.898,559.47,249.77,42.46,70.94,922.64
2024-03-27 07:00:00,91.95,87.4,22.83,0.873,582.7,244.27,37.84,67.33,932.14
2024-03-27 08:00:00,92.85,83.62,26.62,0.945,586.58,238.52,55.22,56.42,
2024-03-27 09:00:00,100.79,89.14,25.02,0.929,624.18,240.32,42.1,60.69,967.29
2024-03-27 10:00:00,105.03,100.0,23.11,0.953,635.52,259.97,48.62,55.6,999.71
2024-03-27 11:00:00,111.73,94.69,22.78,0.948,670.19,253.25,43.38,65.12,1031.94
2024-03-27 12:00:00,117.46,95.29,24.73,0.969,701.33,265.37,45.73,63.22,1075.64
2024-03-27 13:00:00,117.81,95.48,24.34,0.902,707.46,262.74,46.38,53.43,1070.01
2024-03-27 14:00:00,106.94,90.73,25.52,0.945,654.38,248.11,52.42,55.13,1010.04
2024-03-27 15:00:00,98.2,86.13,25.09,0.82,609.72,252.68,35.06,59.65,957.11
2024-03-27 16:00:00,92.5,79.85,23.87,0.723,581.6,235.4,44.81,66.92,928.73
2024-03-27 17:00:00,89.41,79.09,23.45,0.795,582.12,232.34,43.21,58.1,915.78
2024-03-27 18:00:00,79.22,75.47,24.03,0.751,522.92,214.13,44.4,66.54,847.98
2024-03-27 19:00:00,77.82,81.87,23.44,0.819,518.63,238.12,46.36,61.55,864.67
2024-03-27 20:00:00,90.3,83.24,24.07,0.794,575.2,236.85,41.29,55.84,909.19
2024-03-27 21:00:00,95.12,86.52,24.29,0.834,596.16,237.36,39.53,57.91,930.96
2024-03-27 22:00:00,105.47,99.08,22.92,1.0,650.62,267.45,36.12,63.16,1017.35
2024-03-27 23:00:00,112.4,100.0,25.22,1.0,683.8,263.77,42.16,64.2,
2024-03-28 00:00:00,113.19,95.18,23.89,0.904,692.4,255.6,46.14,64.66,1058.8
2024-03-28 01:00:00,118.8,96.25,23.18,0.865,706.2,255.25,44.14,61.07,1066.66
2024-03-28 02:00:00,108.81,90.08,23.91,0.855,669.83,254.91,46.98,62.23,1033.95
2024-03-28 03:00:00,101.2,94.06,24.8,0.949,627.35,257.11,43.21,71.28,998.95
2024-03-28 04:00:00,94.99,86.47,24.57,0.833,580.49,235.94,42.96,72.04,931.42
2024-03-28 05:00:00,82.45,79.29,25.07,0.757,532.96,229.62,52.15,60.24,874.97
2024-03-28 06:00:00,89.16,80.51,25.79,0.776,555.33,229.08,50.9,51.16,886.47
2024-03-28 07:00:00,86.71,79.5,26.4,0.791,549.25,233.26,50.93,60.65,894.09
2024-03-28 08:00:00,95.18,89.19,24.87,0.931,594.64,248.1,37.87,60.58,
2024-03-28 09:00:00,95.71,81.28,22.84,0.813,586.51,222.06,49.34,53.69,911.59
2024-03-28 10:00:00,101.28,95.62,24.04,0.959,625.99,257.81,43.3,60.62,987.73
2024-03-28 11:00:00,116.26,95.46,22.93,0.943,701.86,253.53,42.37,54.78,1052.53
2024-03-28 12:00:00,116.51,97.5,26.99,0.95,708.57,268.14,50.77,61.88,1089.36
2024-03-28 13:00:00,109.38,88.01,27.42,0.925,663.28,251.32,50.42,62.97,1027.99
2024-03-28 14:00:00,104.02,91.95,25.42,0.957,642.3,243.83,45.46,62.63,994.23
2024-03-28 15:00:00,104.5,90.61,25.73,1.0,641.75,249.53,47.29,64.95,1003.52
2024-03-28 16:00:00,87.74,83.62,24.82,0.867,555.37,242.52,47.62,62.35,907.85
2024-03-28 17:00:00,93.58,94.15,24.99,0.917,574.54,248.36,48.78,63.94,935.61
2024-03-28 18:00:00,81.4,81.59,22.04,0.771,526.09,228.72,44.96,66.46,866.24
2024-03-28 19:00:00,89.56,80.81,24.33,0.856,573.77,229.7,39.8,57.79,901.06
2024-03-28 20:00:00,91.19,82.04,23.12,0.78,568.46,238.68,39.83,59.28,906.25
2024-03-28 21:00:00,102.41,94.18,24.86,0.982,630.32,261.05,48.56,58.22,998.16
2024-03-28 22:00:00,105.32,99.16,24.35,0.954,646.05,272.72,37.95,56.27,1013.0
2024-03-28 23:00:00,112.34,97.58,27.36,0.993,690.52,268.53,50.3,58.51,1067.85
2024-03-29 00:00:00,115.16,100.0,25.99,0.947,696.06,267.76,44.03,64.17,1072.03
2024-03-29 01:00:00,108.98,97.54,25.04,1.0,667.21,274.69,47.68,63.64,1053.22
2024-03-29 02:00:00,110.46,100.0,24.21,0.938,672.25,265.97,40.6,51.53,1030.35
2024-03-29 03:00:00,97.95,79.23,27.13,0.806,605.8,209.7,47.79,68.58,931.87
2024-03-29 04:00:00,91.59,89.13,24.57,0.881,568.85,236.37,43.46,64.24,912.92
2024-03-29 05:00:00,83.03,86.43,25.11,0.869,532.88,240.81,46.58,61.14,881.41
2024-03-29 06:00:00,74.75,70.68,24.68,0.687,496.9,206.44,48.65,53.09,805.09
2024-03-29 07:00:00,86.25,78.69,24.01,0.766,552.21,222.04,47.74,54.07,876.07
2024-03-29 08:00:00,102.15,86.82,24.67,0.876,642.59,243.23,45.62,67.52,998.95
2024-03-29 09:00:00,103.14,87.93,21.67,0.829,643.26,251.85,35.56,65.02,995.69
2024-03-29 10:00:00,107.42,91.3,22.29,0.863,667.04,254.46,50.84,65.64,1037.99
2024-03-29 11:00:00,111.94,97.18,25.14,0.954,663.44,267.97,45.31,59.34,1036.05
2024-03-29 12:00:00,115.09,100.0,26.97,0.98,708.08,263.52,50.03,66.53,1088.17
2024-03-29 13:00:00,115.18,100.0,25.14,0.95,698.03,266.88,46.61,53.15,1064.68
2024-03-29 14:00:00,102.78,87.2,23.53,0.918,637.16,247.32,44.17,53.83,982.48
2024-03-29 15:00:00,104.46,88.01,22.45,0.863,649.45,245.46,37.42,65.04,997.38
2024-03-29 16:00:00,95.36,94.26,25.79,0.931,596.98,260.81,48.58,55.41,961.77
2024-03-29 17:00:00,89.88,88.17,23.76,0.815,560.85,248.85,50.46,59.8,919.96
2024-03-29 18:00:00,86.75,83.79,25.58,0.941,565.35,236.96,38.4,51.13,891.84
2024-03-29 19:00:00,87.09,85.91,25.2,0.98,549.29,249.9,45.88,45.78,890.86
2024-03-29 20:00:00,95.19,87.45,25.33,0.835,588.07,240.45,41.51,54.89,924.92
2024-03-29 21:00:00,102.37,93.81,24.66,0.999,629.96,252.08,48.75,58.11,988.9
2024-03-29 22:00:00,106.08,91.36,25.19,0.909,647.33,241.27,50.3,55.38,994.28
2024-03-29 23:00:00,110.7,96.69,24.43,1.0,673.51,267.54,43.87,63.1,1048.03
2024-03-30 00:00:00,86.66,75.78,23.83,0.775,552.5,215.71,43.54,65.05,876.81
2024-03-30 01:00:00,90.94,82.03,23.34,0.825,585.47,239.86,38.89,63.05,927.27
2024-03-30 02:00:00,75.67,74.45,21.21,0.62,502.02,217.83,30.57,54.22,804.63
2024-03-30 03:00:00,69.13,72.69,24.51,0.683,458.79,210.62,43.44,62.62,775.48
2024-03-30 04:00:00,70.03,70.38,27.06,0.705,464.41,201.48,48.26,53.86,768.0
2024-03-30 05:00:00,65.46,70.06,25.88,0.711,444.2,212.21,47.16,69.32,772.88
2024-03-30 06:00:00,64.44,64.65,25.13,0.586,439.14,195.44,32.51,60.24,727.34
2024-03-30 07:00:00,66.23,75.86,23.68,0.722,447.05,220.91,36.13,55.72,759.81
2024-03-30 08:00:00,68.48,73.83,26.28,0.766,453.6,218.67,41.77,60.26,774.3
2024-03-30 09:00:00,80.96,71.95,24.61,0.65,527.12,212.7,45.02,60.84,845.68
2024-03-30 10:00:00,74.22,72.94,27.15,0.736,487.46,208.07,51.61,63.54,810.67
2024-03-30 11:00:00,81.43,82.4,23.31,0.886,519.53,236.16,37.71,50.56,843.97
2024-03-30 12:00:00,85.84,80.2,23.66,0.821,553.07,233.35,41.88,56.52,884.82
2024-03-30 13:00:00,78.17,75.6,23.51,0.773,517.63,220.92,40.41,62.41,841.37
2024-03-30 14:00:00,79.92,79.59,22.56,0.695,517.64,230.93,49.14,63.89,861.6
2024-03-30 15:00:00,81.65,82.54,23.38,0.784,542.48,237.69,40.94,76.35,897.47
2024-03-30 16:00:00,69.46,67.55,24.94,0.778,485.02,199.47,43.58,66.89,794.97
2024-03-30 17:00:00,66.18,75.84,23.72,0.728,454.88,216.66,39.83,56.56,767.92
2024-03-30 18:00:00,58.71,65.35,19.0,0.717,409.8,210.6,32.4,68.87,721.67
2024-03-30 19:00:00,62.79,71.31,26.4,0.683,436.11,217.7,50.5,62.9,767.21
2024-03-30 20:00:00,67.87,73.76,22.26,0.724,449.58,214.61,39.4,66.83,770.41
2024-03-30 21:00:00,73.73,74.23,25.67,0.768,481.67,219.98,45.05,62.33,809.03
2024-03-30 22:00:00,85.75,77.76,24.83,0.783,535.3,217.66,45.83,67.19,865.97
2024-03-30 23:00:00,86.97,82.06,27.96,0.84,549.84,228.73,44.42,65.41,888.4
2024-03-31 00:00:00,81.8,89.03,26.45,0.849,519.16,239.48,55.1,62.76,876.5
2024-03-31 01:00:00,85.73,76.06,24.2,0.704,553.64,221.43,36.68,57.81,869.55
2024-03-31 02:00:00,82.62,89.77,23.9,0.853,527.1,250.3,50.53,57.79,885.72
2024-03-31 03:00:00,79.56,78.48,27.21,0.758,520.02,231.31,49.32,55.25,855.9
2024-03-31 04:00:00,75.7,78.03,22.74,0.769,504.47,222.58,39.79,59.63,826.47
2024-03-31 05:00:00,61.2,65.16,25.24,0.704,435.35,203.25,48.52,65.54,752.66
2024-03-31 06:00:00,60.51,66.4,24.76,0.668,419.71,203.35,43.58,62.91,729.54
2024-03-31 07:00:00,60.23,67.6,24.44,0.7,423.62,216.71,48.12,56.12,744.58
2024-03-31 08:00:00,68.44,68.99,25.49,0.697,464.93,214.88,47.51,64.84,792.17
2024-03-31 09:00:00,76.87,77.39,25.24,0.718,514.5,231.47,48.69,54.12,848.78
2024-03-31 10:00:00,84.57,80.25,25.64,0.803,549.14,233.54,50.72,61.66,895.06
2024-03-31 11:00:00,84.44,91.47,25.17,0.921,552.62,246.73,45.0,66.97,911.33
2024-03-31 12:00:00,84.97,76.66,25.58,0.805,531.54,222.73,50.31,54.12,858.7
2024-03-31 13:00:00,85.35,83.19,25.1,0.778,541.43,248.18,47.65,60.85,898.11
2024-03-31 14:00:00,77.28,79.88,23.97,0.697,514.68,230.79,48.88,56.51,850.85
2024-03-31 15:00:00,83.36,76.33,24.96,0.772,541.44,215.36,43.86,68.14,868.8
2024-03-31 16:00:00,62.94,74.91,23.89,0.767,433.72,219.32,48.86,71.25,773.15
2024-03-31 17:00:00,66.0,71.01,23.79,0.701,446.19,203.18,40.12,62.78,752.26
2024-03-31 18:00:00,71.84,63.46,24.45,0.636,485.53,188.13,36.39,64.39,774.44
2024-03-31 19:00:00,65.28,75.94,24.78,0.803,430.59,221.95,39.54,66.83,758.91
2024-03-31 20:00:00,68.61,68.72,25.01,0.664,469.41,208.75,44.09,63.82,786.08
2024-03-31 21:00:00,73.57,71.55,26.33,0.702,488.58,205.46,48.85,55.88,798.77
2024-03-31 22:00:00,79.9,83.39,24.21,0.838,515.61,231.76,44.04,57.78,849.19
2024-03-31 23:00:00,90.23,83.38,25.25,0.773,575.19,226.54,49.0,57.74,908.47
2024-04-01 00:00:00,106.15,97.67,25.31,0.969,647.67,264.32,41.15,51.34,1004.48
2024-04-01 01:00:00,119.12,100.0,24.22,0.997,715.85,258.32,50.89,64.89,1089.95
2024-04-01 02:00:00,101.8,87.68,25.24,0.959,628.65,242.33,51.21,53.74,975.93
2024-04-01 03:00:00,98.93,93.43,26.63,0.919,620.62,256.69,52.08,64.14,993.53
2024-04-01 04:00:00,90.78,81.61,25.41,0.826,575.19,220.86,51.2,56.37,903.61
2024-04-01 05:00:00,89.36,95.85,25.47,1.0,551.55,255.24,40.03,58.89,905.7
2024-04-01 06:00:00,78.61,75.84,24.07,0.717,501.9,218.9,46.52,62.79,830.12
2024-04-01 07:00:00,88.86,89.56,28.08,0.964,555.62,246.9,53.91,67.64,924.06
2024-04-01 08:00:00,100.6,94.52,24.16,1.0,626.64,257.58,47.75,64.35,996.32
2024-04-01 09:00:00,94.55,88.85,22.63,0.887,597.19,248.32,44.52,59.41,949.44
2024-04-01 10:00:00,108.26,90.78,26.42,0.881,674.66,240.6,49.73,59.83,1024.82
2024-04-01 11:00:00,110.34,94.41,24.96,1.0,663.6,262.52,46.94,54.11,1027.17
2024-04-01 12:00:00,116.7,87.58,24.67,0.916,713.99,242.01,49.58,63.18,1068.77
2024-04-01 13:00:00,113.07,97.66,24.31,0.981,669.83,261.5,41.67,59.59,1032.59
2024-04-01 14:00:00,104.93,94.22,27.94,1.0,644.81,246.66,52.15,55.35,998.98
2024-04-01 15:00:00,101.95,91.64,25.66,0.982,631.72,250.85,44.38,63.89,990.83
2024-04-01 16:00:00,99.72,74.99,25.95,0.733,620.52,220.56,46.51,67.1,954.68
2024-04-01 17:00:00,86.25,76.79,25.37,0.78,548.75,222.12,35.38,59.11,865.36
2024-04-01 18:00:00,87.88,80.2,25.53,0.831,560.34,229.44,42.88,57.19,889.85
2024-04-01 19:00:00,81.84,82.38,27.23,0.825,519.3,230.96,47.66,57.11,855.03
2024-04-01 20:00:00,88.67,85.78,24.75,0.788,570.29,239.78,43.26,62.01,915.35
2024-04-01 21:00:00,101.89,90.09,22.94,0.854,631.45,242.55,40.36,54.04,968.4
2024-04-01 22:00:00,113.44,99.89,26.43,0.931,690.08,269.75,43.24,60.38,1063.44
2024-04-01 23:00:00,114.41,92.08,25.87,0.945,689.83,250.41,45.64,57.97,1043.86
2024-04-02 00:00:00,113.75,99.93,25.46,0.94,686.12,263.09,50.58,62.53,1062.31
2024-04-02 01:00:00,112.99,98.87,26.01,0.998,689.14,272.15,46.02,62.91,1070.21
2024-04-02 02:00:00,102.5,93.14,24.75,1.0,645.21,246.14,50.13,54.39,995.87
2024-04-02 03:00:00,102.42,90.3,25.33,0.974,620.94,252.77,50.93,63.34,987.98
2024-04-02 04:00:00,96.03,97.17,25.1,0.88,588.59,267.58,43.24,62.29,961.7
2024-04-02 05:00:00,85.2,85.07,24.41,0.787,548.14,235.48,46.62,59.05,889.28
2024-04-02 06:00:00,83.12,76.72,27.08,0.728,532.94,227.29,43.9,57.85,861.98
2024-04-02 07:00:00,88.07,85.28,23.18,0.794,561.36,235.79,37.91,57.88,892.94
2024-04-02 08:00:00,90.75,89.14,28.84,0.809,573.58,243.52,52.76,59.14,929.01
2024-04-02 09:00:00,99.74,86.93,26.62,0.869,623.65,235.34,50.35,55.34,964.69
2024-04-02 10:00:00,115.9,100.0,22.63,1.0,697.21,269.95,47.6,56.58,1071.33
2024-04-02 11:00:00,112.0,97.91,24.96,1.0,670.35,259.86,44.69,61.02,1035.91
2024-04-02 12:00:00,113.57,85.07,25.05,0.827,681.51,233.9,46.19,57.14,1018.74
2024-04-02 13:00:00,110.4,96.7,25.89,0.953,670.72,262.67,47.39,64.39,1045.17
2024-04-02 14:00:00,110.48,93.21,23.82,0.95,662.34,255.6,50.45,59.34,1027.73
2024-04-02 15:00:00,99.28,92.32,25.35,0.918,616.08,261.41,51.4,57.63,986.52
2024-04-02 16:00:00,89.9,89.67,25.12,0.937,570.0,253.9,47.15,61.66,932.71
2024-04-02 17:00:00,92.29,87.12,24.19,0.893,578.61,246.26,47.13,57.97,929.97
2024-04-02 18:00:00,90.68,93.67,23.99,0.918,575.07,255.82,44.97,56.1,931.96
2024-04-02 19:00:00,84.61,81.41,26.68,0.721,530.13,228.54,52.72,58.31,869.7
2024-04-02 20:00:00,85.03,85.64,22.76,0.931,537.54,239.69,44.81,49.79,871.83
2024-04-02 21:00:00,104.03,96.04,26.02,0.926,631.01,258.35,46.02,50.15,985.52
2024-04-02 22:00:00,104.76,91.89,26.5,0.937,650.85,248.77,48.49,55.4,1003.51
2024-04-02 23:00:00,116.15,100.0,24.97,0.904,719.21,269.53,46.0,54.03,1088.77
2024-04-03 00:00:00,107.12,90.59,25.55,0.905,648.55,244.96,47.0,63.25,1003.76
2024-04-03 01:00:00,116.56,96.17,27.22,0.967,700.92,257.05,47.36,66.3,1071.63
2024-04-03 02:00:00,102.66,84.77,24.42,0.855,627.73,243.74,45.7,61.62,978.79
2024-04-03 03:00:00,102.92,92.67,24.57,1.0,636.39,246.33,42.59,50.52,975.82
2024-04-03 04:00:00,92.56,87.9,24.73,0.847,577.92,238.36,42.57,52.95,911.8
2024-04-03 05:00:00,83.19,87.49,27.22,0.916,538.23,251.38,48.92,61.75,900.28
2024-04-03 06:00:00,83.37,85.64,27.41,0.883,542.18,237.49,50.82,59.14,889.63
2024-04-03 07:00:00,89.75,83.45,23.38,0.801,558.98,243.51,47.39,50.72,900.59
2024-04-03 08:00:00,92.92,80.57,26.98,0.846,586.79,222.19,51.81,55.71,916.51
2024-04-03 09:00:00,102.34,93.33,26.7,0.925,617.34,256.44,52.9,54.63,981.31
2024-04-03 10:00:00,115.41,100.0,27.8,1.0,694.98,274.63,57.54,67.29,1094.43
2024-04-03 11:00:00,106.73,97.14,26.05,1.0,651.08,258.56,44.95,63.53,1018.12
2024-04-03 12:00:00,121.47,100.0,25.41,1.0,725.51,280.05,48.98,58.56,1113.1
2024-04-03 13:00:00,113.41,95.64,27.19,0.942,684.54,258.51,52.35,61.14,1056.55
2024-04-03 14:00:00,103.9,89.62,26.52,0.949,635.56,251.26,49.16,60.73,996.71
2024-04-03 15:00:00,94.68,83.65,28.84,0.906,591.27,231.61,55.88,60.4,939.15
2024-04-03 16:00:00,91.74,85.59,26.91,0.812,580.62,248.69,49.19,69.13,947.64
2024-04-03 17:00:00,90.7,84.96,25.7,0.827,575.61,240.23,49.35,67.04,932.23
2024-04-03 18:00:00,84.49,83.28,23.71,0.867,543.37,247.47,37.42,67.62,895.88
2024-04-03 19:00:00,93.05,85.88,24.6,0.852,580.68,247.42,44.69,61.65,934.45
2024-04-03 20:00:00,86.7,82.68,23.32,0.779,562.12,238.65,45.21,58.31,904.29
2024-04-03 21:00:00,99.95,86.09,25.15,0.888,631.96,235.06,49.78,53.8,970.61
2024-04-03 22:00:00,102.49,95.95,26.86,0.993,622.14,262.01,45.31,55.02,984.48
2024-04-03 23:00:00,114.44,97.61,25.47,0.959,693.54,263.07,45.91,65.07,1067.59
2024-04-04 00:00:00,118.55,98.4,27.18,0.987,708.99,266.8,45.07,53.63,1074.49
2024-04-04 01:00:00,111.31,91.92,26.15,0.89,683.94,253.91,45.92,59.1,1042.88
2024-04-04 02:00:00,97.08,81.88,25.04,0.764,605.31,226.55,46.74,53.07,931.67
2024-04-04 03:00:00,100.8,96.94,25.78,0.945,624.4,262.63,50.94,59.51,997.49
2024-04-04 04:00:00,94.25,89.9,26.35,0.903,595.19,248.2,51.45,54.69,949.54
2024-04-04 05:00:00,88.63,76.19,25.85,0.688,560.75,213.95,47.83,63.32,885.85
2024-04-04 06:00:00,89.94,88.79,25.87,0.867,583.14,251.26,44.36,58.78,937.54
2024-04-04 07:00:00,82.73,85.98,24.49,0.864,537.7,241.88,43.93,55.96,879.47
2024-04-04 08:00:00,95.22,88.23,25.0,0.942,603.56,250.17,55.54,55.22,964.48
2024-04-04 09:00:00,104.77,100.0,29.03,0.984,642.09,272.92,47.06,60.67,1022.74
2024-04-04 10:00:00,100.39,91.28,27.49,0.85,620.95,241.4,45.05,60.25,967.64
2024-04-04 11:00:00,114.27,90.05,23.43,0.89,697.84,244.11,43.28,57.24,1042.47
2024-04-04 12:00:00,112.98,98.32,22.09,0.955,690.61,276.39,43.0,58.41,1068.4
2024-04-04 13:00:00,112.66,97.56,25.76,1.0,673.33,269.58,50.22,57.54,1050.67
2024-04-04 14:00:00,108.89,91.43,26.99,0.897,665.47,242.27,50.13,49.11,1006.98
2024-04-04 15:00:00,98.05,91.89,24.87,0.783,614.05,255.8,39.08,59.81,968.73
2024-04-04 16:00:00,89.8,76.56,27.18,0.95,567.94,215.79,48.44,52.22,884.39
2024-04-04 17:00:00,87.15,88.53,25.73,0.892,558.76,233.33,39.66,55.56,
2024-04-04 18:00:00,80.65,75.93,25.4,0.764,522.55,229.41,47.7,61.6,861.26
2024-04-04 19:00:00,82.67,76.41,26.78,0.687,515.36,220.91,50.43,58.8,845.5
2024-04-04 20:00:00,95.22,87.04,24.85,0.797,585.6,244.09,44.62,67.64,941.95
2024-04-04 21:00:00,95.4,89.87,25.22,0.894,604.82,241.18,41.06,56.01,943.07
2024-04-04 22:00:00,110.17,95.9,26.65,0.976,668.87,254.48,45.09,57.94,1026.39
2024-04-04 23:00:00,114.84,93.71,25.6,0.972,695.72,247.24,39.98,60.81,1043.75
2024-04-05 00:00:00,108.1,91.52,28.68,0.927,660.45,260.69,51.82,59.81,1032.78
2024-04-05 01:00:00,110.28,89.47,26.86,0.835,664.8,238.04,61.42,65.24,1029.49
2024-04-05 02:00:00,112.28,95.01,26.76,0.825,677.65,269.23,48.16,63.2,1058.24
2024-04-05 03:00:00,96.08,93.41,25.74,0.929,603.01,250.25,45.06,66.94,965.25
2024-04-05 04:00:00,90.64,85.3,27.13,0.826,576.66,231.76,50.1,51.92,910.44
2024-04-05 05:00:00,88.86,88.73,25.33,0.824,581.8,245.99,41.4,63.93,933.12
2024-04-05 06:00:00,88.13,91.34,26.24,0.955,556.85,247.72,43.17,55.09,902.82
2024-04-05 07:00:00,86.0,80.06,24.44,0.722,563.38,228.71,41.92,62.22,896.24
2024-04-05 08:00:00,90.11,84.12,27.38,0.872,563.67,231.39,53.22,58.78,907.06
2024-04-05 09:00:00,105.69,100.0,26.25,0.929,652.36,268.12,48.99,56.56,1026.02
2024-04-05 10:00:00,114.46,100.0,28.79,1.0,693.7,265.45,51.59,65.87,1076.61
2024-04-05 11:00:00,116.91,90.09,29.41,0.948,703.52,254.36,56.32,51.61,1065.82
2024-04-05 12:00:00,115.34,99.61,26.96,0.979,696.66,272.25,55.77,69.06,1093.74
2024-04-05 13:00:00,109.76,94.88,25.92,1.0,663.81,260.74,50.0,63.16,1037.7
2024-04-05 14:00:00,104.18,96.22,24.4,1.0,648.12,268.39,40.24,60.85,1017.6
2024-04-05 15:00:00,102.09,87.32,27.17,0.885,623.71,244.95,41.78,59.26,969.7
2024-04-05 16:00:00,94.17,82.89,26.13,0.856,593.41,235.14,40.46,58.15,927.15
2024-04-05 17:00:00,92.62,82.93,26.62,0.882,589.13,233.43,51.8,62.34,936.7
2024-04-05 18:00:00,87.6,80.94,28.41,0.837,569.08,225.68,48.51,53.03,896.3
2024-04-05 19:00:00,81.0,84.58,24.58,0.868,532.76,233.32,47.92,44.63,858.64
2024-04-05 20:00:00,96.71,82.45,24.43,0.798,608.12,234.02,42.56,60.43,945.13
2024-04-05 21:00:00,96.01,84.89,25.46,0.765,594.94,244.38,47.78,56.27,943.37
2024-04-05 22:00:00,105.96,84.04,27.05,0.771,643.53,239.9,51.89,55.42,990.75
2024-04-05 23:00:00,113.99,100.0,26.65,1.0,680.85,273.39,45.24,52.12,1051.59
2024-04-06 00:00:00,94.23,93.47,24.64,0.951,581.29,249.65,48.05,66.02,945.02
2024-04-06 01:00:00,97.18,86.96,27.12,0.857,605.9,245.74,46.58,69.1,967.33
2024-04-06 02:00:00,83.05,80.04,24.19,0.864,529.44,225.68,41.13,59.74,855.99
2024-04-06 03:00:00,74.27,79.4,24.73,0.757,500.93,227.79,48.2,59.22,836.15
2024-04-06 04:00:00,71.51,83.13,25.82,0.86,472.93,237.88,49.4,62.12,822.33
2024-04-06 05:00:00,68.81,76.45,25.16,0.768,464.79,213.6,47.52,61.82,787.74
2024-04-06 06:00:00,62.47,67.75,27.32,0.7,430.22,203.21,45.17,57.4,736.0
2024-04-06 07:00:00,72.44,68.12,26.42,0.664,470.96,204.48,46.42,66.06,787.92
2024-04-06 08:00:00,70.3,69.57,28.64,0.647,480.19,212.09,54.7,65.66,812.65
2024-04-06 09:00:00,76.99,78.86,25.62,0.747,510.52,222.51,55.65,63.71,852.39
2024-04-06 10:00:00,83.29,78.37,25.8,0.744,542.93,224.2,54.09,68.89,890.12
2024-04-06 11:00:00,86.43,84.19,27.8,0.842,556.91,237.82,48.58,63.87,907.17
2024-04-06 12:00:00,89.61,82.04,25.85,0.743,561.95,229.18,44.3,56.72,892.15
2024-04-06 13:00:00,82.27,75.85,28.23,0.696,525.45,216.07,58.13,60.4,860.04
2024-04-06 14:00:00,78.39,73.31,26.8,0.74,515.57,210.51,51.04,64.7,841.83
2024-04-06 15:00:00,70.6,83.11,22.46,0.825,485.34,233.77,38.95,54.74,812.81
2024-04-06 16:00:00,71.13,80.01,27.75,0.81,478.75,238.51,50.86,58.64,826.76
2024-04-06 17:00:00,68.37,82.84,27.36,0.826,469.69,233.41,44.65,52.08,799.83
2024-04-06 18:00:00,65.58,75.49,27.42,0.881,443.7,221.45,53.78,70.06,788.99
2024-04-06 19:00:00,71.96,73.83,23.12,0.745,488.56,215.23,47.62,62.04,813.44
2024-04-06 20:00:00,69.35,81.29,24.99,0.794,463.41,228.87,51.55,62.98,806.81
2024-04-06 21:00:00,77.67,78.67,25.11,0.792,510.3,225.07,50.09,52.46,837.91
2024-04-06 22:00:00,76.26,79.23,24.73,0.843,498.36,231.01,43.63,65.56,838.55
2024-04-06 23:00:00,83.19,81.38,28.6,0.811,543.09,230.58,55.46,61.56,890.68
2024-04-07 00:00:00,89.03,69.78,26.14,0.732,572.38,205.58,53.3,51.01,882.26
2024-04-07 01:00:00,88.14,92.09,26.1,0.941,548.88,251.99,51.17,62.28,914.32
2024-04-07 02:00:00,79.45,82.18,26.99,0.807,527.85,226.62,52.39,55.11,861.97
2024-04-07 03:00:00,74.71,79.01,27.01,0.796,512.58,232.15,49.79,60.28,854.8
2024-04-07 04:00:00,63.3,71.34,21.16,0.793,433.67,207.14,36.38,63.76,740.95
2024-04-07 05:00:00,63.83,72.73,25.19,0.739,438.13,221.55,53.16,60.97,773.82
2024-04-07 06:00:00,67.31,70.67,24.04,0.657,466.47,209.87,43.53,50.78,770.65
2024-04-07 07:00:00,67.56,76.86,26.76,0.753,458.32,229.85,53.42,61.32,802.92
2024-04-07 08:00:00,71.38,69.15,25.73,0.586,476.86,204.02,56.62,64.26,801.76
2024-04-07 09:00:00,75.2,78.53,26.18,0.792,511.17,220.51,51.16,59.0,841.85
2024-04-07 10:00:00,80.65,83.13,23.04,0.897,512.43,240.84,46.57,62.58,862.43
2024-04-07 11:00:00,82.1,80.06,25.69,0.734,524.2,224.75,42.91,62.66,854.52
2024-04-07 12:00:00,89.05,86.38,27.83,0.871,568.57,249.1,47.59,49.89,915.16
2024-04-07 13:00:00,86.43,78.26,28.27,0.832,539.18,227.81,56.35,66.25,889.59
2024-04-07 14:00:00,82.59,76.47,27.24,0.819,529.98,229.37,47.23,57.2,863.78
2024-04-07 15:00:00,72.9,77.63,24.16,0.84,481.42,217.17,38.52,56.38,793.48
2024-04-07 16:00:00,60.76,73.77,28.05,0.644,431.5,220.66,44.24,56.53,752.94
2024-04-07 17:00:00,69.65,65.45,27.25,0.68,473.77,192.99,48.58,66.15,781.48
2024-04-07 18:00:00,61.83,73.53,25.98,0.66,415.71,200.03,46.25,67.37,729.36
2024-04-07 19:00:00,61.81,68.19,23.12,0.632,423.49,208.57,46.01,62.36,740.43
2024-04-07 20:00:00,72.15,75.11,27.59,0.792,475.22,217.69,46.11,57.59,796.62
2024-04-07 21:00:00,73.43,70.02,25.27,0.708,485.43,212.81,51.4,74.55,824.18
2024-04-07 22:00:00,84.86,78.17,26.68,0.818,535.54,224.72,43.57,59.91,863.74
2024-04-07 23:00:00,87.21,88.44,26.26,0.838,559.67,245.84,42.93,56.74,905.18
2024-04-08 00:00:00,117.73,99.03,28.64,1.0,703.12,276.95,52.5,65.12,1097.7
2024-04-08 01:00:00,107.53,91.85,26.14,0.953,662.34,253.59,47.67,59.39,1023.0
2024-04-08 02:00:00,112.35,95.59,26.31,1.0,681.72,257.89,50.07,70.45,1060.13
2024-04-08 03:00:00,101.05,92.97,28.7,0.876,617.44,254.7,47.35,55.77,975.27
2024-04-08 04:00:00,91.02,87.71,25.34,0.936,586.22,245.15,47.43,59.1,937.89
2024-04-08 05:00:00,87.58,83.42,27.55,0.818,569.26,218.11,43.28,67.66,898.31
2024-04-08 06:00:00,77.9,84.41,26.03,0.814,511.8,240.21,38.48,62.44,852.93
2024-04-08 07:00:00,88.64,89.17,24.83,0.923,561.31,255.42,52.4,58.52,927.65
2024-04-08 08:00:00,88.38,86.26,26.33,0.892,553.46,240.85,51.98,55.39,901.68
2024-04-08 09:00:00,94.59,87.57,27.37,0.833,601.52,241.37,49.65,54.32,946.85
2024-04-08 10:00:00,101.41,93.99,28.36,1.0,633.63,259.71,43.36,53.53,990.23
2024-04-08 11:00:00,117.44,100.0,28.54,1.0,700.69,280.46,49.94,64.86,1095.96
2024-04-08 12:00:00,112.48,100.0,25.89,1.0,676.92,272.82,48.79,63.93,1062.46
2024-04-08 13:00:00,119.13,100.0,24.85,1.0,719.28,271.29,43.29,62.61,1096.46
2024-04-08 14:00:00,105.36,87.59,25.85,0.892,637.38,241.59,53.18,54.47,986.62
2024-04-08 15:00:00,93.17,81.16,24.56,0.734,580.85,224.01,47.12,58.54,910.52
2024-04-08 16:00:00,88.03,80.51,26.0,0.811,551.84,229.21,43.51,61.63,886.2
2024-04-08 17:00:00,91.95,90.86,25.82,0.914,571.7,251.05,40.49,66.3,929.54
2024-04-08 18:00:00,84.38,74.31,27.42,0.714,536.12,204.45,53.26,61.81,855.64
2024-04-08 19:00:00,84.82,84.38,23.02,0.828,551.33,232.84,45.2,60.66,890.03
2024-04-08 20:00:00,93.14,88.38,25.23,0.765,571.66,252.56,48.84,55.36,928.42
2024-04-08 21:00:00,102.01,96.82,25.24,0.913,633.5,261.77,52.58,64.51,1012.36
2024-04-08 22:00:00,111.97,96.89,28.11,1.0,681.91,248.73,52.83,58.61,1042.08
2024-04-08 23:00:00,118.78,92.68,24.66,1.0,721.67,264.23,45.16,52.95,1084.01
2024-04-09 00:00:00,113.56,91.98,26.84,0.873,689.86,247.82,51.77,55.58,1045.03
2024-04-09 01:00:00,107.69,87.93,26.31,0.888,655.4,241.84,52.69,63.42,1013.35
2024-04-09 02:00:00,105.85,90.23,28.07,0.957,642.71,255.86,53.67,63.58,1015.82
2024-04-09 03:00:00,101.04,89.61,27.39,0.87,633.13,243.72,49.84,46.59,973.28
2024-04-09 04:00:00,88.64,78.5,26.68,0.819,567.2,213.02,52.3,59.54,892.06
2024-04-09 05:00:00,83.18,88.94,25.67,0.888,531.96,248.09,46.99,53.54,880.57
2024-04-09 06:00:00,86.38,76.56,23.72,0.825,559.15,225.56,41.15,61.98,887.83
2024-04-09 07:00:00,86.82,90.14,26.87,0.837,550.51,246.48,49.25,62.94,909.18
2024-04-09 08:00:00,92.63,92.24,27.3,0.867,583.15,252.97,48.26,54.63,939.01
2024-04-09 09:00:00,96.97,92.97,24.14,0.944,599.99,248.17,43.51,60.05,951.72
2024-04-09 10:00:00,106.58,89.82,24.65,0.903,657.16,242.65,41.39,64.18,1005.38
2024-04-09 11:00:00,109.29,96.36,26.88,0.961,658.51,260.42,52.78,65.12,1036.83
2024-04-09 12:00:00,118.56,92.89,27.01,0.958,710.42,258.97,49.87,55.77,
2024-04-09 13:00:00,117.13,100.0,25.01,0.953,700.42,270.59,48.27,65.39,1084.67
2024-04-09 14:00:00,100.12,89.69,25.64,0.828,622.69,254.46,48.48,61.29,986.92
2024-04-09 15:00:00,96.28,86.09,23.75,0.836,604.52,250.72,39.53,57.53,952.3
2024-04-09 16:00:00,86.51,77.14,28.57,0.752,543.74,227.31,57.11,59.55,887.71
2024-04-09 17:00:00,84.41,69.82,24.55,0.684,545.3,197.08,43.69,64.0,850.07
2024-04-09 18:00:00,84.67,77.14,27.31,0.835,531.52,220.29,48.12,63.92,863.85
2024-04-09 19:00:00,81.21,86.17,26.45,0.9,543.59,246.22,48.86,64.54,903.21
2024-04-09 20:00:00,88.81,82.39,28.43,0.851,559.97,232.31,52.52,56.64,
2024-04-09 21:00:00,95.98,87.15,25.31,0.883,608.31,233.29,56.36,61.12,959.09
2024-04-09 22:00:00,108.33,97.44,26.59,0.953,663.25,261.32,50.65,58.8,
2024-04-09 23:00:00,113.27,100.0,23.95,0.957,688.27,256.37,41.57,61.06,1047.27
2024-04-10 00:00:00,112.11,100.0,23.76,0.94,671.24,268.34,50.77,57.47,1047.8
2024-04-10 01:00:00,113.7,91.99,27.57,0.885,695.24,249.06,43.5,67.94,1055.73
2024-04-10 02:00:00,105.31,82.94,23.99,0.827,646.96,232.02,41.66,59.91,980.54
2024-04-10 03:00:00,98.91,100.0,26.33,0.942,618.33,277.09,45.57,59.3,1000.29
2024-04-10 04:00:00,99.19,100.0,28.19,1.0,615.24,262.01,51.12,62.22,990.6
2024-04-10 05:00:00,92.37,87.13,27.79,0.862,582.9,238.66,51.81,65.55,938.91
2024-04-10 06:00:00,79.8,73.55,25.67,0.716,511.91,207.6,48.36,60.23,828.09
2024-04-10 07:00:00,90.33,89.98,24.29,0.958,570.42,255.39,45.79,58.44,930.03
2024-04-10 08:00:00,95.75,87.33,27.43,0.75,595.37,250.19,52.3,64.45,962.31
2024-04-10 09:00:00,95.41,87.14,28.68,0.852,591.39,245.15,51.79,68.71,957.04
2024-04-10 10:00:00,110.78,99.86,25.68,0.881,674.95,271.56,51.78,67.1,1065.39
2024-04-10 11:00:00,119.14,100.0,25.47,1.0,718.62,262.8,39.79,55.08,1076.29
2024-04-10 12:00:00,110.51,89.33,25.88,0.931,674.56,248.78,36.78,63.86,1023.98
2024-04-10 13:00:00,109.32,93.04,27.53,0.863,665.78,248.65,52.91,59.65,1026.99
2024-04-10 14:00:00,111.57,99.09,28.51,0.93,681.14,268.34,50.4,66.37,1066.25
2024-04-10 15:00:00,101.09,93.09,24.81,0.846,627.37,253.44,51.93,69.17,1001.9
2024-04-10 16:00:00,94.71,88.66,24.42,0.89,594.31,242.63,48.53,48.13,933.6
2024-04-10 17:00:00,88.37,88.85,30.18,0.871,563.19,246.76,57.08,60.07,927.1
2024-04-10 18:00:00,86.56,81.47,26.4,0.801,562.28,235.16,45.98,57.72,901.13
2024-04-10 19:00:00,81.7,81.75,27.05,0.799,518.88,242.32,51.79,56.45,869.43
2024-04-10 20:00:00,96.69,71.47,25.63,0.666,600.9,213.39,44.95,55.38,914.62
2024-04-10 21:00:00,104.68,90.09,27.41,0.958,646.1,262.86,49.97,57.77,1016.69
2024-04-10 22:00:00,106.58,97.11,28.11,0.985,640.25,265.14,49.69,58.55,1013.64
2024-04-10 23:00:00,112.82,94.46,27.12,0.885,695.14,269.06,50.25,58.25,1072.7
2024-04-11 00:00:00,108.88,92.11,29.45,0.886,666.42,256.04,52.41,49.89,1024.75
2024-04-11 01:00:00,115.05,92.32,26.35,0.88,702.89,255.3,51.83,60.64,1070.67
2024-04-11 02:00:00,109.79,99.91,26.45,1.0,677.9,268.8,49.81,65.28,1061.79
2024-04-11 03:00:00,99.75,92.62,27.19,0.962,622.06,256.29,47.3,57.21,982.86
2024-04-11 04:00:00,97.0,92.63,27.54,0.92,587.13,257.1,48.18,51.79,944.2
2024-04-11 05:00:00,85.67,74.21,27.18,0.827,549.55,207.33,44.25,60.48,861.6
2024-04-11 06:00:00,87.26,82.83,24.91,0.901,557.99,238.14,37.43,65.3,898.86
2024-04-11 07:00:00,82.93,80.06,27.31,0.789,525.96,219.23,53.29,60.78,859.26
2024-04-11 08:00:00,92.41,84.8,26.28,0.827,567.71,242.29,46.28,56.36,912.64
2024-04-11 09:00:00,99.3,86.57,25.97,0.848,620.21,245.39,42.27,54.75,962.63
2024-04-11 10:00:00,108.4,92.47,26.89,0.877,652.01,262.71,50.58,63.53,1028.83
2024-04-11 11:00:00,111.51,100.0,25.4,1.0,694.05,264.83,43.23,58.84,1060.95
2024-04-11 12:00:00,114.47,87.67,25.14,0.826,694.48,238.19,45.37,57.4,1035.44
2024-04-11 13:00:00,116.29,100.0,22.92,1.0,712.28,276.64,36.48,56.96,1082.37
2024-04-11 14:00:00,105.75,95.3,29.46,0.987,649.01,253.67,56.03,61.1,1019.81
2024-04-11 15:00:00,93.57,86.58,27.67,0.851,593.88,234.77,50.56,60.58,939.8
2024-04-11 16:00:00,99.5,94.28,26.66,1.0,617.92,259.25,50.4,60.27,987.83
2024-04-11 17:00:00,92.54,79.01,25.84,0.712,590.72,225.64,45.2,55.18,916.74
2024-04-11 18:00:00,79.83,76.59,22.53,0.762,502.85,221.78,41.94,54.87,821.43
2024-04-11 19:00:00,89.77,84.28,25.75,0.818,575.95,240.21,40.92,56.75,913.83
2024-04-11 20:00:00,90.49,92.07,27.91,0.969,577.79,256.61,59.74,61.45,955.59
2024-04-11 21:00:00,101.05,90.29,28.25,0.921,624.04,249.15,52.91,62.75,988.85
2024-04-11 22:00:00,108.68,96.59,27.8,0.88,660.11,263.13,57.28,67.33,1047.85
2024-04-11 23:00:00,112.05,93.08,27.08,0.993,677.87,255.06,48.08,55.82,1036.83
2024-04-12 00:00:00,111.86,98.37,28.96,1.0,681.59,266.78,48.34,63.63,1060.33
2024-04-12 01:00:00,110.23,100.0,26.52,0.948,680.85,261.68,46.16,51.4,1040.09
2024-04-12 02:00:00,103.84,96.9,28.64,0.951,634.9,268.02,51.77,61.75,1016.44
2024-04-12 03:00:00,96.67,87.93,26.43,0.814,589.75,250.95,47.51,52.44,940.64
2024-04-12 04:00:00,92.23,89.49,25.69,0.886,601.03,251.76,54.08,53.87,960.75
2024-04-12 05:00:00,84.15,84.96,25.5,0.857,546.11,241.78,42.88,63.76,894.53
2024-04-12 06:00:00,87.73,86.4,25.41,0.847,555.51,235.49,43.72,60.76,895.49
2024-04-12 07:00:00,92.96,92.04,28.0,0.898,594.3,244.79,53.65,58.41,
2024-04-12 08:00:00,90.18,90.61,25.89,0.825,578.37,255.27,40.66,53.03,927.33
2024-04-12 09:00:00,100.96,89.84,25.46,0.915,628.73,248.84,46.06,61.85,985.48
2024-04-12 10:00:00,109.5,97.96,28.08,0.883,663.68,266.73,51.51,60.43,1042.35
2024-04-12 11:00:00,114.88,95.52,27.5,0.957,699.73,261.89,51.63,63.62,1076.87
2024-04-12 12:00:00,115.3,93.04,28.45,0.84,705.24,256.92,53.01,51.32,1066.48
2024-04-12 13:00:00,115.96,96.63,27.78,0.969,686.04,266.81,58.35,63.1,1074.31
2024-04-12 14:00:00,109.43,94.33,25.88,0.943,668.94,257.53,43.44,57.29,1027.2
2024-04-12 15:00:00,95.05,79.22,27.12,0.812,597.63,214.92,46.64,61.46,920.66
2024-04-12 16:00:00,95.98,92.29,27.2,0.966,602.01,257.94,51.79,59.69,971.43
2024-04-12 17:00:00,90.56,71.44,25.63,0.767,573.16,213.5,47.44,55.74,889.84
2024-04-12 18:00:00,81.95,94.55,25.35,0.865,539.22,250.78,47.44,57.94,895.38
2024-04-12 19:00:00,87.16,91.09,25.99,0.908,554.12,244.29,41.56,55.61,895.58
2024-04-12 20:00:00,95.23,86.31,30.06,0.964,596.14,246.55,63.24,57.37,963.31
2024-04-12 21:00:00,99.16,89.63,26.39,0.902,618.34,254.93,49.71,55.45,978.44
2024-04-12 22:00:00,111.79,97.41,28.86,0.933,677.54,248.58,46.02,62.01,1034.14
2024-04-12 23:00:00,122.45,98.28,26.31,0.979,721.14,269.03,50.2,55.7,1096.06
2024-04-13 00:00:00,83.11,82.52,28.51,0.806,537.24,231.96,47.31,62.79,879.3
2024-04-13 01:00:00,79.22,78.89,28.53,0.73,517.9,226.11,55.47,76.33,875.81
2024-04-13 02:00:00,81.84,80.45,28.61,0.848,526.28,229.73,46.63,58.72,861.35
2024-04-13 03:00:00,77.89,79.85,27.76,0.828,508.37,223.11,54.39,52.09,837.97
2024-04-13 04:00:00,68.45,67.66,29.24,0.61,436.82,206.0,48.15,70.52,761.49
2024-04-13 05:00:00,71.07,75.73,27.74,0.753,485.02,214.91,46.44,61.75,808.12
2024-04-13 06:00:00,58.4,70.02,29.75,0.672,419.19,211.51,54.5,59.35,744.55
2024-04-13 07:00:00,68.03,74.66,24.75,0.667,449.44,222.6,42.5,58.13,772.67
2024-04-13 08:00:00,66.95,72.4,27.7,0.653,449.35,206.8,48.04,54.74,758.94
2024-04-13 09:00:00,81.88,86.63,27.6,0.803,540.98,236.83,43.96,58.31,880.08
2024-04-13 10:00:00,88.6,82.53,25.77,0.822,553.74,233.99,45.47,56.1,889.3
2024-04-13 11:00:00,81.68,81.97,28.05,0.797,532.21,241.17,54.42,56.15,883.94
2024-04-13 12:00:00,84.05,88.51,24.94,0.837,536.32,242.32,52.81,62.93,894.38
2024-04-13 13:00:00,88.18,83.69,26.2,0.817,564.19,233.34,50.86,64.86,913.24
2024-04-13 14:00:00,79.08,80.61,24.18,0.843,515.78,231.21,46.66,58.87,852.52
2024-04-13 15:00:00,74.82,76.93,29.52,0.787,491.83,225.49,46.77,62.51,826.6
2024-04-13 16:00:00,69.48,80.93,26.83,0.859,470.49,233.1,48.58,70.48,822.65
2024-04-13 17:00:00,57.58,67.5,30.43,0.664,403.95,201.95,52.56,55.8,714.25
2024-04-13 18:00:00,63.69,78.26,28.38,0.863,424.2,222.52,45.44,51.83,744.0
2024-04-13 19:00:00,62.5,70.73,27.85,0.725,425.07,210.53,45.44,64.16,745.2
2024-04-13 20:00:00,67.4,69.4,26.3,0.67,448.63,186.54,50.41,56.33,741.91
2024-04-13 21:00:00,80.77,83.78,25.61,0.842,511.04,247.16,44.26,57.36,859.83
2024-04-13 22:00:00,75.6,76.28,27.96,0.7,500.95,219.07,44.83,60.62,825.46
2024-04-13 23:00:00,88.0,87.1,27.07,0.856,558.6,244.0,46.58,66.2,915.38
2024-04-14 00:00:00,85.13,68.92,25.34,0.711,548.5,217.33,47.16,60.66,873.65
2024-04-14 01:00:00,83.62,81.84,25.07,0.849,542.28,227.41,42.83,49.4,861.93
2024-04-14 02:00:00,83.79,79.6,25.91,0.775,544.98,241.14,42.19,61.79,890.11
2024-04-14 03:00:00,76.36,72.86,30.08,0.865,505.06,217.45,50.86,61.16,834.52
2024-04-14 04:00:00,71.66,73.06,30.66,0.722,470.45,216.11,59.13,55.7,801.39
2024-04-14 05:00:00,69.13,71.7,27.65,0.633,470.29,214.43,41.86,51.49,778.06
2024-04-14 06:00:00,62.42,70.97,27.57,0.77,433.9,203.99,48.95,58.09,744.93
2024-04-14 07:00:00,62.81,64.57,26.84,0.676,451.56,185.7,48.25,48.48,734.0
2024-04-14 08:00:00,65.03,74.1,25.94,0.753,445.24,208.52,44.07,51.07,748.9
2024-04-14 09:00:00,71.7,82.68,29.41,0.804,481.55,240.15,49.5,53.25,824.45
2024-04-14 10:00:00,92.42,87.62,30.16,0.896,581.35,238.38,58.61,53.74,932.08
2024-04-14 11:00:00,89.72,88.91,26.0,0.97,569.0,236.78,51.13,64.4,921.3
2024-04-14 12:00:00,80.85,85.9,27.22,0.869,524.08,239.9,49.82,59.25,873.05
2024-04-14 13:00:00,79.45,85.91,26.67,0.786,513.79,243.86,46.23,61.74,865.62
2024-04-14 14:00:00,82.55,90.63,26.71,0.734,534.18,250.55,48.94,61.04,894.71
2024-04-14 15:00:00,77.19,76.1,29.12,0.78,510.92,223.45,54.44,52.31,841.11
2024-04-14 16:00:00,71.57,72.19,25.38,0.673,474.5,218.54,45.63,57.18,795.84
2024-04-14 17:00:00,64.24,76.04,28.04,0.755,447.87,223.1,52.61,58.86,782.44
2024-04-14 18:00:00,63.25,75.17,28.44,0.711,441.96,216.92,50.17,59.34,768.39
2024-04-14 19:00:00,66.57,77.16,27.13,0.728,445.8,218.78,36.63,62.4,763.6
2024-04-14 20:00:00,69.72,84.31,28.68,0.805,460.88,241.67,51.26,64.63,818.43
2024-04-14 21:00:00,66.12,73.12,27.57,0.697,454.2,215.2,52.76,61.85,784.01
2024-04-14 22:00:00,79.71,81.98,29.17,0.859,513.83,227.0,53.03,68.81,862.67
2024-04-14 23:00:00,81.34,75.77,25.06,0.786,518.32,226.92,46.89,62.19,854.32
2024-04-15 00:00:00,115.7,100.0,26.99,0.94,712.24,271.57,47.89,57.33,1089.03
2024-04-15 01:00:00,124.93,100.0,27.4,0.946,736.93,273.92,48.96,66.42,1126.22
2024-04-15 02:00:00,108.97,92.94,23.5,0.948,652.66,252.83,43.39,53.9,1002.78
2024-04-15 03:00:00,98.75,87.64,25.88,0.929,607.46,250.83,54.76,62.67,975.72
2024-04-15 04:00:00,96.19,84.87,26.29,0.901,602.79,228.71,51.09,59.25,941.85
2024-04-15 05:00:00,88.94,80.82,28.93,0.758,565.29,239.78,55.32,55.71,916.1
2024-04-15 06:00:00,86.68,80.72,26.45,0.857,568.5,217.88,48.83,61.05,896.26
2024-04-15 07:00:00,89.44,77.89,26.28,0.69,561.04,215.31,42.39,58.57,877.3
2024-04-15 08:00:00,100.73,86.44,28.74,0.854,625.52,243.03,57.03,50.77,976.35
2024-04-15 09:00:00,95.48,97.48,25.09,0.999,606.41,261.53,49.18,60.92,978.04
2024-04-15 10:00:00,109.39,98.38,24.41,0.88,661.7,264.62,45.79,54.84,1026.95
2024-04-15 11:00:00,109.28,99.27,26.97,1.0,672.05,265.28,48.77,60.61,1046.72
2024-04-15 12:00:00,117.22,100.0,25.34,1.0,691.45,265.3,48.2,59.36,1064.31
2024-04-15 13:00:00,109.32,100.0,25.4,1.0,680.65,271.9,45.19,62.15,1059.89
2024-04-15 14:00:00,105.83,84.06,28.37,0.792,657.11,236.23,54.38,48.64,996.36
2024-04-15 15:00:00,98.82,83.26,28.83,0.829,608.65,240.16,48.93,55.05,952.79
2024-04-15 16:00:00,96.4,84.18,28.7,0.881,608.65,237.27,44.41,60.54,950.87
2024-04-15 17:00:00,90.68,82.99,29.18,0.774,583.92,231.78,48.11,74.41,938.23
2024-04-15 18:00:00,80.02,78.51,29.37,0.776,509.78,229.51,53.84,60.69,853.82
2024-04-15 19:00:00,87.23,81.38,24.32,0.859,551.35,219.9,42.97,57.8,872.02
2024-04-15 20:00:00,89.66,85.93,28.19,0.785,579.08,224.96,50.55,64.37,918.95
2024-04-15 21:00:00,94.97,87.66,26.72,0.893,595.37,234.56,43.31,57.05,930.29
2024-04-15 22:00:00,106.63,89.7,26.39,0.809,656.65,246.31,49.11,62.16,1014.24
2024-04-15 23:00:00,111.76,85.0,28.35,0.803,679.34,240.85,47.29,60.26,1027.74
2024-04-16 00:00:00,124.71,97.39,25.08,0.949,750.67,248.49,47.54,65.36,1112.05
2024-04-16 01:00:00,114.72,94.61,25.05,0.972,697.71,258.62,39.83,63.31,1059.48
2024-04-16 02:00:00,101.99,89.76,28.63,0.863,630.8,246.37,48.58,57.6,983.35
2024-04-16 03:00:00,97.74,83.22,28.41,0.838,591.89,235.59,47.65,52.49,927.61
2024-04-16 04:00:00,96.59,85.84,27.88,0.824,608.05,228.82,52.89,54.65,944.4
2024-04-16 05:00:00,95.36,82.03,26.36,0.794,602.65,247.95,46.0,61.48,958.08
2024-04-16 06:00:00,78.66,78.7,28.79,0.85,503.36,225.46,53.93,59.74,842.5
2024-04-16 07:00:00,79.49,74.38,28.7,0.686,508.08,208.89,56.62,60.14,833.73
2024-04-16 08:00:00,99.98,85.75,27.81,0.895,624.06,240.85,57.57,61.27,983.75
2024-04-16 09:00:00,101.56,84.24,25.91,0.842,629.35,245.86,47.97,55.91,979.08
2024-04-16 10:00:00,104.03,91.25,27.04,0.884,624.34,243.9,44.66,59.48,972.37
2024-04-16 11:00:00,115.13,93.23,28.93,0.871,689.07,246.82,57.49,59.95,1053.32
2024-04-16 12:00:00,104.46,96.76,29.67,0.91,644.8,262.49,59.85,52.81,1019.95
2024-04-16 13:00:00,113.0,98.53,27.19,0.948,690.43,266.72,49.1,56.94,1063.19
2024-04-16 14:00:00,108.81,94.06,27.3,0.933,659.38,261.77,54.82,61.96,1037.93
2024-04-16 15:00:00,103.7,87.86,27.44,0.909,637.31,253.36,51.12,63.49,3518.48
2024-04-16 16:00:00,88.44,86.12,28.09,0.846,555.19,245.54,44.33,55.96,901.02
2024-04-16 17:00:00,87.35,87.13,26.81,0.86,567.35,234.65,46.13,62.5,910.62
2024-04-16 18:00:00,81.3,81.36,23.34,0.809,527.89,224.44,40.39,56.93,849.64
2024-04-16 19:00:00,88.03,92.03,29.47,0.944,554.81,248.48,51.99,55.6,910.89
2024-04-16 20:00:00,88.92,86.76,30.37,0.9,555.34,246.86,51.33,69.55,923.08
2024-04-16 21:00:00,98.37,93.75,26.76,0.868,601.7,260.52,44.71,57.92,964.86
2024-04-16 22:00:00,103.52,92.43,26.08,0.91,652.08,261.66,52.72,52.63,1019.09
2024-04-16 23:00:00,115.59,100.0,27.47,1.0,696.59,273.35,42.9,57.81,1070.65
2024-04-17 00:00:00,118.43,95.23,27.56,0.887,708.97,256.22,47.12,58.67,1070.98
2024-04-17 01:00:00,112.05,93.73,29.34,0.941,678.55,255.66,55.69,64.56,1054.47
2024-04-17 02:00:00,107.65,95.57,27.93,0.947,653.22,251.94,48.44,58.21,1011.8
2024-04-17 03:00:00,94.21,88.81,26.65,0.86,590.17,250.28,49.98,61.89,952.32
2024-04-17 04:00:00,91.3,88.19,25.87,0.961,576.79,241.44,45.35,65.31,928.89
2024-04-17 05:00:00,86.81,88.91,29.14,0.891,554.16,254.05,54.61,57.08,919.9
2024-04-17 06:00:00,95.48,80.62,28.74,0.882,587.32,232.9,47.99,61.45,929.65
2024-04-17 07:00:00,82.56,76.41,29.43,0.764,539.95,232.09,45.95,59.69,877.67
2024-04-17 08:00:00,98.36,90.33,26.39,0.926,607.36,252.2,46.3,61.13,966.99
2024-04-17 09:00:00,103.99,88.37,30.6,0.855,634.67,247.99,48.33,60.5,991.49
2024-04-17 10:00:00,108.62,100.0,25.23,0.972,657.48,268.9,45.54,60.73,1032.66
2024-04-17 11:00:00,120.02,100.0,28.91,1.0,711.7,267.69,47.89,58.57,1085.86
2024-04-17 12:00:00,116.49,97.85,24.98,1.0,704.58,263.94,40.86,60.13,1069.51
2024-04-17 13:00:00,114.55,94.7,26.66,0.977,699.89,264.86,54.27,58.64,1077.66
2024-04-17 14:00:00,107.29,91.24,30.19,0.931,650.65,243.52,55.83,71.66,1021.66
2024-04-17 15:00:00,104.89,92.6,29.09,0.859,629.73,254.84,46.62,63.03,994.21
2024-04-17 16:00:00,96.89,89.0,27.02,0.85,596.21,236.91,48.85,60.01,941.98
2024-04-17 17:00:00,84.51,79.97,27.07,0.842,538.95,230.17,48.55,58.31,875.98
2024-04-17 18:00:00,79.72,78.5,27.99,0.687,508.76,222.09,42.52,64.89,838.26
2024-04-17 19:00:00,86.2,89.82,28.61,0.913,546.2,251.64,53.3,55.92,907.06
2024-04-17 20:00:00,89.3,91.57,29.72,0.91,562.09,247.85,57.71,53.58,921.23
2024-04-17 21:00:00,99.75,91.13,27.16,0.954,618.61,249.84,47.6,53.21,969.25
2024-04-17 22:00:00,112.45,89.52,25.43,0.916,670.61,251.78,45.0,66.49,1033.88
2024-04-17 23:00:00,111.16,98.27,28.08,0.95,680.45,267.13,48.71,66.23,1062.52
2024-04-18 00:00:00,114.83,100.0,27.32,0.965,707.43,279.26,51.12,60.8,1098.61
2024-04-18 01:00:00,113.22,100.0,26.06,0.974,697.55,267.11,46.31,57.2,1068.16
2024-04-18 02:00:00,110.89,99.12,28.45,1.0,669.8,264.74,50.78,57.25,1042.57
2024-04-18 03:00:00,91.01,92.62,27.69,0.811,580.41,261.92,47.0,70.21,959.54
2024-04-18 04:00:00,90.07,85.3,28.47,0.861,574.77,236.93,59.81,59.55,931.06
2024-04-18 05:00:00,87.85,87.07,26.67,0.827,558.93,240.36,47.36,61.72,908.37
2024-04-18 06:00:00,89.8,81.5,28.74,0.825,570.42,233.44,54.93,57.8,916.59
2024-04-18 07:00:00,85.04,83.98,26.03,0.857,550.67,235.38,48.32,60.45,894.83
2024-04-18 08:00:00,84.99,89.14,26.77,0.808,552.04,245.33,38.34,61.89,897.6
2024-04-18 09:00:00,102.48,88.29,27.64,0.872,625.9,241.26,48.68,69.03,984.86
2024-04-18 10:00:00,104.96,88.17,30.62,0.889,650.77,253.34,50.91,59.57,1014.58
2024-04-18 11:00:00,108.23,94.6,29.19,0.95,674.49,257.76,56.84,62.58,1051.68
2024-04-18 12:00:00,112.5,95.12,29.62,0.945,689.57,256.37,48.66,58.21,1052.82
2024-04-18 13:00:00,112.25,99.37,30.13,0.933,693.55,266.9,56.62,60.93,1078.0
2024-04-18 14:00:00,105.08,90.27,33.41,0.849,624.74,251.71,64.53,61.71,1002.68
2024-04-18 15:00:00,91.18,94.18,28.07,0.873,580.65,266.55,52.05,58.98,958.23
2024-04-18 16:00:00,96.09,81.6,30.14,0.844,602.56,230.34,54.66,61.18,948.74
2024-04-18 17:00:00,92.11,92.32,29.53,0.917,588.76,248.7,51.97,56.45,945.88
2024-04-18 18:00:00,87.61,79.98,29.5,0.797,549.03,239.47,53.01,62.51,904.02
2024-04-18 19:00:00,82.46,72.25,30.67,0.637,528.25,212.54,50.24,60.28,851.31
2024-04-18 20:00:00,91.69,87.04,27.38,0.869,585.67,242.14,50.39,57.24,935.45
2024-04-18 21:00:00,99.97,88.71,27.26,0.919,611.39,246.73,53.67,59.41,971.21
2024-04-18 22:00:00,109.9,89.4,28.49,0.802,671.41,240.27,48.19,66.54,1026.41
2024-04-18 23:00:00,115.66,89.42,27.73,0.867,698.18,247.52,50.4,59.48,1055.58
2024-04-19 00:00:00,112.06,95.99,28.65,0.881,678.75,266.14,51.56,62.14,1058.58
2024-04-19 01:00:00,113.32,100.0,30.52,0.979,691.17,277.32,56.58,62.12,1087.2
2024-04-19 02:00:00,109.33,97.59,27.45,0.931,657.72,262.79,47.67,62.9,1031.08
2024-04-19 03:00:00,105.82,93.2,27.71,0.951,642.88,256.84,44.25,54.48,998.44
2024-04-19 04:00:00,95.32,90.05,28.43,0.909,595.48,256.54,47.1,54.82,953.94
2024-04-19 05:00:00,90.17,84.95,27.83,0.914,561.22,238.61,41.22,56.26,897.31
2024-04-19 06:00:00,85.34,75.52,25.3,0.752,556.52,222.91,49.05,63.03,891.51
2024-04-19 07:00:00,92.65,79.22,27.3,0.809,576.87,228.91,51.13,61.31,918.22
2024-04-19 08:00:00,94.14,86.05,29.2,0.833,596.99,236.73,52.91,61.06,947.68
2024-04-19 09:00:00,96.56,87.47,30.33,0.82,595.77,238.2,52.2,59.4,945.57
2024-04-19 10:00:00,113.11,100.0,26.44,1.0,691.2,276.36,47.34,53.38,1068.28
2024-04-19 11:00:00,115.78,100.0,26.43,1.0,686.04,253.95,47.87,57.0,1044.85
2024-04-19 12:00:00,113.23,99.64,28.22,1.0,697.41,265.23,49.11,61.06,1072.8
2024-04-19 13:00:00,111.07,94.13,25.06,0.948,684.44,249.31,43.57,59.15,1036.47
2024-04-19 14:00:00,108.69,87.44,27.5,0.826,659.01,249.99,55.15,60.89,1025.04
2024-04-19 15:00:00,101.85,92.99,25.57,0.987,622.66,263.46,41.42,52.21,979.75
2024-04-19 16:00:00,93.29,89.27,30.23,0.922,590.11,243.12,58.78,59.93,951.94
2024-04-19 17:00:00,88.25,72.18,27.02,0.823,549.07,228.18,42.57,49.56,869.38
2024-04-19 18:00:00,91.8,81.73,30.65,0.76,579.28,239.89,62.0,53.48,934.65
2024-04-19 19:00:00,91.3,82.19,29.84,0.865,570.02,233.79,44.56,55.14,903.51
2024-04-19 20:00:00,93.26,87.22,27.2,0.9,584.28,252.17,51.23,50.79,938.46
2024-04-19 21:00:00,103.77,87.87,26.56,0.862,633.68,240.67,45.58,55.99,975.92
2024-04-19 22:00:00,103.37,91.49,27.88,0.983,630.46,250.48,49.92,61.38,992.24
2024-04-19 23:00:00,114.58,96.24,28.01,0.983,706.55,264.88,50.29,65.83,1087.55
2024-04-20 00:00:00,93.49,85.95,28.85,0.813,593.68,236.34,54.76,57.32,942.1
2024-04-20 01:00:00,83.87,78.35,27.17,0.778,527.51,216.84,41.46,56.72,842.53
2024-04-20 02:00:00,77.23,75.42,29.45,0.707,499.17,212.76,53.29,59.4,824.62
2024-04-20 03:00:00,72.39,70.79,28.73,0.685,488.82,207.49,52.86,58.66,807.83
2024-04-20 04:00:00,65.02,74.41,27.82,0.779,452.83,219.07,47.84,54.94,774.68
2024-04-20 05:00:00,62.12,73.91,27.27,0.789,419.51,213.19,49.04,62.71,744.45
2024-04-20 06:00:00,62.27,67.28,28.06,0.684,436.93,191.45,48.25,58.53,735.15
2024-04-20 07:00:00,59.63,77.42,27.11,0.737,420.29,225.41,51.42,56.7,753.82
2024-04-20 08:00:00,69.44,73.15,28.42,0.751,451.65,221.25,53.02,57.16,783.07
2024-04-20 09:00:00,78.61,86.96,28.46,0.906,509.82,238.65,52.5,71.76,872.72
2024-04-20 10:00:00,76.99,75.29,28.73,0.654,503.88,228.08,54.76,63.87,850.59
2024-04-20 11:00:00,90.82,75.28,30.98,0.759,574.49,223.3,61.16,58.3,917.25
2024-04-20 12:00:00,88.29,86.16,28.14,0.852,550.9,234.61,47.08,47.82,880.4
2024-04-20 13:00:00,88.87,85.68,29.84,0.904,558.22,236.03,63.0,51.48,908.74
2024-04-20 14:00:00,77.99,79.17,28.68,0.811,504.98,224.38,53.59,60.43,843.39
2024-04-20 15:00:00,78.42,76.0,27.98,0.784,507.81,218.48,48.75,58.55,833.59
2024-04-20 16:00:00,65.01,72.33,28.16,0.699,440.88,197.26,60.28,54.24,752.67
2024-04-20 17:00:00,68.82,71.85,28.25,0.719,463.03,206.37,49.58,59.34,778.33
2024-04-20 18:00:00,64.44,70.71,28.75,0.754,444.66,205.16,47.31,56.28,753.42
2024-04-20 19:00:00,67.47,77.94,26.9,0.776,471.54,235.02,46.77,56.79,810.14
2024-04-20 20:00:00,64.67,73.26,26.14,0.741,450.33,215.2,45.21,59.13,769.88
2024-04-20 21:00:00,71.42,78.76,29.32,0.711,487.63,220.61,57.51,54.92,820.67
2024-04-20 22:00:00,83.01,80.35,29.68,0.8,531.22,226.1,53.38,53.07,863.77
2024-04-20 23:00:00,80.95,78.76,29.45,0.687,516.72,227.96,53.82,53.23,851.72
2024-04-21 00:00:00,88.1,78.28,28.73,0.757,566.93,222.13,52.37,57.97,899.4
2024-04-21 01:00:00,79.27,77.79,29.65,0.781,516.24,219.84,58.43,52.08,846.6
2024-04-21 02:00:00,84.02,65.4,29.57,0.692,545.93,194.03,52.33,70.95,863.24
2024-04-21 03:00:00,70.07,72.08,29.68,0.671,463.29,214.25,53.0,64.67,795.21
2024-04-21 04:00:00,71.58,75.38,27.21,0.773,483.11,210.01,46.62,63.6,803.34
2024-04-21 05:00:00,67.76,76.7,26.85,0.84,457.4,214.54,47.05,55.57,774.57
2024-04-21 06:00:00,60.96,69.14,27.91,0.659,421.13,199.62,52.75,55.76,729.26
2024-04-21 07:00:00,67.59,75.53,28.47,0.678,454.99,211.99,54.56,52.92,774.46
2024-04-21 08:00:00,70.42,64.31,28.13,0.658,476.01,190.11,57.84,69.19,793.15
2024-04-21 09:00:00,72.84,76.14,25.68,0.702,490.42,225.27,46.21,66.72,828.61
2024-04-21 10:00:00,76.59,69.9,31.08,0.658,500.02,213.0,55.29,63.36,831.68
2024-04-21 11:00:00,76.89,72.4,28.09,0.77,507.22,213.68,52.54,59.39,832.83
2024-04-21 12:00:00,87.65,82.89,28.76,0.923,560.97,235.35,50.28,58.06,904.67
2024-04-21 13:00:00,78.48,85.62,30.36,0.806,518.32,235.79,52.49,62.53,869.13
2024-04-21 14:00:00,81.01,82.36,24.98,0.787,532.93,220.47,46.66,67.99,868.04
2024-04-21 15:00:00,73.95,77.06,27.73,0.749,504.22,222.7,48.74,63.21,838.88
2024-04-21 16:00:00,72.09,75.95,27.92,0.732,476.74,221.28,49.49,54.44,801.94
2024-04-21 17:00:00,64.05,68.46,27.99,0.781,451.93,199.72,53.21,56.17,761.02
2024-04-21 18:00:00,62.43,68.5,28.24,0.658,433.1,197.39,52.47,62.34,745.29
2024-04-21 19:00:00,68.18,76.23,30.67,0.743,452.17,212.44,63.6,55.68,783.89
2024-04-21 20:00:00,70.72,68.43,29.51,0.765,468.37,204.71,57.2,57.65,787.93
2024-04-21 21:00:00,76.26,81.1,29.93,0.84,505.05,230.8,51.21,67.55,854.61
2024-04-21 22:00:00,82.5,79.31,28.57,0.842,538.3,233.72,50.22,58.43,880.67
2024-04-21 23:00:00,78.6,83.43,26.4,0.789,504.87,230.37,42.42,52.12,829.78
2024-04-22 00:00:00,118.03,100.0,25.54,0.973,704.02,268.27,42.48,74.43,1089.2
2024-04-22 01:00:00,115.44,89.35,26.36,0.842,692.94,247.75,52.9,65.44,1059.03
2024-04-22 02:00:00,103.43,88.81,29.2,0.928,630.26,243.2,51.84,59.68,984.98
2024-04-22 03:00:00,99.02,85.23,28.7,0.914,600.08,244.03,46.52,59.96,950.59
2024-04-22 04:00:00,92.34,77.11,28.34,0.741,563.96,229.36,43.63,49.37,886.31
2024-04-22 05:00:00,86.47,78.07,28.1,0.763,549.3,217.32,45.1,58.04,869.76
2024-04-22 06:00:00,86.34,95.37,31.67,0.938,553.69,257.54,54.2,56.28,921.71
2024-04-22 07:00:00,92.74,89.42,27.42,0.817,588.92,255.72,49.78,60.49,954.9
2024-04-22 08:00:00,96.83,98.0,30.05,0.946,593.24,267.74,52.9,68.14,982.02
2024-04-22 09:00:00,94.75,91.52,28.66,0.954,582.99,252.9,54.78,62.2,952.87
2024-04-22 10:00:00,109.99,91.28,28.57,0.869,665.72,253.75,48.08,70.15,1037.69
2024-04-22 11:00:00,118.31,97.24,30.42,0.977,711.56,268.15,60.07,53.02,1092.79
2024-04-22 12:00:00,116.55,100.0,30.85,0.935,710.81,272.33,55.39,52.29,1090.82
2024-04-22 13:00:00,117.35,100.0,28.3,0.993,712.51,271.28,53.17,66.21,1103.17
2024-04-22 14:00:00,115.55,94.89,29.86,0.921,694.8,259.32,52.06,60.52,1066.7
2024-04-22 15:00:00,104.09,84.5,29.2,0.784,643.36,245.53,57.03,62.34,1008.26
2024-04-22 16:00:00,93.5,100.0,28.67,1.0,580.74,268.4,46.69,59.87,955.7
2024-04-22 17:00:00,91.19,84.89,28.96,0.891,576.54,238.27,47.6,60.98,923.39
2024-04-22 18:00:00,85.58,81.16,27.63,0.763,547.4,239.75,46.25,63.44,896.84
2024-04-22 19:00:00,87.11,84.12,28.2,0.83,566.76,238.6,55.86,61.26,922.49
2024-04-22 20:00:00,91.09,84.33,27.79,0.846,579.42,236.7,49.47,57.14,922.73
2024-04-22 21:00:00,106.25,93.74,30.01,0.847,645.1,260.64,50.62,71.65,1028.02
2024-04-22 22:00:00,104.23,98.55,28.51,0.916,635.05,268.31,50.94,60.47,1014.77
2024-04-22 23:00:00,119.12,98.94,26.71,1.0,712.93,263.33,49.17,59.0,1084.44
2024-04-23 00:00:00,117.0,92.69,27.73,0.874,692.48,256.11,46.01,58.27,1052.87
2024-04-23 01:00:00,107.39,92.89,24.02,0.992,655.13,250.21,44.27,61.7,1011.31
2024-04-23 02:00:00,108.97,92.16,28.08,0.854,663.7,264.5,50.39,58.79,1037.39
2024-04-23 03:00:00,91.6,92.92,28.87,0.962,581.73,256.56,50.35,49.85,938.5
2024-04-23 04:00:00,95.0,93.36,28.61,0.918,599.91,250.42,46.84,58.73,955.89
2024-04-23 05:00:00,90.55,85.81,31.79,0.85,573.54,237.85,61.17,54.58,927.15
2024-04-23 06:00:00,82.63,74.92,29.68,0.842,520.11,221.89,51.95,61.34,855.29
2024-04-23 07:00:00,87.5,77.62,29.61,0.714,547.75,216.46,41.96,59.85,866.02
2024-04-23 08:00:00,100.32,90.23,26.35,0.932,616.74,265.81,49.26,56.68,988.5
2024-04-23 09:00:00,97.98,90.67,28.27,0.934,615.1,241.68,52.81,64.71,974.29
2024-04-23 10:00:00,103.26,89.76,28.09,1.0,641.27,254.05,54.69,59.65,1009.65
2024-04-23 11:00:00,118.92,97.06,27.64,0.917,712.59,260.9,51.8,58.12,1083.41
2024-04-23 12:00:00,122.85,98.46,27.62,0.953,753.13,261.92,50.66,58.19,1123.9
2024-04-23 13:00:00,113.01,96.39,26.1,1.0,697.52,265.64,45.44,58.08,1066.67
2024-04-23 14:00:00,111.55,83.86,26.9,0.829,687.65,233.38,46.89,62.53,1030.45
2024-04-23 15:00:00,105.37,87.18,30.13,0.849,652.43,252.62,57.33,56.1,1018.49
2024-04-23 16:00:00,89.53,81.63,28.6,0.864,571.32,223.01,51.26,60.35,905.94
2024-04-23 17:00:00,85.07,88.57,28.06,0.872,548.43,249.37,45.15,57.48,900.43
2024-04-23 18:00:00,89.92,80.89,28.81,0.764,555.18,228.22,50.88,56.78,891.06
2024-04-23 19:00:00,93.75,87.78,30.57,0.914,580.34,246.11,55.21,62.36,944.02
2024-04-23 20:00:00,94.75,88.51,28.82,0.904,591.98,248.95,44.32,55.32,940.58
2024-04-23 21:00:00,96.48,94.73,29.63,0.932,603.43,248.54,56.72,62.6,971.29
2024-04-23 22:00:00,115.45,100.0,27.55,0.982,696.25,271.4,49.99,61.55,1079.19
2024-04-23 23:00:00,110.87,95.15,27.89,0.906,676.51,266.34,45.15,66.64,1054.64
2024-04-24 00:00:00,113.66,94.45,29.51,0.981,671.47,261.15,52.32,51.21,1036.15
2024-04-24 01:00:00,114.36,93.86,31.81,0.921,695.84,254.89,57.26,65.1,1073.09
2024-04-24 02:00:00,113.72,95.65,31.12,0.918,689.08,252.39,60.2,58.49,1060.16
2024-04-24 03:00:00,103.42,89.54,29.85,0.831,635.58,251.08,57.8,51.06,995.52
2024-04-24 04:00:00,94.16,89.85,29.2,0.918,598.22,259.94,57.28,56.7,972.13
2024-04-24 05:00:00,88.86,86.53,31.08,0.84,555.95,245.69,57.84,62.56,922.04
2024-04-24 06:00:00,85.17,85.55,30.17,0.755,543.98,246.59,52.09,59.57,902.23
2024-04-24 07:00:00,89.24,90.92,25.53,0.849,568.49,256.52,42.73,66.74,934.48
2024-04-24 08:00:00,82.38,90.51,27.39,0.893,525.08,247.7,46.91,58.31,878.0
2024-04-24 09:00:00,98.81,90.03,29.48,0.89,598.04,249.61,53.21,59.83,960.69
2024-04-24 10:00:00,108.47,99.73,26.29,0.985,653.1,274.64,47.63,59.08,1034.45
2024-04-24 11:00:00,108.39,92.43,27.63,0.905,661.41,244.63,54.25,54.89,1015.19
2024-04-24 12:00:00,116.55,100.0,27.93,0.926,700.73,273.91,49.65,59.86,1084.15
2024-04-24 13:00:00,112.17,100.0,28.59,0.956,680.72,277.55,43.77,58.9,1060.94
2024-04-24 14:00:00,114.52,100.0,28.54,1.0,687.34,269.69,47.01,60.44,1064.47
2024-04-24 15:00:00,106.29,93.62,28.54,0.988,640.96,261.48,47.87,60.3,1010.61
2024-04-24 16:00:00,90.64,81.98,30.21,0.849,574.28,228.82,50.88,60.01,913.99
2024-04-24 17:00:00,86.41,76.23,28.58,0.787,550.7,220.31,40.62,60.48,872.11
2024-04-24 18:00:00,84.7,82.15,28.4,0.867,548.62,230.88,57.8,65.5,902.8
2024-04-24 19:00:00,85.2,90.27,26.95,0.847,540.03,252.32,40.18,55.11,887.65
2024-04-24 20:00:00,93.28,85.09,30.51,0.853,570.23,238.06,53.03,56.38,917.7
2024-04-24 21:00:00,96.97,92.41,27.97,0.868,584.0,244.0,53.38,67.08,948.46
2024-04-24 22:00:00,102.98,95.71,27.34,0.902,631.68,256.68,51.98,66.35,1006.69
2024-04-24 23:00:00,115.48,96.32,29.3,0.982,698.43,273.93,47.25,61.29,1080.91
2024-04-25 00:00:00,117.52,100.0,27.98,1.0,705.73,273.41,55.6,70.12,1104.85
2024-04-25 01:00:00,109.77,80.34,28.34,0.794,664.34,216.13,55.66,62.44,998.58
2024-04-25 02:00:00,111.08,89.43,29.52,0.977,662.68,255.04,52.81,69.37,1039.9
2024-04-25 03:00:00,97.47,84.16,28.64,0.852,592.25,229.82,52.07,67.3,941.44
2024-04-25 04:00:00,93.51,82.66,32.6,0.788,590.5,238.94,55.43,68.14,953.01
2024-04-25 05:00:00,90.29,86.83,29.02,0.814,569.63,250.09,53.65,54.26,927.63
2024-04-25 06:00:00,84.87,83.88,30.06,0.89,541.42,236.76,55.41,63.34,896.94
2024-04-25 07:00:00,88.83,86.38,26.22,0.87,551.81,235.43,45.65,59.58,892.47
2024-04-25 08:00:00,90.43,88.2,27.84,0.916,564.44,240.92,53.1,53.31,911.77
2024-04-25 09:00:00,99.21,84.86,27.5,0.716,616.43,241.97,51.23,66.68,976.32
2024-04-25 10:00:00,106.68,87.25,27.7,0.885,655.66,236.41,63.12,65.97,1021.15
2024-04-25 11:00:00,110.0,96.98,29.76,0.944,668.71,260.17,50.35,59.27,1038.51
2024-04-25 12:00:00,114.29,94.0,30.69,0.87,702.5,260.47,60.97,56.91,1080.84
2024-04-25 13:00:00,106.8,85.55,29.65,0.852,649.38,235.74,50.36,60.29,995.76
2024-04-25 14:00:00,105.54,97.62,28.79,1.0,657.97,273.54,54.34,50.93,1036.77
2024-04-25 15:00:00,98.86,96.41,28.19,1.0,616.04,256.22,40.74,53.26,966.26
2024-04-25 16:00:00,91.48,93.52,30.8,0.947,578.24,236.67,53.8,58.5,927.21
2024-04-25 17:00:00,86.04,83.96,32.24,0.804,557.68,231.64,60.32,63.08,912.72
2024-04-25 18:00:00,84.75,85.51,29.34,0.817,538.77,241.42,54.16,59.07,893.43
2024-04-25 19:00:00,88.93,91.31,30.54,0.961,562.0,256.94,47.35,57.22,923.52
2024-04-25 20:00:00,96.0,84.79,29.65,0.798,590.2,235.61,52.12,55.86,933.79
2024-04-25 21:00:00,97.4,94.25,30.27,0.974,614.49,256.27,60.79,72.19,1003.73
2024-04-25 22:00:00,102.69,92.72,27.39,0.942,636.12,254.53,53.81,54.63,999.09
2024-04-25 23:00:00,108.82,98.98,28.4,0.999,672.89,278.31,55.36,50.86,1057.43
2024-04-26 00:00:00,113.05,97.46,29.88,0.896,686.89,266.93,63.6,57.12,1074.54
2024-04-26 01:00:00,111.58,100.0,31.11,0.982,686.74,267.04,49.41,62.59,1065.78
2024-04-26 02:00:00,104.42,93.33,28.06,0.86,636.12,268.3,49.33,60.54,1014.29
2024-04-26 03:00:00,94.82,79.99,26.24,0.77,601.98,228.04,47.75,56.25,934.02
2024-04-26 04:00:00,90.68,92.6,28.54,0.972,570.2,242.0,48.85,60.96,922.01
2024-04-26 05:00:00,87.74,79.13,30.8,0.853,558.7,217.85,56.35,65.55,898.44
2024-04-26 06:00:00,87.38,89.96,26.91,0.91,562.73,252.26,54.05,61.02,930.05
2024-04-26 07:00:00,84.78,81.94,27.52,0.791,562.52,221.41,50.38,60.77,895.08
2024-04-26 08:00:00,90.85,91.3,29.52,0.992,580.8,254.73,44.73,60.79,941.04
2024-04-26 09:00:00,96.29,93.82,29.11,0.909,608.78,252.34,55.51,56.27,972.91
2024-04-26 10:00:00,107.37,95.84,30.18,0.902,652.51,268.33,54.67,62.25,1037.75
2024-04-26 11:00:00,109.6,97.34,27.45,1.0,669.24,265.42,41.09,65.21,1040.96
2024-04-26 12:00:00,117.29,100.0,28.8,1.0,705.7,260.18,49.78,66.76,1082.42
2024-04-26 13:00:00,105.85,82.85,31.08,0.801,660.5,239.48,49.4,62.15,1011.53
2024-04-26 14:00:00,106.06,93.62,27.5,0.941,649.14,264.79,48.75,60.07,1022.75
2024-04-26 15:00:00,101.2,85.02,31.5,0.872,636.65,230.88,55.09,69.38,992.01
2024-04-26 16:00:00,93.24,87.47,27.69,0.885,575.76,238.88,44.14,60.6,919.38
2024-04-26 17:00:00,97.78,83.18,30.56,0.855,620.1,237.68,56.42,57.58,971.78
2024-04-26 18:00:00,86.4,77.27,28.73,0.747,545.1,226.37,47.78,56.55,875.81
2024-04-26 19:00:00,82.99,89.52,27.57,0.922,541.8,262.11,55.32,55.98,915.22
2024-04-26 20:00:00,92.12,91.41,28.54,0.915,573.68,257.3,52.45,57.48,940.91
2024-04-26 21:00:00,92.9,86.43,30.11,0.841,589.42,255.9,53.55,69.63,968.5
2024-04-26 22:00:00,107.18,94.51,29.28,0.933,648.19,258.59,58.12,56.22,1021.11
2024-04-26 23:00:00,109.66,93.59,30.97,0.931,676.58,258.84,57.18,67.63,1060.24
2024-04-27 00:00:00,89.91,87.81,31.6,0.806,576.32,240.98,58.66,58.97,934.94
2024-04-27 01:00:00,82.54,77.89,27.67,0.747,527.92,220.44,49.94,65.21,863.51
2024-04-27 02:00:00,80.16,85.05,27.56,0.854,525.41,239.48,48.75,54.61,868.26
2024-04-27 03:00:00,72.46,74.96,27.49,0.682,489.87,213.93,51.49,59.91,815.2
2024-04-27 04:00:00,76.33,76.07,28.09,0.73,494.27,204.35,57.07,51.92,807.61
2024-04-27 05:00:00,63.97,72.09,31.1,0.84,431.59,207.4,42.7,60.11,741.8
2024-04-27 06:00:00,71.08,72.58,30.28,0.669,466.83,218.89,62.38,63.93,812.04
2024-04-27 07:00:00,68.51,75.9,28.63,0.74,452.87,219.83,47.9,64.83,785.42
2024-04-27 08:00:00,71.3,72.96,29.43,0.688,467.91,213.7,54.14,59.98,795.72
2024-04-27 09:00:00,76.47,80.58,31.55,0.8,509.77,224.64,50.32,58.21,842.94
2024-04-27 10:00:00,82.2,87.18,32.31,0.831,535.46,245.08,64.52,60.44,905.49
2024-04-27 11:00:00,77.03,74.92,29.83,0.737,491.59,227.28,48.57,57.14,824.58
2024-04-27 12:00:00,85.13,81.91,25.45,0.783,541.59,240.42,50.71,57.13,889.86
2024-04-27 13:00:00,88.12,86.37,29.89,0.916,551.35,243.57,53.24,57.96,906.12
2024-04-27 14:00:00,80.43,78.04,30.85,0.784,529.04,218.75,55.27,61.14,864.2
2024-04-27 15:00:00,69.38,77.01,29.78,0.72,463.3,232.33,48.97,67.18,811.78
2024-04-27 16:00:00,69.17,77.36,30.53,0.816,453.47,228.81,60.24,66.49,809.01
2024-04-27 17:00:00,72.07,81.45,29.98,0.767,481.73,222.17,53.77,58.41,816.08
2024-04-27 18:00:00,68.74,71.34,27.59,0.635,468.54,199.27,52.94,55.92,776.67
2024-04-27 19:00:00,65.01,67.79,28.11,0.678,437.42,193.81,42.74,56.34,730.3
2024-04-27 20:00:00,73.18,75.05,28.96,0.846,483.78,214.65,48.97,52.6,800.0
2024-04-27 21:00:00,73.53,71.93,31.04,0.628,480.45,216.46,57.28,63.64,817.83
2024-04-27 22:00:00,73.81,79.73,28.29,0.731,499.0,232.69,45.02,53.03,829.75
2024-04-27 23:00:00,81.04,74.71,30.13,0.785,521.77,218.94,56.07,48.71,845.5
2024-04-28 00:00:00,92.5,97.92,30.05,0.947,576.73,264.78,51.85,63.64,957.01
2024-04-28 01:00:00,83.65,88.3,31.98,0.914,537.82,259.66,54.85,63.43,915.76
2024-04-28 02:00:00,79.65,79.89,29.53,0.757,516.6,227.97,55.61,54.6,854.78
2024-04-28 03:00:00,73.8,81.24,26.97,0.819,494.51,230.08,49.62,61.51,835.72
2024-04-28 04:00:00,76.99,70.31,30.57,0.79,514.69,204.61,50.93,53.41,823.63
2024-04-28 05:00:00,71.76,88.5,32.8,0.825,488.59,259.12,63.94,59.51,871.16
2024-04-28 06:00:00,72.63,73.36,30.67,0.785,480.07,218.38,57.62,61.79,817.87
2024-04-28 07:00:00,64.62,71.71,28.42,0.751,445.55,204.38,43.49,63.47,756.88
2024-04-28 08:00:00,70.56,66.0,27.97,0.586,484.7,191.68,49.54,61.98,787.9
2024-04-28 09:00:00,68.93,76.9,28.17,0.797,476.88,211.41,52.6,50.53,791.41
2024-04-28 10:00:00,86.53,77.73,32.6,0.781,545.66,222.66,58.64,61.51,888.47
2024-04-28 11:00:00,80.07,80.54,29.11,0.81,525.1,220.15,39.5,70.9,855.65
2024-04-28 12:00:00,87.12,80.84,28.6,0.825,558.97,222.75,52.14,61.96,895.83
2024-04-28 13:00:00,80.35,74.79,29.36,0.73,529.18,223.46,56.28,53.07,862.0
2024-04-28 14:00:00,78.27,75.11,29.12,0.755,521.3,223.08,52.49,56.45,853.32
2024-04-28 15:00:00,71.65,76.95,31.95,0.782,469.93,230.55,58.13,57.44,816.05
2024-04-28 16:00:00,66.94,67.06,28.08,0.708,449.19,192.01,55.02,48.34,744.56
2024-04-28 17:00:00,63.1,67.81,31.37,0.602,442.76,196.38,50.53,60.5,750.17
2024-04-28 18:00:00,61.56,74.09,29.78,0.805,428.97,211.83,56.95,58.25,756.0
2024-04-28 19:00:00,68.59,87.31,31.41,0.815,445.13,253.19,58.29,58.48,815.1
2024-04-28 20:00:00,64.96,74.87,31.97,0.787,431.45,217.6,51.45,59.38,759.87
2024-04-28 21:00:00,75.88,73.35,29.72,0.738,504.71,224.98,56.7,56.39,842.77
2024-04-28 22:00:00,85.5,80.91,29.12,0.745,554.2,233.68,60.05,64.28,912.2
2024-04-28 23:00:00,82.69,81.5,29.7,0.841,522.65,230.48,55.19,60.92,869.24
2024-04-29 00:00:00,112.13,94.32,29.61,0.896,689.43,261.51,55.91,57.33,1064.19
2024-04-29 01:00:00,112.07,100.0,27.26,1.0,678.76,259.62,45.21,62.22,1045.83
2024-04-29 02:00:00,112.22,97.2,32.08,0.936,672.91,251.79,55.67,61.78,1042.15
2024-04-29 03:00:00,100.78,94.93,30.12,0.875,619.4,260.9,50.54,55.23,986.07
2024-04-29 04:00:00,90.38,83.62,28.0,0.913,562.09,235.68,52.39,59.14,909.3
2024-04-29 05:00:00,88.95,91.1,26.65,0.92,559.8,262.91,46.29,59.13,928.13
2024-04-29 06:00:00,80.59,79.46,26.26,0.838,508.0,218.6,45.35,57.07,829.02
2024-04-29 07:00:00,89.74,80.01,30.91,0.758,568.08,230.26,58.84,53.22,910.4
2024-04-29 08:00:00,94.13,97.95,28.82,0.885,595.37,269.87,58.96,56.92,981.12
2024-04-29 09:00:00,98.77,80.26,29.07,0.886,603.06,230.6,52.37,66.33,952.37
2024-04-29 10:00:00,104.15,88.38,30.48,0.883,640.86,252.19,48.97,56.75,998.78
2024-04-29 11:00:00,109.44,91.59,28.98,0.94,660.78,248.54,52.72,64.49,1026.53
2024-04-29 12:00:00,117.14,100.0,30.57,1.0,711.05,274.99,56.19,59.82,1102.05
2024-04-29 13:00:00,117.91,100.0,29.89,0.983,691.02,273.37,57.53,60.84,1082.76
2024-04-29 14:00:00,104.95,99.95,29.62,1.0,650.45,276.88,52.43,53.88,1033.64
2024-04-29 15:00:00,101.83,89.26,27.39,0.972,614.63,244.39,53.23,65.82,978.06
2024-04-29 16:00:00,84.15,94.21,28.52,0.94,539.08,250.72,54.65,70.3,914.74
2024-04-29 17:00:00,84.67,84.18,30.65,0.889,537.68,233.0,54.38,56.51,881.58
2024-04-29 18:00:00,84.88,87.32,28.73,0.774,541.49,237.0,55.39,66.52,900.4
2024-04-29 19:00:00,83.37,82.58,31.56,0.882,524.62,230.04,60.92,53.65,869.23
2024-04-29 20:00:00,88.75,84.13,33.27,0.765,577.05,234.67,55.92,59.73,927.37
2024-04-29 21:00:00,97.33,87.41,30.73,0.925,596.35,238.08,59.56,54.14,948.14
2024-04-29 22:00:00,108.67,93.29,31.99,0.952,653.68,255.95,57.5,61.89,1029.02
2024-04-29 23:00:00,112.24,99.16,30.83,0.987,695.56,261.17,54.91,58.98,1070.62
2024-04-30 00:00:00,106.05,94.86,29.1,0.944,652.82,258.77,52.35,59.75,1023.67
2024-04-30 01:00:00,104.51,92.1,30.2,0.908,632.5,250.43,59.73,66.56,1009.22
2024-04-30 02:00:00,105.07,100.0,32.92,0.959,644.33,269.27,64.61,66.22,1044.43
2024-04-30 03:00:00,101.83,76.08,29.11,0.751,627.27,222.13,54.71,59.14,963.25
2024-04-30 04:00:00,81.51,83.3,28.34,0.943,514.05,232.43,52.49,65.54,864.51
2024-04-30 05:00:00,85.01,86.09,28.2,0.926,538.99,236.13,50.74,65.75,891.61
2024-04-30 06:00:00,82.9,87.18,29.57,0.828,534.26,239.16,64.43,65.55,903.39
2024-04-30 07:00:00,92.56,85.96,28.4,0.873,592.95,246.65,48.77,60.74,949.11
2024-04-30 08:00:00,90.96,86.52,32.41,0.87,573.29,249.35,56.95,61.65,941.24
2024-04-30 09:00:00,101.53,95.7,30.22,0.95,626.75,257.87,56.01,58.58,999.22
2024-04-30 10:00:00,108.07,100.0,31.36,0.95,653.8,269.07,53.22,71.67,1047.76
2024-04-30 11:00:00,104.47,90.73,29.45,0.93,651.11,240.31,57.61,62.0,1011.02
2024-04-30 12:00:00,118.07,100.0,28.19,1.0,717.58,268.91,45.26,59.59,1091.34
2024-04-30 13:00:00,113.85,100.0,27.94,0.958,695.57,261.29,47.83,62.52,1067.21
2024-04-30 14:00:00,109.53,84.15,28.54,0.939,668.56,233.78,50.16,61.36,1013.86
2024-04-30 15:00:00,115.7,94.4,30.42,1.0,685.74,264.71,51.14,70.31,1071.9
2024-04-30 16:00:00,84.16,89.41,30.68,0.922,549.51,238.75,59.79,59.89,907.94
2024-04-30 17:00:00,93.91,92.42,30.81,0.863,590.0,248.66,50.59,63.83,953.08
2024-04-30 18:00:00,83.85,84.54,27.67,0.865,536.78,232.15,46.35,59.4,874.68
2024-04-30 19:00:00,88.16,81.84,29.9,0.832,564.38,221.84,51.51,51.56,889.3
2024-04-30 20:00:00,92.32,81.75,28.36,0.843,583.38,236.85,54.82,60.01,935.06
2024-04-30 21:00:00,98.3,86.2,30.5,0.941,602.96,242.67,61.11,64.27,971.02
2024-04-30 22:00:00,105.22,100.0,30.62,0.991,643.54,280.85,57.6,60.68,1042.67
2024-04-30 23:00:00,114.31,94.01,28.14,1.0,676.31,251.45,45.8,54.22,1027.78
2024-05-01 00:00:00,108.93,94.97,31.5,0.97,665.34,248.81,54.62,67.93,1036.7
2024-05-01 01:00:00,115.99,94.23,33.56,0.928,710.6,263.53,67.09,54.05,1095.27
2024-05-01 02:00:00,105.84,97.13,31.3,1.0,634.81,261.81,56.86,56.14,1009.62
2024-05-01 03:00:00,95.48,85.05,29.81,0.892,598.43,235.8,48.27,54.37,936.87
2024-05-01 04:00:00,90.7,84.86,29.57,0.826,578.85,247.08,62.41,54.82,943.16
2024-05-01 05:00:00,92.04,77.6,29.74,0.78,586.72,223.98,51.65,60.22,922.58
2024-05-01 06:00:00,82.86,73.36,28.91,0.765,528.32,219.49,52.15,63.05,863.01
2024-05-01 07:00:00,88.44,84.26,30.43,0.835,553.4,233.21,52.43,57.07,896.11
2024-05-01 08:00:00,89.58,78.16,28.34,0.788,563.18,219.79,47.59,62.82,893.39
2024-05-01 09:00:00,103.03,100.0,27.22,0.959,644.69,267.81,54.57,63.85,1030.91
2024-05-01 10:00:00,110.24,84.81,30.38,0.764,657.53,242.13,55.87,58.36,1013.89
2024-05-01 11:00:00,120.38,96.19,30.08,0.967,712.2,262.31,55.81,52.43,1082.74
2024-05-01 12:00:00,114.3,97.23,29.19,0.979,687.82,267.0,47.83,67.57,1070.21
2024-05-01 13:00:00,115.67,96.01,28.13,0.986,690.52,245.99,49.83,56.65,1042.99
2024-05-01 14:00:00,107.89,88.43,30.48,0.855,659.13,234.4,52.78,48.95,995.26
2024-05-01 15:00:00,105.18,87.8,28.56,0.811,657.23,231.46,48.51,58.05,995.26
2024-05-01 16:00:00,89.62,79.86,29.84,0.75,558.49,225.43,55.98,62.92,902.82
2024-05-01 17:00:00,89.99,83.56,32.7,0.888,568.78,227.09,57.9,63.67,917.44
2024-05-01 18:00:00,84.22,91.87,31.03,0.885,541.04,263.07,59.02,54.32,917.44
2024-05-01 19:00:00,86.75,83.77,28.0,0.816,551.09,235.78,53.68,50.76,891.3
2024-05-01 20:00:00,92.87,92.35,28.14,0.908,571.71,255.23,49.31,61.53,937.78
2024-05-01 21:00:00,101.01,93.04,30.28,0.899,619.94,248.84,56.72,62.58,988.09
2024-05-01 22:00:00,107.04,99.09,27.99,0.956,650.1,261.36,48.93,65.59,1025.97
2024-05-01 23:00:00,113.85,82.92,27.05,0.786,694.31,243.45,45.93,65.02,1048.71
2024-05-02 00:00:00,121.31,99.13,31.0,1.0,729.92,278.88,51.95,60.73,1121.48
2024-05-02 01:00:00,116.93,100.0,30.68,1.0,692.25,272.49,55.97,55.41,1076.11
2024-05-02 02:00:00,110.98,92.63,30.87,0.989,671.79,242.33,53.0,57.59,1024.71
2024-05-02 03:00:00,98.18,97.9,30.59,1.0,606.89,263.04,60.98,58.79,989.69
2024-05-02 04:00:00,88.94,91.89,30.1,0.801,580.35,254.85,61.08,55.42,951.71
2024-05-02 05:00:00,90.83,83.07,29.2,0.848,576.49,233.08,54.87,65.4,929.84
2024-05-02 06:00:00,88.5,81.74,30.97,0.788,553.9,218.93,57.12,65.14,895.09
2024-05-02 07:00:00,92.9,81.38,32.49,0.87,578.29,242.0,58.96,53.02,932.27
2024-05-02 08:00:00,90.08,81.89,29.45,0.782,567.39,226.96,62.9,58.39,915.65
2024-05-02 09:00:00,99.08,83.38,28.67,0.781,618.31,227.05,59.85,70.31,975.51
2024-05-02 10:00:00,100.94,92.62,28.49,0.854,628.59,254.31,50.87,65.81,999.58
2024-05-02 11:00:00,111.42,88.43,28.9,0.869,678.71,252.81,51.62,60.94,1044.08
2024-05-02 12:00:00,118.99,100.0,30.5,1.0,713.25,273.08,56.61,65.48,1108.42
2024-05-02 13:00:00,111.12,98.7,26.99,1.0,674.53,259.38,44.26,68.25,1046.42
2024-05-02 14:00:00,110.06,86.72,30.86,0.807,669.28,233.24,48.74,60.47,1011.73
2024-05-02 15:00:00,99.24,97.37,31.16,1.0,601.93,251.32,51.14,53.22,957.61
2024-05-02 16:00:00,93.8,89.47,27.5,0.927,588.49,246.13,48.69,64.3,947.61
2024-05-02 17:00:00,82.42,84.96,28.73,0.888,527.48,235.57,48.33,64.56,875.94
2024-05-02 18:00:00,85.34,78.88,30.32,0.853,533.48,228.73,60.79,54.97,877.97
2024-05-02 19:00:00,75.05,80.63,29.98,0.724,514.57,225.22,48.49,61.3,849.58
2024-05-02 20:00:00,91.75,91.51,30.98,0.87,581.25,258.01,50.82,56.05,946.13
2024-05-02 21:00:00,93.48,86.25,29.99,0.904,587.5,245.04,47.04,51.78,931.35
2024-05-02 22:00:00,112.32,100.0,32.09,0.959,678.65,265.63,55.59,61.1,1060.97
2024-05-02 23:00:00,116.1,98.27,29.72,0.969,706.34,268.71,52.29,67.26,1094.61
2024-05-03 00:00:00,116.87,100.0,28.87,0.996,695.04,277.97,52.05,61.61,1086.66
2024-05-03 01:00:00,119.07,100.0,28.75,0.936,712.87,264.24,52.01,60.88,1090.0
2024-05-03 02:00:00,103.7,94.78,31.45,0.93,630.9,257.76,54.52,53.34,996.52
2024-05-03 03:00:00,106.99,85.14,30.39,0.897,660.72,237.39,50.89,63.14,1012.14
2024-05-03 04:00:00,96.23,89.97,31.29,0.936,594.53,246.79,58.41,57.23,956.96
2024-05-03 05:00:00,86.06,79.36,31.26,0.849,559.13,231.46,53.08,56.11,899.77
2024-05-03 06:00:00,89.54,80.54,27.31,0.856,566.92,234.42,52.69,64.41,918.44
2024-05-03 07:00:00,82.58,90.01,28.63,0.92,539.12,251.47,46.01,53.92,890.52
2024-05-03 08:00:00,89.2,83.53,28.81,0.852,569.21,237.57,49.27,58.94,914.99
2024-05-03 09:00:00,97.57,83.77,29.12,0.85,616.3,232.54,60.98,54.26,964.08
2024-05-03 10:00:00,105.38,90.9,29.71,0.878,639.44,252.87,62.6,58.5,1013.41
2024-05-03 11:00:00,108.76,87.88,31.84,0.827,671.07,236.84,52.27,49.04,1009.21
2024-05-03 12:00:00,119.89,100.0,32.14,0.966,704.56,284.87,63.08,62.71,1115.22
2024-05-03 13:00:00,111.95,92.5,29.9,0.909,680.12,262.35,60.68,61.95,1065.1
2024-05-03 14:00:00,108.91,97.1,29.97,0.938,660.18,269.65,58.59,70.88,1059.31
2024-05-03 15:00:00,97.72,95.64,29.29,0.977,597.36,263.29,52.85,61.21,974.71
2024-05-03 16:00:00,85.22,80.11,30.48,0.811,538.94,230.68,47.54,55.49,872.65
2024-05-03 17:00:00,88.09,86.71,30.65,0.883,555.32,231.94,55.9,64.96,908.13
2024-05-03 18:00:00,77.35,73.53,31.55,0.753,505.18,206.85,58.84,64.84,835.72
2024-05-03 19:00:00,86.74,95.6,31.54,1.0,549.48,253.95,58.13,66.53,928.09
2024-05-03 20:00:00,87.03,88.2,26.89,0.882,555.77,245.56,50.71,50.2,902.24
2024-05-03 21:00:00,107.95,93.01,30.11,0.981,653.1,253.64,51.36,56.49,1014.59
2024-05-03 22:00:00,111.15,91.71,32.42,0.943,671.91,257.46,56.82,55.46,1041.65
2024-05-03 23:00:00,113.41,96.14,29.69,1.0,684.75,256.09,44.26,67.64,1052.75
2024-05-04 00:00:00,91.3,83.95,32.2,0.92,577.98,242.46,61.92,64.03,946.38
2024-05-04 01:00:00,81.36,90.44,30.03,0.933,533.58,245.01,50.86,65.65,895.1
2024-05-04 02:00:00,82.8,75.27,30.75,0.758,540.82,215.56,54.76,54.58,865.72
2024-05-04 03:00:00,75.8,78.57,28.78,0.791,500.9,230.38,53.22,60.66,845.16
2024-05-04 04:00:00,70.43,75.12,28.84,0.728,475.6,220.79,50.07,51.86,798.32
2024-05-04 05:00:00,70.35,74.59,31.58,0.721,474.23,209.12,52.95,54.49,790.79
2024-05-04 06:00:00,66.68,72.8,31.81,0.773,450.88,219.26,58.68,60.62,789.44
2024-05-04 07:00:00,66.41,72.63,30.53,0.678,459.27,213.05,48.22,61.11,781.64
2024-05-04 08:00:00,62.76,75.74,28.65,0.838,426.46,206.21,55.03,61.97,749.67
2024-05-04 09:00:00,71.16,78.62,30.55,0.779,459.41,220.06,58.04,56.75,794.26
2024-05-04 10:00:00,80.13,82.16,32.37,0.965,512.34,230.08,56.47,62.13,861.02
2024-05-04 11:00:00,85.12,67.39,33.1,0.639,556.81,194.5,58.01,60.02,869.34
2024-05-04 12:00:00,81.73,82.36,30.01,0.836,526.28,241.02,50.47,67.85,885.63
2024-05-04 13:00:00,94.39,78.92,28.0,0.772,594.14,223.48,49.27,57.87,924.75
2024-05-04 14:00:00,86.69,86.58,31.75,0.826,551.26,244.57,56.74,50.83,903.41
2024-05-04 15:00:00,77.41,86.08,30.07,0.914,511.54,242.0,53.26,63.08,869.88
2024-05-04 16:00:00,69.66,70.2,31.9,0.647,468.88,211.66,63.62,61.68,805.84
2024-05-04 17:00:00,64.41,70.9,30.91,0.675,441.49,218.92,49.04,55.55,765.0
2024-05-04 18:00:00,59.94,66.97,29.16,0.699,424.62,204.7,49.26,58.37,736.95
2024-05-04 19:00:00,65.57,78.96,30.58,0.827,444.11,236.27,58.36,60.97,799.72
2024-05-04 20:00:00,70.41,75.68,32.45,0.687,475.01,223.14,67.03,58.1,823.28
2024-05-04 21:00:00,70.03,83.66,30.26,0.866,468.77,236.47,51.42,54.45,811.11
2024-05-04 22:00:00,81.96,83.05,28.94,0.837,528.95,236.33,56.53,59.0,880.82
2024-05-04 23:00:00,84.12,83.27,28.11,0.787,534.06,219.12,46.39,64.42,863.99
2024-05-05 00:00:00,78.62,79.65,29.47,0.757,511.37,224.53,51.89,58.19,845.99
2024-05-05 01:00:00,81.3,84.74,30.02,0.746,522.18,237.09,54.47,61.06,874.8
2024-05-05 02:00:00,78.97,70.8,31.86,0.794,523.89,211.3,54.99,59.09,849.28
2024-05-05 03:00:00,82.55,81.7,28.95,0.868,519.28,231.42,50.83,53.82,855.36
2024-05-05 04:00:00,71.6,75.45,32.96,0.69,485.12,220.45,54.28,59.47,819.31
2024-05-05 05:00:00,59.92,73.58,28.63,0.776,405.62,206.59,54.62,57.77,
2024-05-05 06:00:00,65.69,71.91,34.13,0.69,452.77,201.52,58.24,63.79,776.32
2024-05-05 07:00:00,59.07,64.34,33.22,0.689,408.64,188.02,57.54,66.18,720.37
2024-05-05 08:00:00,73.71,76.89,30.84,0.744,493.06,230.9,52.79,64.41,841.15
2024-05-05 09:00:00,73.12,71.14,28.16,0.693,484.61,201.79,48.17,56.32,790.9
2024-05-05 10:00:00,80.25,70.5,30.55,0.691,509.79,203.32,55.97,54.19,823.26
2024-05-05 11:00:00,90.05,88.66,30.05,0.854,581.1,246.81,54.74,52.43,935.09
2024-05-05 12:00:00,81.1,83.45,28.72,0.904,531.72,225.69,62.17,60.85,880.42
2024-05-05 13:00:00,79.15,81.91,31.07,0.864,519.8,226.78,55.34,56.45,858.38
2024-05-05 14:00:00,78.29,85.66,29.4,0.862,506.33,243.95,52.91,54.44,857.62
2024-05-05 15:00:00,79.15,76.25,29.56,0.814,522.26,217.5,58.95,69.81,868.52
2024-05-05 16:00:00,63.3,64.49,30.33,0.564,426.22,205.54,55.89,62.43,750.08
2024-05-05 17:00:00,53.93,66.61,29.77,0.605,371.82,189.7,53.59,61.68,676.79
2024-05-05 18:00:00,61.95,69.24,33.75,0.716,417.23,203.32,60.61,61.43,742.59
2024-05-05 19:00:00,67.46,69.52,29.83,0.732,449.94,203.37,54.87,68.09,776.27
2024-05-05 20:00:00,74.18,76.69,31.29,0.781,484.84,220.99,60.63,59.16,825.63
2024-05-05 21:00:00,73.15,73.52,30.85,0.641,482.26,207.02,61.31,63.09,813.68
2024-05-05 22:00:00,78.98,70.31,31.16,0.65,511.77,204.17,60.62,64.52,841.07
2024-05-05 23:00:00,89.36,82.47,31.28,0.846,561.59,237.93,58.56,69.29,927.37
2024-05-06 00:00:00,107.52,88.08,32.09,1.0,640.67,243.35,59.01,59.99,1003.03
2024-05-06 01:00:00,111.44,96.88,31.17,1.0,678.72,257.02,64.66,66.17,1066.58
2024-05-06 02:00:00,108.26,90.85,31.11,0.987,659.19,263.27,54.5,50.86,1027.82
2024-05-06 03:00:00,101.8,96.46,30.86,0.982,623.41,262.85,58.74,70.59,1015.6
2024-05-06 04:00:00,90.46,93.25,30.57,0.949,583.49,259.5,60.11,62.11,965.22
2024-05-06 05:00:00,87.15,86.97,29.41,0.818,553.8,247.22,57.51,63.78,922.31
2024-05-06 06:00:00,75.05,69.77,30.68,0.745,495.7,206.09,52.58,53.58,807.95
2024-05-06 07:00:00,84.38,89.71,31.13,0.893,548.25,243.66,67.7,53.26,912.87
2024-05-06 08:00:00,94.31,95.04,31.38,0.985,579.65,260.77,63.56,56.77,960.75
2024-05-06 09:00:00,96.07,88.13,31.04,0.883,600.17,240.87,60.52,60.1,961.66
2024-05-06 10:00:00,107.74,100.0,30.42,1.0,665.02,272.23,51.14,58.73,1047.11
2024-05-06 11:00:00,114.78,94.63,30.69,0.942,693.16,257.74,59.56,57.95,1068.4
2024-05-06 12:00:00,113.63,87.48,29.94,0.886,677.72,249.89,45.05,59.02,1031.68
2024-05-06 13:00:00,113.67,93.03,31.24,0.98,684.5,248.52,55.71,48.33,1037.06
2024-05-06 14:00:00,103.65,100.0,30.44,0.937,639.76,274.31,55.62,62.13,1031.82
2024-05-06 15:00:00,99.17,82.13,31.04,0.747,599.01,236.16,54.48,59.15,948.8
2024-05-06 16:00:00,94.94,87.47,32.27,0.896,583.88,242.25,64.83,64.76,955.71
2024-05-06 17:00:00,87.64,83.99,29.71,0.912,573.98,240.76,54.29,57.62,926.65
2024-05-06 18:00:00,82.65,78.76,31.67,0.872,537.15,227.91,53.56,58.14,876.76
2024-05-06 19:00:00,87.91,81.74,30.82,0.756,571.4,235.65,58.89,60.79,926.73
2024-05-06 20:00:00,95.36,88.04,33.8,0.86,603.72,248.51,62.84,63.42,978.49
2024-05-06 21:00:00,91.8,83.09,30.45,0.757,582.15,234.79,48.19,65.75,930.89
2024-05-06 22:00:00,112.14,88.96,31.82,0.862,678.21,243.23,63.02,59.8,1044.26
2024-05-06 23:00:00,111.65,96.9,30.8,1.0,681.28,259.84,56.24,62.14,1059.5
2024-05-07 00:00:00,116.7,100.0,28.83,0.999,715.11,268.71,56.24,60.17,1100.22
2024-05-07 01:00:00,117.78,100.0,30.13,0.981,715.5,275.06,56.28,58.53,1105.37
2024-05-07 02:00:00,102.01,86.96,32.23,0.897,631.4,246.41,57.07,50.39,985.27
2024-05-07 03:00:00,97.16,82.32,30.26,0.783,604.43,238.92,56.57,61.03,960.95
2024-05-07 04:00:00,91.35,84.25,27.58,0.922,580.72,243.57,49.64,55.45,929.37
2024-05-07 05:00:00,83.87,89.78,30.87,0.898,535.12,247.23,57.12,64.35,903.82
2024-05-07 06:00:00,91.94,89.2,29.27,0.872,583.69,259.09,55.5,55.66,953.93
2024-05-07 07:00:00,83.58,85.31,31.11,0.882,532.33,238.53,56.99,57.16,885.0
2024-05-07 08:00:00,90.28,89.59,33.24,0.943,568.56,245.17,62.09,55.89,931.71
2024-05-07 09:00:00,100.82,92.51,32.07,1.0,615.87,256.28,56.63,62.67,991.44
2024-05-07 10:00:00,102.69,91.95,33.22,0.909,629.94,255.99,57.91,58.48,1002.32
2024-05-07 11:00:00,111.41,99.02,30.07,1.0,671.57,263.48,57.63,62.84,1055.52
2024-05-07 12:00:00,116.27,95.4,30.7,0.959,714.88,259.4,61.46,46.65,1082.39
2024-05-07 13:00:00,111.66,88.76,29.35,0.857,671.14,243.71,51.15,69.97,1035.97
2024-05-07 14:00:00,107.13,97.18,29.89,0.933,658.71,264.92,55.46,54.95,1034.04
2024-05-07 15:00:00,97.88,95.13,29.52,0.896,601.84,264.55,47.9,63.84,978.13
2024-05-07 16:00:00,86.44,77.63,28.95,0.739,552.59,221.43,59.73,62.5,896.25
2024-05-07 17:00:00,88.3,88.26,32.96,0.938,563.8,248.78,64.31,63.56,940.45
2024-05-07 18:00:00,92.02,94.41,27.77,0.979,565.29,249.94,48.06,55.91,919.2
2024-05-07 19:00:00,87.08,83.53,32.97,0.773,544.23,240.75,58.33,58.31,901.62
2024-05-07 20:00:00,93.4,82.61,32.78,0.739,579.37,230.76,64.24,61.99,936.37
2024-05-07 21:00:00,102.77,92.0,31.66,0.864,623.43,250.37,58.1,60.02,991.92
2024-05-07 22:00:00,102.42,88.46,29.24,0.846,632.79,248.17,55.56,55.45,991.97
2024-05-07 23:00:00,119.8,96.82,28.54,0.953,720.94,266.03,47.83,62.87,1097.67
2024-05-08 00:00:00,115.81,100.0,30.23,1.0,690.54,269.33,57.12,71.42,1088.4
2024-05-08 01:00:00,119.52,91.74,31.99,0.89,718.58,247.32,57.38,57.89,1081.18
2024-05-08 02:00:00,104.57,85.06,31.06,0.935,639.45,235.76,57.49,62.44,995.14
2024-05-08 03:00:00,107.27,93.73,29.49,0.853,655.57,257.41,51.88,61.14,1026.0
2024-05-08 04:00:00,95.6,87.69,32.77,0.859,592.98,247.09,58.55,58.15,956.75
2024-05-08 05:00:00,89.22,86.33,33.58,0.903,570.01,236.35,61.25,64.03,931.65
2024-05-08 06:00:00,85.94,92.34,30.71,0.966,562.76,250.08,53.34,63.96,930.14
2024-05-08 07:00:00,86.02,83.53,31.21,0.819,556.27,236.99,65.66,57.25,916.17
2024-05-08 08:00:00,97.3,91.64,28.79,0.967,617.66,251.95,48.0,67.16,984.77
2024-05-08 09:00:00,100.56,85.4,30.43,0.895,611.58,240.23,57.17,60.05,969.03
2024-05-08 10:00:00,99.63,93.66,31.82,0.902,612.75,240.99,58.88,65.38,978.0
2024-05-08 11:00:00,108.52,91.63,31.58,0.932,667.13,250.65,60.29,61.72,1039.8
2024-05-08 12:00:00,114.26,97.49,30.29,1.0,703.35,269.84,44.92,60.2,1078.3
2024-05-08 13:00:00,114.23,96.57,30.64,0.935,696.36,259.1,48.8,59.96,1064.22
2024-05-08 14:00:00,107.27,98.8,30.38,1.0,648.16,270.4,52.89,63.38,1034.83
2024-05-08 15:00:00,104.88,85.89,30.63,0.817,640.9,233.11,59.22,54.5,987.74
2024-05-08 16:00:00,84.7,70.93,31.69,0.717,546.15,199.58,56.38,61.86,863.96
2024-05-08 17:00:00,87.58,82.72,28.1,0.765,556.6,236.23,49.76,66.55,909.14
2024-05-08 18:00:00,77.73,81.21,30.94,0.817,502.25,230.21,56.15,62.55,851.16
2024-05-08 19:00:00,90.05,85.79,31.58,0.805,567.92,238.13,53.87,51.27,911.19
2024-05-08 20:00:00,92.12,92.22,30.19,0.908,580.5,258.75,56.63,53.08,948.96
2024-05-08 21:00:00,101.68,93.03,30.33,0.851,619.71,253.48,55.76,60.11,989.07
2024-05-08 22:00:00,104.04,89.2,30.37,0.932,648.1,243.53,57.08,56.07,1004.78
2024-05-08 23:00:00,118.11,87.43,30.33,0.892,707.02,239.15,61.06,64.45,1071.69
2024-05-09 00:00:00,119.17,98.4,31.2,1.0,715.25,260.92,55.63,57.63,1089.43
2024-05-09 01:00:00,115.32,100.0,31.38,0.983,704.9,272.8,57.33,62.76,1097.78
2024-05-09 02:00:00,106.98,91.53,28.04,0.972,653.91,250.34,46.92,69.7,1020.87
2024-05-09 03:00:00,102.32,91.3,32.17,0.915,639.44,258.59,53.29,60.12,1011.43
2024-05-09 04:00:00,89.67,86.94,30.75,0.875,560.13,224.87,55.72,54.94,895.66
2024-05-09 05:00:00,90.43,80.14,34.09,0.907,575.62,233.83,62.17,61.98,933.6
2024-05-09 06:00:00,91.6,88.92,29.4,0.865,584.7,248.88,56.08,61.41,951.07
2024-05-09 07:00:00,91.29,93.83,29.89,1.0,569.82,256.5,56.5,61.25,944.07
2024-05-09 08:00:00,89.58,83.93,30.88,0.863,566.48,228.5,57.01,66.84,918.82
2024-05-09 09:00:00,101.45,85.08,31.81,0.822,625.97,228.7,64.39,54.07,973.13
2024-05-09 10:00:00,102.33,90.83,28.26,0.843,633.31,255.25,50.02,65.0,1003.58
2024-05-09 11:00:00,115.28,86.52,29.94,0.814,700.2,243.14,53.54,56.97,1053.85
2024-05-09 12:00:00,116.8,100.0,32.07,1.0,696.72,271.34,59.27,66.9,1094.23
2024-05-09 13:00:00,105.51,95.02,29.76,1.0,647.08,258.92,49.24,49.39,1004.63
2024-05-09 14:00:00,102.85,99.8,33.24,1.0,646.99,274.69,62.99,71.15,1055.82
2024-05-09 15:00:00,98.87,88.46,30.51,0.892,622.77,242.26,55.6,58.65,979.27
2024-05-09 16:00:00,91.3,87.69,29.84,0.916,582.83,242.13,54.47,53.95,933.38
2024-05-09 17:00:00,82.17,76.78,32.1,0.771,529.32,220.18,60.35,64.54,874.39
2024-05-09 18:00:00,86.56,81.5,33.6,0.87,569.81,229.86,62.38,62.56,924.61
2024-05-09 19:00:00,88.02,76.38,31.81,0.778,568.32,228.42,59.3,62.27,918.31
2024-05-09 20:00:00,91.72,84.89,33.08,0.856,578.91,230.74,58.38,64.65,932.68
2024-05-09 21:00:00,96.98,86.96,33.7,0.835,606.65,230.89,67.34,60.18,965.06
2024-05-09 22:00:00,111.69,97.34,29.8,0.926,674.8,255.7,48.2,58.54,1037.24
2024-05-09 23:00:00,119.61,96.69,32.59,0.809,721.21,267.15,56.33,54.2,1098.88
2024-05-10 00:00:00,113.07,96.95,29.04,1.0,690.07,262.99,50.45,59.43,1062.95
2024-05-10 01:00:00,110.54,93.6,31.96,0.929,678.33,246.98,55.04,57.44,1037.79
2024-05-10 02:00:00,109.46,93.07,31.21,0.911,665.88,256.06,49.6,59.96,1031.49
2024-05-10 03:00:00,98.57,89.69,33.19,0.799,601.05,246.4,66.71,60.56,974.72
2024-05-10 04:00:00,91.94,86.17,33.08,0.83,581.65,244.32,62.51,68.69,957.17
2024-05-10 05:00:00,89.97,88.79,32.18,0.849,575.5,251.22,55.79,56.26,938.77
2024-05-10 06:00:00,77.36,78.08,31.77,0.741,498.98,239.07,60.37,59.29,857.72
2024-05-10 07:00:00,92.28,84.39,32.08,0.861,580.69,230.13,57.51,57.82,926.15
2024-05-10 08:00:00,92.79,85.49,31.41,0.861,594.69,228.36,55.78,52.99,931.81
2024-05-10 09:00:00,98.35,85.6,31.23,0.788,602.14,243.3,52.77,74.56,972.78
2024-05-10 10:00:00,107.14,91.77,33.48,0.853,653.45,258.64,60.74,55.32,1028.15
2024-05-10 11:00:00,112.84,100.0,33.67,0.935,696.1,262.35,58.47,61.85,1078.76
2024-05-10 12:00:00,108.08,89.47,31.11,0.985,661.64,240.25,52.51,68.5,1022.89
2024-05-10 13:00:00,118.97,98.09,31.68,1.0,710.64,268.06,61.24,53.8,1093.75
2024-05-10 14:00:00,107.67,91.9,31.44,0.876,658.27,263.27,53.71,64.38,1039.63
2024-05-10 15:00:00,101.77,89.65,28.9,0.798,635.47,243.01,58.04,52.3,988.82
2024-05-10 16:00:00,96.31,86.5,30.82,0.871,599.9,242.17,53.01,55.99,951.07
2024-05-10 17:00:00,82.92,82.86,33.72,0.831,539.41,222.61,55.09,62.81,879.91
2024-05-10 18:00:00,86.89,74.9,30.2,0.765,556.35,216.09,56.85,58.64,887.93
2024-05-10 19:00:00,85.94,88.16,34.49,0.919,552.23,244.44,60.7,67.27,924.65
2024-05-10 20:00:00,95.89,91.11,33.08,0.934,604.73,260.13,53.62,60.64,979.12
2024-05-10 21:00:00,91.49,79.53,31.92,0.739,575.1,222.78,58.88,62.6,919.36
2024-05-10 22:00:00,107.1,82.21,32.16,0.837,647.96,236.75,53.07,56.55,994.33
2024-05-10 23:00:00,110.58,90.4,29.95,0.947,676.69,245.22,46.34,54.81,1023.06
2024-05-11 00:00:00,87.98,82.78,31.06,0.792,558.84,234.37,59.01,54.22,906.44
2024-05-11 01:00:00,86.62,96.21,33.62,0.977,549.53,274.51,66.86,55.33,946.23
2024-05-11 02:00:00,77.79,81.61,30.53,0.788,513.18,242.15,53.78,56.53,865.63
2024-05-11 03:00:00,72.15,67.04,33.05,0.77,490.98,212.54,64.73,65.79,834.03
2024-05-11 04:00:00,68.93,71.02,29.39,0.644,463.43,211.52,56.51,62.02,793.47
2024-05-11 05:00:00,61.67,70.57,29.66,0.763,428.42,206.93,56.45,53.61,745.42
2024-05-11 06:00:00,67.12,74.83,34.31,0.665,446.14,218.85,61.47,57.94,784.39
2024-05-11 07:00:00,63.78,65.32,31.44,0.743,437.12,199.96,54.6,59.85,751.53
2024-05-11 08:00:00,57.75,68.2,30.65,0.625,410.51,205.55,56.94,74.67,747.66
2024-05-11 09:00:00,73.5,73.16,33.5,0.741,487.34,209.37,63.29,60.04,820.04
2024-05-11 10:00:00,76.47,72.72,33.32,0.646,499.46,208.2,55.34,62.27,825.26
2024-05-11 11:00:00,78.22,80.41,32.83,0.737,516.9,225.28,58.21,55.04,855.42
2024-05-11 12:00:00,81.3,84.52,30.6,0.89,526.97,243.91,54.72,63.6,889.2
2024-05-11 13:00:00,85.18,86.8,31.02,0.919,566.61,249.34,55.11,66.9,937.97
2024-05-11 14:00:00,85.94,85.84,31.92,0.87,551.36,259.37,55.16,59.25,925.13
2024-05-11 15:00:00,76.25,75.64,32.5,0.793,479.29,221.4,53.56,63.08,817.33
2024-05-11 16:00:00,66.95,77.05,30.69,0.823,445.85,217.07,54.43,62.88,780.22
2024-05-11 17:00:00,67.08,75.09,31.71,0.717,459.66,214.81,56.37,60.35,791.18
2024-05-11 18:00:00,61.91,71.63,31.85,0.646,424.42,209.47,55.85,66.45,756.19
2024-05-11 19:00:00,62.48,68.18,33.38,0.681,427.74,212.22,63.09,56.01,759.06
2024-05-11 20:00:00,64.76,69.89,32.59,0.67,433.87,211.18,53.58,55.64,754.27
2024-05-11 21:00:00,67.99,74.37,29.19,0.763,456.15,208.09,54.07,60.02,778.33
2024-05-11 22:00:00,79.07,91.73,31.13,0.945,516.88,252.3,49.26,58.13,876.57
2024-05-11 23:00:00,85.37,84.19,30.06,0.808,549.96,227.98,54.24,45.44,877.63
2024-05-12 00:00:00,85.86,79.88,32.44,0.834,541.16,231.29,49.76,56.34,878.56
2024-05-12 01:00:00,83.08,77.38,32.97,0.806,541.84,218.25,56.18,49.35,865.62
2024-05-12 02:00:00,76.84,75.96,31.74,0.796,494.68,215.85,57.44,58.4,826.37
2024-05-12 03:00:00,77.43,89.6,31.18,0.876,510.67,236.89,50.83,63.57,861.96
2024-05-12 04:00:00,64.11,70.06,31.69,0.74,443.23,211.66,51.76,60.27,766.92
2024-05-12 05:00:00,68.36,78.72,31.9,0.813,454.33,232.55,61.74,60.67,809.3
2024-05-12 06:00:00,59.74,67.99,30.62,0.712,410.28,198.62,49.14,59.22,717.27
2024-05-12 07:00:00,62.25,72.43,29.76,0.808,434.3,211.13,53.49,61.06,759.97
2024-05-12 08:00:00,63.51,75.71,28.51,0.774,433.06,216.12,57.62,74.12,780.93
2024-05-12 09:00:00,72.99,73.64,33.48,0.706,483.45,213.33,61.24,58.24,816.26
2024-05-12 10:00:00,84.53,79.06,32.33,0.735,548.13,221.1,58.71,59.93,887.87
2024-05-12 11:00:00,86.81,91.7,32.13,0.973,557.86,245.96,55.38,55.68,914.87
2024-05-12 12:00:00,90.16,90.0,33.48,0.918,563.49,257.22,57.83,50.48,929.02
2024-05-12 13:00:00,86.83,87.37,29.7,0.957,553.73,227.64,53.19,61.33,895.88
2024-05-12 14:00:00,76.21,82.04,28.98,0.719,493.57,235.31,44.58,65.66,839.12
2024-05-12 15:00:00,73.68,79.14,32.16,0.837,495.34,227.89,62.34,71.6,857.17
2024-05-12 16:00:00,66.25,83.22,32.02,0.819,463.56,244.68,58.87,59.06,826.18
2024-05-12 17:00:00,70.58,75.51,28.99,0.737,466.14,217.15,45.59,58.7,787.58
2024-05-12 18:00:00,58.96,72.37,32.12,0.685,414.56,209.74,62.33,64.68,751.31
2024-05-12 19:00:00,68.83,67.16,30.98,0.717,471.5,196.19,58.89,68.56,795.14
2024-05-12 20:00:00,72.95,72.35,30.37,0.754,484.93,214.07,56.83,53.82,809.64
2024-05-12 21:00:00,82.32,75.16,31.08,0.694,536.08,213.58,65.3,63.32,878.28
2024-05-12 22:00:00,78.99,85.86,27.92,0.867,515.34,233.54,51.04,69.14,869.07
2024-05-12 23:00:00,87.59,71.03,30.7,0.746,549.51,204.75,61.78,58.76,874.78
2024-05-13 00:00:00,124.13,100.0,30.66,1.0,741.58,264.32,55.68,54.21,1115.8
2024-05-13 01:00:00,110.52,80.29,32.55,0.858,681.62,222.58,60.8,63.93,1028.92
2024-05-13 02:00:00,101.36,86.52,31.48,0.851,629.31,242.21,54.84,53.27,979.64
2024-05-13 03:00:00,92.48,83.79,32.67,0.725,595.39,234.78,51.67,65.95,947.79
2024-05-13 04:00:00,95.35,94.6,27.89,0.955,582.58,261.96,43.29,69.95,957.79
2024-05-13 05:00:00,79.48,81.72,30.45,0.826,520.42,232.5,54.88,57.5,865.3
2024-05-13 06:00:00,83.51,77.59,32.55,0.791,532.37,215.72,58.03,68.29,874.42
2024-05-13 07:00:00,88.76,89.71,31.25,0.952,556.79,235.65,51.93,63.16,907.53
2024-05-13 08:00:00,93.24,86.71,32.98,0.769,596.88,235.75,58.66,66.93,958.22
2024-05-13 09:00:00,101.7,91.04,29.01,0.898,626.47,255.76,54.41,56.75,993.39
2024-05-13 10:00:00,108.39,88.18,32.81,0.836,659.13,249.63,64.62,63.12,1036.5
2024-05-13 11:00:00,118.11,94.1,30.75,0.881,713.28,263.52,52.99,61.21,
2024-05-13 12:00:00,111.19,91.47,30.61,0.911,658.73,257.11,57.07,56.07,1028.99
2024-05-13 13:00:00,110.28,95.37,33.2,0.989,682.25,266.81,67.12,58.24,1074.41
2024-05-13 14:00:00,104.41,92.59,33.46,0.941,657.28,256.89,63.62,62.88,1040.67
2024-05-13 15:00:00,103.32,99.38,33.26,0.959,643.92,279.52,57.2,54.38,1035.02
2024-05-13 16:00:00,96.1,89.98,34.77,0.892,603.8,250.71,63.39,53.99,971.9
2024-05-13 17:00:00,88.81,70.87,33.61,0.755,562.34,220.82,61.64,53.61,898.42
2024-05-13 18:00:00,89.73,86.18,30.52,0.896,560.07,237.22,57.88,56.12,911.29
2024-05-13 19:00:00,82.3,73.9,31.93,0.711,541.04,211.28,58.02,61.43,871.77
2024-05-13 20:00:00,99.17,84.75,31.17,0.817,623.18,236.83,58.44,57.47,975.92
2024-05-13 21:00:00,106.09,88.99,34.76,0.804,654.07,246.64,67.04,66.39,1034.14
2024-05-13 22:00:00,110.44,91.9,33.37,0.898,674.88,251.07,56.26,52.78,1034.99
2024-05-13 23:00:00,120.12,93.18,31.43,0.845,722.99,258.92,51.69,62.57,1096.17
2024-05-14 00:00:00,108.37,95.2,33.16,1.0,657.66,259.31,62.52,58.17,1037.66
2024-05-14 01:00:00,110.89,88.39,29.99,0.841,694.47,241.98,53.77,59.48,1049.7
2024-05-14 02:00:00,104.56,94.06,32.21,0.996,640.51,255.16,61.84,63.42,1020.93
2024-05-14 03:00:00,102.89,100.0,30.43,1.0,631.02,277.31,59.53,46.83,1014.68
2024-05-14 04:00:00,88.3,77.5,29.31,0.786,570.46,224.66,45.75,49.31,890.18
2024-05-14 05:00:00,90.04,83.6,33.02,0.831,569.96,225.5,56.48,59.69,911.63
2024-05-14 06:00:00,90.48,72.62,33.2,0.66,572.26,221.57,59.66,58.89,912.38
2024-05-14 07:00:00,89.79,83.39,32.53,0.809,580.27,237.72,54.85,52.86,925.7
2024-05-14 08:00:00,93.64,90.03,31.56,0.981,593.6,252.9,55.32,70.03,971.85
2024-05-14 09:00:00,96.05,91.63,29.94,0.934,606.08,257.99,49.18,54.21,967.45
2024-05-14 10:00:00,104.11,92.44,30.1,0.926,629.22,260.01,52.82,57.34,999.4
2024-05-14 11:00:00,117.99,100.0,30.39,1.0,713.15,264.49,51.23,65.75,1094.61
2024-05-14 12:00:00,118.12,100.0,31.49,1.0,702.54,263.58,58.46,56.62,1081.2
2024-05-14 13:00:00,112.83,100.0,33.45,0.993,680.53,284.38,64.23,55.66,1084.8
2024-05-14 14:00:00,105.83,90.3,33.43,0.914,650.55,245.44,62.21,61.95,1020.15
2024-05-14 15:00:00,91.9,78.69,29.37,0.749,579.19,227.53,63.65,56.28,926.66
2024-05-14 16:00:00,88.22,82.08,30.8,0.793,566.32,242.15,59.59,61.97,930.04
2024-05-14 17:00:00,94.66,82.59,30.76,0.816,599.44,230.78,59.37,62.57,952.16
2024-05-14 18:00:00,79.88,82.2,28.04,0.85,526.16,230.45,50.55,61.9,869.05
2024-05-14 19:00:00,87.77,77.98,32.69,0.717,548.08,229.31,58.01,65.89,901.3
2024-05-14 20:00:00,96.53,87.9,31.47,0.883,621.55,245.87,62.14,58.07,987.63
2024-05-14 21:00:00,94.98,91.68,31.67,0.897,594.7,255.5,56.39,57.48,964.08
2024-05-14 22:00:00,108.24,93.62,33.86,0.891,670.9,256.11,61.48,59.57,1048.07
2024-05-14 23:00:00,116.74,93.64,31.97,0.917,683.6,253.48,57.26,45.85,1040.19
2024-05-15 00:00:00,115.05,100.0,31.32,0.884,693.13,268.0,58.93,61.07,1081.13
2024-05-15 01:00:00,124.46,92.84,32.82,0.89,730.63,262.12,63.05,58.35,1114.15
2024-05-15 02:00:00,100.83,88.77,33.55,0.833,617.24,244.65,65.05,61.91,988.85
2024-05-15 03:00:00,104.23,91.91,32.41,0.905,641.58,255.58,57.52,55.52,1010.2
2024-05-15 04:00:00,91.81,85.98,33.0,0.746,576.37,234.75,60.52,66.73,938.37
2024-05-15 05:00:00,90.1,85.95,31.75,0.869,581.0,252.74,58.87,58.96,951.57
2024-05-15 06:00:00,86.77,86.43,31.84,0.91,567.98,243.43,63.57,64.18,939.15
2024-05-15 07:00:00,84.08,81.86,32.13,0.813,532.65,233.95,51.1,57.46,875.15
2024-05-15 08:00:00,93.42,84.87,30.83,0.874,583.18,243.78,55.95,62.33,945.24
2024-05-15 09:00:00,92.57,84.25,31.11,0.817,574.59,234.03,53.83,52.22,914.68
2024-05-15 10:00:00,109.91,91.9,34.03,0.841,678.81,260.15,59.52,49.02,1047.5
2024-05-15 11:00:00,114.18,100.0,34.98,1.0,692.19,260.9,59.95,58.97,
2024-05-15 12:00:00,117.55,95.54,34.35,0.989,708.03,256.96,64.39,59.9,1089.28
2024-05-15 13:00:00,117.22,100.0,29.98,0.934,708.61,265.19,44.56,59.52,1077.88
2024-05-15 14:00:00,108.97,94.58,29.83,0.923,662.36,247.33,53.55,58.55,1021.8
2024-05-15 15:00:00,100.59,87.69,30.18,0.865,616.11,240.98,47.43,57.99,962.51
2024-05-15 16:00:00,88.98,87.58,32.17,1.0,565.29,243.61,55.53,63.38,927.8
2024-05-15 17:00:00,84.16,78.44,27.75,0.796,538.67,218.19,49.5,68.92,875.27
2024-05-15 18:00:00,89.75,88.06,31.08,0.785,571.51,237.53,54.72,72.94,936.7
2024-05-15 19:00:00,92.75,87.44,34.07,0.767,570.72,243.87,64.46,65.47,944.52
2024-05-15 20:00:00,91.55,82.79,33.44,0.864,579.23,233.38,65.59,48.56,926.76
2024-05-15 21:00:00,100.18,92.74,31.2,1.0,615.41,253.15,64.39,65.25,998.2
2024-05-15 22:00:00,103.88,94.67,31.31,0.933,640.62,251.22,56.73,65.19,1013.76
2024-05-15 23:00:00,117.68,100.0,32.81,0.983,715.65,267.63,64.11,59.5,1106.89
2024-05-16 00:00:00,117.66,100.0,33.49,1.0,703.86,266.0,66.54,64.64,1101.03
2024-05-16 01:00:00,120.76,100.0,31.29,0.96,733.35,270.52,54.81,61.8,1120.48
2024-05-16 02:00:00,103.99,86.36,31.73,0.736,626.01,237.99,62.45,59.93,986.38
2024-05-16 03:00:00,98.49,100.0,31.24,1.0,624.79,269.77,47.92,61.27,1003.75
2024-05-16 04:00:00,93.43,79.69,30.09,0.766,597.04,219.49,55.75,57.23,929.51
2024-05-16 05:00:00,89.6,89.54,31.76,0.948,560.89,239.66,63.98,50.8,915.33
2024-05-16 06:00:00,84.14,84.23,31.64,0.804,533.66,240.22,57.75,50.61,882.25
2024-05-16 07:00:00,83.52,75.89,30.2,0.765,525.63,223.96,53.99,64.58,868.16
2024-05-16 08:00:00,96.03,87.39,33.06,0.917,607.5,241.17,59.12,54.87,
2024-05-16 09:00:00,102.88,91.05,32.81,0.964,631.78,251.37,65.33,52.35,1000.83
2024-05-16 10:00:00,103.83,98.45,33.13,0.996,635.94,264.04,53.67,52.25,1005.9
2024-05-16 11:00:00,118.41,95.64,30.93,0.966,703.08,267.43,54.52,57.62,1082.64
2024-05-16 12:00:00,119.68,98.53,29.11,1.0,732.9,265.7,56.17,67.58,1122.34
2024-05-16 13:00:00,113.53,85.08,32.79,0.874,679.86,235.68,60.69,59.27,1035.5
2024-05-16 14:00:00,107.82,100.0,31.09,0.935,659.29,275.8,61.11,52.84,1049.04
2024-05-16 15:00:00,102.22,85.76,30.75,0.794,632.81,235.44,58.48,67.41,994.14
2024-05-16 16:00:00,89.05,86.16,30.2,0.756,562.08,241.88,52.87,61.63,918.46
2024-05-16 17:00:00,87.13,83.06,31.67,0.869,550.84,228.13,59.74,58.27,896.98
2024-05-16 18:00:00,76.39,77.71,34.45,0.757,499.0,227.17,57.14,62.43,845.73
2024-05-16 19:00:00,90.52,89.31,31.33,0.934,577.1,252.44,48.72,60.06,938.32
2024-05-16 20:00:00,86.25,91.48,30.45,0.935,548.49,244.38,52.77,56.41,902.06
2024-05-16 21:00:00,106.01,94.26,33.06,0.893,663.07,249.29,60.24,57.27,1029.86
2024-05-16 22:00:00,106.18,96.37,32.35,0.958,644.68,264.1,55.38,53.82,1017.97
2024-05-16 23:00:00,112.14,97.72,28.91,0.954,686.75,276.85,53.13,57.65,1074.38
2024-05-17 00:00:00,112.49,100.0,33.2,0.97,668.39,275.3,60.39,64.65,1068.74
2024-05-17 01:00:00,111.84,93.6,35.4,0.982,672.98,255.3,56.68,64.51,1049.46
2024-05-17 02:00:00,113.17,100.0,28.31,1.0,679.34,264.87,49.19,59.12,1052.53
2024-05-17 03:00:00,90.05,90.58,30.35,0.962,561.41,242.91,58.8,59.18,922.3
2024-05-17 04:00:00,97.61,94.22,27.93,0.941,610.31,262.16,52.63,54.83,979.92
2024-05-17 05:00:00,88.36,80.88,32.09,0.872,560.93,235.38,55.38,61.98,913.67
2024-05-17 06:00:00,80.17,79.24,33.69,0.878,502.63,222.63,63.52,53.08,841.86
2024-05-17 07:00:00,82.71,82.55,32.36,0.756,549.51,231.88,65.68,64.16,911.22
2024-05-17 08:00:00,99.21,82.75,34.29,0.889,617.44,234.05,60.43,62.09,974.02
2024-05-17 09:00:00,96.22,96.08,33.45,0.999,601.1,272.65,63.58,58.67,996.01
2024-05-17 10:00:00,102.89,91.38,34.76,0.973,644.91,252.29,65.3,62.18,1024.69
2024-05-17 11:00:00,117.54,100.0,33.95,1.0,715.61,264.11,59.6,58.29,1097.61
2024-05-17 12:00:00,116.35,95.29,31.6,0.942,699.39,253.17,52.75,60.94,1066.26
2024-05-17 13:00:00,109.24,87.98,32.31,0.981,650.57,239.3,65.15,61.07,1016.1
2024-05-17 14:00:00,108.37,91.16,30.9,0.929,666.35,259.03,60.38,65.83,1051.59
2024-05-17 15:00:00,95.9,89.04,31.86,0.869,591.78,250.07,56.64,62.45,960.94
2024-05-17 16:00:00,96.9,91.82,32.3,0.943,614.43,250.75,63.39,65.24,993.81
2024-05-17 17:00:00,91.26,86.44,32.08,0.913,570.07,223.96,60.36,61.97,916.36
2024-05-17 18:00:00,87.13,85.3,34.22,0.858,552.03,234.01,66.82,59.71,912.57
2024-05-17 19:00:00,88.46,82.54,31.71,0.845,551.54,235.4,50.31,62.57,899.82
2024-05-17 20:00:00,99.54,92.25,30.81,0.927,607.63,255.85,54.22,61.72,979.42
2024-05-17 21:00:00,100.0,97.41,30.9,0.941,619.12,266.63,62.32,58.19,1006.26
2024-05-17 22:00:00,102.77,94.91,33.19,0.908,632.24,251.23,70.75,52.96,1007.18
2024-05-17 23:00:00,114.79,100.0,30.1,0.93,690.13,271.06,53.02,57.39,1071.61
2024-05-18 00:00:00,94.59,88.77,32.02,0.964,609.4,240.56,56.41,57.35,963.72
2024-05-18 01:00:00,80.68,72.83,34.32,0.717,528.25,212.95,64.9,62.78,868.87
2024-05-18 02:00:00,79.18,74.37,32.76,0.572,515.98,211.56,60.75,59.67,847.97
2024-05-18 03:00:00,76.67,80.61,32.21,0.826,481.27,235.7,60.52,55.94,833.42
2024-05-18 04:00:00,69.16,74.52,32.27,0.764,472.4,218.53,49.84,59.18,799.95
2024-05-18 05:00:00,61.33,72.86,30.78,0.635,450.6,212.15,54.85,58.4,776.0
2024-05-18 06:00:00,68.24,82.5,31.04,0.783,459.68,241.53,59.49,55.41,816.12
2024-05-18 07:00:00,74.54,80.9,32.03,0.765,486.2,227.65,48.64,67.34,829.83
2024-05-18 08:00:00,70.16,81.37,32.73,0.777,472.1,222.4,52.85,59.07,
2024-05-18 09:00:00,71.38,76.17,33.75,0.822,465.47,226.28,54.05,56.04,801.84
2024-05-18 10:00:00,74.43,73.18,32.46,0.724,495.84,215.19,61.44,51.69,824.16
2024-05-18 11:00:00,85.77,82.6,34.35,0.805,560.88,231.54,58.52,60.44,911.38
2024-05-18 12:00:00,90.67,81.31,34.73,0.869,567.96,226.89,58.12,62.59,915.55
2024-05-18 13:00:00,86.64,91.11,33.52,0.936,548.11,254.4,60.95,56.74,920.2
2024-05-18 14:00:00,80.62,84.26,34.16,0.756,522.44,241.83,56.93,60.7,881.9
2024-05-18 15:00:00,72.64,78.92,30.84,0.758,479.2,221.14,57.72,54.54,812.6
2024-05-18 16:00:00,65.01,78.68,30.6,0.803,432.93,228.63,65.14,58.85,785.55
2024-05-18 17:00:00,68.6,64.2,33.1,0.595,459.9,196.32,58.51,65.42,780.15
2024-05-18 18:00:00,67.41,76.64,30.31,0.868,452.33,215.97,47.19,58.83,774.33
2024-05-18 19:00:00,59.07,62.98,31.89,0.635,426.3,192.29,55.99,56.78,731.36
2024-05-18 20:00:00,75.73,77.83,33.48,0.741,507.91,220.16,62.63,66.71,857.42
2024-05-18 21:00:00,77.3,77.09,34.45,0.715,517.66,229.33,63.96,60.99,871.94
2024-05-18 22:00:00,86.22,86.42,31.94,0.911,557.53,237.59,61.25,57.48,913.86
2024-05-18 23:00:00,79.37,80.83,31.35,0.776,518.52,238.79,54.45,55.67,867.44
2024-05-19 00:00:00,80.79,87.12,32.92,0.89,516.94,243.74,58.54,54.26,873.47
2024-05-19 01:00:00,84.15,79.06,30.83,0.733,551.34,215.56,46.09,62.13,875.13
2024-05-19 02:00:00,82.64,84.86,32.18,0.852,535.96,225.17,60.78,63.84,885.76
2024-05-19 03:00:00,82.19,81.9,32.43,0.787,520.94,230.75,53.53,60.0,865.22
2024-05-19 04:00:00,72.2,67.92,32.4,0.663,473.69,210.64,59.52,59.01,802.85
2024-05-19 05:00:00,64.29,67.55,32.57,0.636,431.32,209.24,55.55,62.94,759.05
2024-05-19 06:00:00,59.64,69.07,31.19,0.742,401.81,206.05,56.19,52.91,716.96
2024-05-19 07:00:00,70.18,80.65,31.35,0.782,473.99,224.94,60.66,60.38,819.98
2024-05-19 08:00:00,65.52,75.08,31.32,0.744,437.68,215.16,55.03,60.09,767.95
2024-05-19 09:00:00,81.51,74.92,30.01,0.744,521.52,218.57,51.46,62.07,853.63
2024-05-19 10:00:00,79.49,79.04,32.95,0.871,517.75,232.51,59.73,62.39,872.38
2024-05-19 11:00:00,91.11,95.64,33.78,1.0,574.02,264.26,58.64,57.96,954.88
2024-05-19 12:00:00,88.97,85.04,33.64,0.89,559.12,244.39,57.18,69.27,929.96
2024-05-19 13:00:00,84.19,80.46,32.05,0.726,553.13,232.83,65.55,54.58,906.08
2024-05-19 14:00:00,78.55,81.73,31.22,0.785,500.52,237.27,49.18,57.62,844.6
2024-05-19 15:00:00,73.64,80.64,33.56,0.866,476.31,215.77,63.42,64.29,819.79
2024-05-19 16:00:00,71.09,73.26,33.4,0.674,479.1,208.5,59.98,56.83,804.4
2024-05-19 17:00:00,65.57,75.3,32.77,0.757,442.82,211.49,56.08,60.56,770.95
2024-05-19 18:00:00,61.37,69.04,35.06,0.637,421.55,197.79,64.89,57.34,741.57
2024-05-19 19:00:00,64.59,75.89,32.4,0.711,434.34,219.41,58.86,58.04,770.66
2024-05-19 20:00:00,69.69,75.69,32.06,0.841,471.15,210.27,63.38,53.53,798.33
2024-05-19 21:00:00,66.49,75.65,31.84,0.792,454.23,213.21,53.18,63.8,784.42
2024-05-19 22:00:00,82.46,77.43,30.1,0.823,533.24,222.02,52.51,63.91,871.69
2024-05-19 23:00:00,80.82,76.31,33.43,0.802,519.46,210.62,64.63,63.9,858.6
2024-05-20 00:00:00,110.39,99.92,32.4,0.992,665.93,266.92,57.89,57.85,1048.59
2024-05-20 01:00:00,106.24,92.72,33.32,0.893,649.9,258.55,62.56,61.66,1032.68
2024-05-20 02:00:00,100.32,91.59,35.32,0.896,629.35,244.98,68.83,69.98,1013.14
2024-05-20 03:00:00,94.58,85.76,31.97,0.848,605.44,244.87,60.19,61.45,971.95
2024-05-20 04:00:00,89.66,89.33,29.05,0.982,577.21,242.75,50.24,54.22,924.42
2024-05-20 05:00:00,94.82,84.37,33.28,0.777,598.16,238.81,58.89,55.73,951.59
2024-05-20 06:00:00,82.9,80.77,32.81,0.78,542.34,222.98,64.34,55.49,885.16
2024-05-20 07:00:00,87.72,87.79,31.46,0.832,549.15,247.08,57.64,66.6,920.47
2024-05-20 08:00:00,94.1,92.92,33.15,0.982,584.8,253.3,59.26,61.97,959.33
2024-05-20 09:00:00,100.52,87.64,33.73,0.969,626.82,246.85,62.66,52.13,988.45
2024-05-20 10:00:00,107.19,100.0,31.14,1.0,655.01,266.73,51.31,66.51,1039.56
2024-05-20 11:00:00,108.21,95.67,32.1,0.976,663.75,264.25,57.24,62.83,1048.06
2024-05-20 12:00:00,120.8,95.19,34.77,0.956,731.85,264.97,62.67,60.87,1120.37
2024-05-20 13:00:00,120.22,100.0,31.47,1.0,727.69,270.72,56.67,67.59,1122.66
2024-05-20 14:00:00,100.77,88.47,32.65,0.923,615.12,242.91,57.6,58.85,974.48
2024-05-20 15:00:00,95.9,90.12,28.62,0.923,599.61,247.85,50.68,66.81,964.96
2024-05-20 16:00:00,91.38,85.48,30.33,0.88,569.54,231.91,54.54,48.95,904.95
2024-05-20 17:00:00,83.15,81.95,32.79,0.858,529.54,233.31,65.27,56.34,884.45
2024-05-20 18:00:00,87.02,78.95,34.4,0.701,541.43,229.54,53.5,63.96,888.43
2024-05-20 19:00:00,84.1,87.0,30.51,0.87,541.55,252.09,58.12,68.39,920.15
2024-05-20 20:00:00,101.16,84.8,32.67,0.863,611.52,245.93,58.85,53.91,970.22
2024-05-20 21:00:00,104.76,86.84,31.99,0.889,646.96,236.49,57.74,57.91,999.11
2024-05-20 22:00:00,108.35,96.01,33.98,0.952,672.62,262.9,59.95,60.83,1056.3
2024-05-20 23:00:00,117.1,100.0,30.73,1.0,709.73,269.2,57.72,55.3,1091.96
2024-05-21 00:00:00,119.42,97.95,33.31,0.943,717.53,273.0,64.16,58.68,1113.38
2024-05-21 01:00:00,110.73,98.87,31.69,0.9,685.95,263.38,49.85,67.91,1067.09
2024-05-21 02:00:00,104.24,97.48,33.0,1.0,643.8,269.99,68.18,54.84,1036.8
2024-05-21 03:00:00,100.31,94.23,32.77,0.886,614.66,251.96,59.96,58.8,985.38
2024-05-21 04:00:00,95.95,86.42,32.29,0.856,600.73,240.84,58.96,61.36,961.9
2024-05-21 05:00:00,87.57,78.33,33.38,0.746,573.51,219.18,54.91,62.33,909.93
2024-05-21 06:00:00,78.69,68.31,32.73,0.762,504.72,191.66,57.03,55.68,809.09
2024-05-21 07:00:00,83.8,80.58,32.47,0.802,527.95,223.8,64.28,59.11,875.14
2024-05-21 08:00:00,92.2,91.99,32.13,0.904,585.94,251.64,58.51,58.55,954.64
2024-05-21 09:00:00,99.7,84.23,32.78,0.88,616.69,245.44,61.07,61.52,984.72
2024-05-21 10:00:00,115.39,100.0,33.0,1.0,692.69,263.48,57.95,54.12,1068.24
2024-05-21 11:00:00,107.45,88.97,31.18,0.91,647.16,243.21,64.41,66.36,1021.14
2024-05-21 12:00:00,117.02,99.04,32.14,0.972,689.51,259.35,57.64,61.29,1067.79
2024-05-21 13:00:00,118.95,100.0,31.08,1.0,703.08,276.93,60.87,65.34,1106.22
2024-05-21 14:00:00,116.59,95.0,32.61,0.871,715.85,256.73,58.49,57.14,1088.21
2024-05-21 15:00:00,98.38,90.04,31.78,0.903,611.84,247.06,58.99,53.9,971.79
2024-05-21 16:00:00,94.47,85.16,33.82,0.951,576.63,236.74,62.69,55.23,931.29
2024-05-21 17:00:00,89.29,88.17,33.68,0.89,575.92,233.45,64.71,63.5,937.59
2024-05-21 18:00:00,85.78,84.07,31.28,0.846,558.79,227.74,59.66,57.8,903.99
2024-05-21 19:00:00,86.61,83.59,32.66,0.837,562.91,229.83,57.3,51.9,901.93
2024-05-21 20:00:00,94.24,94.91,33.62,0.929,587.84,263.01,65.56,60.9,977.32
2024-05-21 21:00:00,89.87,88.25,32.4,0.898,567.2,230.32,54.77,58.4,910.69
2024-05-21 22:00:00,110.23,91.66,31.57,0.955,672.24,255.74,52.5,58.52,1039.0
2024-05-21 23:00:00,113.5,96.32,31.03,0.947,698.68,264.33,55.08,51.45,1069.54
2024-05-22 00:00:00,114.11,96.68,34.06,0.842,686.11,252.13,63.28,52.46,1053.97
2024-05-22 01:00:00,121.18,100.0,34.13,1.0,719.85,268.1,57.75,57.26,1102.96
2024-05-22 02:00:00,104.8,100.0,32.46,1.0,649.57,276.98,58.52,55.36,1040.44
2024-05-22 03:00:00,98.39,91.05,33.93,0.892,621.61,244.78,55.93,57.15,979.47
2024-05-22 04:00:00,100.47,80.05,28.33,0.727,621.91,224.8,50.31,64.16,961.18
2024-05-22 05:00:00,83.68,79.13,34.77,0.825,543.77,242.73,66.87,54.68,908.05
2024-05-22 06:00:00,82.8,71.74,32.54,0.805,534.9,212.6,55.6,55.47,858.57
2024-05-22 07:00:00,86.42,81.56,32.99,0.842,550.1,229.73,54.89,57.36,892.09
2024-05-22 08:00:00,95.86,77.99,32.3,0.866,592.68,220.93,60.05,55.18,928.84
2024-05-22 09:00:00,100.83,86.06,34.87,0.9,614.93,242.96,60.01,58.92,976.82
2024-05-22 10:00:00,102.33,83.56,31.18,0.871,626.73,239.59,66.22,65.14,997.68
2024-05-22 11:00:00,110.86,97.35,34.99,0.948,666.5,251.5,64.15,58.56,1040.71
2024-05-22 12:00:00,112.57,96.29,33.37,0.977,685.12,248.8,64.57,61.29,1059.78
2024-05-22 13:00:00,112.68,97.86,33.71,0.977,693.15,259.51,55.82,48.39,1056.87
2024-05-22 14:00:00,109.2,94.08,32.28,0.938,667.65,256.64,60.34,60.41,1045.04
2024-05-22 15:00:00,101.67,83.86,30.81,0.826,621.0,236.57,51.84,67.38,976.79
2024-05-22 16:00:00,85.4,85.27,34.17,0.864,553.82,228.84,61.19,60.49,904.34
2024-05-22 17:00:00,91.27,95.24,33.24,0.888,578.7,258.78,57.23,60.64,955.35
2024-05-22 18:00:00,86.01,85.05,34.82,0.891,554.01,238.18,67.23,61.43,920.85
2024-05-22 19:00:00,92.55,84.14,32.49,0.798,578.58,231.6,60.16,67.84,938.19
2024-05-22 20:00:00,94.28,80.0,32.15,0.787,600.45,224.79,58.73,66.77,950.74
2024-05-22 21:00:00,104.41,87.66,34.86,0.893,651.05,239.73,68.59,54.89,1014.26
2024-05-22 22:00:00,109.37,96.95,35.64,0.923,665.36,266.38,64.62,66.01,1062.37
2024-05-22 23:00:00,118.38,100.0,32.79,0.902,717.62,270.04,63.54,66.88,1118.09
2024-05-23 00:00:00,117.09,99.85,31.75,0.979,714.26,262.83,64.76,51.45,1093.29
2024-05-23 01:00:00,112.6,100.0,34.1,0.928,679.27,275.73,62.34,60.13,1077.47
2024-05-23 02:00:00,116.59,100.0,32.5,1.0,702.3,261.8,59.94,62.63,1086.66
2024-05-23 03:00:00,103.56,94.31,33.78,0.885,638.42,247.78,65.03,46.0,997.22
2024-05-23 04:00:00,94.79,84.11,32.49,0.915,585.19,235.15,64.64,56.6,941.58
2024-05-23 05:00:00,81.9,81.82,35.23,0.818,533.06,230.32,64.33,56.42,884.13
2024-05-23 06:00:00,79.85,75.68,31.83,0.76,527.41,219.37,55.15,56.77,858.71
2024-05-23 07:00:00,88.18,84.18,33.6,0.743,559.75,229.68,64.35,65.22,919.01
2024-05-23 08:00:00,93.08,88.2,32.15,0.889,588.13,250.57,60.56,59.72,958.97
2024-05-23 09:00:00,97.54,97.17,32.46,0.968,618.91,274.34,62.26,62.11,1017.61
2024-05-23 10:00:00,108.06,87.48,32.26,0.81,657.08,243.59,61.27,60.45,1022.38
2024-05-23 11:00:00,119.34,100.0,33.99,1.0,719.61,271.9,62.41,72.34,1126.25
2024-05-23 12:00:00,117.78,100.0,34.26,0.98,704.35,257.31,63.13,64.98,1089.77
2024-05-23 13:00:00,108.43,98.01,33.72,0.969,657.35,263.21,63.9,59.91,1044.38
2024-05-23 14:00:00,107.05,97.69,32.72,0.978,658.0,260.98,53.5,58.68,1031.16
2024-05-23 15:00:00,96.78,91.33,33.09,0.89,605.83,246.64,65.29,56.52,974.28
2024-05-23 16:00:00,90.95,91.97,34.23,0.932,579.19,249.18,63.81,55.13,947.32
2024-05-23 17:00:00,85.36,77.24,34.28,0.768,547.39,218.86,58.71,54.02,878.97
2024-05-23 18:00:00,83.09,74.62,28.85,0.77,539.17,207.96,53.07,64.91,865.11
2024-05-23 19:00:00,81.99,80.96,32.47,0.783,543.27,227.1,64.13,55.52,890.02
2024-05-23 20:00:00,91.99,75.19,32.55,0.699,588.43,211.65,60.15,63.21,923.43
2024-05-23 21:00:00,97.76,95.03,33.89,0.915,611.49,264.3,58.47,57.48,991.74
2024-05-23 22:00:00,95.78,93.99,32.78,1.0,602.95,259.37,54.31,56.24,
2024-05-23 23:00:00,121.2,98.43,33.96,1.0,723.62,268.7,71.39,58.35,1122.06
2024-05-24 00:00:00,119.36,97.82,31.37,1.0,715.5,271.29,49.91,68.96,1105.66
2024-05-24 01:00:00,111.49,95.38,33.38,1.0,681.37,255.34,61.83,75.19,1073.72
2024-05-24 02:00:00,107.58,94.05,34.34,0.917,658.58,259.12,59.86,58.17,1035.73
2024-05-24 03:00:00,95.31,88.29,30.78,0.898,602.91,251.84,59.97,57.71,972.42
2024-05-24 04:00:00,99.28,92.43,36.76,0.928,626.55,248.73,61.7,64.78,1001.76
2024-05-24 05:00:00,94.6,86.44,34.77,0.897,592.18,229.34,69.43,60.76,951.71
2024-05-24 06:00:00,85.63,87.53,32.99,0.861,532.06,239.67,59.28,56.73,887.74
2024-05-24 07:00:00,91.1,87.78,31.75,0.882,591.79,250.08,56.66,62.45,960.99
2024-05-24 08:00:00,93.2,83.57,32.73,0.839,580.79,229.77,58.05,63.84,932.45
2024-05-24 09:00:00,94.65,94.0,33.11,0.967,594.83,254.61,57.63,58.8,965.87
2024-05-24 10:00:00,105.85,86.14,33.65,0.894,655.08,236.21,59.49,58.94,1009.72
2024-05-24 11:00:00,113.52,96.3,35.24,0.968,698.86,261.08,66.7,68.57,1095.22
2024-05-24 12:00:00,113.18,100.0,32.27,1.0,700.36,263.71,51.61,55.9,1071.57
2024-05-24 13:00:00,112.12,92.44,33.83,0.936,677.67,245.23,58.3,57.3,1038.5
2024-05-24 14:00:00,107.13,95.11,31.05,1.0,665.19,257.1,62.27,57.69,1042.24
2024-05-24 15:00:00,99.68,92.55,32.37,0.839,619.97,252.74,58.3,68.5,999.5
2024-05-24 16:00:00,92.71,82.05,33.55,0.772,605.49,239.01,58.51,50.12,953.12
2024-05-24 17:00:00,82.77,81.02,34.02,0.844,542.64,230.54,56.55,64.11,893.84
2024-05-24 18:00:00,82.13,80.28,31.86,0.816,529.24,221.56,53.06,59.85,863.72
2024-05-24 19:00:00,81.87,78.18,32.33,0.795,523.01,219.78,62.52,69.07,874.38
2024-05-24 20:00:00,96.41,99.71,35.18,1.0,581.04,273.68,60.43,61.78,976.93
2024-05-24 21:00:00,91.58,81.97,34.73,0.83,583.28,229.6,66.13,49.24,928.26
2024-05-24 22:00:00,112.11,100.0,33.3,0.972,688.64,263.44,56.42,68.06,1076.56
2024-05-24 23:00:00,118.54,97.3,29.63,1.0,718.64,264.83,53.24,58.82,1095.53
2024-05-25 00:00:00,85.04,77.09,36.86,0.772,526.38,217.14,66.47,49.8,859.79
2024-05-25 01:00:00,74.33,77.68,33.06,0.754,481.59,226.0,56.89,57.97,822.45
2024-05-25 02:00:00,79.18,82.84,32.62,0.863,519.75,236.13,59.43,60.18,3064.1800000000003
2024-05-25 03:00:00,74.74,81.97,32.31,0.852,508.0,225.26,50.09,54.75,838.1
2024-05-25 04:00:00,65.33,80.48,33.65,0.816,446.22,239.71,60.62,52.34,798.9
2024-05-25 05:00:00,63.2,86.32,33.67,0.949,444.71,240.54,62.79,61.48,809.53
2024-05-25 06:00:00,69.87,76.19,34.52,0.828,461.08,204.01,59.19,53.78,778.06
2024-05-25 07:00:00,67.92,70.64,31.7,0.757,461.24,210.63,58.31,54.87,785.06
2024-05-25 08:00:00,65.68,75.1,32.62,0.879,446.19,202.13,59.73,66.79,774.83
2024-05-25 09:00:00,68.61,72.97,36.14,0.722,472.55,219.48,66.22,58.35,816.6
2024-05-25 10:00:00,79.32,84.29,33.43,0.82,512.27,237.35,55.19,53.91,858.72
2024-05-25 11:00:00,83.89,75.46,32.83,0.798,552.86,217.59,59.88,55.52,885.85
2024-05-25 12:00:00,88.23,95.96,31.68,0.947,558.71,261.01,50.53,61.93,932.18
2024-05-25 13:00:00,82.6,85.58,33.85,0.856,524.45,242.73,58.81,62.11,888.1
2024-05-25 14:00:00,82.67,72.92,34.64,0.68,525.06,209.73,62.73,63.33,860.86
2024-05-25 15:00:00,82.74,77.83,34.4,0.809,528.72,222.86,63.16,64.02,878.77
2024-05-25 16:00:00,72.64,80.4,32.7,0.73,486.15,229.04,54.43,61.67,831.28
2024-05-25 17:00:00,65.06,78.41,33.63,0.779,440.44,206.87,59.8,63.04,770.16
2024-05-25 18:00:00,63.02,65.15,35.6,0.651,428.52,199.87,67.65,57.62,753.66
2024-05-25 19:00:00,63.83,75.48,34.7,0.733,446.27,222.58,58.93,54.41,
2024-05-25 20:00:00,74.1,67.31,31.91,0.585,464.8,203.56,49.23,66.79,784.38
2024-05-25 21:00:00,72.49,75.8,29.27,0.67,479.01,220.96,55.21,64.4,819.58
2024-05-25 22:00:00,80.81,85.96,33.54,0.822,513.36,249.59,56.99,58.59,878.53
2024-05-25 23:00:00,84.95,79.72,34.29,0.824,537.79,226.63,59.56,56.68,880.66
2024-05-26 00:00:00,84.24,74.59,31.56,0.76,543.16,216.06,57.72,71.43,888.38
2024-05-26 01:00:00,79.25,80.36,33.18,0.803,514.62,224.33,60.43,55.48,854.86
2024-05-26 02:00:00,81.92,77.93,32.79,0.735,527.22,211.67,63.52,61.14,863.54
2024-05-26 03:00:00,74.76,80.53,33.35,0.822,503.3,231.34,59.46,56.65,850.74
2024-05-26 04:00:00,71.38,71.26,32.37,0.623,476.77,205.87,58.94,57.94,799.53
2024-05-26 05:00:00,63.12,67.7,35.13,0.557,450.06,190.11,56.86,56.25,753.27
2024-05-26 06:00:00,68.63,64.21,33.41,0.63,468.86,193.88,63.05,49.18,774.98
2024-05-26 07:00:00,61.75,71.72,31.87,0.69,421.02,209.49,55.0,61.95,747.46
2024-05-26 08:00:00,76.22,77.31,34.57,0.824,516.59,220.45,75.54,63.28,875.87
2024-05-26 09:00:00,68.01,68.06,31.29,0.689,462.27,203.24,55.87,56.68,778.06
2024-05-26 10:00:00,82.36,82.15,35.12,0.904,546.79,222.64,65.31,73.03,907.78
2024-05-26 11:00:00,86.64,88.46,34.68,0.857,551.09,251.2,65.37,61.42,929.08
2024-05-26 12:00:00,83.07,80.46,35.27,0.829,537.52,231.05,63.54,60.84,892.94
2024-05-26 13:00:00,86.44,84.56,32.95,0.833,555.66,244.52,61.46,61.93,923.58
2024-05-26 14:00:00,85.74,84.24,32.45,0.911,547.37,233.06,67.82,57.04,905.29
2024-05-26 15:00:00,66.13,67.04,33.32,0.66,460.84,202.87,57.35,55.11,776.17
2024-05-26 16:00:00,71.39,85.98,33.06,0.902,492.39,228.83,50.94,56.19,828.35
2024-05-26 17:00:00,55.28,65.29,32.21,0.599,378.07,191.59,53.17,57.27,680.11
2024-05-26 18:00:00,59.89,73.22,32.36,0.711,425.96,205.03,62.64,62.8,756.42
2024-05-26 19:00:00,71.77,79.73,32.64,0.793,471.71,228.49,57.24,58.11,815.55
2024-05-26 20:00:00,67.05,72.83,31.44,0.791,434.5,205.8,66.31,63.09,769.7
2024-05-26 21:00:00,70.3,78.19,34.21,0.672,475.66,221.06,64.88,53.69,815.29
2024-05-26 22:00:00,79.83,81.15,33.11,0.795,523.32,229.87,57.39,56.78,867.36
2024-05-26 23:00:00,93.01,79.42,32.73,0.776,590.51,223.83,56.2,56.44,926.97
2024-05-27 00:00:00,107.67,92.18,31.62,0.818,661.33,245.16,55.53,40.91,1002.95
2024-05-27 01:00:00,108.79,91.33,31.55,0.89,670.93,261.16,48.93,57.71,1038.72
2024-05-27 02:00:00,113.49,94.44,36.19,0.867,682.62,258.5,66.66,54.81,1062.59
2024-05-27 03:00:00,107.43,87.2,32.35,0.755,659.26,252.53,61.4,62.29,1035.48
2024-05-27 04:00:00,92.09,91.68,34.2,0.904,586.02,245.82,58.1,63.66,953.59
2024-05-27 05:00:00,82.05,89.04,33.53,0.876,541.09,244.21,54.55,53.0,892.85
2024-05-27 06:00:00,93.38,91.58,29.12,0.904,587.27,252.33,49.18,58.77,947.56
2024-05-27 07:00:00,93.39,93.05,35.98,0.943,585.23,264.08,69.15,53.6,972.06
2024-05-27 08:00:00,95.22,85.88,34.31,0.815,595.64,249.74,65.38,61.62,972.37
2024-05-27 09:00:00,96.75,85.19,32.14,0.941,594.2,235.79,59.11,56.56,945.67
2024-05-27 10:00:00,107.3,89.76,33.25,0.896,662.68,243.61,66.81,57.33,1030.42
2024-05-27 11:00:00,112.35,99.39,31.56,1.0,670.09,268.19,50.46,58.92,1047.65
2024-05-27 12:00:00,116.32,99.3,36.03,0.909,704.74,275.22,64.42,61.43,1105.81
2024-05-27 13:00:00,118.79,99.01,31.93,0.948,714.65,268.23,60.11,60.28,1103.26
2024-05-27 14:00:00,111.02,100.0,32.5,1.0,662.68,271.4,62.06,61.97,1058.11
2024-05-27 15:00:00,95.69,89.87,32.19,0.887,586.5,255.36,61.56,63.59,967.02
2024-05-27 16:00:00,98.01,84.81,33.41,0.794,603.2,243.77,63.43,59.33,969.73
2024-05-27 17:00:00,88.26,80.73,35.34,0.715,558.56,235.43,69.3,54.82,918.1
2024-05-27 18:00:00,87.75,87.28,35.97,0.91,570.59,247.03,68.19,51.99,937.8
2024-05-27 19:00:00,92.88,91.65,32.69,0.949,583.49,260.57,54.62,56.19,954.87
2024-05-27 20:00:00,88.05,86.79,33.86,0.88,564.64,234.96,59.52,61.12,920.24
2024-05-27 21:00:00,99.86,99.41,33.41,0.969,629.42,282.26,53.76,53.08,1018.52
2024-05-27 22:00:00,105.37,100.0,31.82,0.944,655.46,276.36,61.65,65.37,1058.84
2024-05-27 23:00:00,106.72,95.56,36.92,0.953,653.54,259.72,71.64,54.75,1039.64
2024-05-28 00:00:00,116.39,94.0,35.43,0.874,696.29,264.06,59.29,59.44,1079.07
2024-05-28 01:00:00,123.04,94.97,33.67,0.912,739.17,257.35,59.48,67.38,1123.38
2024-05-28 02:00:00,100.14,88.13,35.76,0.944,615.21,247.93,57.74,59.09,979.97
2024-05-28 03:00:00,99.87,93.7,35.2,0.844,633.87,260.33,63.28,54.54,1012.02
2024-05-28 04:00:00,95.06,96.66,33.51,1.0,602.25,268.17,57.4,47.45,975.27
2024-05-28 05:00:00,87.5,85.84,33.87,0.933,559.18,237.5,56.7,62.03,915.41
2024-05-28 06:00:00,84.55,88.12,35.65,0.922,546.84,250.35,64.47,61.55,923.21
2024-05-28 07:00:00,81.81,79.68,31.96,0.817,530.49,224.68,65.46,62.88,883.51
2024-05-28 08:00:00,93.43,89.83,35.89,0.875,584.21,253.03,68.19,60.57,965.99
2024-05-28 09:00:00,96.97,92.6,33.05,0.894,608.85,254.36,58.87,57.32,979.41
2024-05-28 10:00:00,98.74,79.47,35.67,0.682,611.76,215.95,64.41,56.07,948.19
2024-05-28 11:00:00,117.77,96.82,33.37,0.97,724.34,258.9,67.99,60.21,1111.43
2024-05-28 12:00:00,118.83,100.0,33.89,0.98,708.63,275.09,66.44,64.95,1115.1
2024-05-28 13:00:00,113.2,97.97,33.33,0.945,690.06,263.92,59.15,45.2,1058.33
2024-05-28 14:00:00,108.42,88.23,32.59,0.881,655.82,252.55,61.06,64.69,1034.13
2024-05-28 15:00:00,104.3,80.0,32.98,0.803,635.14,220.72,55.77,58.55,970.17
2024-05-28 16:00:00,93.4,84.87,35.45,0.817,572.7,242.4,64.31,59.16,938.58
2024-05-28 17:00:00,90.63,84.95,29.91,0.93,576.42,238.12,57.3,63.48,935.31
2024-05-28 18:00:00,83.81,77.49,31.52,0.811,534.79,221.24,61.23,59.15,876.4
2024-05-28 19:00:00,92.26,86.84,32.29,0.913,589.95,235.3,55.97,61.13,942.36
2024-05-28 20:00:00,93.78,89.42,31.77,0.889,592.22,249.05,61.58,51.83,954.69
2024-05-28 21:00:00,100.78,93.74,35.65,0.963,625.07,250.8,65.16,58.61,999.64
2024-05-28 22:00:00,102.42,79.43,35.27,0.75,620.81,222.99,62.73,62.53,969.06
2024-05-28 23:00:00,114.14,90.5,34.27,0.938,695.37,249.2,69.72,58.04,1072.34
2024-05-29 00:00:00,111.67,94.31,32.52,0.933,673.06,255.86,57.49,58.34,1044.76
2024-05-29 01:00:00,110.44,98.08,35.48,0.93,660.72,272.13,59.83,60.82,1053.51
2024-05-29 02:00:00,104.24,94.57,31.09,0.945,644.64,243.05,53.68,62.16,1003.52
2024-05-29 03:00:00,95.74,90.23,36.69,0.888,588.61,248.41,69.34,67.61,973.97
2024-05-29 04:00:00,101.0,88.58,32.45,1.0,608.27,243.85,54.86,62.2,969.17
2024-05-29 05:00:00,92.33,84.53,33.08,0.867,592.05,237.46,63.27,66.76,959.54
2024-05-29 06:00:00,92.68,82.7,32.83,0.906,578.92,230.4,56.08,59.51,924.92
2024-05-29 07:00:00,82.12,84.9,31.87,0.906,516.63,244.43,57.46,48.16,866.68
2024-05-29 08:00:00,92.79,81.79,36.36,0.82,576.22,230.21,74.69,57.86,938.99
2024-05-29 09:00:00,94.83,91.66,34.66,0.894,588.36,253.29,59.26,55.95,956.86
2024-05-29 10:00:00,104.72,93.4,35.3,0.847,652.74,261.49,55.86,59.68,1029.77
2024-05-29 11:00:00,109.32,94.43,31.64,0.901,653.29,258.62,62.82,58.39,1033.12
2024-05-29 12:00:00,119.96,96.7,33.75,1.0,709.08,255.45,55.54,61.32,1081.39
2024-05-29 13:00:00,111.41,88.93,34.26,0.874,684.87,244.18,58.81,56.65,1044.51
2024-05-29 14:00:00,111.77,92.65,33.88,0.945,675.27,253.82,64.3,61.08,1054.47
2024-05-29 15:00:00,102.42,89.56,31.73,0.794,633.91,238.19,60.28,61.85,994.22
2024-05-29 16:00:00,101.71,79.01,35.09,0.813,624.65,221.65,54.06,60.18,960.54
2024-05-29 17:00:00,81.09,79.56,33.66,0.85,541.62,226.66,59.61,52.68,880.58
2024-05-29 18:00:00,90.04,89.64,32.04,0.808,559.87,260.32,61.49,64.47,946.14
2024-05-29 19:00:00,91.6,88.63,30.69,0.905,580.23,248.36,63.76,63.1,955.45
2024-05-29 20:00:00,88.61,81.82,34.39,0.885,575.06,232.77,57.34,59.04,924.21
2024-05-29 21:00:00,104.03,92.25,37.15,1.0,637.14,263.87,71.54,50.94,1023.5
2024-05-29 22:00:00,108.84,91.64,31.95,0.891,658.19,255.97,55.27,61.51,1030.94
2024-05-29 23:00:00,112.08,96.78,33.73,1.0,686.54,267.62,65.28,57.36,1076.8
2024-05-30 00:00:00,111.7,100.0,35.23,1.0,686.55,267.56,59.65,57.25,1071.02
2024-05-30 01:00:00,110.11,99.9,31.66,1.0,664.17,262.2,56.47,59.61,1042.44
2024-05-30 02:00:00,115.7,100.0,32.85,1.0,710.19,271.57,61.07,67.28,1110.11
2024-05-30 03:00:00,100.0,87.54,32.28,0.874,620.42,254.76,62.31,60.73,998.23
2024-05-30 04:00:00,95.63,91.56,35.04,0.935,602.21,261.36,65.76,59.45,988.78
2024-05-30 05:00:00,83.85,73.49,35.55,0.704,551.14,218.27,62.68,57.39,889.48
2024-05-30 06:00:00,81.88,79.68,33.8,0.789,535.55,223.21,59.24,60.16,878.15
2024-05-30 07:00:00,91.34,88.59,32.3,0.908,576.69,236.73,65.66,59.99,939.07
2024-05-30 08:00:00,87.1,87.25,32.9,0.838,550.14,238.3,60.73,63.02,912.18
2024-05-30 09:00:00,98.34,92.52,32.62,0.914,633.36,255.6,57.21,57.34,1003.52
2024-05-30 10:00:00,107.64,95.29,32.1,0.991,651.87,257.29,60.33,55.94,1025.43
2024-05-30 11:00:00,113.44,95.74,33.41,1.0,689.72,267.06,63.03,57.79,1077.61
2024-05-30 12:00:00,114.28,99.83,34.43,0.896,695.5,260.71,56.96,59.56,1072.73
2024-05-30 13:00:00,114.57,92.52,34.3,1.0,697.33,253.52,64.09,59.89,1074.83
2024-05-30 14:00:00,110.27,90.91,33.55,0.896,688.38,246.32,54.77,59.95,1049.42
2024-05-30 15:00:00,102.94,91.78,33.65,0.966,635.07,258.68,58.39,55.05,1007.19
2024-05-30 16:00:00,88.56,85.14,33.44,0.909,562.02,242.06,56.65,59.57,920.31
2024-05-30 17:00:00,85.87,73.81,31.62,0.816,561.78,210.01,56.8,63.42,892.01
2024-05-30 18:00:00,89.78,87.17,33.81,0.835,567.81,248.17,59.5,66.36,941.84
2024-05-30 19:00:00,90.59,89.16,32.69,0.88,579.95,237.49,58.44,64.92,940.81
2024-05-30 20:00:00,87.01,83.12,31.54,0.828,556.6,223.83,49.6,59.7,889.72
2024-05-30 21:00:00,101.41,100.0,34.12,0.982,634.4,264.69,61.51,59.21,1019.81
2024-05-30 22:00:00,99.59,86.38,32.65,0.93,623.74,229.5,54.76,66.22,974.21
2024-05-30 23:00:00,113.18,94.78,33.91,0.944,682.67,258.37,70.57,59.45,1071.05
2024-05-31 00:00:00,122.59,99.32,34.92,0.912,718.2,268.09,61.67,64.34,1112.29
2024-05-31 01:00:00,109.2,94.22,32.23,0.911,652.6,255.43,57.38,59.85,1025.26
2024-05-31 02:00:00,104.16,90.44,33.79,0.825,626.09,253.15,64.0,48.0,991.25
2024-05-31 03:00:00,103.06,84.49,30.94,0.834,634.55,233.1,61.38,63.32,992.35
2024-05-31 04:00:00,86.33,80.43,35.95,0.838,532.82,221.12,60.4,64.83,879.18
2024-05-31 05:00:00,84.48,81.75,31.61,0.785,541.11,226.89,59.6,58.36,885.97
2024-05-31 06:00:00,87.39,89.84,32.88,0.878,558.0,241.33,63.45,54.21,917.0
2024-05-31 07:00:00,84.47,93.25,35.66,0.919,549.21,252.15,65.33,67.61,934.3
2024-05-31 08:00:00,91.56,92.46,33.3,0.932,581.82,257.73,61.0,59.27,959.82
2024-05-31 09:00:00,102.98,87.61,31.86,0.902,642.1,233.45,55.69,58.28,989.52
2024-05-31 10:00:00,109.19,91.11,34.72,0.952,669.24,249.3,61.61,62.24,1042.4
2024-05-31 11:00:00,114.06,96.23,34.69,1.0,687.7,267.83,62.41,73.68,1091.62
2024-05-31 12:00:00,113.64,100.0,32.7,1.0,687.37,276.43,57.56,62.42,1083.78
2024-05-31 13:00:00,114.47,96.41,32.87,1.0,685.54,258.37,63.11,60.89,1067.91
2024-05-31 14:00:00,107.01,86.86,33.0,0.789,656.85,255.7,56.31,60.35,1029.21
2024-05-31 15:00:00,101.83,88.41,33.34,0.865,616.48,239.35,63.84,68.27,987.94
2024-05-31 16:00:00,90.51,89.04,30.81,0.877,581.09,245.62,61.18,62.64,950.52
2024-05-31 17:00:00,86.28,86.59,33.38,0.815,543.74,234.82,61.97,64.32,904.84
2024-05-31 18:00:00,81.04,79.52,36.33,0.768,526.43,229.59,58.63,61.52,876.17
2024-05-31 19:00:00,86.87,86.85,32.31,0.863,556.92,259.2,61.01,62.68,939.8
2024-05-31 20:00:00,89.26,73.26,32.78,0.707,575.58,224.91,56.83,58.61,915.93
2024-05-31 21:00:00,95.54,88.29,31.88,1.0,584.27,250.49,55.67,60.85,951.28
2024-05-31 22:00:00,108.53,98.57,34.57,1.0,660.07,263.35,64.08,56.57,1044.07
2024-05-31 23:00:00,113.84,92.76,35.46,1.0,693.61,253.78,68.65,57.46,1073.49
2024-06-01 00:00:00,89.38,80.51,35.51,0.88,580.92,235.77,57.67,62.45,936.8
2024-06-01 01:00:00,83.02,72.18,31.87,0.69,534.78,216.07,57.99,56.48,865.32
2024-06-01 02:00:00,82.26,89.08,34.49,0.893,526.53,247.56,70.44,60.65,905.19
2024-06-01 03:00:00,77.2,75.0,35.89,0.728,522.23,218.35,60.6,58.16,859.35
2024-06-01 04:00:00,71.15,76.78,34.5,0.76,482.19,227.58,61.7,54.38,825.85
2024-06-01 05:00:00,61.95,74.0,34.46,0.691,440.76,223.21,59.96,61.14,785.07
2024-06-01 06:00:00,64.35,79.73,33.03,0.775,432.06,218.44,62.67,63.88,777.04
2024-06-01 07:00:00,66.71,72.59,34.07,0.744,457.74,213.8,56.72,53.42,781.68
2024-06-01 08:00:00,69.4,72.0,35.59,0.737,458.35,214.68,58.18,63.04,794.26
2024-06-01 09:00:00,66.65,74.19,34.23,0.755,442.83,212.61,65.34,54.42,775.21
2024-06-01 10:00:00,81.27,87.05,31.87,0.868,530.99,250.49,58.71,66.78,906.97
2024-06-01 11:00:00,93.59,85.95,33.05,0.902,593.18,238.75,55.15,62.84,949.92
2024-06-01 12:00:00,84.81,77.63,35.55,0.763,540.19,230.86,64.12,53.42,888.6
2024-06-01 13:00:00,81.83,73.21,34.23,0.802,540.61,211.53,56.88,64.26,873.29
2024-06-01 14:00:00,82.12,74.95,33.92,0.657,527.64,218.96,65.14,56.93,868.67
2024-06-01 15:00:00,76.25,82.45,32.91,0.857,499.09,234.56,60.75,55.17,849.57
2024-06-01 16:00:00,74.15,75.47,35.52,0.779,490.44,228.46,61.48,63.61,843.99
2024-06-01 17:00:00,60.23,67.08,36.23,0.637,419.19,205.3,63.3,66.03,753.82
2024-06-01 18:00:00,66.68,69.76,35.63,0.68,463.6,203.75,62.7,62.38,792.43
2024-06-01 19:00:00,67.62,74.23,35.9,0.766,449.76,214.26,60.72,58.14,782.89
2024-06-01 20:00:00,68.81,73.21,33.2,0.778,458.0,212.08,65.52,60.85,796.44
2024-06-01 21:00:00,76.35,76.81,32.99,0.681,492.24,221.42,64.43,57.09,835.18
2024-06-01 22:00:00,84.74,89.12,33.5,0.923,558.78,241.48,59.1,59.13,918.49
2024-06-01 23:00:00,88.23,91.81,33.8,0.895,558.56,252.3,59.97,62.04,932.88
2024-06-02 00:00:00,81.68,72.79,35.97,0.784,522.24,221.07,60.65,52.87,856.82
2024-06-02 01:00:00,88.02,85.65,35.57,0.765,557.82,247.81,63.78,62.23,931.64
2024-06-02 02:00:00,80.37,76.3,34.63,0.885,528.62,210.84,64.69,52.94,857.09
2024-06-02 03:00:00,75.29,76.4,31.67,0.72,501.77,210.11,62.14,53.63,827.65
2024-06-02 04:00:00,69.67,76.38,31.29,0.835,463.74,216.84,53.13,63.27,796.98
2024-06-02 05:00:00,64.66,71.26,34.18,0.709,440.08,198.98,55.19,55.78,750.03
2024-06-02 06:00:00,68.52,75.41,35.14,0.713,450.94,210.78,59.62,55.04,776.39
2024-06-02 07:00:00,64.92,75.83,33.7,0.772,445.72,221.34,63.29,58.52,788.87
2024-06-02 08:00:00,64.9,73.92,36.69,0.791,454.74,215.01,66.27,57.04,793.07
2024-06-02 09:00:00,73.43,73.48,32.2,0.657,482.48,203.98,62.32,61.16,809.94
2024-06-02 10:00:00,81.34,77.52,32.01,0.81,531.79,229.82,58.18,60.87,880.66
2024-06-02 11:00:00,89.66,77.63,32.82,0.776,563.64,220.49,65.95,55.07,905.15
2024-06-02 12:00:00,88.66,80.06,32.77,0.829,554.55,225.02,53.04,51.45,884.05
2024-06-02 13:00:00,81.34,90.48,34.61,0.905,532.15,256.11,52.74,58.99,899.98
2024-06-02 14:00:00,90.57,81.32,33.19,0.785,591.61,233.24,65.55,65.5,955.91
2024-06-02 15:00:00,76.06,72.06,31.5,0.665,504.64,211.08,53.91,59.67,829.31
2024-06-02 16:00:00,74.48,78.84,35.16,0.822,489.07,222.59,64.23,58.26,834.16
2024-06-02 17:00:00,64.65,71.77,31.18,0.751,440.46,214.14,57.06,68.65,780.31
2024-06-02 18:00:00,65.88,71.96,32.21,0.753,464.69,208.53,59.69,63.76,796.67
2024-06-02 19:00:00,68.62,81.35,31.39,0.835,465.53,229.47,55.0,51.36,801.36
2024-06-02 20:00:00,74.25,79.87,34.13,0.846,485.11,220.67,58.03,58.61,822.41
2024-06-02 21:00:00,79.23,76.96,34.1,0.84,515.65,228.48,57.65,61.12,862.9
2024-06-02 22:00:00,84.11,79.93,36.7,0.706,542.29,237.18,68.87,54.66,903.0
2024-06-02 23:00:00,83.48,79.23,35.19,0.675,541.17,227.65,66.83,58.54,894.18
2024-06-03 00:00:00,112.71,100.0,36.06,1.0,695.66,267.08,64.31,60.11,1087.16
2024-06-03 01:00:00,114.32,95.62,34.33,0.889,701.81,266.41,59.81,58.88,1086.92
2024-06-03 02:00:00,111.23,86.65,32.43,0.812,677.75,245.5,61.06,53.95,1038.25
2024-06-03 03:00:00,99.11,89.31,34.09,0.879,615.21,244.89,55.84,67.34,983.29
2024-06-03 04:00:00,96.76,80.7,34.79,0.724,606.97,236.37,70.82,61.33,975.49
2024-06-03 05:00:00,92.82,97.33,34.96,0.954,579.23,261.85,65.13,55.7,961.92
2024-06-03 06:00:00,81.33,75.84,33.19,0.711,534.51,211.55,59.51,64.38,869.95
2024-06-03 07:00:00,83.66,81.02,34.63,0.799,536.68,229.75,66.06,59.59,892.09
2024-06-03 08:00:00,91.94,87.26,32.5,0.887,583.62,249.75,61.42,64.96,959.76
2024-06-03 09:00:00,101.23,89.17,32.34,0.875,639.86,247.88,59.54,59.48,1006.76
2024-06-03 10:00:00,105.4,91.25,32.23,0.893,651.43,244.59,50.85,52.62,999.49
2024-06-03 11:00:00,118.4,100.0,33.94,1.0,713.84,267.58,63.13,54.66,1099.22
2024-06-03 12:00:00,116.7,100.0,32.13,1.0,699.34,277.18,64.06,65.71,1106.29
2024-06-03 13:00:00,113.15,100.0,33.26,1.0,685.12,271.64,58.05,65.16,1079.98
2024-06-03 14:00:00,101.76,98.27,35.25,0.972,619.69,266.26,67.69,53.35,1006.99
2024-06-03 15:00:00,94.74,82.14,32.36,0.913,597.95,231.7,62.04,66.97,958.65
2024-06-03 16:00:00,93.62,88.4,33.14,0.928,571.05,252.12,61.24,65.13,949.53
2024-06-03 17:00:00,78.48,80.02,34.01,0.739,520.14,234.12,62.29,56.83,873.39
2024-06-03 18:00:00,89.05,86.28,34.27,0.8,571.11,232.78,64.33,59.61,927.82
2024-06-03 19:00:00,86.38,90.07,33.15,0.872,552.67,254.79,61.74,48.99,918.18
2024-06-03 20:00:00,105.47,91.63,35.08,0.989,643.1,255.53,71.11,56.5,1026.23
2024-06-03 21:00:00,109.23,92.59,34.79,0.901,666.03,263.99,66.88,58.94,1055.85
2024-06-03 22:00:00,106.77,96.06,35.61,0.866,639.68,261.3,67.33,61.55,1029.86
2024-06-03 23:00:00,112.57,87.39,33.78,0.862,689.42,250.33,65.43,59.42,1064.6
2024-06-04 00:00:00,118.98,98.31,33.21,0.884,713.6,269.26,63.01,60.69,1106.56
2024-06-04 01:00:00,119.8,99.23,32.95,0.94,731.14,261.7,51.39,55.16,1099.39
2024-06-04 02:00:00,100.95,85.87,34.44,0.829,627.88,246.46,61.92,61.62,997.87
2024-06-04 03:00:00,92.85,91.71,33.41,0.925,586.12,257.45,58.06,68.42,970.06
2024-06-04 04:00:00,90.01,79.69,33.12,0.848,573.27,223.46,61.33,62.2,920.26
2024-06-04 05:00:00,89.34,83.99,33.31,0.875,558.9,238.12,58.12,60.17,915.31
2024-06-04 06:00:00,86.99,84.96,32.95,0.791,551.33,251.06,62.08,56.3,920.77
2024-06-04 07:00:00,91.29,92.41,34.28,0.906,577.51,251.17,60.41,58.22,947.3
2024-06-04 08:00:00,87.7,83.8,31.86,0.842,556.09,240.33,64.54,53.44,914.39
2024-06-04 09:00:00,90.74,90.05,34.43,0.887,569.07,242.53,68.98,52.77,933.35
2024-06-04 10:00:00,110.93,98.97,34.99,0.976,672.4,264.41,57.6,59.65,1054.06
2024-06-04 11:00:00,109.68,95.46,33.11,0.868,668.74,265.32,61.28,62.77,1058.12
2024-06-04 12:00:00,106.93,88.02,36.86,0.823,673.18,246.37,64.9,55.72,1040.18
2024-06-04 13:00:00,113.57,89.61,34.0,0.876,685.25,246.98,62.62,65.98,1060.82
2024-06-04 14:00:00,110.67,95.87,31.64,0.804,667.94,271.54,59.69,57.2,1056.37
2024-06-04 15:00:00,99.51,87.04,33.56,0.902,616.34,237.26,55.69,59.55,968.83
2024-06-04 16:00:00,90.67,89.93,34.07,0.831,585.36,247.98,57.83,64.73,955.9
2024-06-04 17:00:00,86.37,86.92,34.65,0.903,564.45,245.47,59.37,58.43,927.73
2024-06-04 18:00:00,83.52,80.84,33.59,0.838,553.18,224.53,58.66,63.14,899.5
2024-06-04 19:00:00,81.62,75.02,32.46,0.723,528.57,220.6,56.74,62.86,868.78
2024-06-04 20:00:00,89.64,87.37,32.33,0.924,573.34,249.93,61.79,56.63,
2024-06-04 21:00:00,102.09,85.95,33.0,0.897,622.03,239.81,60.68,56.76,979.29
2024-06-04 22:00:00,108.79,90.6,33.14,0.891,661.11,246.15,56.57,66.11,1029.94
2024-06-04 23:00:00,113.66,91.93,32.27,0.898,679.39,251.19,57.22,66.6,1054.4
2024-06-05 00:00:00,111.02,94.82,32.95,1.0,678.88,243.05,50.24,63.13,1035.29
2024-06-05 01:00:00,112.26,100.0,35.04,1.0,681.63,276.04,71.55,55.66,1084.88
2024-06-05 02:00:00,98.79,89.37,36.52,0.946,615.77,249.27,66.22,64.34,995.59
2024-06-05 03:00:00,100.71,88.14,35.19,0.762,616.8,244.04,67.7,58.61,987.15
2024-06-05 04:00:00,98.22,81.48,36.01,0.82,617.88,221.11,68.39,53.66,961.04
2024-06-05 05:00:00,81.11,83.32,35.51,0.754,506.31,241.62,64.18,56.82,868.93
2024-06-05 06:00:00,82.66,77.43,35.3,0.773,531.27,219.97,54.42,58.88,864.53
2024-06-05 07:00:00,88.33,84.75,33.55,0.883,560.78,241.37,58.55,65.43,926.13
2024-06-05 08:00:00,97.51,86.98,34.26,0.957,591.38,242.6,63.49,55.99,953.46
2024-06-05 09:00:00,98.21,93.29,33.42,0.886,614.11,246.23,60.8,55.17,976.31
2024-06-05 10:00:00,104.73,91.58,33.72,0.89,642.27,259.93,65.26,57.59,3587.6749999999997
2024-06-05 11:00:00,105.11,92.26,34.15,0.918,650.06,260.22,61.87,59.39,1031.55
2024-06-05 12:00:00,115.41,100.0,35.12,0.951,713.07,274.58,70.99,63.37,1122.01
2024-06-05 13:00:00,121.16,100.0,34.69,1.0,728.39,271.89,58.6,62.85,1121.73
2024-06-05 14:00:00,108.61,98.75,33.81,0.984,670.83,260.18,63.33,48.75,1043.09
2024-06-05 15:00:00,99.91,89.51,34.14,0.901,630.6,253.19,57.73,58.22,999.74
2024-06-05 16:00:00,93.79,86.91,34.7,0.9,592.88,255.74,66.52,60.62,975.76
2024-06-05 17:00:00,86.97,80.86,35.05,0.805,547.9,230.5,60.48,55.65,894.53
2024-06-05 18:00:00,81.75,76.12,31.77,0.72,515.62,220.67,50.57,56.1,842.96
2024-06-05 19:00:00,90.3,82.39,32.44,0.821,574.51,226.4,52.84,63.12,916.87
2024-06-05 20:00:00,93.4,82.84,35.71,0.786,583.81,221.54,62.79,63.42,931.57
2024-06-05 21:00:00,100.07,93.3,33.96,0.938,630.62,253.78,67.76,59.11,1011.28
2024-06-05 22:00:00,103.6,86.44,33.42,0.914,634.19,250.42,63.51,62.01,1010.14
2024-06-05 23:00:00,118.2,100.0,33.66,0.941,710.91,278.06,62.77,62.32,1114.06
2024-06-06 00:00:00,117.66,100.0,33.73,0.923,699.02,269.61,60.85,54.52,1084.0
2024-06-06 01:00:00,110.78,95.49,34.96,0.957,671.14,263.11,58.82,54.58,1047.66
2024-06-06 02:00:00,111.51,95.76,32.46,0.919,669.99,253.78,55.1,58.03,1036.9
2024-06-06 03:00:00,98.01,86.22,34.16,0.864,603.24,241.73,59.68,56.54,961.18
2024-06-06 04:00:00,89.37,86.04,34.49,0.876,566.44,237.53,59.92,57.02,920.9
2024-06-06 05:00:00,83.97,87.43,34.72,0.767,535.0,243.92,60.27,59.52,898.71
2024-06-06 06:00:00,77.92,75.44,34.46,0.789,530.61,216.78,58.62,59.54,865.55
2024-06-06 07:00:00,88.9,76.78,34.9,0.709,571.17,219.48,63.24,47.2,901.09
2024-06-06 08:00:00,85.18,86.1,33.26,0.86,554.55,246.8,57.27,60.48,919.1
2024-06-06 09:00:00,95.09,89.16,32.71,0.859,594.54,259.03,63.81,58.74,976.12
2024-06-06 10:00:00,99.2,84.0,37.81,0.812,616.83,235.38,72.94,61.13,986.28
2024-06-06 11:00:00,112.65,92.66,33.67,1.0,679.79,263.09,63.41,56.8,1063.09
2024-06-06 12:00:00,114.4,92.9,33.85,0.945,712.99,247.65,63.27,56.82,1080.73
2024-06-06 13:00:00,111.68,92.22,35.14,0.967,677.55,253.11,57.44,58.05,1046.15
2024-06-06 14:00:00,103.33,90.05,36.52,0.908,631.82,241.32,75.3,65.34,1013.78
2024-06-06 15:00:00,95.31,86.32,33.31,0.894,590.52,239.4,59.23,57.92,947.07
2024-06-06 16:00:00,94.36,83.92,32.63,0.86,594.47,240.54,62.3,65.55,962.86
2024-06-06 17:00:00,84.81,78.61,32.26,0.799,555.41,231.8,61.8,64.89,913.89
2024-06-06 18:00:00,86.27,81.99,36.51,0.875,560.02,227.51,61.96,58.31,907.8
2024-06-06 19:00:00,83.47,82.57,32.57,0.834,531.29,236.15,56.51,57.44,881.4
2024-06-06 20:00:00,93.22,85.03,34.08,0.965,579.87,245.94,63.34,57.62,946.78
2024-06-06 21:00:00,105.21,98.4,32.66,1.0,656.04,273.17,53.0,59.28,1041.48
2024-06-06 22:00:00,109.84,97.46,31.95,0.918,686.03,266.23,57.55,57.21,1067.02
2024-06-06 23:00:00,111.34,87.72,33.69,0.868,675.54,240.67,51.45,63.68,1031.34
2024-06-07 00:00:00,116.03,100.0,32.79,1.0,709.8,265.87,59.46,56.77,1091.89
2024-06-07 01:00:00,112.03,99.04,33.16,0.993,668.41,262.93,65.58,64.32,1061.24
2024-06-07 02:00:00,107.53,91.59,37.2,0.95,650.91,252.15,67.35,55.34,1025.75
2024-06-07 03:00:00,98.7,81.87,34.83,0.859,605.41,226.99,57.24,51.66,941.31
2024-06-07 04:00:00,91.84,85.96,35.59,0.792,582.51,244.59,62.25,51.01,940.36
2024-06-07 05:00:00,87.86,83.89,35.43,0.903,557.86,237.54,66.63,57.3,919.33
2024-06-07 06:00:00,81.03,74.91,34.04,0.724,527.04,218.4,62.34,55.96,863.74
2024-06-07 07:00:00,82.95,74.22,33.53,0.712,544.48,204.81,62.57,55.74,867.6
2024-06-07 08:00:00,86.95,83.04,34.57,0.8,549.5,234.54,61.93,64.92,910.89
2024-06-07 09:00:00,93.6,85.63,34.45,0.897,588.75,237.08,59.34,56.34,941.5
2024-06-07 10:00:00,102.63,89.23,33.34,0.879,622.45,260.38,60.91,50.17,993.92
2024-06-07 11:00:00,113.63,96.4,34.39,0.931,697.45,254.75,62.57,62.82,1077.6
2024-06-07 12:00:00,111.43,90.2,33.13,0.881,685.92,248.19,64.15,66.68,1064.93
2024-06-07 13:00:00,115.04,95.35,33.94,0.864,698.12,262.53,59.6,62.25,1082.5
2024-06-07 14:00:00,107.64,96.49,33.69,0.923,659.15,256.78,61.24,56.65,1033.82
2024-06-07 15:00:00,92.13,84.31,32.29,0.781,576.56,248.63,57.94,60.86,943.98
2024-06-07 16:00:00,95.12,79.2,30.67,0.779,584.44,238.01,64.69,55.98,943.13
2024-06-07 17:00:00,90.25,82.76,32.78,0.861,573.71,228.65,56.4,55.14,913.9
2024-06-07 18:00:00,81.02,75.16,36.9,0.779,531.17,214.29,65.28,59.01,869.75
2024-06-07 19:00:00,88.69,85.68,33.73,0.92,579.61,252.81,57.28,59.72,949.41
2024-06-07 20:00:00,89.07,86.13,35.36,0.913,562.22,249.25,69.26,58.99,939.71
2024-06-07 21:00:00,100.39,81.9,31.01,0.793,624.11,229.78,61.72,68.36,983.97
2024-06-07 22:00:00,102.44,95.02,32.68,0.951,641.13,262.12,58.36,60.21,1021.82
2024-06-07 23:00:00,105.82,87.35,32.16,0.872,658.25,235.11,63.03,64.8,1021.19
2024-06-08 00:00:00,84.72,90.16,33.96,0.794,538.61,262.51,62.83,71.16,935.11
2024-06-08 01:00:00,84.25,81.88,37.89,0.758,539.01,232.39,71.41,57.63,900.44
2024-06-08 02:00:00,79.03,73.29,34.95,0.724,510.97,217.41,59.33,60.74,848.46
2024-06-08 03:00:00,70.26,69.42,36.8,0.686,464.1,200.18,67.29,64.08,795.66
2024-06-08 04:00:00,67.78,75.63,33.88,0.782,470.65,212.0,68.87,60.61,812.13
2024-06-08 05:00:00,66.33,71.21,36.31,0.735,452.17,212.25,71.66,58.61,794.7
2024-06-08 06:00:00,63.57,71.3,37.37,0.624,437.26,221.23,70.89,71.72,801.09
2024-06-08 07:00:00,65.99,81.06,34.1,0.837,451.92,226.98,65.58,65.99,810.46
2024-06-08 08:00:00,66.69,69.85,33.45,0.707,453.9,200.81,70.34,49.49,774.55
2024-06-08 09:00:00,79.69,80.14,32.28,0.833,516.67,230.13,61.65,66.79,875.24
2024-06-08 10:00:00,75.92,85.06,33.8,0.904,493.51,248.45,58.59,68.0,868.54
2024-06-08 11:00:00,86.69,84.7,34.38,0.84,565.99,234.04,67.14,65.98,933.14
2024-06-08 12:00:00,90.98,77.46,37.31,0.837,570.33,221.16,67.25,63.75,922.49
2024-06-08 13:00:00,86.67,85.86,32.32,0.814,545.89,245.33,60.53,67.75,919.5
2024-06-08 14:00:00,79.81,74.09,34.35,0.694,518.43,221.26,62.7,64.41,866.81
2024-06-08 15:00:00,72.89,83.48,31.54,0.856,501.69,233.6,54.33,62.89,852.52
2024-06-08 16:00:00,73.52,72.65,33.62,0.708,481.02,219.14,62.15,60.67,822.98
2024-06-08 17:00:00,59.57,84.63,34.73,0.859,423.5,240.9,66.77,54.64,785.82
2024-06-08 18:00:00,59.87,77.27,35.03,0.872,417.38,222.37,66.41,53.14,759.29
2024-06-08 19:00:00,63.67,67.85,35.14,0.698,440.29,207.9,65.58,63.86,777.64
2024-06-08 20:00:00,74.33,77.26,34.86,0.783,499.01,226.84,62.34,63.78,
2024-06-08 21:00:00,76.52,82.03,35.13,0.777,488.84,225.98,57.0,59.79,831.6
2024-06-08 22:00:00,76.75,82.29,34.33,0.738,496.59,241.72,62.0,55.72,856.03
2024-06-08 23:00:00,83.5,83.96,32.69,0.836,544.77,238.39,61.45,54.35,898.97
2024-06-09 00:00:00,83.79,88.16,31.55,0.935,539.74,253.38,48.55,58.19,899.86
2024-06-09 01:00:00,81.9,80.34,33.5,0.787,531.21,229.02,60.44,63.51,884.18
2024-06-09 02:00:00,84.54,80.44,34.12,0.824,548.39,230.4,61.44,71.19,911.43
2024-06-09 03:00:00,69.51,73.02,36.2,0.802,460.45,215.74,61.91,59.88,797.97
2024-06-09 04:00:00,75.81,82.2,34.17,0.892,507.49,235.89,64.95,61.44,869.78
2024-06-09 05:00:00,68.57,76.11,34.03,0.783,469.41,229.0,65.43,65.63,829.47
2024-06-09 06:00:00,68.11,75.51,34.9,0.764,462.47,221.38,70.48,59.68,814.01
2024-06-09 07:00:00,63.41,75.68,33.92,0.681,440.77,218.76,61.34,61.84,782.71
2024-06-09 08:00:00,68.78,64.13,35.54,0.61,473.2,200.74,69.54,64.11,807.58
2024-06-09 09:00:00,69.27,76.18,37.29,0.748,461.59,222.57,64.25,65.51,813.91
2024-06-09 10:00:00,78.53,80.36,37.61,0.761,517.92,246.48,66.61,60.27,891.29
2024-06-09 11:00:00,86.72,91.7,34.47,0.929,567.54,254.32,65.16,57.6,944.62
2024-06-09 12:00:00,91.43,78.07,34.83,0.876,582.3,231.38,60.47,61.02,935.17
2024-06-09 13:00:00,80.31,87.94,36.69,0.955,519.79,249.97,65.8,51.51,887.07
2024-06-09 14:00:00,79.16,79.96,34.1,0.812,534.36,215.61,65.13,61.47,876.58
2024-06-09 15:00:00,74.39,79.64,35.34,0.835,493.82,222.83,63.99,64.33,844.97
2024-06-09 16:00:00,63.79,80.28,32.62,0.766,450.15,225.94,55.44,68.49,800.02
2024-06-09 17:00:00,67.62,76.62,33.86,0.839,454.74,211.89,58.98,64.62,790.24
2024-06-09 18:00:00,60.85,72.43,36.06,0.646,432.81,209.73,64.21,47.17,753.92
2024-06-09 19:00:00,64.48,73.45,33.25,0.78,438.01,206.02,62.59,66.96,773.57
2024-06-09 20:00:00,67.57,71.37,34.13,0.738,460.42,203.21,60.54,67.33,791.51
2024-06-09 21:00:00,71.84,75.78,31.96,0.72,474.36,220.59,48.13,55.4,798.48
2024-06-09 22:00:00,80.6,76.72,37.33,0.757,538.19,232.63,70.74,58.0,899.56
2024-06-09 23:00:00,83.88,81.72,36.22,0.76,537.63,223.43,68.17,67.2,896.43
2024-06-10 00:00:00,113.51,85.08,34.67,0.796,678.7,231.37,58.54,60.28,1028.88
2024-06-10 01:00:00,110.08,97.18,35.15,0.892,671.14,260.89,59.13,57.06,1048.22
2024-06-10 02:00:00,108.78,93.78,34.98,0.976,668.19,256.06,68.76,56.24,1049.25
2024-06-10 03:00:00,106.61,91.63,36.46,0.977,652.86,243.16,65.07,73.17,1034.26
2024-06-10 04:00:00,93.06,87.63,33.61,0.768,578.79,239.83,63.9,63.94,946.46
2024-06-10 05:00:00,90.99,78.33,35.48,0.875,583.27,219.74,61.49,58.61,923.11
2024-06-10 06:00:00,79.44,89.37,36.0,0.893,527.27,249.58,67.82,67.14,911.81
2024-06-10 07:00:00,87.64,83.31,36.21,0.848,545.02,237.5,61.88,59.55,903.95
2024-06-10 08:00:00,88.11,83.33,30.99,0.76,553.54,234.07,57.88,66.06,911.54
2024-06-10 09:00:00,94.09,82.22,33.48,0.888,589.19,230.39,62.1,62.91,944.59
2024-06-10 10:00:00,104.54,92.39,32.86,0.934,638.47,249.76,51.28,58.31,997.82
2024-06-10 11:00:00,117.76,100.0,34.61,1.0,713.0,270.31,63.19,62.49,1108.99
2024-06-10 12:00:00,118.8,100.0,31.36,1.0,728.72,264.14,53.97,62.69,1109.53
2024-06-10 13:00:00,113.96,100.0,31.32,1.0,686.76,279.28,61.14,64.0,1091.19
2024-06-10 14:00:00,101.37,93.42,37.64,0.902,639.46,247.19,69.09,68.14,1023.88
2024-06-10 15:00:00,99.21,87.81,35.31,0.868,604.33,240.47,62.97,71.06,978.83
2024-06-10 16:00:00,93.71,79.6,34.57,0.765,592.18,232.37,68.69,62.06,955.3
2024-06-10 17:00:00,87.71,82.85,34.93,0.873,553.8,231.59,55.66,50.46,891.52
2024-06-10 18:00:00,77.62,77.63,34.6,0.793,511.94,227.06,70.4,64.38,873.78
2024-06-10 19:00:00,83.45,86.97,35.88,0.923,523.19,252.94,72.49,58.7,907.31
2024-06-10 20:00:00,92.24,87.67,33.44,0.932,570.94,249.1,59.02,51.54,930.61
2024-06-10 21:00:00,102.15,99.13,34.66,0.905,634.53,260.97,66.35,63.45,1025.3
2024-06-10 22:00:00,98.72,95.35,34.72,1.0,608.54,253.3,64.85,62.2,988.88
2024-06-10 23:00:00,112.34,93.89,32.81,0.986,679.12,256.04,49.52,55.97,1040.66
2024-06-11 00:00:00,115.57,88.81,36.36,0.87,712.55,249.16,65.4,54.07,1081.18
2024-06-11 01:00:00,116.39,100.0,33.77,1.0,703.04,277.24,56.13,66.98,1103.39
2024-06-11 02:00:00,110.27,100.0,35.97,0.994,678.57,265.29,59.72,62.53,1066.11
2024-06-11 03:00:00,102.33,84.33,34.61,0.874,625.58,234.19,61.56,56.05,977.37
2024-06-11 04:00:00,89.3,92.2,36.89,0.903,555.77,252.11,65.8,63.31,936.99
2024-06-11 05:00:00,79.38,81.6,32.88,0.84,516.24,229.73,64.45,57.9,868.32
2024-06-11 06:00:00,83.43,82.52,32.81,0.829,525.22,242.26,56.46,62.72,886.66
2024-06-11 07:00:00,91.02,93.58,33.08,0.914,569.49,255.9,58.37,61.57,945.33
2024-06-11 08:00:00,98.07,95.76,34.64,0.967,612.27,262.02,68.22,47.18,989.69
2024-06-11 09:00:00,102.84,94.68,36.75,1.0,633.32,264.29,65.82,60.54,1023.98
2024-06-11 10:00:00,109.22,96.97,36.83,0.935,668.76,273.19,64.64,59.17,1065.77
2024-06-11 11:00:00,114.51,100.0,30.98,0.988,697.35,269.79,59.59,56.3,1083.02
2024-06-11 12:00:00,112.78,94.39,34.82,0.91,674.31,265.77,65.19,53.68,1058.95
2024-06-11 13:00:00,112.47,95.96,29.62,0.931,674.82,272.48,54.12,58.91,1060.33
2024-06-11 14:00:00,114.18,92.58,35.63,0.967,673.45,253.75,68.24,58.24,1053.68
2024-06-11 15:00:00,96.23,86.45,36.12,0.9,598.18,238.16,60.42,63.26,
2024-06-11 16:00:00,98.96,87.65,34.38,0.876,620.69,257.18,59.96,59.27,997.1
2024-06-11 17:00:00,85.72,79.68,34.57,0.848,560.54,234.06,70.62,60.44,925.66
2024-06-11 18:00:00,90.3,85.83,34.55,0.898,573.03,240.33,50.46,61.64,925.45
2024-06-11 19:00:00,81.38,79.07,33.27,0.783,537.9,229.95,57.59,57.68,883.11
2024-06-11 20:00:00,94.84,89.93,35.09,0.823,597.29,242.59,58.83,55.02,953.72
2024-06-11 21:00:00,97.05,80.41,34.09,0.846,606.12,235.53,62.05,71.07,974.77
2024-06-11 22:00:00,101.84,90.35,35.84,0.912,624.3,238.94,67.33,59.61,990.18
2024-06-11 23:00:00,113.86,97.59,34.27,0.977,670.24,271.36,66.52,58.95,1067.07
2024-06-12 00:00:00,119.04,97.97,33.21,0.956,724.97,261.4,58.53,67.07,1111.97
2024-06-12 01:00:00,109.61,93.94,32.19,0.977,667.63,247.36,54.66,69.44,1039.08
2024-06-12 02:00:00,101.5,82.83,31.7,0.846,638.63,221.93,51.66,67.23,979.44
2024-06-12 03:00:00,99.63,91.6,36.47,0.904,610.57,249.5,66.23,58.05,984.35
2024-06-12 04:00:00,92.15,89.31,33.81,0.832,600.18,251.82,69.77,61.74,983.51
2024-06-12 05:00:00,89.2,87.07,35.01,0.924,564.02,234.51,61.06,62.92,922.51
2024-06-12 06:00:00,88.8,89.59,37.17,0.926,558.45,240.73,67.02,71.18,937.39
2024-06-12 07:00:00,86.77,84.39,33.65,0.857,552.14,234.26,61.52,62.1,910.03
2024-06-12 08:00:00,99.92,92.35,33.56,0.791,620.97,258.79,59.11,62.32,1001.2
2024-06-12 09:00:00,100.9,91.23,34.3,0.91,623.93,257.18,67.83,54.93,1003.87
2024-06-12 10:00:00,106.11,96.49,34.54,0.953,646.45,263.48,67.41,53.72,1031.06
2024-06-12 11:00:00,106.54,85.39,37.33,0.823,638.29,245.21,70.86,66.77,1021.14
2024-06-12 12:00:00,113.95,92.51,36.85,0.963,683.31,258.39,70.56,61.73,1074.0
2024-06-12 13:00:00,111.64,100.0,35.43,1.0,686.82,267.5,61.43,62.24,1077.98
2024-06-12 14:00:00,111.34,83.37,36.67,0.856,669.67,240.53,61.82,65.37,1037.38
2024-06-12 15:00:00,101.85,90.22,34.23,0.954,615.51,241.77,59.3,64.26,980.85
2024-06-12 16:00:00,87.78,89.75,34.95,0.846,550.47,251.4,64.42,63.61,929.9
2024-06-12 17:00:00,87.7,83.38,34.04,0.811,557.78,228.11,60.38,63.18,909.45
2024-06-12 18:00:00,87.69,81.82,32.56,0.822,552.36,232.67,61.29,60.69,907.01
2024-06-12 19:00:00,93.12,87.21,36.3,0.841,583.37,250.45,66.18,61.05,961.04
2024-06-12 20:00:00,96.05,86.26,35.29,0.899,593.86,242.42,58.57,64.58,959.44
2024-06-12 21:00:00,103.04,91.68,34.52,0.891,643.29,252.44,67.51,55.31,1018.55
2024-06-12 22:00:00,107.74,90.45,34.49,0.969,662.63,251.31,60.44,54.75,1029.13
2024-06-12 23:00:00,114.54,100.0,32.24,0.953,710.46,273.98,61.57,60.41,1106.42
2024-06-13 00:00:00,120.0,100.0,33.08,1.0,716.94,282.8,56.56,60.75,1117.05
2024-06-13 01:00:00,107.66,93.16,35.05,1.0,656.02,259.56,59.97,63.62,1039.17
2024-06-13 02:00:00,106.1,86.12,33.76,0.856,659.98,237.83,57.44,58.89,1014.15
2024-06-13 03:00:00,96.91,85.84,34.22,0.916,607.68,239.0,56.27,56.11,959.06
2024-06-13 04:00:00,94.02,86.09,34.39,0.841,582.55,235.38,56.68,63.01,937.61
2024-06-13 05:00:00,91.93,88.49,33.53,0.936,584.1,238.4,62.27,66.73,951.51
2024-06-13 06:00:00,82.61,76.27,33.1,0.754,536.23,205.56,56.27,61.83,859.89
2024-06-13 07:00:00,77.45,74.88,32.13,0.685,492.89,214.48,59.62,52.73,819.72
2024-06-13 08:00:00,90.85,87.98,34.33,0.703,569.05,236.33,62.6,61.38,929.35
2024-06-13 09:00:00,103.65,96.52,35.48,0.952,639.79,263.28,67.78,50.34,1021.19
2024-06-13 10:00:00,109.65,91.72,32.08,0.931,679.82,249.55,54.08,59.79,1043.24
2024-06-13 11:00:00,114.7,90.69,34.51,0.973,699.1,243.93,66.77,49.95,1059.74
2024-06-13 12:00:00,113.88,100.0,34.97,1.0,684.89,257.38,59.73,57.85,1059.84
2024-06-13 13:00:00,107.87,97.85,33.07,1.0,653.71,263.4,48.95,62.56,1028.61
2024-06-13 14:00:00,109.56,93.45,36.68,0.912,674.19,245.72,67.19,58.57,1045.67
2024-06-13 15:00:00,96.66,92.68,33.97,0.91,583.9,258.86,58.05,65.74,966.55
2024-06-13 16:00:00,101.24,90.0,34.4,0.953,619.72,250.52,68.32,61.1,999.65
2024-06-13 17:00:00,89.29,88.98,34.31,0.767,577.73,245.5,63.36,54.38,940.97
2024-06-13 18:00:00,82.68,82.14,31.89,0.822,535.76,241.19,57.47,64.5,898.92
2024-06-13 19:00:00,84.56,82.74,36.06,0.807,536.75,233.81,66.12,63.45,900.13
2024-06-13 20:00:00,92.13,85.5,33.12,0.923,571.02,241.86,58.02,66.37,937.27
2024-06-13 21:00:00,99.04,82.28,34.19,0.796,621.93,236.92,68.69,63.55,991.09
2024-06-13 22:00:00,111.97,100.0,35.45,1.0,680.46,266.9,62.01,62.35,1071.72
2024-06-13 23:00:00,113.74,92.16,36.74,0.968,686.93,250.47,68.39,55.04,1060.82
2024-06-14 00:00:00,112.07,89.24,32.98,0.818,683.36,247.65,56.49,64.07,1051.56
2024-06-14 01:00:00,120.55,99.21,33.93,0.985,724.08,260.27,61.48,59.27,1105.09
2024-06-14 02:00:00,107.7,89.04,36.67,0.869,659.19,257.7,61.46,64.03,1042.38
2024-06-14 03:00:00,103.08,91.28,35.29,0.96,624.78,252.65,64.85,71.15,1013.43
2024-06-14 04:00:00,90.07,88.47,35.61,0.918,562.12,244.59,64.75,66.03,937.49
2024-06-14 05:00:00,88.46,89.21,33.02,0.88,568.3,259.85,62.04,61.43,951.61
2024-06-14 06:00:00,86.24,87.2,34.03,0.82,555.7,236.5,63.53,60.37,916.09
2024-06-14 07:00:00,79.45,78.2,34.35,0.834,520.31,233.43,62.34,57.91,874.0
2024-06-14 08:00:00,100.56,90.53,33.31,0.902,618.11,254.99,68.52,48.39,990.01
2024-06-14 09:00:00,105.16,94.62,32.09,0.865,651.93,265.41,58.08,60.23,1035.66
2024-06-14 10:00:00,105.91,84.17,33.83,0.765,646.59,235.7,61.46,57.43,1001.18
2024-06-14 11:00:00,108.58,97.14,36.63,0.993,673.32,264.34,65.99,61.61,1065.26
2024-06-14 12:00:00,116.39,90.91,34.69,0.845,695.98,248.85,63.65,57.42,1065.89
2024-06-14 13:00:00,113.34,100.0,36.66,1.0,682.48,275.98,65.25,61.11,1084.81
2024-06-14 14:00:00,108.92,92.44,34.87,0.878,663.4,256.47,61.69,66.23,1047.79
2024-06-14 15:00:00,100.77,89.46,33.45,0.895,630.61,244.51,63.62,60.78,999.53
2024-06-14 16:00:00,94.52,83.41,36.52,0.842,592.34,232.09,65.93,54.57,944.94
2024-06-14 17:00:00,92.8,83.25,34.92,0.796,584.3,234.74,67.47,55.85,942.35
2024-06-14 18:00:00,87.27,95.01,36.04,0.838,553.23,257.52,57.7,63.45,931.9
2024-06-14 19:00:00,82.81,86.11,33.0,0.871,536.2,249.48,65.89,63.77,915.33
2024-06-14 20:00:00,97.95,81.23,36.16,0.775,609.19,235.43,69.06,55.64,969.32
2024-06-14 21:00:00,106.56,100.0,36.2,1.0,646.54,274.84,65.36,59.86,1046.59
2024-06-14 22:00:00,120.11,100.0,35.03,0.994,721.56,271.4,63.15,64.52,1120.64
2024-06-14 23:00:00,108.5,92.84,33.39,0.942,663.69,250.01,63.06,68.6,1045.36
2024-06-15 00:00:00,87.22,85.14,34.58,0.93,574.91,242.98,58.53,60.88,937.3
2024-06-15 01:00:00,76.41,78.13,35.56,0.754,497.18,211.49,64.57,59.0,832.24
2024-06-15 02:00:00,82.84,91.28,35.0,0.889,527.47,252.74,64.02,58.15,902.38
2024-06-15 03:00:00,72.81,72.42,35.55,0.641,486.27,207.21,56.21,60.72,810.41
2024-06-15 04:00:00,77.07,79.26,36.16,0.783,497.4,221.12,66.89,66.95,852.36
2024-06-15 05:00:00,62.16,68.94,33.67,0.71,422.21,201.99,55.6,60.72,740.53
2024-06-15 06:00:00,56.99,61.33,32.91,0.589,393.47,188.29,63.98,62.5,708.24
2024-06-15 07:00:00,63.37,82.64,34.59,0.847,430.66,233.41,68.01,52.89,784.98
2024-06-15 08:00:00,61.47,64.83,34.15,0.639,421.37,200.88,67.91,67.97,758.13
2024-06-15 09:00:00,78.0,80.1,35.82,0.736,499.76,227.17,63.6,66.68,857.21
2024-06-15 10:00:00,72.36,67.48,33.03,0.69,479.82,201.1,58.52,58.52,797.95
2024-06-15 11:00:00,84.86,80.43,36.18,0.794,525.36,220.54,57.61,59.48,862.98
2024-06-15 12:00:00,77.94,81.08,36.68,0.817,513.63,222.67,69.14,65.9,871.34
2024-06-15 13:00:00,83.46,77.61,34.65,0.748,532.85,224.7,56.73,74.73,889.01
2024-06-15 14:00:00,87.2,86.53,34.74,0.833,552.71,245.5,57.13,51.58,
2024-06-15 15:00:00,76.44,76.88,33.49,0.777,506.91,219.88,59.48,57.45,843.71
2024-06-15 16:00:00,65.92,78.76,33.83,0.776,452.58,231.0,56.87,58.03,798.48
2024-06-15 17:00:00,65.13,79.38,34.03,0.88,440.62,218.24,57.81,65.2,781.88
2024-06-15 18:00:00,63.82,68.98,36.81,0.73,442.72,207.24,66.85,61.77,778.59
2024-06-15 19:00:00,67.15,73.96,34.54,0.767,468.13,210.2,66.09,57.44,801.86
2024-06-15 20:00:00,63.91,72.87,32.66,0.72,431.44,207.44,61.35,52.92,753.16
2024-06-15 21:00:00,77.37,81.78,35.03,0.717,512.88,227.15,64.21,65.06,869.3
2024-06-15 22:00:00,69.81,74.98,35.89,0.709,460.13,216.96,69.58,59.0,805.68
2024-06-15 23:00:00,82.22,82.06,34.61,0.788,540.52,234.97,63.2,54.21,892.9
2024-06-16 00:00:00,84.3,80.93,36.89,0.796,535.79,232.13,64.7,56.59,889.21
2024-06-16 01:00:00,87.28,84.21,35.86,0.84,550.38,235.11,61.86,57.87,905.22
2024-06-16 02:00:00,80.72,86.85,33.12,0.901,532.77,246.17,62.22,58.5,899.66
2024-06-16 03:00:00,69.38,77.92,33.86,0.793,472.66,233.75,56.95,54.78,818.14
2024-06-16 04:00:00,65.44,76.22,35.03,0.82,441.74,219.35,64.85,54.84,780.78
2024-06-16 05:00:00,66.05,76.64,32.19,0.751,451.28,221.52,56.63,71.85,801.27
2024-06-16 06:00:00,63.43,70.95,35.19,0.722,431.49,205.32,60.4,61.65,758.86
2024-06-16 07:00:00,62.94,73.06,32.05,0.748,421.96,211.08,54.66,57.94,745.65
2024-06-16 08:00:00,67.45,68.3,36.23,0.695,458.77,210.92,69.47,61.89,801.05
2024-06-16 09:00:00,77.78,85.24,36.05,0.916,506.07,246.55,61.86,60.8,875.28
2024-06-16 10:00:00,78.55,65.36,35.45,0.694,505.2,196.05,63.09,55.47,819.81
2024-06-16 11:00:00,84.39,81.76,33.68,0.752,552.39,234.64,59.14,50.42,896.59
2024-06-16 12:00:00,94.93,93.17,34.95,0.926,587.35,261.18,67.54,57.35,973.41
2024-06-16 13:00:00,79.05,72.7,33.92,0.726,516.39,210.0,67.61,59.09,853.09
2024-06-16 14:00:00,73.22,78.61,33.14,0.894,494.73,217.24,63.69,59.45,835.11
2024-06-16 15:00:00,78.13,75.66,34.18,0.74,508.62,223.03,60.42,50.84,842.92
2024-06-16 16:00:00,66.66,71.49,35.74,0.666,447.43,215.5,66.1,72.4,801.42
2024-06-16 17:00:00,63.98,76.72,34.76,0.789,442.3,225.61,59.32,72.01,799.25
2024-06-16 18:00:00,60.63,71.3,36.87,0.738,426.77,207.49,67.6,62.22,764.09
2024-06-16 19:00:00,64.22,61.94,35.84,0.616,448.1,199.21,57.88,60.13,765.32
2024-06-16 20:00:00,75.77,73.0,35.68,0.719,513.82,215.01,65.56,57.18,851.56
2024-06-16 21:00:00,78.21,83.98,32.28,0.887,507.38,229.47,58.28,62.89,858.03
2024-06-16 22:00:00,84.07,84.28,34.26,0.8,541.94,227.41,63.84,59.41,892.6
2024-06-16 23:00:00,79.08,88.28,33.09,0.866,505.24,243.6,59.92,66.26,875.02
2024-06-17 00:00:00,110.4,100.0,34.46,0.974,677.31,271.35,65.76,64.57,1078.99
2024-06-17 01:00:00,101.63,89.11,33.69,0.946,629.64,245.39,57.99,55.75,988.77
2024-06-17 02:00:00,104.26,100.0,34.16,1.0,639.88,281.96,64.92,56.56,1043.33
2024-06-17 03:00:00,103.83,92.04,36.32,0.867,634.19,255.7,67.67,64.85,1022.41
2024-06-17 04:00:00,94.57,82.47,35.44,0.776,590.05,227.35,68.56,63.47,949.43
2024-06-17 05:00:00,86.12,79.89,36.24,0.893,552.51,214.15,70.26,54.43,891.36
2024-06-17 06:00:00,84.91,71.17,32.33,0.766,536.82,210.87,54.79,57.71,860.2
2024-06-17 07:00:00,84.25,90.16,34.82,0.944,538.81,255.27,65.14,59.23,918.46
2024-06-17 08:00:00,93.32,94.63,36.18,0.947,586.73,269.91,60.86,59.82,977.32
2024-06-17 09:00:00,103.06,86.45,36.99,0.94,623.0,240.34,71.62,59.64,994.6
2024-06-17 10:00:00,101.04,89.38,32.41,0.839,616.77,258.03,55.32,64.5,994.62
2024-06-17 11:00:00,114.19,97.57,34.2,1.0,685.66,256.75,60.45,60.73,1063.59
2024-06-17 12:00:00,118.73,94.56,36.28,0.923,726.19,256.52,66.58,60.4,1109.7
2024-06-17 13:00:00,111.33,86.89,34.44,0.856,670.0,236.38,65.35,56.22,1027.95
2024-06-17 14:00:00,110.3,94.1,33.37,0.977,671.07,262.36,61.94,60.84,1056.21
2024-06-17 15:00:00,111.26,94.02,32.41,0.933,667.97,249.64,61.79,59.86,1039.26
2024-06-17 16:00:00,92.08,84.1,33.31,0.819,574.2,239.02,60.4,57.6,931.23
2024-06-17 17:00:00,88.58,85.41,32.2,0.829,551.39,231.9,59.33,54.25,3139.01
2024-06-17 18:00:00,82.05,88.17,34.82,0.782,535.6,255.71,56.01,66.38,913.7
2024-06-17 19:00:00,87.73,82.35,36.08,0.862,548.07,230.69,69.44,68.9,917.1
2024-06-17 20:00:00,94.34,88.02,32.84,0.83,598.96,247.12,58.35,61.22,965.65
2024-06-17 21:00:00,100.78,94.02,35.12,1.0,627.64,246.72,61.89,67.17,1003.42
2024-06-17 22:00:00,103.42,94.48,36.0,0.93,636.5,249.44,72.95,61.15,1020.04
2024-06-17 23:00:00,113.82,93.84,34.73,1.0,696.6,252.41,52.07,53.07,1054.15
2024-06-18 00:00:00,120.85,100.0,32.35,0.91,749.07,275.1,59.02,61.5,1144.69
2024-06-18 01:00:00,114.78,100.0,35.35,1.0,697.74,273.95,55.07,58.3,1085.07
2024-06-18 02:00:00,111.35,90.03,34.69,0.95,667.78,255.58,64.2,62.38,1049.93
2024-06-18 03:00:00,99.05,95.84,34.53,1.0,627.17,252.21,59.77,67.85,1007.01
2024-06-18 04:00:00,95.5,94.91,33.95,0.873,598.99,262.35,49.77,57.47,968.57
2024-06-18 05:00:00,88.13,80.45,34.9,0.769,577.52,225.58,67.58,61.94,932.62
2024-06-18 06:00:00,81.2,81.57,35.53,0.844,521.93,226.44,59.2,64.31,871.88
2024-06-18 07:00:00,88.28,87.35,38.36,0.881,571.67,240.22,73.23,66.77,951.9
2024-06-18 08:00:00,88.53,81.54,34.94,0.83,562.66,230.53,59.39,64.93,917.52
2024-06-18 09:00:00,97.47,91.14,37.04,0.893,628.6,255.37,65.21,54.43,1003.59
2024-06-18 10:00:00,108.26,94.94,35.31,1.0,659.03,266.12,54.82,54.42,1034.39
2024-06-18 11:00:00,114.18,89.75,34.62,1.0,714.91,251.6,64.41,63.82,1094.75
2024-06-18 12:00:00,110.24,97.42,34.99,0.979,674.73,268.38,61.09,58.08,1062.28
2024-06-18 13:00:00,117.21,93.1,32.94,0.954,712.81,266.45,58.22,55.08,1092.56
2024-06-18 14:00:00,109.79,99.59,35.23,0.999,682.54,273.32,63.43,65.94,1085.24
2024-06-18 15:00:00,97.18,85.23,31.78,0.917,599.6,237.71,51.01,58.15,946.48
2024-06-18 16:00:00,86.35,82.37,33.48,0.865,559.5,236.46,63.42,68.15,927.53
2024-06-18 17:00:00,86.43,90.08,34.93,0.847,549.81,259.41,61.03,57.8,928.04
2024-06-18 18:00:00,83.22,84.09,36.56,0.81,537.29,231.37,75.39,56.27,900.31
2024-06-18 19:00:00,87.46,78.33,36.92,0.733,557.98,221.92,64.93,59.68,904.5
2024-06-18 20:00:00,91.05,80.45,34.41,0.939,579.82,237.64,60.79,63.79,942.04
2024-06-18 21:00:00,91.97,82.99,35.0,0.862,584.09,232.53,57.98,61.46,936.07
2024-06-18 22:00:00,105.95,94.95,36.25,0.92,645.13,263.97,59.19,69.46,1037.75
2024-06-18 23:00:00,111.77,97.68,32.78,0.943,679.84,272.85,62.91,60.86,1076.45
2024-06-19 00:00:00,117.53,94.55,35.41,0.986,689.0,251.02,68.39,59.12,1067.53
2024-06-19 01:00:00,110.2,89.26,33.56,0.938,678.91,245.0,58.55,67.55,1050.01
2024-06-19 02:00:00,114.21,98.52,34.55,1.0,704.63,274.11,63.07,62.98,1104.78
2024-06-19 03:00:00,92.35,85.27,34.12,0.831,583.29,238.3,66.78,57.93,946.3
2024-06-19 04:00:00,97.74,99.66,35.46,1.0,595.88,257.17,65.38,61.19,979.62
2024-06-19 05:00:00,86.11,83.24,35.63,0.838,556.51,231.74,66.47,61.09,915.81
2024-06-19 06:00:00,88.44,93.29,36.14,0.886,556.08,260.68,65.8,58.97,941.53
2024-06-19 07:00:00,87.33,77.81,35.33,0.732,558.1,231.07,61.38,60.91,911.46
2024-06-19 08:00:00,97.06,80.66,35.06,0.827,610.78,229.7,65.05,53.56,959.09
2024-06-19 09:00:00,98.45,83.62,37.59,0.846,616.62,238.51,75.51,58.22,988.87
2024-06-19 10:00:00,103.11,97.5,32.52,1.0,644.17,262.53,56.85,62.16,1025.71
2024-06-19 11:00:00,118.67,100.0,37.35,1.0,714.53,275.42,71.1,57.36,1118.41
2024-06-19 12:00:00,114.55,93.36,34.37,1.0,694.12,264.61,62.99,55.54,1077.26
2024-06-19 13:00:00,113.88,94.64,35.66,0.908,695.28,263.34,62.23,59.8,1080.65
2024-06-19 14:00:00,112.44,90.37,34.32,0.935,681.62,249.08,65.75,57.64,1054.09
2024-06-19 15:00:00,95.87,78.88,33.75,0.826,593.86,228.25,64.27,53.39,939.76
2024-06-19 16:00:00,94.88,91.03,35.53,0.895,598.03,256.88,66.68,53.51,975.1
2024-06-19 17:00:00,84.65,83.44,36.37,0.84,534.22,235.39,72.86,62.04,904.51
2024-06-19 18:00:00,84.47,82.29,35.51,0.809,541.71,237.61,71.67,60.45,911.44
2024-06-19 19:00:00,87.3,76.65,33.99,0.872,545.47,223.18,61.8,61.57,892.03
2024-06-19 20:00:00,86.5,91.45,40.22,0.92,548.06,260.56,72.37,58.51,939.5
2024-06-19 21:00:00,96.88,85.93,36.6,0.882,600.32,244.64,60.58,52.43,957.97
2024-06-19 22:00:00,112.9,99.12,36.2,0.978,676.65,265.16,71.7,55.63,1069.14
2024-06-19 23:00:00,116.54,90.99,34.28,0.886,711.48,259.52,61.8,58.39,1091.19
2024-06-20 00:00:00,114.75,96.42,33.9,0.899,701.89,265.25,58.98,62.18,1088.3
2024-06-20 01:00:00,113.96,98.44,34.42,1.0,700.33,265.88,58.62,51.26,1076.08
2024-06-20 02:00:00,106.32,94.8,36.46,0.986,650.11,250.95,62.26,48.44,1011.77
2024-06-20 03:00:00,105.43,93.49,33.35,0.92,643.66,257.71,67.47,67.24,1036.08
2024-06-20 04:00:00,91.7,88.32,33.23,0.838,584.92,256.49,63.82,62.99,968.21
2024-06-20 05:00:00,87.94,78.32,35.65,0.792,560.71,208.09,58.61,55.62,883.03
2024-06-20 06:00:00,89.58,85.78,35.32,0.833,568.91,224.0,58.18,58.83,909.91
2024-06-20 07:00:00,83.9,82.52,33.68,0.814,519.15,237.89,61.51,57.89,876.45
2024-06-20 08:00:00,98.74,90.53,33.2,0.842,619.73,251.52,56.09,61.45,988.79
2024-06-20 09:00:00,93.88,87.3,36.99,0.884,594.38,247.37,65.98,57.46,965.19
2024-06-20 10:00:00,114.02,90.64,35.37,0.918,690.05,247.19,70.28,54.26,1061.78
2024-06-20 11:00:00,111.5,89.16,32.79,0.946,684.03,234.39,63.7,62.45,1044.56
2024-06-20 12:00:00,114.03,85.94,32.9,0.852,694.96,235.49,52.77,69.07,1052.29
2024-06-20 13:00:00,105.43,96.8,34.29,0.951,641.58,272.65,58.09,62.65,1034.96
2024-06-20 14:00:00,105.68,96.98,35.94,0.892,646.65,260.95,66.07,60.38,1034.04
2024-06-20 15:00:00,95.84,92.14,35.73,0.976,591.14,250.83,69.23,58.93,970.14
2024-06-20 16:00:00,90.07,86.57,36.53,0.91,582.04,226.02,62.87,56.06,926.99
2024-06-20 17:00:00,86.46,72.56,32.6,0.727,560.12,201.56,60.56,57.96,880.2
2024-06-20 18:00:00,88.83,79.28,35.17,0.726,557.64,233.15,61.89,61.96,914.65
2024-06-20 19:00:00,87.84,84.77,36.98,0.787,564.15,236.46,73.96,65.94,940.52
2024-06-20 20:00:00,93.73,87.54,36.84,0.848,590.88,249.79,69.19,66.16,976.02
2024-06-20 21:00:00,95.62,86.7,35.38,0.915,592.6,237.54,63.3,60.85,954.29
2024-06-20 22:00:00,103.98,93.83,38.36,0.953,640.88,248.24,63.47,60.93,1013.52
2024-06-20 23:00:00,120.19,100.0,35.75,0.925,727.79,268.43,60.51,60.26,1117.0
2024-06-21 00:00:00,112.06,96.63,36.43,0.987,687.82,259.49,55.87,62.86,1066.04
2024-06-21 01:00:00,119.62,96.61,34.93,0.924,736.73,257.89,64.37,60.24,1119.23
2024-06-21 02:00:00,106.53,98.17,33.7,0.956,653.39,261.32,63.72,60.32,1038.75
2024-06-21 03:00:00,100.01,87.85,33.55,0.927,618.14,243.68,63.66,55.7,981.18
2024-06-21 04:00:00,96.78,81.74,35.14,0.856,608.4,228.7,61.19,55.58,953.88
2024-06-21 05:00:00,92.1,82.19,34.55,0.877,579.02,227.01,67.71,56.54,930.29
2024-06-21 06:00:00,84.56,80.54,32.21,0.804,538.1,239.95,64.72,61.2,903.98
2024-06-21 07:00:00,85.46,87.7,33.33,0.921,539.88,246.91,57.73,58.47,902.99
2024-06-21 08:00:00,92.28,85.93,34.39,0.83,553.96,241.4,67.03,72.91,935.3
2024-06-21 09:00:00,101.35,89.75,35.96,0.885,632.64,248.07,65.68,61.94,3529.155
2024-06-21 10:00:00,111.07,89.29,34.84,0.877,662.22,251.5,61.01,67.85,1042.59
2024-06-21 11:00:00,113.01,100.0,34.76,1.0,678.0,273.19,67.89,67.42,1086.5
2024-06-21 12:00:00,117.48,95.48,33.39,0.89,709.72,254.3,55.67,62.12,1081.81
2024-06-21 13:00:00,119.54,99.27,34.9,0.981,715.15,259.28,57.28,59.8,1091.5
2024-06-21 14:00:00,109.03,100.0,36.85,1.0,682.32,256.36,65.14,55.51,1059.32
2024-06-21 15:00:00,101.25,93.17,35.1,0.877,614.16,266.4,62.67,56.99,1000.22
2024-06-21 16:00:00,86.42,75.07,32.61,0.684,570.03,214.98,52.52,64.2,901.73
2024-06-21 17:00:00,76.49,69.4,32.99,0.632,513.48,209.28,61.74,61.35,845.85
2024-06-21 18:00:00,86.55,82.96,35.75,0.963,560.04,235.42,61.63,56.79,913.87
2024-06-21 19:00:00,86.63,77.25,34.53,0.796,564.67,227.7,57.32,58.96,908.65
2024-06-21 20:00:00,90.44,88.46,34.75,0.871,575.44,245.39,65.56,61.65,948.03
2024-06-21 21:00:00,100.97,90.7,33.95,0.91,611.24,242.5,59.79,60.12,973.66
2024-06-21 22:00:00,107.26,94.46,35.62,0.956,660.41,252.14,68.75,58.81,1040.1
2024-06-21 23:00:00,117.5,95.22,34.42,0.92,695.66,257.85,64.18,59.73,1077.42
2024-06-22 00:00:00,86.59,92.0,34.61,0.894,548.75,243.7,61.91,47.92,902.28
2024-06-22 01:00:00,81.76,95.09,33.62,0.943,528.15,254.56,65.3,60.09,908.11
2024-06-22 02:00:00,84.59,80.9,36.28,0.773,535.64,222.7,67.38,54.71,880.42
2024-06-22 03:00:00,74.13,78.83,34.56,0.768,498.23,223.57,62.53,61.82,846.15
2024-06-22 04:00:00,71.48,76.23,35.8,0.78,475.7,217.1,66.9,60.67,820.36
2024-06-22 05:00:00,63.35,70.38,33.1,0.654,440.01,208.51,62.16,63.74,774.42
2024-06-22 06:00:00,61.15,66.41,37.49,0.795,425.68,204.6,63.51,63.79,757.58
2024-06-22 07:00:00,65.59,67.37,36.81,0.711,448.98,200.03,76.09,68.6,793.69
2024-06-22 08:00:00,69.43,69.04,32.03,0.627,460.04,195.96,58.32,50.08,764.4
2024-06-22 09:00:00,76.92,80.49,33.69,0.681,495.2,216.73,61.39,59.37,832.7
2024-06-22 10:00:00,79.55,77.18,35.61,0.737,516.52,223.05,57.47,49.8,846.83
2024-06-22 11:00:00,77.4,65.81,32.91,0.692,499.26,194.2,60.16,62.45,816.07
2024-06-22 12:00:00,84.52,84.48,34.7,0.869,553.74,236.47,63.54,59.16,912.92
2024-06-22 13:00:00,87.92,83.77,35.53,0.832,548.58,237.89,59.76,57.65,903.87
2024-06-22 14:00:00,79.44,86.45,34.62,0.834,535.87,250.21,58.55,61.34,905.97
2024-06-22 15:00:00,74.01,78.87,35.7,0.744,492.49,215.15,61.07,54.74,823.44
2024-06-22 16:00:00,73.32,69.27,33.85,0.673,487.16,199.39,60.16,69.24,815.94
2024-06-22 17:00:00,62.41,60.06,31.53,0.55,427.72,185.61,58.0,58.78,730.11
2024-06-22 18:00:00,57.58,65.19,36.37,0.632,413.15,190.06,64.97,60.38,728.56
2024-06-22 19:00:00,64.61,69.18,36.36,0.758,441.44,196.35,67.05,59.36,764.2
2024-06-22 20:00:00,67.44,78.43,38.65,0.746,459.6,232.57,72.67,64.61,829.45
2024-06-22 21:00:00,71.14,75.52,31.58,0.786,482.41,212.31,59.42,53.99,808.13
2024-06-22 22:00:00,79.92,85.63,36.02,0.894,524.97,231.97,66.69,64.14,887.77
2024-06-22 23:00:00,86.71,76.73,31.94,0.713,563.46,214.24,59.03,57.41,894.15
2024-06-23 00:00:00,86.21,87.93,37.55,0.837,555.37,251.17,69.15,57.45,933.14
2024-06-23 01:00:00,85.97,86.59,35.65,0.919,542.24,237.67,63.98,64.4,908.29
2024-06-23 02:00:00,87.88,73.85,33.49,0.692,542.75,206.77,58.04,58.66,
2024-06-23 03:00:00,73.63,83.43,36.09,0.831,489.83,230.16,64.98,63.07,848.04
2024-06-23 04:00:00,70.49,75.71,34.09,0.859,474.25,218.71,64.37,63.16,820.48
2024-06-23 05:00:00,63.22,73.57,35.37,0.785,451.51,219.85,66.65,58.25,796.26
2024-06-23 06:00:00,60.36,65.86,35.23,0.663,420.9,203.15,65.84,61.16,751.05
2024-06-23 07:00:00,62.92,77.84,37.53,0.82,437.58,218.79,66.06,57.58,780.01
2024-06-23 08:00:00,67.46,67.8,37.64,0.675,463.52,199.19,67.28,59.9,789.9
2024-06-23 09:00:00,76.44,82.38,34.02,0.875,506.3,245.61,60.79,62.37,875.07
2024-06-23 10:00:00,90.02,89.11,36.5,0.789,576.86,253.11,63.68,55.22,948.87
2024-06-23 11:00:00,81.88,76.07,35.45,0.754,522.85,218.23,67.78,62.2,871.07
2024-06-23 12:00:00,84.58,92.21,32.8,0.818,535.11,239.87,52.07,61.59,888.64
2024-06-23 13:00:00,84.49,83.4,33.87,0.842,540.21,232.39,69.46,52.56,894.61
2024-06-23 14:00:00,82.21,84.37,38.42,0.832,513.65,229.22,77.85,56.27,877.0
2024-06-23 15:00:00,76.05,70.39,35.45,0.772,499.95,202.65,64.42,56.54,823.56
2024-06-23 16:00:00,74.51,87.84,36.42,0.914,487.28,238.68,67.57,57.78,851.31
2024-06-23 17:00:00,55.55,61.65,34.6,0.59,400.34,188.08,66.07,55.22,709.71
2024-06-23 18:00:00,54.2,72.23,34.11,0.702,388.89,212.09,58.76,64.7,724.44
2024-06-23 19:00:00,63.27,66.66,34.96,0.686,428.25,195.6,65.59,65.3,754.74
2024-06-23 20:00:00,73.76,73.79,34.52,0.709,499.31,207.29,67.81,56.06,830.46
2024-06-23 21:00:00,68.74,78.31,32.68,0.782,464.35,223.38,52.01,54.23,793.97
2024-06-23 22:00:00,68.59,79.43,33.41,0.86,469.88,223.82,54.78,59.93,808.41
2024-06-23 23:00:00,87.03,77.16,35.98,0.73,556.61,210.65,68.16,66.65,902.06
2024-06-24 00:00:00,115.97,100.0,34.37,0.978,703.59,273.65,61.18,70.77,1109.18
2024-06-24 01:00:00,108.63,99.54,34.98,0.98,652.26,264.66,61.81,56.63,1035.36
2024-06-24 02:00:00,103.56,87.09,35.29,1.0,648.01,241.27,62.61,48.63,1000.52
2024-06-24 03:00:00,96.12,96.05,35.41,0.991,607.63,260.39,59.62,52.56,980.22
2024-06-24 04:00:00,92.94,79.19,36.66,0.848,584.56,226.2,64.74,51.09,926.59
2024-06-24 05:00:00,84.5,79.13,33.29,0.83,544.83,227.05,55.04,62.08,889.0
2024-06-24 06:00:00,86.98,85.88,35.79,0.901,562.9,232.53,70.06,60.49,925.98
2024-06-24 07:00:00,75.59,73.53,36.07,0.759,494.98,216.28,65.86,61.09,838.21
2024-06-24 08:00:00,89.07,85.86,36.42,0.877,552.7,238.23,66.38,65.63,922.93
2024-06-24 09:00:00,95.5,88.95,32.82,0.817,594.65,253.31,62.14,68.14,978.25
2024-06-24 10:00:00,106.47,92.3,35.32,0.941,653.59,258.72,75.14,64.21,1051.67
2024-06-24 11:00:00,110.84,99.58,37.51,0.99,673.93,277.06,63.71,63.68,1078.38
2024-06-24 12:00:00,118.19,97.95,34.79,1.0,721.5,260.07,55.65,52.63,1089.85
2024-06-24 13:00:00,105.55,93.93,35.66,0.936,640.09,264.98,64.47,57.46,1026.99
2024-06-24 14:00:00,107.68,99.57,36.11,1.0,651.74,269.67,58.09,66.92,1046.42
2024-06-24 15:00:00,102.23,95.07,33.4,0.998,622.7,263.79,59.16,57.25,1002.91
2024-06-24 16:00:00,99.93,93.89,37.69,0.793,623.06,261.22,71.74,65.53,1021.55
2024-06-24 17:00:00,85.08,76.8,35.69,0.746,533.2,224.02,70.75,60.62,888.59
2024-06-24 18:00:00,86.3,85.77,35.72,0.765,557.44,233.59,58.43,63.92,913.38
2024-06-24 19:00:00,79.79,75.5,32.44,0.767,511.51,224.29,55.03,55.64,846.47
2024-06-24 20:00:00,82.93,75.06,36.13,0.736,528.48,219.73,66.89,63.82,878.91
2024-06-24 21:00:00,103.38,91.33,35.7,0.981,651.06,242.96,67.67,56.8,1018.49
2024-06-24 22:00:00,107.48,89.22,37.37,0.903,667.25,244.45,70.92,61.15,1043.77
2024-06-24 23:00:00,117.7,100.0,34.47,0.976,709.48,262.72,68.35,59.85,1100.4
2024-06-25 00:00:00,109.51,98.83,33.47,1.0,657.04,258.98,63.57,65.96,1045.55
2024-06-25 01:00:00,115.07,88.02,33.93,0.864,711.47,249.97,61.0,64.16,1086.59
2024-06-25 02:00:00,114.98,93.35,34.2,0.909,693.31,247.15,66.2,51.17,1057.83
2024-06-25 03:00:00,101.68,83.54,33.28,0.855,630.37,227.51,60.58,55.95,974.41
2024-06-25 04:00:00,93.61,84.49,36.89,0.926,595.33,249.3,67.9,56.82,969.35
2024-06-25 05:00:00,87.04,85.8,36.95,0.901,539.52,237.49,64.93,63.46,3168.865
2024-06-25 06:00:00,78.72,78.15,34.66,0.81,508.46,228.05,63.42,57.52,857.46
2024-06-25 07:00:00,92.43,83.27,34.37,0.97,581.61,241.61,55.74,54.55,933.52
2024-06-25 08:00:00,90.06,91.53,32.23,0.879,571.33,256.86,62.56,53.18,943.92
2024-06-25 09:00:00,102.02,79.48,36.0,0.757,619.66,227.82,61.16,63.64,972.27
2024-06-25 10:00:00,101.25,96.81,37.44,0.975,628.85,263.07,64.23,49.63,1005.79
2024-06-25 11:00:00,108.27,91.41,34.0,0.99,661.63,255.2,52.29,65.28,1034.4
2024-06-25 12:00:00,120.74,99.98,34.78,0.953,737.04,268.61,59.71,53.57,1118.93
2024-06-25 13:00:00,111.6,93.16,35.61,1.0,686.01,259.81,60.66,57.76,1064.24
2024-06-25 14:00:00,113.31,100.0,37.54,0.928,684.41,268.45,68.84,54.16,1075.86
2024-06-25 15:00:00,99.69,83.69,35.25,0.831,616.87,234.87,58.68,55.4,965.82
2024-06-25 16:00:00,85.13,82.62,35.25,0.835,553.78,244.8,62.07,58.88,919.53
2024-06-25 17:00:00,90.58,87.93,35.22,0.835,575.16,241.76,61.08,59.32,937.32
2024-06-25 18:00:00,82.64,73.27,32.82,0.702,522.23,213.97,52.43,52.27,840.91
2024-06-25 19:00:00,89.8,80.3,32.79,0.843,585.77,231.22,60.37,57.97,935.33
2024-06-25 20:00:00,92.6,85.56,33.74,0.928,575.09,242.64,60.26,60.52,938.51
2024-06-25 21:00:00,93.83,82.48,36.47,0.719,608.97,234.97,66.21,62.34,972.49
2024-06-25 22:00:00,108.16,90.0,34.45,0.909,664.21,241.5,65.73,49.79,
2024-06-25 23:00:00,121.78,99.14,34.16,0.986,723.79,269.16,61.92,57.61,1112.48
2024-06-26 00:00:00,116.97,100.0,34.15,1.0,685.92,271.46,60.54,49.73,1067.65
2024-06-26 01:00:00,112.76,94.67,34.76,0.931,690.02,265.64,66.66,57.46,1079.78
2024-06-26 02:00:00,111.8,100.0,37.52,0.935,666.6,274.44,66.64,57.85,1065.53
2024-06-26 03:00:00,100.84,85.43,34.74,0.931,627.07,246.64,60.92,63.15,997.78
2024-06-26 04:00:00,93.34,80.41,33.79,0.862,602.16,222.84,63.9,64.87,953.77
2024-06-26 05:00:00,82.64,90.95,35.01,0.904,524.11,245.03,60.29,54.89,884.33
2024-06-26 06:00:00,85.94,79.68,37.6,0.772,555.58,229.29,72.75,61.47,919.1
2024-06-26 07:00:00,91.15,79.02,34.22,0.76,569.26,232.74,62.63,63.28,927.91
2024-06-26 08:00:00,89.16,75.87,33.2,0.629,574.84,218.12,66.43,56.26,915.66
2024-06-26 09:00:00,105.7,98.22,34.22,1.0,649.02,261.83,61.75,63.87,1036.46
2024-06-26 10:00:00,107.13,91.86,35.16,0.958,655.51,243.3,67.49,60.68,1026.98
2024-06-26 11:00:00,109.44,93.45,36.0,0.941,676.85,258.43,58.65,58.63,1052.56
2024-06-26 12:00:00,118.99,98.7,36.48,0.983,719.95,266.59,71.19,60.71,1118.45
2024-06-26 13:00:00,111.84,100.0,33.4,1.0,672.78,267.4,63.28,52.1,1055.55
2024-06-26 14:00:00,110.54,94.37,33.54,0.901,686.99,263.61,58.2,60.7,1069.5
2024-06-26 15:00:00,98.83,100.0,34.49,0.975,601.88,269.48,65.93,55.77,993.06
2024-06-26 16:00:00,92.26,86.8,36.0,0.86,583.51,242.28,60.13,60.14,946.06
2024-06-26 17:00:00,88.98,89.8,33.08,0.933,558.34,253.98,57.95,57.97,928.24
2024-06-26 18:00:00,86.16,87.11,34.06,0.94,538.92,256.07,58.3,61.44,914.74
2024-06-26 19:00:00,79.03,79.33,34.08,0.782,506.06,223.93,65.43,65.96,861.38
2024-06-26 20:00:00,88.02,81.07,36.38,0.758,559.68,225.0,70.88,60.64,916.19
2024-06-26 21:00:00,103.72,93.52,35.76,0.937,641.39,250.45,62.98,65.0,1019.82
2024-06-26 22:00:00,106.97,96.04,36.33,1.0,663.33,264.54,60.7,54.89,1043.45
2024-06-26 23:00:00,110.9,92.58,36.98,0.878,686.29,247.88,63.05,67.17,1064.39
2024-06-27 00:00:00,109.57,95.61,34.52,1.0,670.05,258.55,62.91,54.94,1046.45
2024-06-27 01:00:00,108.67,100.0,33.2,1.0,659.81,268.29,60.28,53.73,1042.11
2024-06-27 02:00:00,99.41,100.0,33.21,0.982,625.38,279.34,58.82,58.63,1022.16
2024-06-27 03:00:00,99.59,94.07,32.22,0.906,613.06,264.7,55.09,57.78,990.62
2024-06-27 04:00:00,90.11,94.37,34.29,0.972,557.77,248.95,68.64,52.09,927.45
2024-06-27 05:00:00,83.14,78.42,34.41,0.802,543.23,234.2,59.85,54.36,891.64
2024-06-27 06:00:00,84.73,85.87,36.16,0.893,554.23,233.04,62.16,42.03,891.46
2024-06-27 07:00:00,88.47,90.93,35.01,1.0,555.75,251.9,68.0,53.24,928.9
2024-06-27 08:00:00,100.87,85.95,34.25,0.868,640.05,235.5,60.91,56.7,993.16
2024-06-27 09:00:00,93.95,84.55,34.81,0.786,594.43,235.22,65.1,67.45,962.2
2024-06-27 10:00:00,112.14,100.0,33.42,1.0,684.16,264.12,57.06,63.57,1068.9
2024-06-27 11:00:00,116.88,93.57,36.52,0.948,700.28,266.54,68.16,61.62,1096.6
2024-06-27 12:00:00,111.88,89.24,33.8,0.956,687.56,246.56,64.19,70.83,1069.12
2024-06-27 13:00:00,113.8,100.0,33.27,0.99,676.82,271.35,55.82,51.04,1055.04
2024-06-27 14:00:00,105.67,98.82,36.21,0.968,645.63,261.09,63.44,59.66,1029.82
2024-06-27 15:00:00,100.74,92.53,35.84,0.857,617.85,245.83,61.3,70.18,995.15
2024-06-27 16:00:00,98.54,89.04,32.4,0.918,602.21,244.32,56.6,57.46,960.59
2024-06-27 17:00:00,89.43,82.52,36.26,0.993,574.06,236.43,72.08,55.86,938.43
2024-06-27 18:00:00,87.03,84.93,33.87,0.838,557.9,237.62,62.39,64.09,922.0
2024-06-27 19:00:00,85.29,90.54,34.42,0.928,552.88,255.99,70.15,57.22,936.23
2024-06-27 20:00:00,86.56,84.47,35.26,0.817,550.59,238.14,69.8,66.3,924.83
2024-06-27 21:00:00,99.17,100.0,35.86,0.936,623.71,270.04,69.47,64.16,1027.38
2024-06-27 22:00:00,112.33,91.67,35.65,0.938,682.25,255.73,70.39,59.05,1067.41
2024-06-27 23:00:00,106.88,93.34,34.91,0.935,650.63,256.62,67.87,64.9,1040.03
2024-06-28 00:00:00,110.78,93.52,34.35,0.816,668.79,262.07,69.05,58.82,1058.73
2024-06-28 01:00:00,113.5,91.32,35.61,0.994,671.61,255.11,66.67,60.66,1054.06
2024-06-28 02:00:00,103.56,91.02,34.81,0.931,647.12,256.6,65.81,62.93,1032.45
2024-06-28 03:00:00,96.83,90.5,37.7,0.909,612.56,254.35,70.89,58.05,995.85
2024-06-28 04:00:00,90.81,88.02,35.87,0.859,597.45,253.01,63.21,67.55,981.22
2024-06-28 05:00:00,81.55,91.63,33.61,0.937,525.06,257.39,64.27,60.35,907.07
2024-06-28 06:00:00,81.1,82.87,34.27,0.851,520.18,244.52,67.13,61.45,893.28
2024-06-28 07:00:00,89.82,90.66,35.06,0.927,555.51,247.14,61.11,53.42,917.18
2024-06-28 08:00:00,87.27,83.97,36.94,0.893,564.03,241.34,63.46,56.78,925.61
2024-06-28 09:00:00,93.61,95.19,37.11,1.0,593.88,251.62,64.99,60.81,971.31
2024-06-28 10:00:00,104.98,100.0,34.4,1.0,657.31,275.68,67.74,64.34,1065.08
2024-06-28 11:00:00,115.92,100.0,33.59,0.958,692.26,270.34,59.91,67.06,1089.58
2024-06-28 12:00:00,114.21,92.14,33.4,0.893,696.79,259.12,56.1,54.7,1066.71
2024-06-28 13:00:00,111.13,92.82,35.37,0.946,671.48,265.0,59.91,55.87,1052.26
2024-06-28 14:00:00,107.68,95.25,38.45,0.914,669.14,264.83,65.99,53.85,1053.8
2024-06-28 15:00:00,93.02,88.79,35.8,0.857,589.38,243.98,61.99,62.47,957.82
2024-06-28 16:00:00,94.48,90.73,32.6,0.931,579.95,244.01,53.48,67.07,944.51
2024-06-28 17:00:00,88.54,86.57,33.9,0.911,561.67,245.02,63.85,59.21,929.74
2024-06-28 18:00:00,83.36,81.72,34.05,0.881,521.23,229.89,60.94,60.29,872.35
2024-06-28 19:00:00,91.03,82.34,33.76,0.814,565.86,236.89,63.3,60.66,926.71
2024-06-28 20:00:00,87.99,86.0,34.41,0.883,551.13,237.56,53.15,57.65,899.49
2024-06-28 21:00:00,104.51,100.0,35.54,1.0,637.43,264.42,68.67,53.89,1024.42
2024-06-28 22:00:00,108.12,99.16,36.01,0.992,658.49,266.78,64.9,65.3,1055.47
2024-06-28 23:00:00,111.64,98.5,36.63,0.944,679.54,269.85,68.33,60.77,1078.49
2024-06-29 00:00:00,86.17,88.23,35.78,0.835,551.77,246.02,70.89,57.26,925.95
2024-06-29 01:00:00,84.31,80.3,32.07,0.836,541.38,223.75,59.59,75.03,899.75
2024-06-29 02:00:00,85.51,80.21,33.41,0.76,550.19,239.25,68.99,59.99,918.41
2024-06-29 03:00:00,70.69,71.61,34.76,0.627,463.47,209.54,55.45,51.44,779.9
2024-06-29 04:00:00,66.32,72.54,35.22,0.724,452.21,198.75,62.52,63.27,776.76
2024-06-29 05:00:00,69.4,72.59,36.29,0.799,478.49,218.04,58.51,50.79,805.82
2024-06-29 06:00:00,61.37,76.73,35.06,0.628,425.51,221.06,64.77,62.33,773.67
2024-06-29 07:00:00,68.86,72.05,35.07,0.706,468.25,210.29,63.84,62.2,804.58
2024-06-29 08:00:00,76.17,74.07,35.35,0.774,504.08,214.41,59.67,66.9,845.05
2024-06-29 09:00:00,73.39,86.41,34.61,0.773,493.86,240.35,71.4,54.99,860.6
2024-06-29 10:00:00,83.35,79.42,35.13,0.784,539.05,236.79,62.19,58.53,896.56
2024-06-29 11:00:00,80.13,80.83,36.69,0.751,527.4,232.53,57.61,59.65,877.2
2024-06-29 12:00:00,89.27,86.89,34.87,0.819,570.4,244.03,65.89,64.33,944.65
2024-06-29 13:00:00,85.54,77.09,34.95,0.751,552.96,220.31,66.1,62.17,901.53
2024-06-29 14:00:00,82.52,87.44,34.95,0.818,536.12,253.99,61.39,62.59,914.09
2024-06-29 15:00:00,72.42,79.39,36.94,0.734,474.03,231.79,70.05,66.09,841.97
2024-06-29 16:00:00,62.73,79.16,33.33,0.789,424.29,232.16,56.6,58.89,771.94
2024-06-29 17:00:00,67.27,70.24,37.66,0.814,453.53,209.17,66.52,67.31,796.53
2024-06-29 18:00:00,55.5,68.24,33.23,0.72,409.9,209.31,61.79,59.56,740.56
2024-06-29 19:00:00,63.99,72.19,34.02,0.772,438.57,213.96,65.32,64.48,782.33
2024-06-29 20:00:00,73.14,77.89,36.11,0.819,488.18,221.34,64.51,57.52,831.55
2024-06-29 21:00:00,75.77,70.61,36.54,0.671,483.1,210.5,64.25,62.98,820.82
2024-06-29 22:00:00,88.42,84.76,32.89,0.863,563.64,250.59,59.44,65.79,939.46
2024-06-29 23:00:00,88.84,77.29,33.36,0.828,564.9,223.53,52.26,54.59,895.28
2024-06-30 00:00:00,83.63,83.61,35.42,0.878,516.79,243.2,63.03,64.72,887.74
2024-06-30 01:00:00,84.85,71.78,38.52,0.728,546.59,217.89,61.81,60.89,887.18
2024-06-30 02:00:00,80.44,70.96,36.87,0.736,508.97,212.39,63.4,70.19,854.95
2024-06-30 03:00:00,68.67,78.43,34.63,0.907,457.55,234.64,57.04,58.68,807.91
2024-06-30 04:00:00,65.61,70.07,31.37,0.743,456.02,194.11,58.98,61.47,770.59
2024-06-30 05:00:00,63.01,66.57,35.12,0.65,436.33,188.77,60.7,59.22,745.02
2024-06-30 06:00:00,55.61,74.16,35.54,0.738,394.44,226.1,69.33,63.31,753.18
2024-06-30 07:00:00,65.45,74.36,34.43,0.691,442.96,212.28,54.98,49.08,759.3
2024-06-30 08:00:00,68.38,78.55,33.72,0.903,458.55,225.63,60.13,52.95,797.25
2024-06-30 09:00:00,68.31,73.32,35.24,0.813,462.83,224.48,64.17,63.34,814.82
2024-06-30 10:00:00,82.24,94.52,33.59,0.949,521.6,259.69,62.82,60.13,904.24
2024-06-30 11:00:00,87.61,80.78,37.81,0.917,567.03,239.78,77.07,49.98,933.86
2024-06-30 12:00:00,87.16,92.3,37.27,0.955,546.61,251.5,59.63,56.83,914.57
2024-06-30 13:00:00,83.45,81.42,35.99,0.793,523.42,234.67,62.15,58.04,878.27
2024-06-30 14:00:00,82.99,73.22,35.13,0.778,542.88,214.12,71.63,57.57,886.2
2024-06-30 15:00:00,77.72,81.27,34.01,0.833,505.11,239.62,57.93,64.66,867.32
2024-06-30 16:00:00,70.6,76.88,34.97,0.811,473.59,219.87,65.11,66.28,824.85
2024-06-30 17:00:00,61.96,65.72,37.46,0.589,435.03,192.23,64.07,48.81,740.14
2024-06-30 18:00:00,64.86,67.82,36.3,0.638,438.53,199.61,60.17,59.4,757.71
2024-06-30 19:00:00,70.04,74.9,35.31,0.823,471.29,214.74,60.69,60.57,807.29
2024-06-30 20:00:00,66.99,75.24,36.39,0.837,460.13,214.13,73.8,52.59,800.65
2024-06-30 21:00:00,83.39,69.34,35.82,0.764,550.1,201.49,60.21,66.27,878.06
2024-06-30 22:00:00,78.52,84.53,35.59,0.956,508.52,244.24,63.28,61.85,877.89
2024-06-30 23:00:00,84.87,79.96,36.47,0.829,540.66,236.37,65.03,64.25,906.31
2024-07-01 00:00:00,112.31,89.5,35.78,0.92,686.06,250.29,68.46,57.77,1062.58
2024-07-01 01:00:00,113.88,100.0,36.29,0.954,691.09,266.12,70.23,56.11,1083.54
2024-07-01 02:00:00,100.53,90.15,35.24,0.872,621.56,245.81,64.27,57.15,988.78
2024-07-01 03:00:00,97.82,94.99,34.62,0.85,621.82,247.04,49.95,59.45,978.26
2024-07-01 04:00:00,88.13,86.26,34.18,0.846,547.2,243.41,58.36,57.87,906.85
2024-07-01 05:00:00,87.55,83.77,34.0,0.735,546.38,231.82,56.81,64.53,899.53
2024-07-01 06:00:00,88.98,83.73,32.59,0.891,551.52,244.65,63.7,73.33,933.2
2024-07-01 07:00:00,89.59,87.21,33.63,0.892,577.58,234.87,57.25,62.91,932.62
2024-07-01 08:00:00,83.01,79.44,33.59,0.693,539.18,223.27,67.59,50.26,880.31
2024-07-01 09:00:00,108.17,89.82,34.24,0.889,649.88,248.05,63.66,60.78,1022.36
2024-07-01 10:00:00,108.68,97.39,37.34,1.0,662.42,267.31,72.16,54.06,1055.95
2024-07-01 11:00:00,109.88,94.22,34.76,0.936,669.2,268.68,72.0,57.96,1067.84
2024-07-01 12:00:00,115.63,97.98,35.36,0.93,680.47,257.54,60.28,59.82,1058.11
2024-07-01 13:00:00,113.7,100.0,35.41,0.911,689.98,268.19,57.66,58.7,1074.53
2024-07-01 14:00:00,104.83,91.85,37.38,0.831,634.74,244.31,68.43,54.82,1002.31
2024-07-01 15:00:00,100.79,90.47,34.14,0.931,629.61,254.73,65.66,62.61,1012.61
2024-07-01 16:00:00,90.07,82.04,34.67,0.799,561.18,228.4,60.14,50.03,899.74
2024-07-01 17:00:00,85.39,84.85,34.84,0.831,548.71,237.56,63.26,61.93,911.47
2024-07-01 18:00:00,82.25,82.88,36.7,0.807,541.63,233.01,71.34,55.49,901.46
2024-07-01 19:00:00,81.28,85.14,37.02,0.844,534.19,239.5,71.5,61.39,906.58
2024-07-01 20:00:00,93.08,83.65,35.71,0.775,589.47,234.72,62.35,53.28,939.82
2024-07-01 21:00:00,102.34,88.88,36.85,0.905,631.06,240.82,67.81,61.16,1000.85
2024-07-01 22:00:00,109.56,98.74,35.27,0.916,655.8,267.86,60.14,66.89,1050.68
2024-07-01 23:00:00,116.27,99.4,34.74,0.956,697.84,263.97,57.13,57.03,1075.96
2024-07-02 00:00:00,116.3,93.62,36.76,0.987,699.68,261.48,72.01,56.92,1090.09
2024-07-02 01:00:00,110.86,100.0,35.73,1.0,671.91,270.34,56.18,62.16,1060.6
2024-07-02 02:00:00,110.86,86.94,33.89,0.904,662.03,236.33,62.17,61.06,1021.58
2024-07-02 03:00:00,94.57,91.21,36.49,1.0,596.33,265.97,64.61,53.09,980.0
2024-07-02 04:00:00,88.9,78.12,34.68,0.778,555.04,234.01,65.03,65.54,919.61
2024-07-02 05:00:00,83.15,91.01,34.5,0.911,548.13,265.77,59.76,64.04,937.71
2024-07-02 06:00:00,89.32,76.94,36.34,0.756,567.79,219.51,70.37,66.41,924.08
2024-07-02 07:00:00,90.78,91.15,34.86,0.889,581.74,246.41,62.27,62.73,953.14
2024-07-02 08:00:00,94.45,86.82,35.58,0.818,599.91,247.15,70.25,69.44,986.76
2024-07-02 09:00:00,104.29,90.31,35.99,0.907,658.06,256.3,66.06,50.64,1031.06
2024-07-02 10:00:00,103.98,92.92,33.82,0.947,641.37,256.31,57.08,67.62,1022.38
2024-07-02 11:00:00,114.38,100.0,35.57,1.0,688.8,257.38,66.6,58.05,1070.83
2024-07-02 12:00:00,114.5,92.73,37.02,0.93,689.53,248.84,68.71,57.28,1064.36
2024-07-02 13:00:00,116.38,94.11,33.56,0.987,713.86,260.17,60.38,56.43,1090.84
2024-07-02 14:00:00,107.04,96.77,35.67,0.969,644.63,259.25,61.62,62.55,1028.05
2024-07-02 15:00:00,98.46,80.69,33.75,0.786,605.28,221.27,64.6,64.0,955.14
2024-07-02 16:00:00,94.66,84.41,36.53,0.798,595.21,235.72,62.29,57.67,950.89
2024-07-02 17:00:00,90.51,100.0,36.51,0.923,571.35,250.52,62.69,61.37,945.92
2024-07-02 18:00:00,82.33,76.32,34.47,0.836,539.37,216.66,64.55,73.82,894.4
2024-07-02 19:00:00,86.77,89.12,38.31,0.856,543.12,244.6,68.52,56.65,912.88
2024-07-02 20:00:00,88.27,81.2,36.66,0.766,560.8,232.39,58.52,58.03,909.74
2024-07-02 21:00:00,90.01,87.55,36.06,0.855,568.54,247.14,61.46,67.1,944.24
2024-07-02 22:00:00,108.3,97.42,35.97,0.96,652.93,266.85,66.77,52.12,1038.68
2024-07-02 23:00:00,115.43,100.0,36.47,1.0,704.16,275.38,64.97,61.23,1105.74
2024-07-03 00:00:00,116.05,97.02,33.5,0.954,699.51,262.74,60.29,47.92,1070.46
2024-07-03 01:00:00,105.19,100.0,35.28,1.0,644.89,261.27,64.96,53.1,1024.21
2024-07-03 02:00:00,106.1,90.1,35.57,0.904,643.89,249.48,66.24,54.05,1013.66
2024-07-03 03:00:00,91.13,86.73,34.39,0.97,572.67,236.89,62.77,55.62,927.95
2024-07-03 04:00:00,97.98,90.22,35.69,0.947,601.72,241.31,51.33,53.76,948.12
2024-07-03 05:00:00,82.67,75.72,36.84,0.775,540.24,222.49,66.49,61.0,890.22
2024-07-03 06:00:00,90.02,83.58,34.36,0.915,578.37,227.04,60.18,67.0,932.59
2024-07-03 07:00:00,90.79,86.2,34.91,0.918,587.41,245.11,63.36,70.2,966.07
2024-07-03 08:00:00,88.9,82.29,33.76,0.855,567.96,225.05,65.44,54.85,913.3
2024-07-03 09:00:00,95.47,99.94,32.31,1.0,594.63,268.13,54.27,63.64,980.67
2024-07-03 10:00:00,108.9,90.26,36.16,0.878,660.76,246.16,65.77,66.04,1038.72
2024-07-03 11:00:00,109.61,100.0,34.95,0.95,671.99,276.82,65.22,60.6,1074.64
2024-07-03 12:00:00,115.41,100.0,35.06,0.966,698.66,273.57,62.27,63.54,1098.04
2024-07-03 13:00:00,111.06,95.46,33.51,1.0,673.9,255.52,55.48,62.3,1047.21
2024-07-03 14:00:00,100.38,85.86,34.71,0.931,619.78,239.36,58.07,62.29,979.5
2024-07-03 15:00:00,91.08,81.7,36.64,0.791,584.76,239.54,66.21,56.32,946.82
2024-07-03 16:00:00,93.41,84.11,34.99,0.723,583.58,245.6,60.9,50.03,940.11
2024-07-03 17:00:00,84.76,73.45,35.03,0.724,554.59,206.04,55.75,58.26,874.64
2024-07-03 18:00:00,82.79,76.38,35.3,0.713,535.4,228.29,60.75,56.17,880.6
2024-07-03 19:00:00,89.79,77.48,33.14,0.75,566.02,230.15,54.84,58.61,909.63
2024-07-03 20:00:00,97.19,95.33,35.93,0.901,599.69,261.26,68.06,64.81,993.81
2024-07-03 21:00:00,98.91,92.55,33.11,0.845,613.31,253.8,54.06,67.18,988.35
2024-07-03 22:00:00,106.14,97.0,33.58,1.0,654.71,260.39,66.53,60.75,1042.39
2024-07-03 23:00:00,114.99,100.0,33.42,0.966,691.94,262.48,69.19,54.08,1077.69
2024-07-04 00:00:00,109.57,95.62,34.72,1.0,674.66,262.84,59.93,58.05,1055.49
2024-07-04 01:00:00,113.88,100.0,34.45,0.989,686.0,268.98,59.96,56.14,1071.08
2024-07-04 02:00:00,109.71,91.8,34.98,0.861,667.54,255.39,67.14,60.62,1050.69
2024-07-04 03:00:00,102.72,91.89,33.62,0.944,623.31,255.73,65.26,57.67,1001.97
2024-07-04 04:00:00,84.75,86.11,36.49,0.842,548.24,255.94,64.11,64.51,932.81
2024-07-04 05:00:00,83.96,75.38,36.23,0.743,537.68,225.47,63.86,55.76,882.77
2024-07-04 06:00:00,81.49,96.23,34.72,0.97,540.07,265.36,61.17,70.92,937.51
2024-07-04 07:00:00,87.41,83.85,34.26,0.798,562.68,223.26,58.67,52.64,897.25
2024-07-04 08:00:00,94.42,87.92,34.11,0.798,592.79,246.99,65.45,61.53,966.76
2024-07-04 09:00:00,105.99,99.28,34.52,0.99,659.74,277.98,63.15,51.95,1052.81
2024-07-04 10:00:00,105.52,97.33,32.88,1.0,650.84,261.84,56.69,65.24,1034.61
2024-07-04 11:00:00,111.0,95.69,33.54,0.912,683.07,274.09,61.03,60.23,1078.43
2024-07-04 12:00:00,119.6,100.0,36.27,1.0,711.09,273.26,64.18,61.03,1109.56
2024-07-04 13:00:00,114.18,89.57,35.43,0.971,694.57,249.86,74.2,55.51,1074.14
2024-07-04 14:00:00,112.57,93.5,37.43,0.931,686.87,250.41,66.78,65.43,1069.5
2024-07-04 15:00:00,101.15,93.16,34.53,0.936,613.42,264.67,65.52,63.21,1006.82
2024-07-04 16:00:00,87.87,86.16,34.44,0.864,571.41,235.94,64.13,57.27,928.76
2024-07-04 17:00:00,81.68,86.94,34.37,0.835,519.1,239.2,61.66,59.92,879.88
2024-07-04 18:00:00,78.79,78.79,34.5,0.738,503.58,214.18,64.27,55.55,837.58
2024-07-04 19:00:00,89.66,77.89,33.99,0.729,545.5,228.95,62.43,55.15,892.03
2024-07-04 20:00:00,97.25,93.91,35.39,0.958,610.06,260.74,74.05,56.92,1001.77
2024-07-04 21:00:00,107.4,100.0,35.03,1.0,643.84,270.06,63.06,58.63,1035.59
2024-07-04 22:00:00,110.87,99.93,34.22,1.0,670.23,274.29,51.56,60.01,1056.09
2024-07-04 23:00:00,117.64,98.0,36.86,0.961,714.91,269.68,75.5,59.78,1119.87
2024-07-05 00:00:00,112.68,100.0,37.81,1.0,684.94,267.81,66.43,55.67,1074.85
2024-07-05 01:00:00,108.36,100.0,36.72,1.0,656.83,265.29,66.84,63.8,1052.76
2024-07-05 02:00:00,110.9,96.03,35.81,0.964,661.78,251.36,62.68,65.45,1041.26
2024-07-05 03:00:00,101.67,84.28,36.11,0.676,627.49,235.91,63.01,64.57,990.98
2024-07-05 04:00:00,92.93,83.53,37.75,0.794,591.49,227.57,63.88,63.53,946.48
2024-07-05 05:00:00,88.56,87.41,36.11,0.798,568.4,244.53,57.39,47.49,917.81
2024-07-05 06:00:00,86.29,75.12,34.09,0.783,565.76,216.79,58.9,55.01,896.46
2024-07-05 07:00:00,92.14,86.92,35.56,0.874,575.5,240.12,66.46,52.56,934.64
2024-07-05 08:00:00,97.68,90.74,35.91,0.854,597.86,256.84,58.45,51.14,964.29
2024-07-05 09:00:00,102.18,98.76,33.48,1.0,633.36,261.49,62.68,65.72,1023.25
2024-07-05 10:00:00,110.88,100.0,34.54,0.929,676.11,258.91,71.86,68.48,1075.35
2024-07-05 11:00:00,115.05,100.0,36.62,0.948,695.19,268.65,67.46,60.04,1091.34
2024-07-05 12:00:00,113.16,85.76,32.23,0.822,679.81,235.67,52.86,62.36,1030.69
2024-07-05 13:00:00,116.02,100.0,33.09,1.0,678.86,270.73,61.58,58.2,1069.37
2024-07-05 14:00:00,101.92,94.49,34.71,1.0,621.56,252.94,66.7,65.85,1007.05
2024-07-05 15:00:00,104.22,93.39,35.5,0.905,645.53,258.64,69.52,61.4,1035.09
2024-07-05 16:00:00,87.72,75.21,32.93,0.818,560.88,212.1,60.43,57.39,890.81
2024-07-05 17:00:00,88.15,80.19,34.78,0.804,568.49,222.5,65.42,62.81,919.22
2024-07-05 18:00:00,81.62,74.98,36.7,0.762,530.86,221.15,69.86,59.09,880.96
2024-07-05 19:00:00,89.22,74.54,35.07,0.742,572.0,216.25,65.94,60.98,915.17
2024-07-05 20:00:00,92.36,86.17,36.38,0.852,587.94,233.83,67.15,63.47,952.39
2024-07-05 21:00:00,93.62,82.82,34.08,0.85,588.27,228.21,59.19,78.8,954.48
2024-07-05 22:00:00,109.18,100.0,33.76,1.0,666.13,267.76,64.98,68.93,1067.81
2024-07-05 23:00:00,110.68,94.5,36.24,0.901,650.12,251.58,63.49,60.75,1025.95
2024-07-06 00:00:00,89.77,91.36,35.51,0.904,563.62,250.12,74.73,55.3,943.77
2024-07-06 01:00:00,84.75,74.53,33.18,0.829,538.83,214.99,57.56,48.73,860.12
2024-07-06 02:00:00,82.21,78.45,33.75,0.793,530.16,219.25,64.37,66.42,880.2
2024-07-06 03:00:00,71.17,76.07,37.3,0.775,468.41,223.65,62.43,65.6,2870.28
2024-07-06 04:00:00,67.02,68.97,33.57,0.748,462.59,198.71,58.92,56.86,777.08
2024-07-06 05:00:00,63.42,69.6,36.36,0.671,430.06,213.63,63.49,59.56,766.74
2024-07-06 06:00:00,67.18,72.5,34.24,0.723,464.7,210.94,56.56,61.04,793.24
2024-07-06 07:00:00,71.97,74.81,34.95,0.789,472.14,213.15,61.01,62.97,809.28
2024-07-06 08:00:00,66.15,82.35,35.4,0.885,445.94,236.18,65.56,68.27,815.95
2024-07-06 09:00:00,79.31,81.54,31.8,0.697,511.1,231.45,56.66,53.48,852.69
2024-07-06 10:00:00,71.95,78.37,32.76,0.747,475.76,229.14,64.14,63.37,832.41
2024-07-06 11:00:00,79.97,82.68,35.08,0.777,529.26,221.62,59.83,61.09,871.8
2024-07-06 12:00:00,82.41,84.27,33.87,0.837,529.46,240.07,64.15,57.45,891.13
2024-07-06 13:00:00,79.33,79.25,36.45,0.746,514.25,223.31,63.64,64.03,865.24
2024-07-06 14:00:00,74.29,75.54,32.55,0.789,485.52,218.86,63.5,59.44,827.32
2024-07-06 15:00:00,76.65,79.16,35.8,0.8,501.18,225.71,67.98,59.6,854.47
2024-07-06 16:00:00,68.52,80.04,32.89,0.845,464.33,236.17,63.66,61.57,825.72
2024-07-06 17:00:00,66.77,79.02,34.43,0.838,452.15,214.78,61.72,57.71,786.36
2024-07-06 18:00:00,66.51,72.05,33.36,0.754,451.36,221.0,65.76,63.27,801.39
2024-07-06 19:00:00,66.32,77.0,37.81,0.753,459.73,225.94,61.82,58.01,805.49
2024-07-06 20:00:00,72.01,75.03,32.95,0.756,482.22,218.48,61.49,68.45,830.63
2024-07-06 21:00:00,74.72,77.53,34.77,0.752,484.4,214.21,63.54,61.14,823.3
2024-07-06 22:00:00,75.88,75.57,32.36,0.687,498.7,208.67,61.99,56.65,826.01
2024-07-06 23:00:00,88.97,83.58,37.35,0.883,560.56,232.15,67.34,61.54,921.59
2024-07-07 00:00:00,83.89,88.65,35.54,0.882,543.64,249.98,60.43,64.95,919.0
2024-07-07 01:00:00,81.0,80.96,35.14,0.734,525.83,229.98,59.29,52.12,867.22
2024-07-07 02:00:00,79.91,80.63,37.15,0.833,528.61,232.8,67.22,66.34,894.96
2024-07-07 03:00:00,71.35,68.44,35.16,0.673,470.82,194.94,62.65,61.7,790.11
2024-07-07 04:00:00,67.71,72.31,35.27,0.62,456.99,212.11,67.31,59.85,796.25
2024-07-07 05:00:00,66.63,72.11,35.14,0.652,444.65,218.0,67.46,56.57,786.68
2024-07-07 06:00:00,65.14,68.43,35.78,0.649,445.38,212.41,65.0,61.74,784.52
2024-07-07 07:00:00,61.67,70.94,34.2,0.72,416.04,201.45,62.06,55.58,735.13
2024-07-07 08:00:00,67.42,71.57,34.62,0.755,459.69,208.18,66.97,50.05,784.89
2024-07-07 09:00:00,79.3,80.05,36.15,0.838,516.04,226.06,64.5,56.43,863.03
2024-07-07 10:00:00,82.61,81.91,35.35,0.849,534.29,228.26,63.22,58.64,884.41
2024-07-07 11:00:00,93.04,81.74,34.77,0.816,591.52,237.11,57.69,63.07,949.38
2024-07-07 12:00:00,90.97,83.49,32.84,0.921,576.65,252.56,63.02,58.91,951.14
2024-07-07 13:00:00,89.32,85.05,37.18,0.885,556.39,231.92,66.97,54.27,909.55
2024-07-07 14:00:00,75.07,83.46,33.95,0.846,490.92,237.81,66.05,56.69,851.48
2024-07-07 15:00:00,78.06,80.31,36.42,0.831,509.64,230.43,61.12,60.1,861.29
2024-07-07 16:00:00,69.16,71.27,35.2,0.693,463.19,211.57,61.8,63.23,799.78
2024-07-07 17:00:00,63.05,73.52,33.0,0.732,433.62,222.39,63.58,64.07,783.66
2024-07-07 18:00:00,64.42,80.75,36.82,0.703,455.08,231.81,67.97,53.19,808.06
2024-07-07 19:00:00,69.04,79.1,35.32,0.772,465.99,213.3,59.24,60.26,798.79
2024-07-07 20:00:00,71.38,78.43,36.94,0.872,479.95,216.08,70.58,63.87,830.48
2024-07-07 21:00:00,71.49,79.37,34.66,0.801,461.36,220.28,57.58,55.63,794.85
2024-07-07 22:00:00,83.59,89.0,35.99,0.895,543.94,242.4,68.5,69.0,923.85
2024-07-07 23:00:00,82.19,86.47,32.29,0.915,553.78,240.76,54.61,57.53,906.67
2024-07-08 00:00:00,115.87,100.0,34.17,1.0,710.1,268.71,66.75,65.1,1110.66
2024-07-08 01:00:00,111.78,100.0,33.01,0.961,675.36,259.06,60.26,63.46,1058.14
2024-07-08 02:00:00,106.62,87.9,34.35,0.88,671.37,234.95,63.61,56.56,1026.49
2024-07-08 03:00:00,103.06,84.02,35.62,0.783,635.54,223.73,64.2,60.08,983.56
2024-07-08 04:00:00,88.34,84.96,34.01,0.859,564.15,229.08,61.97,66.82,922.02
2024-07-08 05:00:00,94.79,87.74,36.21,0.835,591.81,250.2,65.91,57.32,965.24
2024-07-08 06:00:00,77.72,76.14,33.63,0.808,506.23,218.27,63.76,60.89,849.15
2024-07-08 07:00:00,84.62,86.44,36.24,0.839,525.11,235.81,65.39,52.47,878.78
2024-07-08 08:00:00,93.98,77.68,36.88,0.736,596.2,211.61,72.64,61.8,942.25
2024-07-08 09:00:00,102.34,88.49,36.44,0.879,629.31,239.76,63.04,57.98,990.09
2024-07-08 10:00:00,107.1,91.12,34.4,0.93,653.99,255.0,65.76,62.62,1037.37
2024-07-08 11:00:00,112.76,88.2,31.73,0.822,685.99,248.07,59.77,55.78,1049.61
2024-07-08 12:00:00,116.64,100.0,35.79,0.974,699.89,268.49,69.76,61.6,1099.73
2024-07-08 13:00:00,112.07,89.24,34.73,0.898,682.44,245.8,63.4,58.25,1049.88
2024-07-08 14:00:00,113.07,93.59,33.45,1.0,694.99,245.92,61.93,46.81,1049.65
2024-07-08 15:00:00,103.36,96.22,34.08,0.836,640.03,257.4,63.02,60.44,1020.89
2024-07-08 16:00:00,95.99,91.23,37.07,0.943,598.73,254.91,62.26,66.31,982.2
2024-07-08 17:00:00,83.14,76.03,33.21,0.741,534.74,215.62,61.75,54.52,866.63
2024-07-08 18:00:00,84.68,85.75,35.62,0.833,545.02,249.82,77.59,56.78,929.21
2024-07-08 19:00:00,85.81,84.35,35.24,0.809,542.38,244.37,70.28,66.63,923.66
2024-07-08 20:00:00,88.48,95.9,34.38,0.941,564.05,258.68,59.17,62.78,944.67
2024-07-08 21:00:00,101.44,92.74,35.88,0.958,632.68,253.16,57.79,58.36,1001.99
2024-07-08 22:00:00,105.35,91.97,37.37,0.893,647.45,266.47,67.87,61.48,1043.26
2024-07-08 23:00:00,115.61,93.52,34.47,1.0,694.67,261.48,66.78,56.87,1079.81
2024-07-09 00:00:00,110.72,91.64,34.53,0.948,671.3,252.86,62.4,72.36,1058.92
2024-07-09 01:00:00,119.87,95.8,35.83,0.968,724.55,262.3,72.44,64.43,1123.73
2024-07-09 02:00:00,103.91,98.81,36.27,0.98,630.77,268.4,62.57,68.54,1030.28
2024-07-09 03:00:00,100.88,90.53,34.7,0.965,617.85,250.01,63.76,60.46,992.08
2024-07-09 04:00:00,95.67,90.66,34.44,0.973,585.48,243.96,61.95,53.63,945.02
2024-07-09 05:00:00,84.73,89.93,31.57,0.841,543.91,246.45,60.15,62.52,913.02
2024-07-09 06:00:00,88.41,72.41,33.73,0.689,568.94,203.45,64.31,66.28,902.98
2024-07-09 07:00:00,82.09,87.44,33.18,0.906,541.12,247.97,64.89,66.49,920.46
2024-07-09 08:00:00,98.31,89.43,35.92,0.941,623.93,247.01,64.56,51.56,987.06
2024-07-09 09:00:00,100.06,92.2,34.53,0.907,614.76,258.28,67.58,61.06,1001.68
2024-07-09 10:00:00,105.11,88.42,34.47,0.847,647.57,238.03,63.82,52.01,1001.43
2024-07-09 11:00:00,111.79,92.12,34.88,0.925,675.75,261.99,68.62,57.07,1063.43
2024-07-09 12:00:00,118.24,100.0,33.59,1.0,724.36,277.79,66.86,62.93,1131.93
2024-07-09 13:00:00,110.65,100.0,37.22,1.0,683.69,260.55,67.47,66.66,1078.38
2024-07-09 14:00:00,104.5,97.27,36.84,0.909,643.86,261.23,64.02,61.11,1030.21
2024-07-09 15:00:00,99.11,95.88,37.32,0.964,610.61,258.97,68.39,54.26,992.24
2024-07-09 16:00:00,87.79,82.94,35.92,0.868,531.38,225.54,69.02,63.0,888.93
2024-07-09 17:00:00,94.29,84.14,34.85,0.836,579.99,235.15,57.11,55.75,927.99
2024-07-09 18:00:00,82.73,77.46,37.32,0.838,518.85,226.02,65.59,58.54,869.0
2024-07-09 19:00:00,90.34,82.73,33.87,0.871,560.11,230.91,64.1,60.45,915.57
2024-07-09 20:00:00,93.34,76.41,33.59,0.761,601.72,210.17,50.5,56.65,919.05
2024-07-09 21:00:00,96.06,84.41,33.99,0.846,589.95,241.89,57.45,63.18,952.47
2024-07-09 22:00:00,107.48,90.94,35.68,0.817,648.89,246.22,62.17,63.76,
2024-07-09 23:00:00,116.13,97.19,33.75,1.0,693.27,259.97,60.82,65.14,1079.2
2024-07-10 00:00:00,114.25,97.78,34.63,0.961,712.02,275.43,61.45,67.13,1116.03
2024-07-10 01:00:00,117.76,100.0,32.46,0.98,708.31,272.38,57.62,59.28,1097.6
2024-07-10 02:00:00,111.59,95.72,35.59,0.93,685.88,256.15,59.13,53.87,1055.04
2024-07-10 03:00:00,103.68,88.93,32.59,0.912,639.78,239.62,66.14,54.35,999.89
2024-07-10 04:00:00,90.66,75.51,33.47,0.699,557.43,224.37,58.21,68.68,908.69
2024-07-10 05:00:00,82.69,78.47,36.69,0.735,545.71,230.17,58.83,68.08,902.79
2024-07-10 06:00:00,82.55,76.41,36.64,0.761,535.94,217.42,70.89,66.69,890.94
2024-07-10 07:00:00,87.79,86.23,35.43,0.831,558.0,233.52,61.07,57.07,909.67
2024-07-10 08:00:00,94.68,91.89,35.28,0.936,607.5,255.28,59.06,68.44,990.27
2024-07-10 09:00:00,91.31,90.35,34.07,0.874,573.8,253.3,64.44,59.15,950.68
2024-07-10 10:00:00,107.47,97.52,33.71,1.0,656.18,262.55,59.0,61.72,1039.45
2024-07-10 11:00:00,113.62,96.14,34.32,0.996,685.35,255.28,62.86,64.13,1067.62
2024-07-10 12:00:00,113.89,94.34,32.6,0.977,698.06,258.25,56.54,66.31,1079.16
2024-07-10 13:00:00,118.16,95.34,35.25,0.923,717.29,262.99,61.99,62.71,1104.97
2024-07-10 14:00:00,109.19,87.06,34.94,0.991,668.16,239.9,59.32,66.88,1034.26
2024-07-10 15:00:00,105.24,97.58,33.47,0.954,637.79,266.49,55.78,60.07,1020.13
2024-07-10 16:00:00,91.64,84.94,37.22,0.814,575.22,240.55,81.28,58.99,956.04
2024-07-10 17:00:00,90.76,79.15,35.78,0.827,565.38,233.08,61.49,58.4,918.35
2024-07-10 18:00:00,91.54,81.64,35.9,0.826,586.98,228.92,59.18,54.25,929.33
2024-07-10 19:00:00,92.26,81.79,34.14,0.777,568.68,224.93,66.37,46.01,905.99
2024-07-10 20:00:00,88.13,84.28,34.86,0.953,573.41,236.59,64.22,65.21,939.43
2024-07-10 21:00:00,98.99,94.83,35.81,0.997,625.23,269.27,64.92,58.83,1018.25
2024-07-10 22:00:00,106.12,91.32,35.1,0.913,643.25,241.19,61.62,63.72,1009.78
2024-07-10 23:00:00,114.95,86.21,37.27,0.982,691.41,227.16,65.86,62.99,1047.42
2024-07-11 00:00:00,117.75,97.93,34.53,1.0,703.03,265.0,61.37,60.79,1090.18
2024-07-11 01:00:00,109.63,94.04,34.08,0.94,671.62,255.2,66.29,64.72,1057.83
2024-07-11 02:00:00,107.77,92.76,35.79,1.0,670.16,253.55,63.83,65.36,1052.89
2024-07-11 03:00:00,91.92,82.82,32.94,0.861,589.09,232.45,64.27,55.24,941.05
2024-07-11 04:00:00,98.27,90.22,36.22,0.933,607.88,255.5,65.39,67.66,996.43
2024-07-11 05:00:00,84.96,82.81,32.89,0.809,554.84,233.65,58.77,64.32,911.58
2024-07-11 06:00:00,85.22,82.49,35.79,0.827,555.49,238.14,60.75,55.62,910.0
2024-07-11 07:00:00,85.77,84.95,33.86,0.829,547.34,223.53,69.94,56.75,897.56
2024-07-11 08:00:00,97.08,86.39,35.55,0.936,605.34,238.25,64.45,53.79,961.83
2024-07-11 09:00:00,88.65,81.89,36.2,0.738,575.58,227.08,65.55,63.14,931.36
2024-07-11 10:00:00,107.43,100.0,35.07,1.0,665.63,256.29,70.96,59.12,1052.0
2024-07-11 11:00:00,112.57,99.08,33.04,0.947,692.63,268.69,61.53,47.54,1070.39
2024-07-11 12:00:00,113.19,100.0,33.49,0.997,706.61,269.4,62.79,57.23,1096.03
2024-07-11 13:00:00,119.9,100.0,33.74,0.985,723.85,267.2,61.38,58.1,1110.53
2024-07-11 14:00:00,103.95,94.61,31.99,0.92,642.36,257.91,54.89,60.53,1015.7
2024-07-11 15:00:00,103.09,96.19,36.53,0.996,646.3,262.61,71.02,52.3,1032.23
2024-07-11 16:00:00,93.93,79.07,35.0,0.79,605.53,232.12,57.74,60.58,955.97
2024-07-11 17:00:00,92.06,87.05,33.13,0.837,575.39,246.66,56.13,67.5,945.68
2024-07-11 18:00:00,82.33,80.25,37.02,0.81,530.04,230.5,63.93,60.94,885.41
2024-07-11 19:00:00,84.08,90.43,33.79,0.869,532.24,263.74,62.22,62.95,921.15
2024-07-11 20:00:00,96.88,93.08,35.21,0.904,607.16,251.22,63.72,67.82,989.92
2024-07-11 21:00:00,101.7,87.7,33.6,0.802,635.62,236.01,53.43,59.53,984.58
2024-07-11 22:00:00,101.32,92.52,31.81,0.903,619.01,261.35,66.93,59.37,1006.65
2024-07-11 23:00:00,110.83,96.25,32.79,0.987,683.24,273.34,62.46,61.72,1080.76
2024-07-12 00:00:00,116.55,100.0,34.13,1.0,699.1,266.19,59.87,55.58,1080.74
2024-07-12 01:00:00,116.34,93.08,36.15,1.0,697.43,263.73,67.21,56.53,1084.89
2024-07-12 02:00:00,104.78,94.19,35.32,1.0,652.95,254.6,65.77,49.8,1023.13
2024-07-12 03:00:00,88.34,83.03,35.01,0.807,556.71,237.87,62.11,71.44,928.13
2024-07-12 04:00:00,94.59,88.71,31.79,0.845,581.74,250.13,59.2,64.15,955.22
2024-07-12 05:00:00,82.13,77.44,36.71,0.831,536.59,218.84,68.1,55.26,878.8
2024-07-12 06:00:00,76.93,75.54,35.14,0.772,503.6,229.71,68.02,65.12,866.45
2024-07-12 07:00:00,75.68,83.71,34.63,0.894,507.99,247.56,63.0,55.96,874.51
2024-07-12 08:00:00,95.76,82.62,36.5,0.846,605.44,227.38,67.39,60.34,960.55
2024-07-12 09:00:00,100.51,85.37,36.68,0.844,608.59,240.48,65.58,60.31,974.96
2024-07-12 10:00:00,106.6,93.04,36.54,0.921,663.51,260.87,64.43,57.77,1046.59
2024-07-12 11:00:00,118.55,95.41,34.43,0.976,727.93,249.07,59.3,55.94,1092.24
2024-07-12 12:00:00,117.55,94.35,33.3,0.933,716.02,258.29,57.12,66.04,1097.47
2024-07-12 13:00:00,119.46,100.0,36.29,1.0,725.87,260.08,63.86,60.42,1110.23
2024-07-12 14:00:00,101.93,83.44,32.76,0.769,627.66,239.23,58.42,68.41,993.72
2024-07-12 15:00:00,99.86,84.89,37.73,0.91,615.5,238.79,72.33,54.8,981.41
2024-07-12 16:00:00,86.03,93.29,34.85,0.839,551.87,253.66,61.61,57.64,924.77
2024-07-12 17:00:00,86.09,85.34,33.21,0.861,557.82,229.82,58.85,59.77,906.26
2024-07-12 18:00:00,84.01,78.27,32.96,0.766,547.19,220.78,58.55,65.52,892.03
2024-07-12 19:00:00,89.52,86.85,32.89,0.793,564.08,245.5,59.41,56.05,925.04
2024-07-12 20:00:00,92.68,89.18,35.02,0.789,579.1,247.03,70.22,62.86,959.2
2024-07-12 21:00:00,102.49,96.22,34.8,0.907,620.55,269.21,61.51,61.71,1012.99
2024-07-12 22:00:00,110.31,94.52,32.95,0.947,676.74,265.26,61.96,67.14,1071.1
2024-07-12 23:00:00,121.61,100.0,34.27,0.97,724.93,276.51,63.48,62.49,1127.42
2024-07-13 00:00:00,84.99,72.3,32.72,0.671,542.54,208.61,59.54,51.02,861.7
2024-07-13 01:00:00,80.98,75.21,35.65,0.82,538.72,219.71,60.74,54.93,874.1
2024-07-13 02:00:00,81.61,81.62,34.69,0.755,532.83,225.62,64.93,55.18,878.57
2024-07-13 03:00:00,71.79,77.54,34.2,0.809,481.54,215.28,54.26,57.74,808.82
2024-07-13 04:00:00,75.3,73.09,32.84,0.686,503.16,220.59,55.42,66.62,845.79
2024-07-13 05:00:00,64.12,73.36,34.32,0.677,451.99,206.94,60.01,58.67,777.6
2024-07-13 06:00:00,61.49,67.62,34.15,0.646,414.5,194.25,60.97,60.17,729.89
2024-07-13 07:00:00,63.37,70.3,35.25,0.734,432.33,208.26,64.18,58.88,763.65
2024-07-13 08:00:00,72.25,81.25,35.02,0.744,479.39,229.0,69.0,62.69,840.08
2024-07-13 09:00:00,74.37,81.73,35.96,0.832,484.02,230.53,67.64,56.39,838.58
2024-07-13 10:00:00,78.06,74.04,34.04,0.692,508.17,229.33,62.35,59.15,858.99
2024-07-13 11:00:00,91.4,80.42,31.98,0.765,564.61,222.91,56.62,59.09,903.22
2024-07-13 12:00:00,82.83,79.36,36.26,0.814,541.5,229.62,64.36,59.65,895.13
2024-07-13 13:00:00,84.89,82.31,33.37,0.932,540.29,233.37,55.92,57.17,886.74
2024-07-13 14:00:00,83.23,78.33,33.11,0.738,537.78,230.54,51.57,53.32,873.21
2024-07-13 15:00:00,68.47,79.44,34.7,0.83,462.78,222.11,57.77,64.66,807.32
2024-07-13 16:00:00,71.3,77.38,35.22,0.758,480.94,221.16,68.48,59.42,830.0
2024-07-13 17:00:00,61.04,72.55,33.97,0.702,405.5,213.04,58.7,65.64,742.88
2024-07-13 18:00:00,67.04,67.19,33.96,0.725,458.81,192.49,59.43,62.4,773.13
2024-07-13 19:00:00,61.41,76.54,34.18,0.723,424.83,209.9,66.01,62.57,763.32
2024-07-13 20:00:00,72.15,61.97,36.89,0.562,483.99,190.02,56.24,65.65,795.9
2024-07-13 21:00:00,79.42,83.88,34.77,0.862,507.68,244.18,60.63,72.99,885.48
2024-07-13 22:00:00,84.07,86.71,33.32,0.947,543.66,239.97,55.98,66.52,906.13
2024-07-13 23:00:00,85.75,80.71,33.33,0.845,559.13,228.2,61.57,64.43,913.34
2024-07-14 00:00:00,85.32,89.03,34.35,0.82,548.14,253.86,64.47,61.46,927.93
2024-07-14 01:00:00,82.44,80.9,35.09,0.778,526.45,229.0,65.85,66.29,887.6
2024-07-14 02:00:00,86.51,83.57,35.46,0.885,547.16,240.15,70.26,56.27,913.83
2024-07-14 03:00:00,72.2,77.8,34.92,0.857,485.62,239.38,65.47,62.92,853.39
2024-07-14 04:00:00,65.23,88.55,33.47,0.897,450.69,242.48,61.64,66.39,821.2
2024-07-14 05:00:00,67.92,80.68,34.1,0.778,462.45,228.37,71.51,64.76,827.08
2024-07-14 06:00:00,60.57,73.79,35.83,0.82,422.53,217.33,56.39,59.62,755.86
2024-07-14 07:00:00,61.46,66.16,33.01,0.658,428.91,207.9,68.62,62.28,767.71
2024-07-14 08:00:00,63.6,72.52,34.03,0.695,437.48,211.6,68.63,58.35,776.06
2024-07-14 09:00:00,73.07,72.47,35.63,0.686,482.29,216.56,63.94,56.16,818.95
2024-07-14 10:00:00,80.29,84.26,36.04,0.783,527.53,239.03,62.45,67.25,896.26
2024-07-14 11:00:00,85.72,83.56,34.44,0.977,551.06,235.04,59.76,57.83,903.69
2024-07-14 12:00:00,90.06,79.41,34.11,0.865,580.6,224.23,60.65,57.79,923.27
2024-07-14 13:00:00,86.85,83.83,32.75,0.805,563.19,232.39,64.13,57.9,917.6
2024-07-14 14:00:00,79.86,75.68,35.52,0.843,521.53,237.33,54.47,56.52,869.85
2024-07-14 15:00:00,74.21,77.86,36.71,0.805,495.8,214.26,74.52,56.38,840.95
2024-07-14 16:00:00,71.42,71.41,38.58,0.738,469.42,201.29,69.84,51.37,791.92
2024-07-14 17:00:00,70.35,75.31,35.31,0.717,471.12,219.62,68.67,52.24,811.64
2024-07-14 18:00:00,64.26,75.88,34.65,0.733,444.02,220.57,57.86,59.04,781.48
2024-07-14 19:00:00,63.38,71.43,33.35,0.712,424.24,212.55,63.33,62.28,762.4
2024-07-14 20:00:00,65.4,70.75,31.91,0.609,450.45,203.32,59.39,51.62,764.78
2024-07-14 21:00:00,69.22,75.63,35.0,0.732,458.42,212.66,65.65,60.91,797.64
2024-07-14 22:00:00,83.29,85.13,38.26,0.852,529.65,237.06,66.49,66.42,899.63
2024-07-14 23:00:00,87.05,77.99,36.64,0.845,551.04,229.23,64.82,57.64,902.72
2024-07-15 00:00:00,117.31,99.96,36.36,0.969,706.3,263.81,60.92,55.05,1086.08
2024-07-15 01:00:00,112.48,100.0,35.06,1.0,671.75,270.91,66.56,59.7,1068.92
2024-07-15 02:00:00,113.13,99.43,35.23,0.891,692.49,265.73,69.18,62.6,1090.0
2024-07-15 03:00:00,98.06,89.32,31.05,0.952,611.74,238.43,57.43,57.2,964.79
2024-07-15 04:00:00,96.32,91.36,35.83,0.869,617.01,244.17,54.18,64.76,980.12
2024-07-15 05:00:00,86.85,85.69,33.82,0.863,556.67,245.41,66.7,62.35,931.14
2024-07-15 06:00:00,82.57,85.05,33.64,0.871,537.4,234.98,61.42,68.66,902.46
2024-07-15 07:00:00,89.38,74.57,34.21,0.756,560.07,224.06,51.35,51.59,887.07
2024-07-15 08:00:00,94.14,79.3,34.15,0.788,581.24,226.31,55.07,52.94,915.56
2024-07-15 09:00:00,101.43,95.74,33.61,0.895,632.09,252.84,56.69,57.91,999.53
2024-07-15 10:00:00,107.83,86.39,34.71,0.819,650.38,244.27,62.88,53.3,1010.84
2024-07-15 11:00:00,112.84,98.43,33.85,1.0,689.33,261.89,57.25,67.87,1076.34
2024-07-15 12:00:00,124.55,100.0,34.84,0.97,756.42,267.74,59.55,61.16,1144.88
2024-07-15 13:00:00,117.73,93.88,32.46,0.934,716.2,263.95,62.48,58.35,1100.99
2024-07-15 14:00:00,110.39,96.94,34.37,0.895,676.52,255.84,67.01,67.77,1067.15
2024-07-15 15:00:00,100.45,91.23,33.05,0.955,624.39,248.88,63.68,61.46,998.42
2024-07-15 16:00:00,96.53,98.82,33.73,0.922,599.57,261.01,54.57,58.96,974.11
2024-07-15 17:00:00,89.08,81.42,34.91,0.86,564.49,223.83,67.0,56.09,911.42
2024-07-15 18:00:00,85.1,89.75,32.28,0.844,541.0,245.64,56.6,62.78,906.02
2024-07-15 19:00:00,85.8,84.66,33.46,0.897,538.45,232.64,68.47,62.61,902.18
2024-07-15 20:00:00,92.18,82.78,35.54,0.828,581.17,232.2,65.42,63.41,942.19
2024-07-15 21:00:00,87.32,87.66,32.57,0.849,565.45,247.91,63.89,64.03,941.29
2024-07-15 22:00:00,108.34,97.0,37.36,1.0,651.4,259.19,69.87,67.25,1047.72
2024-07-15 23:00:00,111.04,95.7,36.5,0.954,686.37,252.16,67.83,55.86,1062.21
2024-07-16 00:00:00,121.37,100.0,33.9,0.982,736.59,273.85,59.96,71.18,1141.58
2024-07-16 01:00:00,113.07,93.55,33.47,0.981,688.51,251.91,65.47,69.0,1074.89
2024-07-16 02:00:00,102.74,87.24,34.95,0.798,636.96,254.18,67.03,68.59,1026.76
2024-07-16 03:00:00,99.8,93.7,32.47,0.811,617.51,254.31,57.53,58.97,988.32
2024-07-16 04:00:00,88.32,83.04,31.64,0.888,561.91,233.56,55.6,56.43,907.5
2024-07-16 05:00:00,88.9,84.05,33.96,0.799,560.81,222.68,58.67,60.52,902.69
2024-07-16 06:00:00,86.16,84.48,34.45,0.888,551.07,230.44,65.67,61.42,908.6
2024-07-16 07:00:00,90.84,86.75,34.79,0.87,575.32,228.49,63.96,64.29,932.07
2024-07-16 08:00:00,89.34,77.52,33.72,0.717,581.73,224.56,62.25,59.18,927.72
2024-07-16 09:00:00,100.14,96.5,36.56,0.995,625.21,262.16,64.76,64.61,1016.73
2024-07-16 10:00:00,102.04,91.63,32.4,0.896,628.52,256.2,64.56,58.26,1007.54
2024-07-16 11:00:00,115.8,96.88,32.94,0.915,698.19,268.3,53.73,60.24,1080.47
2024-07-16 12:00:00,117.08,100.0,35.38,0.947,699.67,275.77,67.21,63.61,1106.26
2024-07-16 13:00:00,114.97,98.67,32.9,0.9,690.48,265.86,63.55,60.61,1080.5
2024-07-16 14:00:00,107.51,97.59,32.85,0.996,664.82,265.45,58.25,56.62,1045.14
2024-07-16 15:00:00,101.66,93.52,34.83,0.888,624.34,259.86,57.3,55.49,997.0
2024-07-16 16:00:00,98.92,93.05,33.07,0.929,609.65,250.63,61.45,65.33,987.05
2024-07-16 17:00:00,85.87,89.69,34.45,0.888,544.61,242.72,67.19,62.48,917.0
2024-07-16 18:00:00,85.55,87.2,33.6,0.825,541.94,252.35,67.96,66.94,929.19
2024-07-16 19:00:00,82.67,80.53,33.35,0.729,542.34,218.28,63.07,65.73,
2024-07-16 20:00:00,89.03,78.9,31.49,0.916,566.28,228.69,54.63,58.59,908.19
2024-07-16 21:00:00,100.39,98.53,34.86,0.983,619.7,268.97,65.91,65.03,1019.61
2024-07-16 22:00:00,111.92,94.77,32.78,1.0,679.81,252.28,61.4,61.76,1055.25
2024-07-16 23:00:00,111.97,93.62,34.39,0.994,681.56,252.59,63.6,59.43,1057.18
2024-07-17 00:00:00,114.06,88.34,33.83,0.867,684.3,243.38,57.76,73.25,1058.69
2024-07-17 01:00:00,111.36,97.37,34.29,0.983,665.7,265.78,64.52,71.73,1067.73
2024-07-17 02:00:00,105.36,93.42,34.37,0.942,657.51,258.3,64.15,63.25,1043.22
2024-07-17 03:00:00,101.18,83.01,34.89,0.922,633.8,234.14,72.91,55.75,996.61
2024-07-17 04:00:00,86.51,85.52,33.51,0.897,555.58,240.73,61.06,57.61,914.98
2024-07-17 05:00:00,92.13,83.58,36.46,0.795,588.02,239.47,72.82,57.29,957.59
2024-07-17 06:00:00,82.34,94.62,31.83,0.964,547.01,262.38,63.26,64.07,936.72
2024-07-17 07:00:00,89.9,82.1,34.26,0.861,565.2,241.62,62.27,61.92,931.01
2024-07-17 08:00:00,87.42,81.53,35.85,0.757,548.14,237.48,69.89,58.44,913.94
2024-07-17 09:00:00,102.68,86.96,35.31,0.894,638.67,242.73,60.83,70.33,1012.56
2024-07-17 10:00:00,110.19,100.0,33.14,1.0,659.2,273.84,59.28,57.85,1050.18
2024-07-17 11:00:00,114.53,95.4,33.39,0.911,692.94,262.88,58.35,69.32,1083.49
2024-07-17 12:00:00,111.02,91.89,33.09,0.883,672.72,253.95,59.33,65.85,1051.86
2024-07-17 13:00:00,113.99,100.0,35.5,1.0,695.33,264.79,56.28,63.22,1079.62
2024-07-17 14:00:00,102.77,84.48,33.49,0.827,629.98,238.39,67.88,56.11,992.35
2024-07-17 15:00:00,98.99,92.62,34.98,0.877,624.54,242.11,62.15,68.02,996.82
2024-07-17 16:00:00,96.62,97.22,35.0,1.0,597.11,270.59,66.54,69.86,1004.11
2024-07-17 17:00:00,90.2,87.93,38.15,0.908,576.63,246.76,70.05,61.18,954.62
2024-07-17 18:00:00,85.06,85.72,35.07,0.862,539.97,239.06,62.44,66.24,907.71
2024-07-17 19:00:00,83.11,85.91,33.38,0.915,539.94,237.88,55.38,60.49,893.69
2024-07-17 20:00:00,95.08,96.09,32.41,1.0,587.29,265.72,55.08,67.53,975.62
2024-07-17 21:00:00,100.08,96.09,34.19,0.957,620.19,272.81,60.99,55.26,1009.25
2024-07-17 22:00:00,98.22,91.31,34.42,1.0,621.67,254.0,60.46,64.95,1001.07
2024-07-17 23:00:00,116.12,100.0,31.28,1.0,701.52,281.41,52.81,47.41,1083.16
2024-07-18 00:00:00,114.9,93.02,33.48,0.831,703.98,260.05,57.91,54.15,1076.1
2024-07-18 01:00:00,117.8,100.0,35.0,0.948,708.79,265.17,65.24,54.7,1093.9
2024-07-18 02:00:00,103.12,86.53,33.75,0.753,631.55,244.64,64.66,60.07,1000.93
2024-07-18 03:00:00,87.29,81.81,36.0,0.802,557.84,234.14,60.54,55.58,908.11
2024-07-18 04:00:00,93.62,71.4,32.21,0.653,593.03,205.09,54.86,55.62,908.6
2024-07-18 05:00:00,88.18,86.1,35.56,0.82,545.64,238.35,65.28,59.1,908.37
2024-07-18 06:00:00,78.24,75.9,35.92,0.814,515.36,216.82,64.4,59.36,855.95
2024-07-18 07:00:00,83.1,87.1,35.98,0.783,527.96,243.52,63.71,54.23,889.42
2024-07-18 08:00:00,103.52,93.71,32.2,0.944,628.1,255.11,62.05,53.28,998.55
2024-07-18 09:00:00,98.78,95.01,35.02,0.956,618.2,261.13,64.18,55.74,999.25
2024-07-18 10:00:00,110.42,89.79,33.55,0.894,682.83,251.15,54.29,65.01,1053.28
2024-07-18 11:00:00,110.39,100.0,32.44,1.0,673.67,277.61,55.59,73.19,1080.06
2024-07-18 12:00:00,106.64,100.0,33.93,0.888,642.35,273.29,54.83,67.3,1037.77
2024-07-18 13:00:00,112.31,99.98,33.19,0.959,676.18,265.74,59.43,58.21,1059.56
2024-07-18 14:00:00,106.44,97.17,35.93,1.0,648.84,276.72,59.76,62.08,1047.41
2024-07-18 15:00:00,98.4,90.05,35.32,0.841,613.57,244.93,56.93,59.99,975.42
2024-07-18 16:00:00,92.04,83.4,32.82,0.917,579.63,232.81,51.26,59.28,922.98
2024-07-18 17:00:00,88.07,87.84,33.46,0.808,564.3,248.05,68.57,60.55,941.46
2024-07-18 18:00:00,84.4,74.67,33.98,0.67,550.0,234.18,56.1,61.39,901.66
2024-07-18 19:00:00,81.95,78.89,34.44,0.741,532.53,228.07,61.13,51.27,873.0
2024-07-18 20:00:00,94.44,78.37,36.06,0.84,599.41,220.72,65.54,56.9,942.58
2024-07-18 21:00:00,92.2,82.58,35.59,0.799,578.85,223.59,64.93,59.79,927.16
2024-07-18 22:00:00,99.3,92.86,34.63,0.946,642.86,244.77,65.21,71.92,1024.76
2024-07-18 23:00:00,115.95,100.0,34.16,1.0,704.16,270.07,61.68,63.19,1099.09
2024-07-19 00:00:00,117.03,98.77,31.84,0.985,710.61,270.68,55.89,65.51,1102.7
2024-07-19 01:00:00,112.76,97.23,36.44,1.0,697.87,255.67,66.86,59.45,1079.85
2024-07-19 02:00:00,101.92,81.53,33.83,0.854,630.3,232.54,62.13,67.19,992.16
2024-07-19 03:00:00,97.17,86.72,36.83,0.81,600.68,234.23,66.9,61.42,963.23
2024-07-19 04:00:00,91.45,82.32,34.79,0.809,587.7,227.32,65.59,64.13,944.73
2024-07-19 05:00:00,80.63,77.02,37.54,0.857,534.05,225.53,65.46,60.88,885.92
2024-07-19 06:00:00,82.04,84.02,35.41,0.856,531.45,231.96,63.33,62.76,889.49
2024-07-19 07:00:00,89.62,80.51,32.35,0.73,582.17,236.93,53.33,57.62,930.04
2024-07-19 08:00:00,98.21,86.08,33.58,0.789,610.38,237.26,59.86,69.15,976.65
2024-07-19 09:00:00,98.32,78.73,34.24,0.832,619.07,231.98,59.49,57.59,968.13
2024-07-19 10:00:00,110.53,93.79,33.19,0.973,684.75,270.56,64.36,55.26,1074.92
2024-07-19 11:00:00,105.33,87.23,33.93,0.826,647.46,238.7,55.63,60.8,1002.59
2024-07-19 12:00:00,117.64,99.21,32.45,1.0,711.84,283.15,56.9,69.37,1121.26
2024-07-19 13:00:00,109.77,90.13,34.51,0.981,677.08,249.36,60.41,56.58,1043.44
2024-07-19 14:00:00,108.73,94.89,34.85,1.0,660.72,255.47,65.82,59.09,1041.1
2024-07-19 15:00:00,99.01,88.78,32.99,0.968,608.53,244.66,54.68,61.28,969.16
2024-07-19 16:00:00,97.78,97.25,37.41,1.0,619.57,261.81,67.75,53.38,1002.51
2024-07-19 17:00:00,83.51,84.24,34.59,0.834,540.01,245.32,62.98,53.12,901.44
2024-07-19 18:00:00,87.51,74.56,33.27,0.725,553.51,224.48,63.98,65.63,907.59
2024-07-19 19:00:00,85.89,76.62,32.05,0.765,550.21,228.74,54.68,60.38,894.0
2024-07-19 20:00:00,91.87,86.21,34.59,0.818,583.4,233.24,57.43,54.7,928.77
2024-07-19 21:00:00,99.26,84.98,34.11,0.832,603.77,239.6,63.69,58.43,965.49
2024-07-19 22:00:00,104.12,77.22,35.67,0.836,646.31,212.86,59.03,57.2,975.4
2024-07-19 23:00:00,112.93,100.0,34.28,0.92,687.94,276.07,60.02,60.04,1084.06
2024-07-20 00:00:00,86.0,86.6,32.65,0.789,563.24,238.96,58.22,60.98,921.4
2024-07-20 01:00:00,85.71,85.46,36.95,0.896,546.79,242.48,69.37,49.26,907.9
2024-07-20 02:00:00,80.96,77.44,35.1,0.757,535.83,219.62,57.4,66.67,879.53
2024-07-20 03:00:00,78.19,81.23,34.06,0.716,510.6,220.06,60.52,60.37,851.55
2024-07-20 04:00:00,73.07,73.01,34.69,0.727,486.46,218.64,62.94,56.81,824.85
2024-07-20 05:00:00,61.05,71.55,35.15,0.705,427.52,216.03,60.23,64.42,768.21
2024-07-20 06:00:00,67.23,69.01,32.3,0.669,472.87,205.76,57.11,54.83,790.56
2024-07-20 07:00:00,60.51,77.84,34.68,0.813,412.64,210.79,66.38,58.43,
2024-07-20 08:00:00,71.73,68.01,33.77,0.613,482.59,207.33,59.15,53.92,802.99
2024-07-20 09:00:00,77.48,84.9,35.2,0.85,507.73,233.87,62.31,63.72,867.63
2024-07-20 10:00:00,72.98,76.68,33.33,0.756,484.67,224.14,63.94,65.97,838.71
2024-07-20 11:00:00,85.11,80.11,33.53,0.803,550.24,225.29,59.89,61.92,897.34
2024-07-20 12:00:00,84.38,83.02,36.94,0.744,550.73,232.02,72.24,59.05,914.04
2024-07-20 13:00:00,81.71,84.52,36.29,0.819,532.79,240.48,59.17,53.62,886.06
2024-07-20 14:00:00,86.03,89.85,29.5,0.899,560.02,243.76,52.4,57.71,913.9
2024-07-20 15:00:00,72.39,77.76,36.18,0.805,479.92,222.29,68.62,61.16,831.99
2024-07-20 16:00:00,66.15,68.62,34.33,0.779,450.36,207.16,59.32,57.13,773.97
2024-07-20 17:00:00,65.56,73.06,33.38,0.771,439.79,226.42,59.55,57.73,783.48
2024-07-20 18:00:00,66.49,82.33,32.93,0.846,468.33,232.45,64.73,54.39,819.89
2024-07-20 19:00:00,64.69,79.08,33.02,0.854,441.96,231.11,56.73,56.28,786.09
2024-07-20 20:00:00,74.04,81.56,33.42,0.8,487.82,224.25,62.49,52.67,827.24
2024-07-20 21:00:00,77.12,82.54,32.75,0.903,510.47,243.5,62.34,61.38,877.7
2024-07-20 22:00:00,71.91,79.45,32.41,0.85,488.42,222.0,59.04,60.25,829.71
2024-07-20 23:00:00,82.62,87.11,32.88,0.849,527.59,242.13,59.75,60.47,889.94
2024-07-21 00:00:00,84.0,79.72,34.87,0.893,549.51,230.48,59.06,58.2,897.24
2024-07-21 01:00:00,86.66,76.55,34.46,0.788,550.87,216.09,65.35,57.05,889.36
2024-07-21 02:00:00,70.13,75.41,35.22,0.864,482.07,224.84,58.77,58.51,824.2
2024-07-21 03:00:00,85.2,78.51,34.28,0.8,541.65,220.9,63.68,57.87,884.1
2024-07-21 04:00:00,71.5,70.47,32.42,0.677,483.38,212.98,56.69,60.77,813.81
2024-07-21 05:00:00,65.85,69.32,35.13,0.655,449.61,211.99,62.05,69.16,792.81
2024-07-21 06:00:00,68.48,86.66,32.88,0.849,453.37,245.47,58.77,59.05,816.66
2024-07-21 07:00:00,74.63,78.0,35.35,0.751,481.83,228.04,66.03,57.04,832.95
2024-07-21 08:00:00,72.86,78.24,32.63,0.846,478.35,239.49,65.39,58.75,841.98
2024-07-21 09:00:00,78.8,73.29,33.35,0.731,521.92,216.4,60.88,57.54,856.73
2024-07-21 10:00:00,81.15,71.36,33.84,0.633,510.19,210.5,58.43,57.52,836.65
2024-07-21 11:00:00,84.18,77.99,35.4,0.791,543.55,225.8,58.35,57.08,884.79
2024-07-21 12:00:00,84.35,89.36,34.65,0.9,543.71,255.29,67.41,63.43,929.83
2024-07-21 13:00:00,81.44,82.39,34.41,0.8,513.73,247.0,63.05,63.36,887.14
2024-07-21 14:00:00,77.88,81.93,37.21,0.833,503.01,231.06,66.46,64.51,865.03
2024-07-21 15:00:00,69.6,78.49,31.63,0.783,461.6,219.36,57.56,65.57,804.09
2024-07-21 16:00:00,69.07,71.58,32.83,0.747,465.78,217.29,62.55,58.18,803.8
2024-07-21 17:00:00,58.52,76.2,32.76,0.791,424.32,211.84,57.73,52.16,746.06
2024-07-21 18:00:00,64.51,69.09,31.73,0.709,451.17,206.64,54.85,69.85,782.5
2024-07-21 19:00:00,65.11,79.59,33.3,0.731,442.68,228.96,55.11,48.71,775.46
2024-07-21 20:00:00,69.96,77.19,35.42,0.878,463.18,221.46,59.83,58.29,802.76
2024-07-21 21:00:00,72.91,67.51,33.5,0.597,472.09,201.48,59.31,52.87,785.75
2024-07-21 22:00:00,92.93,82.73,33.88,0.821,581.63,223.81,65.69,62.01,933.15
2024-07-21 23:00:00,90.18,76.17,31.8,0.707,563.73,214.74,55.61,55.22,889.29
2024-07-22 00:00:00,110.02,100.0,33.13,1.0,669.82,275.62,61.07,65.66,1072.17
2024-07-22 01:00:00,113.92,96.84,33.63,0.975,689.62,251.11,65.43,61.16,1067.33
2024-07-22 02:00:00,105.07,81.39,35.29,0.805,641.54,230.41,65.44,67.56,1004.94
2024-07-22 03:00:00,95.94,89.85,31.81,0.974,596.07,246.81,65.55,60.51,968.94
2024-07-22 04:00:00,87.14,80.88,33.64,0.864,550.15,217.9,61.22,65.8,895.07
2024-07-22 05:00:00,88.74,76.95,35.95,0.753,559.59,231.75,64.49,54.57,910.4
2024-07-22 06:00:00,82.27,89.53,33.66,0.935,542.86,241.83,59.45,64.93,909.06
2024-07-22 07:00:00,90.88,85.98,31.15,0.938,578.55,243.85,64.44,59.32,946.16
2024-07-22 08:00:00,96.48,86.77,36.24,0.923,606.63,239.4,70.51,61.19,977.73
2024-07-22 09:00:00,105.5,90.75,35.43,0.901,655.57,245.51,58.33,64.64,1024.05
2024-07-22 10:00:00,104.09,84.48,35.63,0.765,647.84,235.99,72.97,61.93,1018.73
2024-07-22 11:00:00,114.89,90.92,31.71,0.925,705.86,248.8,59.46,56.05,1070.17
2024-07-22 12:00:00,117.53,100.0,36.59,1.0,712.36,268.88,66.78,57.55,1105.57
2024-07-22 13:00:00,111.09,93.18,33.16,0.893,677.11,250.95,62.17,54.71,1044.94
2024-07-22 14:00:00,104.41,92.32,33.56,0.924,637.34,247.78,56.97,63.58,1005.67
2024-07-22 15:00:00,106.44,83.0,33.27,0.826,645.6,240.32,61.07,58.27,1005.26
2024-07-22 16:00:00,93.41,80.11,35.74,0.871,594.11,228.28,63.5,57.76,943.65
2024-07-22 17:00:00,89.55,87.83,34.05,0.971,566.88,244.07,60.25,61.01,932.22
2024-07-22 18:00:00,81.71,82.74,35.05,0.886,517.68,228.41,67.32,58.82,872.23
2024-07-22 19:00:00,82.13,89.83,34.44,0.894,513.92,258.1,61.33,65.84,899.19
2024-07-22 20:00:00,90.22,91.83,34.18,0.976,588.29,252.31,62.32,63.93,966.85
2024-07-22 21:00:00,99.5,88.6,32.9,0.918,609.63,234.68,60.94,63.61,968.86
2024-07-22 22:00:00,103.24,93.99,37.04,0.936,630.73,259.03,70.85,57.92,1018.52
2024-07-22 23:00:00,112.95,94.89,32.13,1.0,694.58,254.69,63.3,63.55,1076.12
2024-07-23 00:00:00,108.25,100.0,34.88,0.963,651.56,275.47,63.24,62.52,1052.78
2024-07-23 01:00:00,108.51,100.0,34.82,1.0,666.8,276.23,61.57,53.92,1058.52
2024-07-23 02:00:00,110.18,95.94,35.99,1.0,685.49,267.01,72.8,58.77,1084.07
2024-07-23 03:00:00,102.42,92.21,36.34,0.908,648.99,250.87,55.49,59.14,1014.49
2024-07-23 04:00:00,90.93,92.69,34.05,0.955,571.08,253.97,65.17,67.48,957.7
2024-07-23 05:00:00,82.94,84.37,35.05,0.891,534.6,238.66,62.92,57.9,894.08
2024-07-23 06:00:00,80.89,88.24,36.91,0.895,521.28,250.66,69.11,62.41,903.46
2024-07-23 07:00:00,85.52,71.79,34.16,0.742,547.44,204.53,62.05,66.5,880.53
2024-07-23 08:00:00,95.08,89.85,32.66,0.904,605.78,249.24,64.31,55.39,974.71
2024-07-23 09:00:00,103.71,89.28,33.68,0.933,627.37,258.69,62.71,61.4,1010.17
2024-07-23 10:00:00,105.51,100.0,32.3,0.989,652.75,266.79,52.86,70.16,1042.56
2024-07-23 11:00:00,108.38,100.0,34.82,0.984,660.32,269.84,57.21,52.16,1039.52
2024-07-23 12:00:00,116.07,98.2,35.86,0.983,711.3,281.9,64.08,56.97,1114.25
2024-07-23 13:00:00,109.7,100.0,34.08,1.0,679.0,268.55,64.17,61.36,1073.09
2024-07-23 14:00:00,105.43,100.0,31.83,0.913,643.88,260.77,62.92,61.82,1029.39
2024-07-23 15:00:00,105.3,93.02,35.79,0.885,645.62,255.0,62.15,60.79,1023.56
2024-07-23 16:00:00,95.81,100.0,31.59,1.0,606.18,280.04,48.43,62.73,997.38
2024-07-23 17:00:00,87.64,83.66,31.94,0.85,566.07,242.03,59.62,66.3,934.03
2024-07-23 18:00:00,79.91,78.88,33.99,0.768,499.78,219.78,61.75,60.27,841.58
2024-07-23 19:00:00,87.86,88.26,34.64,0.922,566.39,247.83,63.32,59.63,937.17
2024-07-23 20:00:00,96.75,86.61,34.89,0.827,616.93,240.82,58.8,62.97,979.52
2024-07-23 21:00:00,98.5,89.68,34.16,0.792,614.53,253.19,66.66,69.95,1004.33
2024-07-23 22:00:00,112.9,100.0,36.9,1.0,692.12,266.31,63.55,63.0,1084.98
2024-07-23 23:00:00,118.16,99.18,34.36,0.955,721.04,271.24,63.47,65.19,1120.94
2024-07-24 00:00:00,121.65,92.35,35.74,0.929,730.05,265.4,65.84,52.13,1113.43
2024-07-24 01:00:00,114.21,98.94,35.37,1.0,697.57,252.1,66.27,59.1,1075.05
2024-07-24 02:00:00,109.85,91.44,32.25,0.922,669.35,255.59,55.48,53.93,1034.35
2024-07-24 03:00:00,105.66,97.15,33.94,0.886,647.87,271.94,57.8,60.08,1037.68
2024-07-24 04:00:00,94.29,90.63,37.38,0.908,586.16,240.98,71.09,67.13,965.36
2024-07-24 05:00:00,85.0,89.86,33.44,0.921,546.41,244.38,62.8,53.54,907.13
2024-07-24 06:00:00,83.21,86.14,33.18,0.791,551.12,238.53,61.47,68.69,919.81
2024-07-24 07:00:00,87.96,89.43,34.45,0.818,552.6,243.42,66.91,59.98,922.91
2024-07-24 08:00:00,87.34,80.32,33.49,0.75,561.62,223.84,62.05,64.46,911.98
2024-07-24 09:00:00,99.43,93.73,33.0,0.975,619.7,254.59,58.32,65.14,997.76
2024-07-24 10:00:00,111.89,100.0,33.47,0.9,691.23,275.11,62.71,69.98,1099.03
2024-07-24 11:00:00,104.23,88.67,36.34,0.928,654.43,255.13,67.62,62.91,1040.08
2024-07-24 12:00:00,121.14,100.0,33.99,1.0,718.3,277.82,63.48,55.64,1115.23
2024-07-24 13:00:00,117.48,95.99,32.2,0.947,702.81,267.55,54.83,65.06,1090.25
2024-07-24 14:00:00,105.66,88.57,31.93,0.812,644.15,256.99,53.95,46.65,1001.74
2024-07-24 15:00:00,102.17,92.57,37.5,0.886,626.99,266.58,71.43,55.46,1020.46
2024-07-24 16:00:00,92.51,89.84,33.86,0.937,579.38,249.65,60.75,57.1,946.87
2024-07-24 17:00:00,91.93,90.52,34.84,0.968,582.42,258.69,55.35,49.48,945.94
2024-07-24 18:00:00,88.93,79.66,33.04,0.745,557.84,229.82,54.38,68.42,910.46
2024-07-24 19:00:00,81.41,82.88,34.67,0.886,521.36,232.75,57.54,66.65,878.29
2024-07-24 20:00:00,94.85,84.0,36.38,0.874,587.92,236.09,70.16,62.26,956.43
2024-07-24 21:00:00,99.18,82.14,33.21,0.821,619.83,238.58,59.99,64.9,983.3
2024-07-24 22:00:00,107.83,89.27,34.88,0.856,658.65,256.26,63.33,61.83,1040.07
2024-07-24 23:00:00,110.08,91.28,32.08,0.884,668.46,255.18,56.74,64.32,1044.7
2024-07-25 00:00:00,121.99,100.0,37.16,1.0,723.23,267.62,63.05,66.31,1120.21
2024-07-25 01:00:00,117.15,100.0,34.53,1.0,692.92,267.06,65.59,52.77,1078.34
2024-07-25 02:00:00,104.54,84.9,33.5,0.916,655.76,227.18,63.32,64.58,1010.83
2024-07-25 03:00:00,94.66,89.09,33.68,0.903,591.0,249.26,58.2,65.65,964.1
2024-07-25 04:00:00,90.96,79.6,33.36,0.773,596.47,228.91,66.05,57.05,948.48
2024-07-25 05:00:00,88.75,87.52,33.44,0.904,569.92,237.52,63.56,58.84,929.85
2024-07-25 06:00:00,85.96,79.87,30.45,0.907,564.44,230.56,51.8,56.12,902.92
2024-07-25 07:00:00,92.02,80.75,33.98,0.775,588.06,232.32,60.41,61.56,942.35
2024-07-25 08:00:00,95.66,91.83,33.91,0.964,599.57,243.94,59.97,61.95,965.43
2024-07-25 09:00:00,103.88,89.0,34.86,0.9,634.61,244.98,64.39,60.98,1004.96
2024-07-25 10:00:00,108.81,92.82,33.34,0.856,656.22,263.38,54.7,56.17,1030.47
2024-07-25 11:00:00,107.43,82.62,32.97,0.753,666.12,229.7,56.92,66.86,1019.6
2024-07-25 12:00:00,114.22,100.0,34.11,0.977,693.21,270.11,64.98,57.09,1085.38
2024-07-25 13:00:00,117.23,100.0,31.71,1.0,711.09,270.96,51.12,62.76,1095.93
2024-07-25 14:00:00,107.29,93.67,34.34,0.981,662.99,256.56,61.42,63.94,1044.91
2024-07-25 15:00:00,102.01,83.37,31.33,0.755,632.91,239.21,51.89,51.44,975.45
2024-07-25 16:00:00,91.23,91.66,35.8,0.949,572.35,258.1,68.5,61.67,960.62
2024-07-25 17:00:00,82.89,78.11,35.15,0.775,542.55,231.63,65.04,66.27,905.49
2024-07-25 18:00:00,84.51,79.99,32.73,0.8,540.95,226.09,53.45,59.93,880.42
2024-07-25 19:00:00,88.25,95.68,35.12,0.986,561.95,264.08,59.44,64.49,949.96
2024-07-25 20:00:00,89.88,81.42,34.29,0.902,575.13,236.02,62.18,56.61,929.94
2024-07-25 21:00:00,99.06,93.24,32.61,0.948,614.81,255.09,49.87,65.27,985.05
2024-07-25 22:00:00,103.74,94.68,31.09,0.879,624.17,254.52,51.96,54.31,984.96
2024-07-25 23:00:00,117.47,100.0,34.6,0.991,715.66,270.86,59.38,59.89,1105.79
2024-07-26 00:00:00,113.82,98.32,32.86,1.0,699.15,262.84,64.69,66.17,1092.85
2024-07-26 01:00:00,118.8,100.0,35.69,1.0,699.36,265.77,62.34,65.9,1093.37
2024-07-26 02:00:00,113.61,98.17,34.07,1.0,679.73,267.47,64.37,53.5,1065.07
2024-07-26 03:00:00,99.68,89.58,33.0,0.87,634.57,246.98,57.91,58.93,998.4
2024-07-26 04:00:00,88.47,91.79,36.75,0.85,564.19,253.81,69.53,57.0,944.53
2024-07-26 05:00:00,78.67,72.77,34.92,0.757,513.36,203.51,57.04,65.9,839.81
2024-07-26 06:00:00,79.11,84.66,28.57,0.786,512.15,236.74,48.93,59.63,857.45
2024-07-26 07:00:00,81.51,84.87,33.32,0.883,519.33,224.66,59.94,60.74,864.67
2024-07-26 08:00:00,98.01,92.5,31.98,0.96,608.51,247.97,58.67,62.41,977.57
2024-07-26 09:00:00,100.46,95.82,32.85,0.935,630.11,260.68,60.83,53.93,1005.55
2024-07-26 10:00:00,109.06,94.07,33.83,0.935,665.17,264.82,62.07,61.49,1053.55
2024-07-26 11:00:00,104.11,82.71,34.58,0.837,645.43,236.91,64.67,54.95,1001.96
2024-07-26 12:00:00,110.21,94.74,34.44,0.917,685.17,259.5,62.35,57.55,1064.57
2024-07-26 13:00:00,116.54,93.31,35.67,0.864,698.05,253.7,65.3,57.78,1074.83
2024-07-26 14:00:00,108.65,90.66,35.01,0.905,665.66,248.89,59.36,62.42,1036.33
2024-07-26 15:00:00,99.41,83.49,34.91,0.838,625.09,243.17,56.77,56.04,981.07
2024-07-26 16:00:00,94.76,84.99,34.35,0.918,586.33,231.85,57.77,57.63,933.57
2024-07-26 17:00:00,93.55,83.79,35.98,0.799,589.19,231.61,58.42,61.62,940.84
2024-07-26 18:00:00,84.12,70.17,33.58,0.755,555.56,213.76,61.74,66.93,897.98
2024-07-26 19:00:00,87.29,87.14,33.62,0.814,553.71,240.94,64.67,62.19,921.51
2024-07-26 20:00:00,93.27,97.74,31.19,0.91,594.9,276.88,52.76,65.65,990.19
2024-07-26 21:00:00,109.57,97.82,35.64,0.963,666.71,269.56,68.58,49.38,1054.23
2024-07-26 22:00:00,99.1,88.54,33.94,0.838,629.91,252.86,63.29,67.18,1013.24
2024-07-26 23:00:00,115.72,97.59,38.45,0.908,685.45,255.18,67.4,55.71,1063.75
2024-07-27 00:00:00,85.79,80.79,33.37,0.905,549.47,236.02,59.07,56.96,901.51
2024-07-27 01:00:00,87.01,83.96,34.11,0.817,543.22,231.21,66.26,69.71,910.4
2024-07-27 02:00:00,78.0,78.81,34.8,0.904,504.37,229.8,53.74,60.85,848.76
2024-07-27 03:00:00,74.8,73.2,32.32,0.682,488.37,211.53,63.03,56.25,819.18
2024-07-27 04:00:00,72.22,84.52,34.52,0.76,478.97,238.84,66.11,56.94,840.86
2024-07-27 05:00:00,77.71,71.42,34.03,0.779,499.04,203.34,59.3,53.08,814.76
2024-07-27 06:00:00,66.98,77.08,33.52,0.734,454.34,211.55,60.37,60.07,786.33
2024-07-27 07:00:00,61.86,70.43,35.74,0.711,433.01,208.8,71.23,58.32,771.36
2024-07-27 08:00:00,67.68,83.34,32.62,0.766,446.14,233.26,53.88,63.35,796.63
2024-07-27 09:00:00,73.19,78.3,34.39,0.781,480.85,219.06,61.57,68.59,830.08
2024-07-27 10:00:00,73.44,74.92,36.16,0.681,507.54,207.24,68.08,53.73,836.59
2024-07-27 11:00:00,83.42,80.47,32.92,0.801,539.75,212.94,60.49,62.98,876.16
2024-07-27 12:00:00,89.18,84.79,33.53,0.824,551.36,241.2,60.97,52.33,905.87
2024-07-27 13:00:00,79.65,74.11,37.5,0.753,507.03,214.1,75.16,62.17,858.46
2024-07-27 14:00:00,84.82,78.58,34.69,0.817,545.9,221.38,58.41,54.13,879.83
2024-07-27 15:00:00,76.95,69.55,33.22,0.708,505.56,207.33,55.94,53.27,822.1
2024-07-27 16:00:00,66.44,68.6,35.18,0.709,447.49,210.16,53.67,72.75,784.07
2024-07-27 17:00:00,64.69,72.82,33.13,0.723,461.0,214.53,55.71,70.74,801.98
2024-07-27 18:00:00,70.14,76.57,31.63,0.744,491.67,218.14,54.67,56.46,820.94
2024-07-27 19:00:00,68.19,64.2,36.04,0.665,458.84,207.61,66.54,69.51,802.51
2024-07-27 20:00:00,69.41,74.02,32.32,0.735,474.03,211.63,62.42,59.8,807.88
2024-07-27 21:00:00,74.05,79.84,37.66,0.795,497.63,219.21,64.32,53.15,834.31
2024-07-27 22:00:00,80.93,79.65,33.24,0.816,533.1,227.87,59.67,63.25,883.89
2024-07-27 23:00:00,82.7,78.18,37.18,0.73,528.36,222.64,72.9,64.75,
2024-07-28 00:00:00,77.83,76.85,31.85,0.84,524.67,227.08,56.98,63.76,872.49
2024-07-28 01:00:00,92.91,83.75,35.44,0.825,584.01,232.72,66.26,51.55,934.54
2024-07-28 02:00:00,81.25,77.44,34.65,0.781,529.61,221.63,67.25,54.28,872.78
2024-07-28 03:00:00,76.59,79.17,35.16,0.789,502.98,221.05,59.96,64.69,848.68
2024-07-28 04:00:00,69.14,86.11,35.35,0.894,464.6,245.68,59.5,54.24,824.02
2024-07-28 05:00:00,62.32,67.44,33.15,0.691,433.81,202.49,66.56,65.09,767.95
2024-07-28 06:00:00,63.01,69.91,31.94,0.697,425.54,205.17,60.2,58.19,749.1
2024-07-28 07:00:00,58.86,69.17,33.82,0.764,398.53,204.36,55.98,51.78,710.64
2024-07-28 08:00:00,78.48,75.8,34.23,0.598,510.71,219.06,57.8,53.41,840.97
2024-07-28 09:00:00,70.06,80.52,33.19,0.867,463.27,220.47,59.35,62.27,805.35
2024-07-28 10:00:00,76.5,66.39,34.32,0.71,506.87,206.4,67.74,62.51,843.52
2024-07-28 11:00:00,82.98,78.84,34.39,0.697,538.38,232.18,66.24,67.81,904.6
2024-07-28 12:00:00,91.4,89.79,32.54,0.944,577.12,248.81,63.23,60.1,949.26
2024-07-28 13:00:00,84.8,80.93,34.49,0.862,555.86,229.56,60.74,59.0,905.16
2024-07-28 14:00:00,75.68,73.74,33.5,0.765,498.35,208.87,60.67,68.99,836.87
2024-07-28 15:00:00,80.02,82.21,32.85,0.744,508.42,243.01,56.34,55.8,863.57
2024-07-28 16:00:00,72.3,80.68,35.08,0.841,479.71,238.34,61.88,58.58,838.52
2024-07-28 17:00:00,67.41,74.76,32.73,0.798,466.42,219.36,54.83,62.37,802.99
2024-07-28 18:00:00,66.61,69.3,33.22,0.664,437.99,210.45,56.7,55.52,760.66
2024-07-28 19:00:00,74.83,79.7,34.01,0.819,493.42,234.75,58.71,62.23,849.11
2024-07-28 20:00:00,78.12,77.05,35.96,0.753,515.18,227.96,64.55,60.02,867.72
2024-07-28 21:00:00,72.25,79.85,34.19,0.843,502.48,222.55,63.62,65.68,854.34
2024-07-28 22:00:00,87.12,90.98,34.69,0.894,565.27,249.18,69.51,57.91,941.88
2024-07-28 23:00:00,86.28,70.11,33.45,0.672,552.44,210.04,59.15,56.81,878.44
2024-07-29 00:00:00,117.0,99.05,33.7,0.989,709.15,269.23,63.42,69.59,1111.39
2024-07-29 01:00:00,106.22,84.43,33.75,0.777,635.92,241.83,60.43,64.26,1002.44
2024-07-29 02:00:00,106.82,100.0,34.26,0.993,645.69,273.86,65.92,65.43,1050.91
2024-07-29 03:00:00,96.75,86.03,33.38,0.878,608.95,242.15,55.46,64.18,970.74
2024-07-29 04:00:00,95.81,91.64,35.83,0.96,600.35,236.82,62.75,56.63,956.55
2024-07-29 05:00:00,91.29,85.47,33.26,0.867,578.78,246.52,62.92,55.2,943.43
2024-07-29 06:00:00,76.7,74.34,31.26,0.672,503.78,221.14,58.99,55.25,839.17
2024-07-29 07:00:00,86.92,78.85,37.93,0.856,554.57,238.0,71.08,57.12,920.77
2024-07-29 08:00:00,96.99,96.42,33.33,1.0,605.76,259.62,66.03,66.0,997.41
2024-07-29 09:00:00,99.25,94.41,35.79,0.95,607.82,247.2,57.89,59.87,972.77
2024-07-29 10:00:00,110.42,100.0,35.93,0.962,670.25,268.92,60.05,64.7,1063.92
2024-07-29 11:00:00,114.4,97.47,35.24,0.948,682.02,267.44,66.07,64.12,1079.65
2024-07-29 12:00:00,116.37,99.62,33.52,0.986,696.88,266.56,64.0,68.01,1095.44
2024-07-29 13:00:00,111.91,94.62,34.25,0.96,689.09,266.93,64.67,64.01,1084.7
2024-07-29 14:00:00,102.63,89.88,31.91,0.884,631.72,244.79,68.67,61.06,
2024-07-29 15:00:00,95.51,82.55,36.81,0.783,602.34,232.74,62.99,53.51,951.57
2024-07-29 16:00:00,95.34,88.09,32.54,0.932,597.61,243.51,60.45,69.71,971.28
2024-07-29 17:00:00,87.09,79.6,33.44,0.809,552.36,243.8,60.31,65.32,921.79
2024-07-29 18:00:00,84.45,84.43,33.97,0.792,534.16,231.87,64.03,62.12,892.18
2024-07-29 19:00:00,85.31,83.51,33.66,0.85,543.37,238.87,62.49,61.06,905.79
2024-07-29 20:00:00,91.28,87.08,32.84,0.879,577.86,235.66,57.43,51.1,922.05
2024-07-29 21:00:00,104.19,100.0,35.91,0.964,645.58,272.06,66.59,62.11,1046.34
2024-07-29 22:00:00,106.16,92.89,35.25,0.989,651.77,249.34,64.18,57.35,1022.64
2024-07-29 23:00:00,107.63,97.6,34.3,0.983,663.33,271.55,62.66,51.8,1049.34
2024-07-30 00:00:00,117.97,100.0,33.14,0.989,697.71,275.45,64.58,57.58,1095.32
2024-07-30 01:00:00,112.17,100.0,35.33,0.996,687.79,271.63,73.92,61.2,1094.55
2024-07-30 02:00:00,107.63,99.58,33.04,1.0,649.1,260.77,52.22,61.87,1023.96
2024-07-30 03:00:00,106.43,91.68,36.09,0.913,660.02,252.21,70.52,54.11,1036.86
2024-07-30 04:00:00,92.42,87.36,33.9,0.87,586.11,241.63,64.0,53.19,944.92
2024-07-30 05:00:00,88.17,77.49,35.58,0.828,545.87,227.72,61.48,58.49,893.55
2024-07-30 06:00:00,80.28,82.64,33.57,0.755,527.32,228.12,59.37,62.85,877.66
2024-07-30 07:00:00,86.13,84.44,33.85,0.782,558.62,244.25,64.85,56.04,923.75
2024-07-30 08:00:00,94.94,87.59,35.58,0.915,604.75,249.73,64.64,57.78,976.91
2024-07-30 09:00:00,93.78,92.03,37.03,1.0,582.74,245.01,66.86,60.94,955.55
2024-07-30 10:00:00,108.3,88.11,36.08,0.925,662.95,243.72,62.59,55.9,1025.16
2024-07-30 11:00:00,113.39,100.0,35.05,1.0,692.52,269.69,60.46,49.97,1072.64
2024-07-30 12:00:00,115.17,100.0,34.62,0.978,701.72,276.04,58.86,61.55,1098.16
2024-07-30 13:00:00,117.14,98.22,32.98,0.95,708.97,262.13,57.72,51.27,1080.09
2024-07-30 14:00:00,108.84,93.68,34.18,0.96,660.78,257.96,61.41,61.65,1041.8
2024-07-30 15:00:00,105.91,95.36,32.37,1.0,657.46,266.85,60.08,58.9,1043.29
2024-07-30 16:00:00,88.53,91.87,34.3,0.853,570.58,254.43,58.85,58.86,942.71
2024-07-30 17:00:00,87.55,84.28,34.4,0.832,556.53,225.85,65.34,54.49,902.21
2024-07-30 18:00:00,85.34,83.39,30.8,0.833,540.42,232.15,52.2,58.34,883.11
2024-07-30 19:00:00,82.73,81.46,33.8,0.781,527.84,236.48,64.31,55.61,884.24
2024-07-30 20:00:00,96.33,97.07,34.36,0.943,612.54,268.53,58.78,74.24,1014.1
2024-07-30 21:00:00,109.3,92.8,33.61,0.97,674.1,241.39,68.97,55.98,1040.44
2024-07-30 22:00:00,107.43,93.57,34.28,0.959,657.0,257.7,64.69,65.19,1044.58
2024-07-30 23:00:00,115.01,100.0,31.73,1.0,693.46,275.68,60.87,57.17,1087.18
2024-07-31 00:00:00,115.34,98.4,32.49,1.0,682.54,269.88,58.19,61.22,1071.84
2024-07-31 01:00:00,110.14,100.0,35.21,0.956,670.01,273.92,66.2,60.04,1070.16
2024-07-31 02:00:00,100.22,85.55,33.65,0.877,611.56,252.03,55.97,59.17,978.73
2024-07-31 03:00:00,97.18,87.56,34.16,0.828,607.16,243.62,57.99,59.02,967.78
2024-07-31 04:00:00,86.93,90.89,32.83,0.893,564.14,252.69,58.27,61.24,936.34
2024-07-31 05:00:00,93.83,83.53,33.68,0.784,581.29,229.78,67.1,66.88,945.05
2024-07-31 06:00:00,84.54,81.51,30.2,0.785,544.61,227.37,58.79,54.34,885.11
2024-07-31 07:00:00,85.63,84.1,34.92,0.845,556.11,234.61,54.31,51.16,896.19
2024-07-31 08:00:00,96.06,83.08,36.36,0.808,602.05,239.57,61.91,55.85,959.38
2024-07-31 09:00:00,95.51,85.69,32.06,0.813,593.37,235.46,57.75,60.64,947.22
2024-07-31 10:00:00,104.43,92.78,32.24,0.985,642.25,262.24,63.46,58.52,1026.47
2024-07-31 11:00:00,113.26,96.86,34.31,0.963,693.97,256.86,63.14,67.71,1081.68
2024-07-31 12:00:00,119.12,100.0,35.86,0.974,717.68,273.84,54.81,67.1,1113.42
2024-07-31 13:00:00,115.0,100.0,33.65,0.946,694.96,273.31,56.28,57.73,1082.28
2024-07-31 14:00:00,108.49,89.97,31.81,0.806,671.72,250.47,60.54,67.72,1050.45
2024-07-31 15:00:00,100.31,90.71,33.34,0.896,625.68,256.4,61.23,62.1,1005.42
2024-07-31 16:00:00,94.1,90.42,32.11,0.835,580.88,245.43,58.73,56.36,941.4
2024-07-31 17:00:00,87.82,91.49,32.65,0.951,564.13,249.33,63.62,59.4,936.48
2024-07-31 18:00:00,80.88,84.03,33.2,0.842,532.0,230.69,58.77,59.03,880.49
2024-07-31 19:00:00,87.19,85.05,32.26,0.928,546.07,238.66,61.26,56.32,902.32
2024-07-31 20:00:00,88.21,87.44,32.49,0.886,542.88,242.89,65.44,56.83,908.04
2024-07-31 21:00:00,100.32,93.53,33.76,0.899,613.29,261.55,62.07,62.26,999.17
2024-07-31 22:00:00,105.58,88.15,33.98,0.788,647.07,247.44,57.98,58.0,1010.48
2024-07-31 23:00:00,123.15,100.0,31.52,1.0,743.82,274.14,55.42,58.59,1131.97
2024-08-01 00:00:00,114.84,100.0,34.16,0.935,687.07,268.82,58.28,58.96,1073.13
2024-08-01 01:00:00,107.37,92.65,32.99,0.906,661.31,257.0,50.82,59.16,1028.29
2024-08-01 02:00:00,106.96,94.13,34.65,1.0,631.68,268.55,59.6,64.6,1024.43
2024-08-01 03:00:00,102.08,89.83,34.74,0.929,631.83,240.56,65.47,55.87,993.73
2024-08-01 04:00:00,99.19,78.03,32.75,0.8,612.71,212.82,59.39,61.15,946.07
2024-08-01 05:00:00,84.65,82.43,34.49,0.872,560.05,236.92,67.91,52.43,917.32
2024-08-01 06:00:00,78.67,80.84,32.31,0.854,498.21,224.68,59.13,57.39,839.42
2024-08-01 07:00:00,90.28,82.58,35.55,0.905,571.27,225.12,67.93,53.46,917.78
2024-08-01 08:00:00,86.98,77.72,32.37,0.747,539.7,226.41,51.62,68.09,885.82
2024-08-01 09:00:00,98.26,84.72,34.09,0.828,606.88,231.9,60.02,60.67,959.46
2024-08-01 10:00:00,106.47,97.06,33.28,0.924,638.74,273.05,59.24,57.87,1028.9
2024-08-01 11:00:00,112.71,100.0,32.04,0.998,701.97,270.94,54.77,51.32,1078.99
2024-08-01 12:00:00,117.76,100.0,34.92,0.993,705.94,268.78,69.35,53.3,1097.38
2024-08-01 13:00:00,110.26,88.41,32.64,0.796,669.59,240.72,51.44,64.26,1026.01
2024-08-01 14:00:00,106.41,97.48,31.02,0.942,651.68,265.99,55.77,61.77,1035.22
2024-08-01 15:00:00,99.94,86.66,29.24,0.939,610.66,232.43,57.57,52.8,953.45
2024-08-01 16:00:00,93.1,83.64,32.25,0.849,593.93,220.83,61.51,52.82,929.09
2024-08-01 17:00:00,87.4,81.39,35.63,0.85,562.13,221.6,63.01,69.24,915.98
2024-08-01 18:00:00,86.74,86.9,35.45,0.863,561.06,249.32,60.61,66.78,937.77
2024-08-01 19:00:00,90.38,89.99,32.49,0.806,562.18,243.43,63.24,61.48,930.33
2024-08-01 20:00:00,94.07,86.55,33.0,0.859,599.44,233.14,57.72,60.58,950.88
2024-08-01 21:00:00,101.81,90.5,32.87,0.957,637.23,249.52,56.24,59.16,1002.15
2024-08-01 22:00:00,101.17,92.91,31.57,0.87,624.0,268.45,61.22,53.71,1007.38
2024-08-01 23:00:00,113.19,99.44,32.14,1.0,693.12,275.37,59.49,64.3,1092.27
2024-08-02 00:00:00,116.92,100.0,34.95,0.915,706.77,265.2,61.9,59.02,1092.89
2024-08-02 01:00:00,115.91,91.53,34.23,0.916,686.78,247.3,63.32,63.65,1061.05
2024-08-02 02:00:00,104.73,92.47,33.89,0.952,642.19,249.4,63.17,57.98,1012.74
2024-08-02 03:00:00,97.36,83.34,31.47,0.818,602.97,229.56,56.84,61.82,951.17
2024-08-02 04:00:00,90.2,84.85,33.63,0.972,571.7,241.44,61.54,57.6,932.28
2024-08-02 05:00:00,89.16,83.45,30.02,0.81,573.95,233.22,45.78,60.35,913.3
2024-08-02 06:00:00,89.14,84.33,34.74,0.814,552.55,230.42,62.51,63.99,909.47
2024-08-02 07:00:00,85.38,78.69,33.86,0.797,543.35,217.23,58.8,57.32,876.7
2024-08-02 08:00:00,96.13,80.63,31.46,0.769,594.08,243.13,53.83,70.1,961.14
2024-08-02 09:00:00,100.49,79.77,35.9,0.726,616.24,231.96,62.28,57.11,967.59
2024-08-02 10:00:00,107.0,92.85,30.78,0.874,648.43,249.84,53.82,60.68,1012.77
2024-08-02 11:00:00,112.14,93.92,34.27,0.977,681.27,264.5,60.9,66.91,1073.58
2024-08-02 12:00:00,117.99,95.61,34.31,0.941,714.12,253.87,62.82,67.25,1098.06
2024-08-02 13:00:00,114.29,100.0,31.62,1.0,694.25,269.18,54.37,62.34,1080.14
2024-08-02 14:00:00,116.6,94.0,33.42,0.918,704.5,255.93,62.63,61.34,1084.4
2024-08-02 15:00:00,96.59,95.38,31.02,0.989,607.93,261.39,59.18,60.35,988.85
2024-08-02 16:00:00,94.57,95.41,29.21,0.98,611.9,254.7,55.87,66.78,989.26
2024-08-02 17:00:00,84.89,72.69,31.87,0.704,545.55,213.42,61.51,64.79,885.27
2024-08-02 18:00:00,81.52,81.22,32.55,0.768,535.78,220.08,56.72,65.45,878.03
2024-08-02 19:00:00,86.97,81.48,34.44,0.728,562.54,228.86,61.31,68.17,920.89
2024-08-02 20:00:00,93.05,71.97,33.58,0.747,599.47,219.14,61.82,62.29,942.72
2024-08-02 21:00:00,111.67,88.61,33.62,0.946,682.85,252.24,59.21,57.97,1052.26
2024-08-02 22:00:00,106.76,97.26,31.95,0.893,647.06,260.06,53.28,61.76,1022.16
2024-08-02 23:00:00,108.47,100.0,32.68,0.981,664.79,260.84,57.22,60.28,1043.13
2024-08-03 00:00:00,87.34,88.18,31.99,0.848,558.72,232.09,64.52,59.05,914.38
2024-08-03 01:00:00,76.44,79.84,31.55,0.826,508.74,231.37,54.21,57.98,852.3
2024-08-03 02:00:00,80.26,80.02,32.49,0.784,514.3,229.72,55.71,62.74,862.46
2024-08-03 03:00:00,75.06,85.95,33.49,0.926,505.45,242.8,58.5,63.19,869.94
2024-08-03 04:00:00,72.55,87.02,32.52,0.851,482.81,252.88,61.17,56.52,853.38
2024-08-03 05:00:00,69.15,71.64,32.9,0.655,472.47,211.36,61.01,61.58,806.43
2024-08-03 06:00:00,61.74,60.87,34.43,0.585,431.16,189.19,65.19,68.12,753.65
2024-08-03 07:00:00,64.65,61.84,32.63,0.6,444.25,181.47,69.27,56.27,751.26
2024-08-03 08:00:00,66.31,79.76,31.38,0.824,453.42,237.25,60.17,66.84,817.69
2024-08-03 09:00:00,70.49,75.01,34.23,0.731,477.81,216.53,65.61,55.63,815.58
2024-08-03 10:00:00,81.86,81.85,33.78,0.84,544.99,226.98,72.65,61.81,906.42
2024-08-03 11:00:00,79.65,70.87,33.88,0.669,502.1,210.08,63.33,51.09,826.61
2024-08-03 12:00:00,84.59,78.53,34.32,0.771,547.28,236.91,60.61,63.2,908.0
2024-08-03 13:00:00,80.76,78.9,34.07,0.75,524.16,238.51,60.51,58.9,882.08
2024-08-03 14:00:00,82.82,82.45,33.43,0.782,532.7,227.32,64.79,51.28,876.1
2024-08-03 15:00:00,82.21,79.11,36.97,0.855,512.12,233.18,61.94,57.64,864.89
2024-08-03 16:00:00,64.17,66.9,31.46,0.633,445.48,202.5,49.23,68.83,766.05
2024-08-03 17:00:00,57.85,65.0,32.5,0.633,408.23,202.42,55.62,62.85,729.12
2024-08-03 18:00:00,63.25,77.67,34.83,0.829,429.58,224.76,66.38,60.56,781.28
2024-08-03 19:00:00,65.32,73.88,33.6,0.776,446.94,218.85,63.24,62.65,791.68
2024-08-03 20:00:00,70.25,78.19,34.52,0.864,468.91,232.12,61.9,65.05,827.97
2024-08-03 21:00:00,73.21,72.11,33.64,0.745,472.13,200.94,65.22,67.62,805.92
2024-08-03 22:00:00,79.82,65.14,35.44,0.621,519.82,198.96,66.63,58.55,843.96
2024-08-03 23:00:00,86.21,80.49,31.87,0.908,555.7,222.01,59.14,62.96,899.83
2024-08-04 00:00:00,90.41,80.87,35.3,0.838,567.66,227.05,63.87,62.38,920.97
2024-08-04 01:00:00,76.92,80.21,35.04,0.794,506.71,228.44,67.06,60.53,862.74
2024-08-04 02:00:00,79.15,96.0,31.47,0.963,516.61,255.56,60.07,59.07,891.31
2024-08-04 03:00:00,75.86,81.4,34.23,0.823,507.64,227.46,60.93,68.02,864.05
2024-08-04 04:00:00,65.7,86.53,33.22,0.853,447.69,233.31,63.46,61.32,805.77
2024-08-04 05:00:00,72.18,78.93,32.38,0.721,487.32,222.2,56.07,53.91,819.5
2024-08-04 06:00:00,61.21,67.45,30.45,0.756,423.53,204.73,56.16,45.48,729.89
2024-08-04 07:00:00,65.09,74.29,31.77,0.742,461.2,221.19,59.19,64.77,806.35
2024-08-04 08:00:00,71.6,84.7,34.35,0.856,474.5,233.26,60.89,57.85,826.5
2024-08-04 09:00:00,72.63,85.47,34.51,0.959,477.69,247.44,63.05,59.24,847.43
2024-08-04 10:00:00,73.24,73.74,32.97,0.703,485.39,218.32,62.18,62.04,827.93
2024-08-04 11:00:00,83.03,82.78,34.51,0.861,529.32,242.44,58.19,72.3,902.25
2024-08-04 12:00:00,90.37,78.04,34.71,0.741,561.85,213.25,63.61,66.77,905.48
2024-08-04 13:00:00,83.4,85.82,33.52,0.874,542.8,242.09,69.59,58.87,913.35
2024-08-04 14:00:00,77.24,86.39,32.2,0.874,481.7,245.08,55.06,63.65,845.49
2024-08-04 15:00:00,78.7,79.55,33.95,0.835,507.77,216.74,65.63,56.99,847.13
2024-08-04 16:00:00,68.05,70.69,34.02,0.767,449.53,222.93,61.25,63.87,797.58
2024-08-04 17:00:00,63.22,73.41,34.3,0.705,437.22,210.34,66.87,55.89,770.32
2024-08-04 18:00:00,64.35,74.26,34.59,0.813,424.23,219.21,59.76,60.91,764.11
2024-08-04 19:00:00,68.34,74.58,31.24,0.82,466.08,222.17,56.66,61.08,806.0
2024-08-04 20:00:00,78.9,80.34,32.52,0.791,519.76,229.33,67.78,54.74,871.62
2024-08-04 21:00:00,78.31,78.29,30.44,0.783,498.48,232.71,54.5,57.06,842.75
2024-08-04 22:00:00,85.26,87.61,34.41,0.851,547.85,255.96,64.87,49.13,917.8
2024-08-04 23:00:00,82.72,85.04,32.97,0.835,537.72,231.93,62.12,58.1,889.88
2024-08-05 00:00:00,110.9,90.53,33.84,0.845,682.01,250.82,53.19,65.58,1051.59
2024-08-05 01:00:00,113.24,91.57,30.98,0.955,674.45,257.78,57.94,69.99,1060.17
2024-08-05 02:00:00,107.93,92.69,35.29,0.824,646.77,244.86,58.97,67.46,1018.06
2024-08-05 03:00:00,95.69,91.53,31.4,0.88,610.45,258.59,59.45,58.07,986.56
2024-08-05 04:00:00,91.8,86.64,34.35,0.864,572.42,252.18,62.7,59.97,947.27
2024-08-05 05:00:00,88.61,81.09,33.37,0.876,558.82,237.99,56.0,59.64,912.45
2024-08-05 06:00:00,86.44,84.53,32.91,0.818,557.27,240.14,54.87,58.95,911.23
2024-08-05 07:00:00,89.03,82.86,32.78,0.85,555.78,243.24,59.12,64.87,923.02
2024-08-05 08:00:00,93.66,91.23,32.23,0.908,586.19,253.74,68.34,57.24,965.52
2024-08-05 09:00:00,97.97,90.65,35.13,0.954,616.99,242.45,70.13,67.26,996.84
2024-08-05 10:00:00,105.44,91.15,33.21,0.93,635.85,248.27,61.61,60.69,1006.44
2024-08-05 11:00:00,108.19,95.25,31.29,0.994,656.97,258.5,58.78,54.17,1028.42
2024-08-05 12:00:00,122.14,100.0,32.61,0.972,721.68,269.62,61.51,59.51,1112.32
2024-08-05 13:00:00,113.04,93.67,33.38,0.886,679.03,256.15,58.35,62.4,1055.93
2024-08-05 14:00:00,106.6,95.31,34.54,0.971,662.49,258.13,59.8,64.88,1045.3
2024-08-05 15:00:00,96.28,87.79,32.28,0.854,612.66,245.67,61.91,63.77,984.02
2024-08-05 16:00:00,104.24,94.26,32.38,0.944,643.28,266.96,56.28,58.42,1024.94
2024-08-05 17:00:00,82.72,78.09,33.23,0.797,537.84,225.26,65.97,57.41,886.48
2024-08-05 18:00:00,83.28,82.19,34.5,0.884,540.46,236.38,57.09,68.65,902.58
2024-08-05 19:00:00,88.67,89.88,31.14,0.938,557.99,235.58,52.84,60.13,906.53
2024-08-05 20:00:00,94.9,82.77,33.95,0.794,596.41,234.56,67.17,54.33,952.47
2024-08-05 21:00:00,103.83,85.27,32.49,0.795,628.8,245.59,57.74,57.07,989.2
2024-08-05 22:00:00,114.73,90.91,32.7,0.994,685.98,258.39,58.78,50.19,1053.34
2024-08-05 23:00:00,115.02,91.65,36.19,0.837,694.38,259.34,68.13,51.86,1073.71
2024-08-06 00:00:00,110.78,98.36,32.8,0.961,665.39,268.39,64.07,57.35,1055.2
2024-08-06 01:00:00,111.96,88.95,34.22,0.922,669.63,249.28,64.44,56.02,1039.37
2024-08-06 02:00:00,108.73,92.88,34.17,1.0,657.96,251.0,63.05,56.57,1028.58
2024-08-06 03:00:00,108.27,97.23,31.32,0.963,670.54,269.25,59.98,63.85,1063.61
2024-08-06 04:00:00,86.91,85.54,30.32,0.857,567.0,235.62,56.62,64.37,923.61
2024-08-06 05:00:00,91.82,83.98,34.32,0.796,578.84,240.45,66.52,54.18,939.98
2024-08-06 06:00:00,85.72,83.81,31.46,0.844,553.26,236.26,68.46,69.46,927.44
2024-08-06 07:00:00,90.36,85.72,30.59,0.8,567.3,240.09,57.49,60.5,925.38
2024-08-06 08:00:00,92.09,84.92,34.63,0.812,563.93,244.35,59.29,60.04,927.62
2024-08-06 09:00:00,96.63,87.26,31.56,0.911,596.0,246.62,61.36,56.04,960.02
2024-08-06 10:00:00,110.5,100.0,31.93,0.978,670.05,271.7,57.29,58.5,1057.54
2024-08-06 11:00:00,115.61,100.0,36.05,1.0,699.17,267.01,66.64,70.14,1102.97
2024-08-06 12:00:00,118.89,100.0,30.6,0.992,713.63,279.61,56.95,54.59,1104.79
2024-08-06 13:00:00,112.94,93.98,31.21,0.871,682.43,259.36,54.24,61.34,1057.38
2024-08-06 14:00:00,105.1,92.13,32.4,0.98,640.91,257.95,57.24,57.29,1013.38
2024-08-06 15:00:00,93.76,80.22,32.73,0.736,591.58,228.95,50.08,50.95,921.56
2024-08-06 16:00:00,95.78,83.84,31.75,0.808,587.98,231.9,57.14,52.32,929.34
2024-08-06 17:00:00,88.71,93.86,31.35,0.929,569.94,259.24,59.08,63.05,951.31
2024-08-06 18:00:00,81.14,77.96,35.36,0.83,520.99,220.14,64.1,51.39,856.62
2024-08-06 19:00:00,84.86,92.02,33.48,0.894,560.81,255.88,58.83,53.83,929.35
2024-08-06 20:00:00,90.63,79.1,33.97,0.745,570.64,206.52,63.05,64.11,904.32
2024-08-06 21:00:00,94.07,81.77,32.88,0.826,586.5,229.31,55.82,63.51,935.13
2024-08-06 22:00:00,104.23,90.41,33.52,0.893,636.64,249.77,56.51,60.29,1003.22
2024-08-06 23:00:00,108.46,93.91,34.49,0.916,658.51,251.48,64.58,54.11,1028.69
2024-08-07 00:00:00,113.35,100.0,31.49,1.0,691.61,272.18,59.41,54.09,1077.29
2024-08-07 01:00:00,110.04,97.27,33.39,0.913,669.84,261.74,62.54,53.38,1047.49
2024-08-07 02:00:00,100.99,88.41,34.03,0.798,632.86,245.63,60.46,59.33,998.28
2024-08-07 03:00:00,108.09,93.38,35.3,1.0,664.17,252.79,68.32,63.21,1048.48
2024-08-07 04:00:00,97.51,87.16,35.91,0.877,607.8,248.87,60.54,57.88,975.09
2024-08-07 05:00:00,83.89,77.37,33.09,0.782,542.45,225.76,58.78,64.42,891.41
2024-08-07 06:00:00,86.09,78.61,34.7,0.747,560.02,226.86,65.84,68.05,920.77
2024-08-07 07:00:00,88.68,89.48,28.98,0.94,568.65,248.28,56.01,61.96,934.89
2024-08-07 08:00:00,97.26,79.49,35.32,0.768,608.57,242.12,60.88,53.73,965.29
2024-08-07 09:00:00,96.73,96.45,31.9,0.825,607.01,261.6,66.39,60.43,995.43
2024-08-07 10:00:00,111.87,94.22,32.63,0.914,670.12,253.68,58.61,66.77,1049.17
2024-08-07 11:00:00,110.8,91.54,33.65,0.901,694.57,245.19,61.32,56.85,1057.92
2024-08-07 12:00:00,109.66,98.53,32.76,0.977,672.51,272.34,63.28,56.71,1064.83
2024-08-07 13:00:00,115.89,100.0,33.28,0.99,704.46,279.79,66.52,65.7,1116.46
2024-08-07 14:00:00,112.66,100.0,35.37,0.968,683.09,264.91,64.31,52.82,1065.13
2024-08-07 15:00:00,110.35,97.69,32.41,0.94,653.38,263.43,63.43,60.99,1041.23
2024-08-07 16:00:00,87.7,89.28,31.36,0.878,556.38,245.34,55.02,56.91,913.66
2024-08-07 17:00:00,89.81,76.32,35.71,0.681,569.63,219.53,71.35,57.84,918.35
2024-08-07 18:00:00,83.36,79.07,33.78,0.693,530.22,215.44,61.35,68.52,875.54
2024-08-07 19:00:00,90.14,80.52,35.87,0.81,564.06,233.92,66.23,57.6,921.81
2024-08-07 20:00:00,86.62,89.43,34.28,0.9,550.38,254.95,60.72,60.61,926.66
2024-08-07 21:00:00,94.95,85.56,31.0,0.9,600.92,228.24,57.07,65.16,951.38
2024-08-07 22:00:00,104.4,96.43,33.96,0.951,652.03,273.04,58.6,53.59,1037.26
2024-08-07 23:00:00,113.31,99.33,31.51,0.934,687.9,278.3,56.87,64.18,1087.25
2024-08-08 00:00:00,112.44,91.91,32.89,0.822,677.64,234.58,59.68,57.76,1029.66
2024-08-08 01:00:00,115.63,94.88,32.77,0.904,695.23,246.2,55.16,53.6,1050.2
2024-08-08 02:00:00,111.61,100.0,30.46,1.0,678.83,269.2,52.94,57.54,
2024-08-08 03:00:00,102.4,87.32,31.66,0.945,633.74,251.27,49.0,60.31,994.31
2024-08-08 04:00:00,98.98,90.11,36.19,0.904,618.36,250.97,60.58,61.2,991.11
2024-08-08 05:00:00,88.67,80.42,33.24,0.744,559.85,229.02,60.18,56.25,905.3
2024-08-08 06:00:00,80.13,78.5,32.62,0.741,524.9,228.28,62.95,58.92,875.05
2024-08-08 07:00:00,92.46,86.0,35.6,0.818,585.92,235.75,63.06,53.04,937.76
2024-08-08 08:00:00,90.08,81.13,32.29,0.791,567.24,238.03,58.4,56.46,920.12
2024-08-08 09:00:00,103.64,87.02,32.75,0.926,624.45,242.12,63.99,53.19,983.75
2024-08-08 10:00:00,113.79,98.33,34.37,1.0,681.9,256.69,65.6,59.6,1063.79
2024-08-08 11:00:00,114.82,93.18,32.28,0.923,706.63,250.92,61.78,55.81,1075.14
2024-08-08 12:00:00,109.02,90.45,31.76,0.914,651.53,252.17,58.05,70.37,1032.12
2024-08-08 13:00:00,109.32,89.96,29.5,0.86,677.13,247.19,51.54,61.91,1037.77
2024-08-08 14:00:00,112.79,96.01,31.48,0.875,670.13,259.25,58.64,51.87,1039.89
2024-08-08 15:00:00,99.32,94.38,31.46,1.0,610.43,259.42,62.17,56.27,988.28
2024-08-08 16:00:00,92.82,93.94,33.12,0.823,581.09,259.43,67.25,63.51,971.28
2024-08-08 17:00:00,90.04,81.39,31.97,0.722,584.48,223.54,67.57,61.22,936.81
2024-08-08 18:00:00,87.79,94.64,36.12,1.0,559.14,266.09,71.53,52.14,948.91
2024-08-08 19:00:00,88.12,79.04,31.3,0.791,558.91,225.19,56.91,56.06,897.08
2024-08-08 20:00:00,91.67,91.25,34.98,0.856,570.84,254.14,58.56,63.22,946.77
2024-08-08 21:00:00,98.75,85.77,33.21,0.892,617.92,240.69,62.59,61.86,983.06
2024-08-08 22:00:00,110.93,91.11,34.09,0.95,670.56,248.87,66.15,62.88,1048.46
2024-08-08 23:00:00,115.2,93.88,34.0,0.872,694.19,262.61,51.39,58.6,1066.8
2024-08-09 00:00:00,113.97,96.72,29.45,0.941,686.99,263.61,47.49,55.72,1053.8
2024-08-09 01:00:00,117.32,100.0,32.76,1.0,712.35,270.44,57.54,53.62,1093.95
2024-08-09 02:00:00,106.98,96.84,32.38,0.928,661.01,248.43,55.61,64.75,1029.81
2024-08-09 03:00:00,96.59,83.58,31.08,0.85,595.84,240.43,49.9,69.72,955.89
2024-08-09 04:00:00,89.46,79.78,33.47,0.869,562.3,226.52,62.16,61.39,912.37
2024-08-09 05:00:00,83.09,76.96,35.35,0.65,529.67,226.15,69.0,64.68,889.5
2024-08-09 06:00:00,83.91,81.4,28.77,0.797,541.02,240.81,51.43,56.01,889.26
2024-08-09 07:00:00,91.94,84.92,31.97,0.862,586.98,243.28,51.31,59.9,941.46
2024-08-09 08:00:00,89.28,79.89,30.91,0.709,567.97,228.09,56.86,59.69,912.61
2024-08-09 09:00:00,100.75,91.72,32.88,0.891,606.24,250.9,55.15,61.92,974.22
2024-08-09 10:00:00,104.87,100.0,32.29,1.0,650.44,285.15,54.48,60.39,1050.47
2024-08-09 11:00:00,111.95,93.45,31.87,0.899,668.95,259.15,61.6,73.89,1063.59
2024-08-09 12:00:00,108.96,92.31,33.81,0.849,659.08,255.11,66.06,64.0,1044.25
2024-08-09 13:00:00,112.11,98.85,35.23,1.0,682.13,266.49,62.66,66.5,1077.77
2024-08-09 14:00:00,106.73,90.57,36.77,0.928,652.95,244.81,69.51,61.35,1028.63
2024-08-09 15:00:00,102.16,94.43,31.67,0.941,637.79,246.59,53.1,49.37,986.85
2024-08-09 16:00:00,93.39,83.1,30.04,0.826,582.08,243.65,56.6,62.24,944.56
2024-08-09 17:00:00,82.22,90.27,33.61,0.954,523.35,244.89,59.37,65.48,893.08
2024-08-09 18:00:00,89.34,86.39,35.19,0.879,564.19,240.28,58.44,66.97,929.88
2024-08-09 19:00:00,87.85,80.83,34.0,0.841,567.07,229.1,57.97,59.66,913.8
2024-08-09 20:00:00,93.29,83.7,35.19,0.802,591.51,244.38,65.37,52.82,954.08
2024-08-09 21:00:00,99.96,87.41,32.44,0.778,620.51,238.97,52.87,58.55,970.9
2024-08-09 22:00:00,105.43,99.58,31.86,1.0,657.75,270.66,56.62,52.75,1037.79
2024-08-09 23:00:00,113.86,90.59,32.95,0.961,698.47,253.31,63.98,66.44,1082.19
2024-08-10 00:00:00,88.15,80.74,32.17,0.796,567.07,221.24,56.34,62.27,906.91
2024-08-10 01:00:00,77.76,76.07,33.66,0.805,499.35,210.87,54.83,57.44,822.49
2024-08-10 02:00:00,78.47,79.16,34.12,0.775,518.62,221.94,60.71,63.71,864.98
2024-08-10 03:00:00,73.98,75.63,34.24,0.752,488.28,220.29,64.74,67.35,840.66
2024-08-10 04:00:00,70.4,67.74,33.43,0.765,468.84,202.96,55.39,63.92,791.11
2024-08-10 05:00:00,70.03,73.02,33.04,0.716,464.69,212.62,64.61,70.0,811.92
2024-08-10 06:00:00,60.66,69.83,33.86,0.681,421.94,210.57,64.4,55.57,752.48
2024-08-10 07:00:00,63.27,68.49,29.72,0.591,431.32,198.69,55.3,64.86,750.18
2024-08-10 08:00:00,67.32,77.1,32.98,0.805,457.98,220.88,62.08,52.7,793.64
2024-08-10 09:00:00,71.79,80.49,32.75,0.769,477.59,228.36,59.85,69.47,835.26
2024-08-10 10:00:00,79.24,79.23,32.99,0.8,517.95,221.4,61.11,63.64,864.09
2024-08-10 11:00:00,87.83,85.07,32.54,0.835,563.56,252.45,59.25,58.13,933.39
2024-08-10 12:00:00,82.03,70.21,33.31,0.68,527.82,194.48,63.9,54.22,840.42
2024-08-10 13:00:00,86.45,81.12,31.8,0.805,546.37,237.8,62.82,57.3,904.29
2024-08-10 14:00:00,73.82,81.93,34.36,0.817,473.04,236.86,58.97,58.7,827.56
2024-08-10 15:00:00,72.75,74.26,33.38,0.801,489.94,220.8,57.67,61.08,829.49
2024-08-10 16:00:00,68.06,70.34,32.89,0.779,460.92,208.29,58.04,59.91,787.17
2024-08-10 17:00:00,71.96,87.37,31.62,0.906,478.37,251.47,54.88,56.83,841.56
2024-08-10 18:00:00,62.65,80.42,33.89,0.868,442.63,226.19,65.94,65.79,800.55
2024-08-10 19:00:00,56.45,70.56,32.98,0.748,391.95,210.54,53.76,51.5,707.76
2024-08-10 20:00:00,61.38,76.38,31.53,0.789,427.35,220.85,59.33,62.87,770.39
2024-08-10 21:00:00,75.14,66.44,32.58,0.737,487.97,198.13,64.59,60.93,811.62
2024-08-10 22:00:00,83.08,77.6,33.61,0.711,540.65,223.7,58.58,59.97,882.89
2024-08-10 23:00:00,86.24,80.77,33.49,0.774,533.41,223.93,66.58,63.15,887.07
2024-08-11 00:00:00,86.92,82.28,33.29,0.782,561.03,228.8,64.94,56.66,911.44
2024-08-11 01:00:00,89.39,82.25,32.69,0.807,573.06,242.2,57.85,56.15,929.26
2024-08-11 02:00:00,78.47,66.48,34.09,0.699,504.95,216.9,65.04,58.55,845.45
2024-08-11 03:00:00,78.58,81.22,34.41,0.756,513.43,233.68,59.03,57.37,863.51
2024-08-11 04:00:00,62.85,74.14,33.66,0.767,427.02,220.7,56.58,58.82,763.12
2024-08-11 05:00:00,61.64,78.83,31.67,0.759,431.61,227.05,55.56,63.6,777.82
2024-08-11 06:00:00,56.52,64.32,30.97,0.626,409.17,197.8,61.54,60.55,729.07
2024-08-11 07:00:00,64.16,67.73,31.74,0.687,432.75,205.49,55.7,60.15,754.09
2024-08-11 08:00:00,69.19,61.2,35.49,0.696,455.58,194.72,64.44,61.16,775.89
2024-08-11 09:00:00,75.46,76.26,32.98,0.727,506.05,229.37,55.74,58.35,849.51
2024-08-11 10:00:00,80.87,84.94,35.74,0.845,539.89,233.07,68.21,64.52,905.69
2024-08-11 11:00:00,81.03,77.46,32.37,0.721,529.12,239.63,62.0,62.83,893.57
2024-08-11 12:00:00,85.49,93.46,32.17,0.899,551.99,257.1,55.48,60.03,924.6
2024-08-11 13:00:00,78.75,78.09,32.44,0.727,511.11,224.83,49.53,54.34,839.8
2024-08-11 14:00:00,86.08,83.77,32.42,0.85,551.83,233.45,57.3,66.55,909.13
2024-08-11 15:00:00,73.79,70.08,31.39,0.722,491.73,204.71,58.68,63.32,818.44
2024-08-11 16:00:00,67.42,75.15,30.83,0.786,455.64,221.5,55.84,62.84,795.82
2024-08-11 17:00:00,71.61,65.91,33.31,0.621,488.86,202.23,60.67,68.5,820.27
2024-08-11 18:00:00,58.78,72.86,34.14,0.754,415.32,216.4,63.25,63.48,758.44
2024-08-11 19:00:00,60.75,74.0,36.22,0.746,426.22,212.67,63.56,59.76,762.2
2024-08-11 20:00:00,64.99,79.29,31.9,0.79,443.65,210.31,52.81,57.45,764.21
2024-08-11 21:00:00,74.73,72.26,32.03,0.661,493.16,200.98,61.0,57.25,812.4
2024-08-11 22:00:00,82.35,81.98,31.4,0.827,541.51,232.23,53.38,61.38,888.5
2024-08-11 23:00:00,87.7,86.67,34.24,0.876,559.67,244.02,57.23,64.83,925.76
2024-08-12 00:00:00,125.29,100.0,33.66,1.0,747.79,267.48,62.99,64.89,1143.16
2024-08-12 01:00:00,103.99,87.67,31.13,0.897,641.42,239.95,52.0,53.1,986.47
2024-08-12 02:00:00,109.93,83.01,31.09,0.865,666.76,236.1,53.09,64.62,1020.56
2024-08-12 03:00:00,97.77,90.62,33.87,0.851,597.59,249.66,67.69,58.52,973.46
2024-08-12 04:00:00,90.15,84.31,33.02,0.832,583.35,234.2,66.18,57.06,940.8
2024-08-12 05:00:00,84.53,79.43,33.58,0.82,551.2,217.11,65.61,61.83,895.75
2024-08-12 06:00:00,81.36,84.5,31.12,0.832,536.82,232.39,59.45,63.94,892.59
2024-08-12 07:00:00,93.75,86.65,29.62,0.914,580.16,247.56,58.35,53.83,939.9
2024-08-12 08:00:00,95.87,81.34,31.13,0.818,610.91,225.04,64.28,61.09,961.31
2024-08-12 09:00:00,100.09,80.39,33.47,0.706,636.2,232.8,65.03,51.89,985.92
2024-08-12 10:00:00,112.9,90.81,35.61,0.95,692.88,259.01,65.5,63.96,1081.35
2024-08-12 11:00:00,106.94,100.0,31.8,0.994,667.88,265.25,61.13,54.45,1048.72
2024-08-12 12:00:00,109.68,98.45,35.85,0.896,674.77,264.08,63.08,60.95,1062.88
2024-08-12 13:00:00,104.28,93.08,33.69,0.918,634.62,261.4,61.62,58.17,1015.8
2024-08-12 14:00:00,104.7,91.44,30.35,0.851,647.57,259.43,55.8,57.15,1019.94
2024-08-12 15:00:00,100.65,89.09,32.76,0.929,615.07,243.21,58.82,50.0,967.1
2024-08-12 16:00:00,92.91,92.29,33.74,0.921,579.78,244.08,59.87,53.0,936.73
2024-08-12 17:00:00,87.61,81.35,28.8,0.767,560.57,238.37,57.4,59.62,915.95
2024-08-12 18:00:00,79.36,82.56,33.41,0.866,518.24,236.88,56.72,55.35,867.19
2024-08-12 19:00:00,90.22,83.37,34.2,0.857,574.82,237.48,62.55,58.41,933.25
2024-08-12 20:00:00,93.46,96.43,33.04,0.953,572.96,268.0,54.71,56.07,951.73
2024-08-12 21:00:00,102.93,95.18,32.35,0.889,633.43,252.76,50.6,58.61,995.39
2024-08-12 22:00:00,99.93,96.19,32.18,0.92,624.04,264.35,63.11,53.99,1005.49
2024-08-12 23:00:00,114.24,94.2,32.09,0.899,697.17,256.1,63.31,57.62,1074.2
2024-08-13 00:00:00,110.25,100.0,30.56,1.0,677.75,273.62,53.47,58.66,1063.5
2024-08-13 01:00:00,111.4,94.14,31.29,0.857,679.02,262.48,56.93,60.15,1058.58
2024-08-13 02:00:00,109.64,95.37,31.7,0.951,665.15,266.13,56.3,50.88,1038.47
2024-08-13 03:00:00,100.36,98.36,32.5,0.971,625.83,270.14,57.74,60.26,1013.97
2024-08-13 04:00:00,89.09,79.33,31.49,0.845,563.07,228.1,55.13,54.44,900.74
2024-08-13 05:00:00,87.03,84.53,31.02,0.857,562.38,239.23,58.08,53.17,912.86
2024-08-13 06:00:00,78.87,81.63,33.46,0.843,517.79,233.62,59.11,66.16,876.67
2024-08-13 07:00:00,91.61,88.41,32.88,0.858,577.56,241.91,61.25,63.65,944.36
2024-08-13 08:00:00,91.68,83.59,31.52,0.774,572.24,233.31,63.8,62.75,932.1
2024-08-13 09:00:00,104.47,100.0,33.08,0.984,651.33,272.41,61.51,58.9,1044.15
2024-08-13 10:00:00,105.39,86.22,31.65,0.901,651.44,244.97,57.86,57.1,1011.37
2024-08-13 11:00:00,110.9,100.0,32.42,1.0,691.3,266.09,56.47,67.44,1081.3
2024-08-13 12:00:00,111.94,100.0,33.79,0.978,683.93,263.54,61.16,60.67,1069.3
2024-08-13 13:00:00,116.5,100.0,31.42,0.957,707.35,259.95,50.27,55.51,1073.08
2024-08-13 14:00:00,104.66,84.39,30.57,0.791,631.59,229.65,61.58,55.03,977.84
2024-08-13 15:00:00,102.58,86.95,32.11,0.863,635.38,239.35,54.36,61.56,990.64
2024-08-13 16:00:00,90.97,92.94,30.28,0.936,572.32,252.5,47.23,58.26,930.31
2024-08-13 17:00:00,79.11,70.17,31.91,0.775,522.14,205.66,57.42,65.17,850.38
2024-08-13 18:00:00,82.72,73.33,31.9,0.739,536.27,206.76,59.24,60.36,862.63
2024-08-13 19:00:00,82.29,78.71,28.63,0.818,539.35,214.41,57.23,54.0,864.98
2024-08-13 20:00:00,92.64,87.28,33.12,0.834,600.24,244.04,61.0,69.3,974.58
2024-08-13 21:00:00,95.24,95.58,32.05,0.958,589.8,261.48,61.79,54.9,967.98
2024-08-13 22:00:00,111.2,94.68,34.1,0.954,683.59,262.55,65.5,53.89,1065.53
2024-08-13 23:00:00,112.63,93.27,32.65,0.926,688.6,260.76,62.49,59.58,1071.44
2024-08-14 00:00:00,114.29,98.7,33.31,0.986,707.28,269.63,55.82,62.33,1095.06
2024-08-14 01:00:00,115.61,100.0,33.99,1.0,703.71,270.69,63.63,55.5,1093.53
2024-08-14 02:00:00,111.36,97.88,32.01,1.0,681.59,270.81,52.48,63.48,1068.36
2024-08-14 03:00:00,99.92,89.07,32.21,0.949,626.41,255.59,66.35,57.53,1005.88
2024-08-14 04:00:00,89.42,74.93,29.85,0.636,574.45,213.3,56.91,72.23,916.88
2024-08-14 05:00:00,79.91,75.37,34.07,0.809,531.2,222.9,59.22,61.67,874.99
2024-08-14 06:00:00,82.26,88.23,31.99,0.797,524.72,241.54,59.48,54.58,880.32
2024-08-14 07:00:00,84.54,83.21,30.7,0.847,539.57,236.05,51.61,56.48,883.71
2024-08-14 08:00:00,92.93,84.85,33.32,0.966,598.52,244.61,54.15,62.47,959.75
2024-08-14 09:00:00,98.62,94.9,28.94,0.947,597.43,257.65,55.99,55.94,967.01
2024-08-14 10:00:00,110.25,89.48,31.56,0.904,670.58,242.19,53.29,59.62,1025.67
2024-08-14 11:00:00,110.54,94.14,33.57,0.926,673.89,254.94,60.1,69.85,1058.78
2024-08-14 12:00:00,114.77,98.07,31.55,1.0,692.44,260.24,58.01,63.2,1073.89
2024-08-14 13:00:00,117.73,96.66,31.13,0.985,721.28,256.53,55.7,62.97,1096.49
2024-08-14 14:00:00,108.87,94.94,31.58,0.916,668.14,266.61,53.14,69.92,1057.81
2024-08-14 15:00:00,99.76,88.94,29.19,0.884,615.7,249.97,53.19,56.21,975.07
2024-08-14 16:00:00,90.09,78.05,33.28,0.725,565.39,219.59,60.9,59.92,905.79
2024-08-14 17:00:00,84.48,83.15,32.02,0.826,544.64,228.7,61.53,58.48,893.35
2024-08-14 18:00:00,81.6,74.16,31.8,0.721,537.32,210.24,67.42,56.87,871.84
2024-08-14 19:00:00,84.85,83.25,31.8,0.839,545.34,230.51,49.74,58.72,884.31
2024-08-14 20:00:00,95.52,94.63,32.23,0.911,596.54,265.64,55.22,57.72,975.12
2024-08-14 21:00:00,99.11,88.15,33.19,0.871,610.0,244.46,61.03,56.71,972.19
2024-08-14 22:00:00,102.1,85.19,32.13,0.852,633.5,251.7,62.27,58.52,1005.99
2024-08-14 23:00:00,120.06,99.4,30.16,0.998,722.86,268.49,56.08,56.73,1104.17
2024-08-15 00:00:00,116.28,93.98,32.95,0.954,695.61,253.9,64.2,61.62,
2024-08-15 01:00:00,107.36,96.65,32.83,0.958,665.02,268.54,53.58,55.23,1042.37
2024-08-15 02:00:00,105.73,92.13,32.39,0.882,662.31,243.44,57.44,65.08,1028.28
2024-08-15 03:00:00,100.44,98.77,33.7,0.992,622.61,268.55,66.9,63.63,1021.69
2024-08-15 04:00:00,99.32,95.47,32.13,0.946,619.01,253.22,54.8,62.23,989.26
2024-08-15 05:00:00,82.58,80.52,33.75,0.856,524.05,216.01,49.56,57.71,847.32
2024-08-15 06:00:00,88.9,88.03,34.2,0.938,570.42,244.16,58.69,60.22,933.48
2024-08-15 07:00:00,92.61,84.34,32.96,0.775,586.75,242.12,61.48,59.37,949.72
2024-08-15 08:00:00,89.99,85.16,30.96,0.882,567.32,240.12,55.85,60.13,923.43
2024-08-15 09:00:00,98.89,87.64,31.89,0.917,608.5,244.6,52.66,53.3,959.07
2024-08-15 10:00:00,103.35,95.51,33.94,0.888,651.55,244.98,58.61,60.52,1015.67
2024-08-15 11:00:00,112.18,100.0,29.84,1.0,683.94,269.07,48.79,61.63,1063.43
2024-08-15 12:00:00,114.85,100.0,31.5,1.0,686.93,269.13,52.24,67.22,1075.52
2024-08-15 13:00:00,115.63,100.0,31.57,0.953,704.99,273.73,53.71,54.97,1087.4
2024-08-15 14:00:00,111.86,100.0,30.79,0.988,681.14,263.65,56.24,54.07,1055.11
2024-08-15 15:00:00,97.01,91.26,33.4,0.922,605.51,256.62,50.96,64.92,978.01
2024-08-15 16:00:00,84.63,76.62,32.65,0.795,550.98,217.84,64.64,52.44,885.9
2024-08-15 17:00:00,86.92,91.97,31.02,0.87,533.72,251.34,55.82,67.28,908.16
2024-08-15 18:00:00,86.17,92.11,32.99,0.979,536.41,256.6,55.36,65.92,914.29
2024-08-15 19:00:00,88.01,82.83,31.85,0.727,571.07,226.82,53.83,62.91,914.63
2024-08-15 20:00:00,91.19,83.74,30.75,0.904,574.94,240.81,53.21,52.41,921.37
2024-08-15 21:00:00,100.5,93.31,31.02,0.961,619.08,247.83,56.26,59.2,982.37
2024-08-15 22:00:00,113.56,99.53,32.74,0.964,677.11,272.95,59.94,59.74,1069.74
2024-08-15 23:00:00,114.52,96.25,33.49,1.0,694.14,260.71,59.92,61.45,1076.21
2024-08-16 00:00:00,113.51,90.5,31.23,0.853,690.07,249.13,53.6,62.77,1055.57
2024-08-16 01:00:00,110.99,97.02,32.78,0.976,686.47,245.36,59.36,56.25,1047.45
2024-08-16 02:00:00,106.82,96.17,34.34,0.974,657.08,258.41,53.91,65.31,1034.7
2024-08-16 03:00:00,106.55,96.9,30.08,0.981,650.31,262.23,49.67,62.6,1024.82
2024-08-16 04:00:00,91.77,87.63,32.5,0.834,582.08,253.31,56.19,62.55,954.14
2024-08-16 05:00:00,86.93,82.11,33.21,0.796,563.53,232.21,54.81,58.88,909.43
2024-08-16 06:00:00,83.07,86.51,31.82,0.871,542.48,237.74,56.8,61.94,898.97
2024-08-16 07:00:00,91.41,86.03,33.82,0.824,582.0,245.67,55.93,49.29,932.88
2024-08-16 08:00:00,100.34,87.85,35.26,0.892,623.89,241.44,70.72,61.99,998.05
2024-08-16 09:00:00,101.8,90.0,32.48,0.869,624.36,255.19,53.03,68.29,1000.87
2024-08-16 10:00:00,107.83,85.19,31.61,0.902,650.89,240.46,63.35,63.9,1018.6
2024-08-16 11:00:00,113.14,95.66,33.43,1.0,676.16,255.48,52.55,63.32,1047.52
2024-08-16 12:00:00,105.46,96.17,33.23,0.947,650.47,267.59,68.23,63.86,1050.15
2024-08-16 13:00:00,115.97,99.68,28.19,1.0,703.84,272.94,53.47,66.05,1096.3
2024-08-16 14:00:00,108.04,100.0,31.96,0.989,668.94,275.37,61.09,59.0,1064.41
2024-08-16 15:00:00,101.71,89.54,31.37,0.849,633.06,246.95,51.41,64.93,996.34
2024-08-16 16:00:00,89.65,87.26,32.56,0.851,576.68,246.86,57.72,62.29,943.54
2024-08-16 17:00:00,85.47,86.7,31.67,0.871,546.31,253.59,56.38,60.32,916.61
2024-08-16 18:00:00,83.36,93.39,31.84,0.845,542.95,257.15,57.3,66.75,924.15
2024-08-16 19:00:00,91.1,86.27,30.67,0.894,567.47,238.78,60.69,56.56,923.5
2024-08-16 20:00:00,90.98,80.27,33.07,0.807,574.44,237.83,62.68,56.75,931.71
2024-08-16 21:00:00,108.33,98.4,34.45,1.0,647.0,270.65,61.74,48.22,1027.61
2024-08-16 22:00:00,109.22,100.0,30.69,1.0,666.37,267.3,59.64,55.35,1048.66
2024-08-16 23:00:00,107.89,92.33,29.87,0.929,669.24,264.31,58.9,57.8,1050.24
2024-08-17 00:00:00,85.74,87.07,31.87,0.853,549.24,235.63,55.49,59.75,900.12
2024-08-17 01:00:00,82.14,87.21,31.8,0.948,536.46,246.32,55.24,62.24,900.26
2024-08-17 02:00:00,71.85,81.01,33.6,0.919,481.42,237.0,69.52,64.41,852.35
2024-08-17 03:00:00,81.4,81.33,30.0,0.796,522.43,237.22,53.43,53.35,866.43
2024-08-17 04:00:00,72.19,72.6,31.03,0.778,479.44,207.06,53.69,60.55,800.74
2024-08-17 05:00:00,67.39,73.29,28.62,0.698,466.39,206.46,51.29,55.08,779.23
2024-08-17 06:00:00,64.41,74.5,33.9,0.716,447.79,217.82,65.72,53.35,784.69
2024-08-17 07:00:00,59.73,74.41,32.22,0.725,413.7,220.48,61.26,61.62,757.07
2024-08-17 08:00:00,67.44,75.39,31.14,0.788,446.1,211.85,55.96,60.51,774.42
2024-08-17 09:00:00,78.37,77.28,29.86,0.719,513.49,224.11,56.59,62.47,856.65
2024-08-17 10:00:00,76.42,80.99,29.99,0.887,497.45,221.33,55.39,62.9,837.06
2024-08-17 11:00:00,74.62,81.61,32.46,0.863,491.66,237.74,58.26,57.59,845.25
2024-08-17 12:00:00,85.34,84.57,30.18,0.879,535.07,234.17,53.52,65.47,888.23
2024-08-17 13:00:00,84.18,77.91,32.0,0.764,549.2,222.62,58.58,55.41,885.82
2024-08-17 14:00:00,81.17,79.68,34.9,0.838,525.06,232.51,61.56,54.72,873.85
2024-08-17 15:00:00,77.91,83.7,31.32,0.691,510.01,240.39,57.05,61.99,869.44
2024-08-17 16:00:00,71.93,69.05,30.4,0.713,472.96,207.84,54.92,61.07,796.8
2024-08-17 17:00:00,66.29,62.68,32.41,0.635,449.24,197.81,52.94,55.95,755.94
2024-08-17 18:00:00,68.53,81.81,30.0,0.724,463.64,234.25,52.28,55.84,806.01
2024-08-17 19:00:00,59.18,72.15,34.42,0.742,411.0,220.2,61.32,61.9,754.42
2024-08-17 20:00:00,71.39,78.73,33.94,0.817,475.24,215.07,68.94,61.25,820.5
2024-08-17 21:00:00,77.51,73.37,31.59,0.641,518.62,213.72,56.63,54.81,843.77
2024-08-17 22:00:00,75.67,81.52,30.49,0.756,484.33,230.58,56.38,56.79,828.08
2024-08-17 23:00:00,78.73,80.74,31.2,0.911,515.13,228.24,65.17,55.45,863.99
2024-08-18 00:00:00,83.27,73.71,31.27,0.728,530.05,217.78,50.37,49.4,847.59
2024-08-18 01:00:00,82.1,88.17,32.29,0.93,541.18,246.44,52.38,66.82,906.82
2024-08-18 02:00:00,83.64,82.61,33.27,0.882,536.75,238.44,57.18,61.19,893.55
2024-08-18 03:00:00,72.54,74.29,30.16,0.763,474.33,208.91,53.35,65.79,802.38
2024-08-18 04:00:00,65.95,71.08,33.23,0.762,448.02,223.03,59.28,58.47,788.81
2024-08-18 05:00:00,62.81,61.33,32.64,0.508,436.85,186.45,57.11,55.14,735.54
2024-08-18 06:00:00,68.22,77.08,30.95,0.759,483.33,223.59,51.18,55.63,813.72
2024-08-18 07:00:00,65.31,73.96,30.08,0.586,429.67,214.09,58.44,55.62,757.82
2024-08-18 08:00:00,68.66,73.36,31.89,0.646,453.7,214.54,55.98,57.41,781.62
2024-08-18 09:00:00,74.56,83.67,30.12,0.809,503.24,232.5,59.36,52.26,847.36
2024-08-18 10:00:00,85.79,75.98,33.25,0.727,536.89,220.79,56.18,58.07,871.93
2024-08-18 11:00:00,81.75,77.89,30.03,0.781,528.81,227.05,62.29,57.13,875.27
2024-08-18 12:00:00,91.51,81.51,32.53,0.814,573.69,216.75,52.3,64.37,907.11
2024-08-18 13:00:00,85.58,81.4,31.59,0.821,542.8,228.97,57.21,62.69,891.66
2024-08-18 14:00:00,79.98,80.33,30.87,0.812,518.54,226.49,51.98,58.09,855.09
2024-08-18 15:00:00,85.0,84.65,31.56,0.863,542.36,251.7,57.35,62.38,913.78
2024-08-18 16:00:00,65.15,70.84,33.33,0.66,454.22,213.93,56.48,54.52,779.15
2024-08-18 17:00:00,63.84,67.53,29.92,0.639,449.84,210.82,45.68,53.69,760.03
2024-08-18 18:00:00,58.82,77.84,31.09,0.777,417.51,226.81,53.25,59.53,757.1
2024-08-18 19:00:00,69.07,86.59,30.58,0.865,463.45,242.34,61.84,60.51,828.13
2024-08-18 20:00:00,76.13,78.78,31.65,0.734,502.73,227.63,53.38,59.3,843.03
2024-08-18 21:00:00,81.68,77.06,30.69,0.825,534.84,228.56,57.67,66.78,887.84
2024-08-18 22:00:00,85.52,90.14,29.06,0.938,555.62,259.79,52.73,63.44,931.58
2024-08-18 23:00:00,83.95,74.74,30.13,0.704,542.72,218.77,52.82,65.17,879.48
2024-08-19 00:00:00,113.54,95.1,34.04,0.941,699.92,255.96,69.85,57.23,1082.96
2024-08-19 01:00:00,106.31,89.67,31.95,0.997,646.6,253.86,56.66,61.66,1018.78
2024-08-19 02:00:00,115.64,92.02,31.9,0.928,707.34,248.13,58.5,54.78,1068.75
2024-08-19 03:00:00,101.88,89.54,31.16,0.915,635.01,250.37,56.83,56.34,998.56
2024-08-19 04:00:00,90.53,80.95,31.51,0.779,567.78,234.07,63.41,61.66,926.92
2024-08-19 05:00:00,92.32,86.22,30.94,0.847,583.47,240.42,50.1,55.55,929.54
2024-08-19 06:00:00,81.11,80.69,32.37,0.882,527.96,224.02,67.65,56.04,875.67
2024-08-19 07:00:00,88.64,81.21,31.74,0.818,562.04,227.82,63.6,62.15,915.62
2024-08-19 08:00:00,91.81,84.05,29.83,0.837,577.82,234.61,55.68,56.18,924.29
2024-08-19 09:00:00,102.55,90.12,31.96,0.902,620.57,242.94,60.41,64.81,988.73
2024-08-19 10:00:00,107.25,97.67,27.9,1.0,650.71,262.79,49.7,58.93,1022.14
2024-08-19 11:00:00,107.19,92.85,32.2,0.931,654.03,246.28,58.97,59.14,1018.41
2024-08-19 12:00:00,115.3,100.0,29.47,0.958,691.93,273.55,55.13,61.26,1081.86
2024-08-19 13:00:00,117.19,100.0,31.44,0.967,699.08,272.0,53.36,59.33,1083.77
2024-08-19 14:00:00,107.38,96.55,29.79,1.0,665.4,264.35,60.1,61.4,1051.26
2024-08-19 15:00:00,103.1,98.49,31.59,0.913,634.67,264.51,58.16,55.41,1012.75
2024-08-19 16:00:00,88.32,78.56,32.45,0.808,578.92,223.47,59.38,46.39,908.16
2024-08-19 17:00:00,86.9,81.09,33.84,0.775,556.3,225.31,57.84,52.94,892.39
2024-08-19 18:00:00,82.5,90.07,29.27,0.808,540.83,252.17,57.77,57.72,908.5
2024-08-19 19:00:00,90.0,83.71,33.05,0.788,568.32,227.65,59.7,62.45,918.12
2024-08-19 20:00:00,92.63,72.24,31.78,0.724,577.84,212.2,55.5,70.79,916.34
2024-08-19 21:00:00,102.76,90.37,30.91,0.973,635.9,245.96,51.69,57.03,990.59
2024-08-19 22:00:00,111.85,96.6,32.72,1.0,689.62,273.4,58.66,56.73,1078.41
2024-08-19 23:00:00,115.76,84.79,31.23,0.833,698.07,241.23,51.94,61.69,1052.92
2024-08-20 00:00:00,116.09,100.0,32.53,1.0,704.04,270.0,60.34,61.11,1095.48
2024-08-20 01:00:00,109.0,90.93,29.97,0.891,667.05,244.32,57.43,61.28,1030.08
2024-08-20 02:00:00,107.49,95.39,30.5,0.881,656.66,252.13,53.74,58.72,1021.25
2024-08-20 03:00:00,97.87,87.8,32.87,0.879,608.96,247.36,60.51,50.1,966.93
2024-08-20 04:00:00,91.12,79.12,33.68,0.716,567.63,236.95,65.91,60.99,931.47
2024-08-20 05:00:00,85.51,77.4,31.4,0.814,547.47,225.0,56.23,59.76,888.46
2024-08-20 06:00:00,81.08,75.86,27.27,0.799,530.63,220.37,49.07,52.06,852.12
2024-08-20 07:00:00,79.18,85.02,31.15,0.806,518.27,239.68,56.5,62.91,877.35
2024-08-20 08:00:00,89.83,84.18,31.5,0.849,570.61,237.39,55.34,63.65,926.99
2024-08-20 09:00:00,100.77,87.78,31.1,0.885,629.67,245.55,54.98,62.79,992.99
2024-08-20 10:00:00,102.11,86.38,31.96,0.907,632.1,237.29,54.85,57.97,982.2
2024-08-20 11:00:00,113.05,100.0,30.74,0.938,685.38,264.16,57.45,61.1,1068.09
2024-08-20 12:00:00,122.6,100.0,32.71,1.0,738.89,270.66,58.99,55.51,1124.05
2024-08-20 13:00:00,117.08,100.0,29.7,0.934,706.51,278.96,56.26,53.07,1094.8
2024-08-20 14:00:00,114.07,99.5,33.31,1.0,688.48,273.61,64.44,59.51,1086.04
2024-08-20 15:00:00,101.56,92.23,33.78,0.975,631.57,246.29,57.0,52.49,987.34
2024-08-20 16:00:00,97.17,82.51,30.08,0.792,605.57,231.73,51.2,59.33,947.84
2024-08-20 17:00:00,84.11,80.83,30.08,0.869,538.32,234.11,57.32,59.74,889.49
2024-08-20 18:00:00,82.42,77.79,32.07,0.699,533.36,232.46,57.11,55.91,878.84
2024-08-20 19:00:00,76.05,68.9,29.67,0.744,501.6,215.44,54.13,69.7,840.88
2024-08-20 20:00:00,97.24,93.91,30.71,1.0,597.39,255.94,56.02,57.01,966.36
2024-08-20 21:00:00,106.16,89.6,33.11,0.913,653.47,253.11,56.2,61.06,1023.84
2024-08-20 22:00:00,105.29,98.62,32.56,0.976,661.21,268.6,61.03,59.05,1049.89
2024-08-20 23:00:00,111.97,100.0,34.42,1.0,672.04,269.28,63.36,64.7,1069.37
2024-08-21 00:00:00,111.98,98.78,31.58,0.958,675.9,267.8,53.21,58.33,1055.24
2024-08-21 01:00:00,114.52,100.0,30.4,1.0,714.85,270.45,54.47,53.66,1093.43
2024-08-21 02:00:00,112.0,92.92,31.4,0.9,673.42,262.19,56.48,62.07,1054.17
2024-08-21 03:00:00,93.03,95.8,31.1,1.0,595.44,252.76,59.36,52.49,960.04
2024-08-21 04:00:00,94.14,87.28,31.12,0.836,588.86,246.11,61.1,55.76,951.83
2024-08-21 05:00:00,85.9,84.46,31.29,0.924,550.0,246.6,56.68,57.45,910.73
2024-08-21 06:00:00,85.45,79.48,29.92,0.895,546.22,235.5,47.54,57.64,886.9
2024-08-21 07:00:00,88.85,79.77,31.74,0.817,567.63,230.92,60.44,58.27,917.27
2024-08-21 08:00:00,91.75,88.26,29.21,0.897,566.1,240.8,61.77,57.87,926.54
2024-08-21 09:00:00,99.59,90.88,30.25,0.861,619.42,255.51,57.71,60.63,993.27
2024-08-21 10:00:00,106.64,89.38,31.14,0.84,650.0,255.64,55.37,56.6,1017.6
2024-08-21 11:00:00,116.87,91.24,27.93,0.927,689.45,248.52,52.28,62.17,1052.43
2024-08-21 12:00:00,116.68,91.99,32.47,0.993,712.34,255.32,62.06,55.79,1085.51
2024-08-21 13:00:00,113.87,100.0,28.24,0.973,672.5,268.77,51.69,53.65,1046.61
2024-08-21 14:00:00,102.42,88.14,32.33,0.992,649.27,241.41,63.85,54.34,1008.87
2024-08-21 15:00:00,98.49,87.55,29.38,0.845,617.36,241.96,48.76,57.94,966.03
2024-08-21 16:00:00,96.09,95.3,30.71,0.964,589.59,260.9,54.07,64.86,969.41
2024-08-21 17:00:00,87.16,77.97,32.1,0.791,566.51,218.23,60.02,59.86,904.61
2024-08-21 18:00:00,87.64,80.18,34.62,0.797,552.19,221.89,65.51,57.7,897.28
2024-08-21 19:00:00,94.08,83.19,31.5,0.73,584.74,229.37,54.9,59.8,928.81
2024-08-21 20:00:00,96.65,96.42,28.35,0.933,588.86,264.44,49.61,53.95,956.87
2024-08-21 21:00:00,100.37,100.0,32.75,1.0,614.95,261.21,56.69,51.47,984.31
2024-08-21 22:00:00,105.46,96.49,30.97,0.96,641.31,249.32,53.17,55.06,998.86
2024-08-21 23:00:00,102.78,95.31,31.43,0.985,640.43,268.38,59.04,54.76,1022.6
2024-08-22 00:00:00,114.33,94.26,32.02,0.98,700.97,251.87,57.89,72.0,1082.73
2024-08-22 01:00:00,111.69,100.0,27.85,0.988,668.51,268.84,55.72,69.61,1062.67
2024-08-22 02:00:00,109.06,95.87,31.2,0.911,667.47,266.86,52.18,69.56,1056.07
2024-08-22 03:00:00,99.38,93.96,30.57,1.0,602.2,248.68,54.8,53.92,959.6
2024-08-22 04:00:00,91.22,85.08,33.02,0.783,578.29,230.03,62.78,68.77,939.87
2024-08-22 05:00:00,79.89,78.61,32.28,0.756,536.76,221.28,59.88,56.44,874.35
2024-08-22 06:00:00,81.24,88.94,28.75,0.847,511.96,252.53,47.75,68.22,880.47
2024-08-22 07:00:00,88.92,87.16,33.08,0.909,556.46,242.9,64.55,62.19,926.11
2024-08-22 08:00:00,99.36,96.94,31.86,1.0,622.64,263.52,58.13,55.04,999.33
2024-08-22 09:00:00,99.61,91.08,28.87,0.902,624.81,249.5,60.03,68.28,1002.61
2024-08-22 10:00:00,108.81,90.16,31.27,0.913,656.53,252.72,56.16,68.07,1033.48
2024-08-22 11:00:00,116.8,95.48,32.74,0.976,715.79,269.11,63.96,54.7,1103.55
2024-08-22 12:00:00,111.76,96.39,29.37,1.0,672.26,280.33,51.82,61.63,1066.04
2024-08-22 13:00:00,114.46,94.1,33.25,0.852,705.68,256.71,59.31,50.32,1072.02
2024-08-22 14:00:00,104.54,86.73,28.92,0.905,646.44,251.29,54.43,58.02,1010.18
2024-08-22 15:00:00,103.46,97.74,30.0,0.996,647.47,271.24,47.59,58.06,1024.36
2024-08-22 16:00:00,93.11,83.83,29.77,0.82,588.49,237.64,45.91,57.96,930.01
2024-08-22 17:00:00,88.2,84.79,33.25,0.864,566.27,224.8,57.55,68.06,916.68
2024-08-22 18:00:00,81.87,82.42,30.45,0.861,535.03,230.81,50.01,53.32,869.17
2024-08-22 19:00:00,89.84,81.98,29.44,0.849,578.35,230.12,44.37,58.88,911.73
2024-08-22 20:00:00,100.84,97.67,31.85,1.0,623.93,267.27,60.71,63.77,1015.68
2024-08-22 21:00:00,95.97,82.4,32.18,0.83,592.64,231.85,55.16,53.42,933.08
2024-08-22 22:00:00,106.14,94.38,32.19,0.945,650.07,254.82,56.96,55.58,1017.44
2024-08-22 23:00:00,113.92,98.19,30.78,0.973,684.24,278.38,56.36,65.58,1084.56
2024-08-23 00:00:00,118.15,98.8,31.43,1.0,705.91,275.33,59.0,66.72,1106.97
2024-08-23 01:00:00,110.75,88.89,30.08,0.887,687.0,234.54,55.67,57.83,1035.04
2024-08-23 02:00:00,96.17,92.44,33.56,0.925,605.82,252.43,61.62,64.29,984.16
2024-08-23 03:00:00,105.44,96.44,32.77,0.965,651.8,266.3,61.26,67.78,1047.14
2024-08-23 04:00:00,95.54,84.39,32.67,0.837,606.29,245.21,57.22,57.96,966.68
2024-08-23 05:00:00,80.04,83.56,32.24,0.805,525.13,232.95,55.58,63.96,877.62
2024-08-23 06:00:00,82.57,83.16,31.83,0.852,547.79,233.34,48.43,57.89,887.44
2024-08-23 07:00:00,93.28,80.24,29.18,0.788,569.65,229.07,55.48,53.23,907.44
2024-08-23 08:00:00,98.29,84.88,32.0,0.879,603.48,242.21,55.26,60.02,960.96
2024-08-23 09:00:00,103.75,97.57,31.22,0.981,633.17,255.68,64.53,58.78,1012.16
2024-08-23 10:00:00,106.8,94.94,32.95,0.93,642.97,247.29,62.65,55.37,1008.28
2024-08-23 11:00:00,113.32,93.84,32.26,1.0,687.52,264.59,62.27,58.3,1072.68
2024-08-23 12:00:00,114.48,92.95,31.88,0.924,693.66,249.25,60.6,58.87,1062.37
2024-08-23 13:00:00,117.5,96.17,28.52,0.993,723.32,274.7,53.87,61.39,1113.28
2024-08-23 14:00:00,104.0,89.78,30.92,0.863,647.21,243.35,57.95,65.2,1013.71
2024-08-23 15:00:00,96.78,84.16,30.21,0.74,599.82,235.62,57.06,65.2,957.71
2024-08-23 16:00:00,96.54,79.56,31.43,0.767,606.66,229.29,57.67,59.57,953.19
2024-08-23 17:00:00,86.83,89.12,30.43,0.784,539.55,234.35,52.7,57.27,883.87
2024-08-23 18:00:00,90.51,90.11,30.64,0.889,573.71,266.42,50.83,66.7,957.66
2024-08-23 19:00:00,84.32,75.8,31.74,0.831,542.33,216.8,59.22,59.5,877.85
2024-08-23 20:00:00,92.28,86.82,30.4,0.823,574.19,237.3,60.29,57.01,928.79
2024-08-23 21:00:00,96.31,83.64,31.23,0.731,599.94,228.65,56.12,60.85,945.56
2024-08-23 22:00:00,107.53,92.46,28.77,1.0,652.11,256.33,52.79,50.87,1012.1
2024-08-23 23:00:00,107.08,91.81,29.8,0.894,647.92,254.56,48.77,57.65,1008.9
2024-08-24 00:00:00,84.3,80.01,31.9,0.799,546.89,221.23,56.0,57.31,881.43
2024-08-24 01:00:00,79.0,89.51,29.07,0.935,523.26,239.75,47.81,56.05,866.86
2024-08-24 02:00:00,83.4,79.5,32.78,0.821,541.08,233.28,54.77,61.9,891.03
2024-08-24 03:00:00,77.87,74.89,32.37,0.786,505.83,213.34,59.07,65.39,843.62
2024-08-24 04:00:00,62.45,67.41,30.51,0.719,426.97,191.24,55.09,68.46,741.76
2024-08-24 05:00:00,70.59,80.52,35.41,0.718,469.71,228.19,67.29,57.52,822.71
2024-08-24 06:00:00,73.74,68.61,32.78,0.615,486.94,201.67,62.46,58.59,809.66
2024-08-24 07:00:00,65.44,68.91,29.49,0.748,440.23,216.41,49.98,56.6,763.22
2024-08-24 08:00:00,66.81,80.64,32.03,0.767,462.48,226.21,50.32,62.69,801.7
2024-08-24 09:00:00,86.3,84.37,31.01,0.81,549.87,235.32,52.43,50.66,888.28
2024-08-24 10:00:00,75.35,78.63,29.75,0.723,502.86,226.45,51.1,58.05,838.47
2024-08-24 11:00:00,84.82,93.07,29.31,0.91,532.92,252.03,55.36,61.46,
2024-08-24 12:00:00,86.97,84.72,32.4,0.83,549.34,240.55,61.18,56.88,907.95
2024-08-24 13:00:00,90.12,81.52,30.02,0.768,577.49,225.09,54.24,57.86,914.68
2024-08-24 14:00:00,82.06,79.62,30.76,0.744,537.31,225.77,58.73,64.96,886.76
2024-08-24 15:00:00,73.01,70.83,29.53,0.724,475.41,211.17,63.81,59.72,810.1
2024-08-24 16:00:00,65.57,79.06,29.79,0.75,450.28,232.86,53.55,65.97,802.66
2024-08-24 17:00:00,63.89,74.82,30.72,0.718,442.08,213.6,54.77,68.19,778.64
2024-08-24 18:00:00,59.72,75.48,31.49,0.646,412.95,214.93,53.73,62.65,744.25
2024-08-24 19:00:00,65.45,78.79,27.03,0.885,450.1,234.7,50.33,58.55,793.68
2024-08-24 20:00:00,67.12,71.49,30.94,0.762,442.95,206.81,60.64,67.91,778.31
2024-08-24 21:00:00,69.02,69.79,29.79,0.673,457.7,206.21,52.03,47.37,763.32
2024-08-24 22:00:00,85.65,82.56,33.02,0.781,553.02,243.66,58.26,52.24,907.19
2024-08-24 23:00:00,82.75,77.01,35.33,0.771,534.0,222.13,61.9,63.85,881.88
2024-08-25 00:00:00,81.18,81.41,30.23,0.813,526.54,229.48,50.22,72.37,878.61
2024-08-25 01:00:00,84.07,87.7,28.19,0.813,538.95,243.12,51.68,63.41,897.16
2024-08-25 02:00:00,80.9,79.61,30.95,0.669,528.79,222.74,56.79,60.92,869.23
2024-08-25 03:00:00,68.01,74.76,30.46,0.721,464.75,219.69,55.07,57.67,797.18
2024-08-25 04:00:00,70.7,74.88,33.73,0.671,479.84,211.71,68.47,62.78,822.8
2024-08-25 05:00:00,61.07,74.55,33.27,0.754,426.35,221.22,61.89,65.79,775.25
2024-08-25 06:00:00,70.59,71.96,32.07,0.728,469.86,211.2,53.66,63.74,798.47
2024-08-25 07:00:00,67.35,62.69,29.89,0.578,452.31,193.07,56.74,60.31,762.43
2024-08-25 08:00:00,67.78,76.24,31.79,0.736,450.42,230.49,56.26,65.17,802.34
2024-08-25 09:00:00,72.02,80.95,31.17,0.898,476.87,221.3,55.19,61.53,814.89
2024-08-25 10:00:00,80.21,82.33,31.13,0.862,516.17,233.05,55.75,62.55,867.52
2024-08-25 11:00:00,87.19,80.4,28.44,0.781,568.78,232.66,50.44,64.85,916.74
2024-08-25 12:00:00,86.15,77.4,32.37,0.889,542.36,218.84,59.74,55.33,876.27
2024-08-25 13:00:00,83.87,84.41,30.93,0.784,547.67,242.97,64.54,59.89,
2024-08-25 14:00:00,80.86,81.14,30.62,0.771,522.15,227.12,54.05,60.57,863.88
2024-08-25 15:00:00,72.58,75.66,29.87,0.751,481.27,220.64,54.53,54.0,810.44
2024-08-25 16:00:00,68.0,83.11,29.58,0.755,463.22,233.8,54.59,54.55,806.15
2024-08-25 17:00:00,56.91,63.72,31.25,0.727,393.22,194.79,54.6,56.87,699.48
2024-08-25 18:00:00,67.64,82.7,28.15,0.836,451.82,234.11,49.46,65.21,800.6
2024-08-25 19:00:00,66.45,73.39,31.96,0.694,442.33,213.92,61.9,59.02,777.17
2024-08-25 20:00:00,66.28,63.96,29.19,0.662,448.36,191.48,50.9,60.65,751.4
2024-08-25 21:00:00,82.59,80.4,27.68,0.811,525.7,224.85,46.68,61.54,858.78
2024-08-25 22:00:00,80.97,85.28,33.51,0.838,535.4,240.99,67.84,63.16,907.39
2024-08-25 23:00:00,80.6,78.47,29.49,0.724,518.32,225.11,48.65,62.51,854.59
2024-08-26 00:00:00,118.43,91.84,29.55,0.847,693.11,248.71,57.12,60.34,1059.28
2024-08-26 01:00:00,114.58,96.47,32.33,1.0,690.24,264.64,57.79,59.31,1071.98
2024-08-26 02:00:00,109.08,90.25,33.41,0.835,671.85,246.76,55.68,65.47,1039.76
2024-08-26 03:00:00,98.3,91.61,28.33,1.0,624.53,261.71,49.89,57.54,993.66
2024-08-26 04:00:00,94.3,91.02,29.2,0.868,589.67,266.07,52.05,66.8,974.6
2024-08-26 05:00:00,85.96,77.7,29.31,0.817,545.68,231.5,46.63,57.15,880.96
2024-08-26 06:00:00,87.22,80.08,32.03,0.824,556.0,236.17,59.77,58.58,910.53
2024-08-26 07:00:00,79.39,83.48,33.09,0.868,520.27,240.19,61.27,63.54,885.27
2024-08-26 08:00:00,90.76,81.09,29.01,0.847,564.79,229.03,51.23,71.83,916.87
2024-08-26 09:00:00,106.89,88.03,32.75,0.8,652.49,233.48,61.25,50.32,997.53
2024-08-26 10:00:00,104.43,86.32,29.57,0.829,641.76,235.13,54.44,64.33,995.66
2024-08-26 11:00:00,110.58,97.05,31.14,0.902,673.24,259.74,61.62,62.36,1056.96
2024-08-26 12:00:00,113.21,98.15,28.72,0.991,684.88,273.36,47.79,57.73,1063.77
2024-08-26 13:00:00,108.13,90.65,30.45,0.84,653.17,251.89,54.04,61.8,1020.89
2024-08-26 14:00:00,98.67,89.36,30.46,0.795,616.04,243.7,59.24,54.0,972.98
2024-08-26 15:00:00,99.08,97.17,30.16,0.96,615.03,253.0,56.85,56.04,980.91
2024-08-26 16:00:00,93.04,81.65,31.21,0.706,584.84,245.38,47.37,62.14,939.73
2024-08-26 17:00:00,86.8,73.64,29.12,0.749,545.34,217.85,46.14,54.96,864.28
2024-08-26 18:00:00,84.42,84.49,29.31,0.782,547.22,242.87,53.15,60.76,904.0
2024-08-26 19:00:00,87.18,83.04,31.29,0.788,548.33,231.17,63.28,56.68,899.45
2024-08-26 20:00:00,96.59,84.75,32.64,0.733,615.89,237.13,57.43,57.73,968.19
2024-08-26 21:00:00,99.24,92.88,30.6,1.0,606.76,252.98,58.07,65.38,983.19
2024-08-26 22:00:00,105.2,96.8,31.39,0.895,652.12,263.66,57.23,54.17,1027.18
2024-08-26 23:00:00,111.87,84.89,31.77,0.831,664.06,249.35,59.9,59.83,1033.14
2024-08-27 00:00:00,117.32,95.4,31.73,0.864,688.52,253.11,61.8,62.39,1065.82
2024-08-27 01:00:00,118.64,100.0,29.06,0.958,708.75,269.75,56.48,61.29,1096.28
2024-08-27 02:00:00,104.99,95.41,29.32,1.0,626.86,262.53,56.82,57.04,1003.25
2024-08-27 03:00:00,100.4,93.58,29.45,0.951,627.82,255.81,50.96,61.83,996.41
2024-08-27 04:00:00,93.85,92.79,33.38,0.892,589.09,260.83,59.88,54.85,964.66
2024-08-27 05:00:00,83.04,81.6,31.25,0.814,546.4,220.96,58.73,57.57,883.65
2024-08-27 06:00:00,85.08,86.52,31.18,0.837,544.07,253.0,58.46,67.95,923.49
2024-08-27 07:00:00,81.15,84.16,31.04,0.837,527.68,228.52,58.65,63.2,878.04
2024-08-27 08:00:00,85.42,85.41,28.51,0.891,544.97,232.57,44.64,60.01,882.2
2024-08-27 09:00:00,101.47,89.12,33.4,0.875,620.34,244.46,65.3,62.25,992.36
2024-08-27 10:00:00,105.96,93.84,31.21,0.949,646.57,253.18,49.76,55.97,1005.48
2024-08-27 11:00:00,113.8,93.96,31.57,0.951,679.37,259.86,54.23,61.41,1054.86
2024-08-27 12:00:00,114.93,97.53,27.84,0.959,697.74,266.66,51.29,57.74,1073.44
2024-08-27 13:00:00,109.08,88.7,31.66,0.85,662.96,246.95,57.27,57.1,1024.28
2024-08-27 14:00:00,107.32,89.71,29.95,0.871,655.79,239.88,59.99,59.38,1015.04
2024-08-27 15:00:00,95.07,86.12,28.5,0.896,617.93,240.02,47.02,56.99,961.97
2024-08-27 16:00:00,98.06,84.31,29.06,0.882,607.1,237.18,51.25,60.71,956.23
2024-08-27 17:00:00,81.59,78.27,28.59,0.726,530.44,231.76,43.99,62.08,868.26
2024-08-27 18:00:00,84.22,81.29,28.57,0.8,540.65,231.9,52.34,58.64,883.53
2024-08-27 19:00:00,82.84,83.43,30.58,0.797,543.46,237.5,54.61,45.74,881.32
2024-08-27 20:00:00,94.78,92.14,29.91,0.961,595.82,265.26,49.27,55.66,966.01
2024-08-27 21:00:00,98.67,87.02,30.99,0.847,611.2,235.78,61.42,54.59,962.99
2024-08-27 22:00:00,105.43,99.39,33.0,1.0,665.47,266.39,64.12,61.85,1057.83
2024-08-27 23:00:00,116.4,100.0,30.29,1.0,695.14,263.18,55.22,56.35,1069.89
2024-08-28 00:00:00,115.12,100.0,26.98,1.0,694.04,279.64,53.51,57.5,1084.68
2024-08-28 01:00:00,115.06,98.3,29.98,0.932,702.62,276.47,54.0,64.2,1097.28
2024-08-28 02:00:00,103.57,93.38,32.13,0.934,631.33,265.28,61.1,56.1,1013.8
2024-08-28 03:00:00,94.38,93.13,30.21,0.962,598.03,258.85,58.24,61.01,976.13
2024-08-28 04:00:00,92.93,92.58,32.64,0.874,580.81,256.71,54.87,56.91,949.3
2024-08-28 05:00:00,85.73,89.54,31.02,0.896,556.7,245.29,57.97,57.64,917.6
2024-08-28 06:00:00,87.51,83.96,27.59,0.892,565.34,240.93,50.73,54.18,911.19
2024-08-28 07:00:00,86.69,86.12,30.51,0.845,552.73,233.16,51.22,57.39,894.5
2024-08-28 08:00:00,93.32,93.38,30.79,0.891,578.6,248.38,50.71,62.54,940.23
2024-08-28 09:00:00,93.51,83.63,31.96,0.926,584.4,233.11,59.93,55.17,932.62
2024-08-28 10:00:00,115.05,95.93,33.07,0.901,695.15,272.79,58.8,56.42,1083.16
2024-08-28 11:00:00,112.33,96.25,31.71,0.97,688.77,259.04,51.61,70.95,1070.37
2024-08-28 12:00:00,117.79,100.0,31.0,0.965,711.52,267.73,58.53,61.28,1099.06
2024-08-28 13:00:00,109.65,99.4,31.36,0.947,672.53,270.46,60.58,61.69,1065.27
2024-08-28 14:00:00,108.73,93.21,30.09,0.969,666.45,261.14,49.88,56.87,1034.34
2024-08-28 15:00:00,94.79,79.85,28.15,0.788,600.71,235.2,51.06,65.21,952.19
2024-08-28 16:00:00,94.31,88.39,30.41,0.904,589.94,238.89,61.2,66.02,956.05
2024-08-28 17:00:00,85.59,78.2,30.89,0.669,549.25,223.64,52.36,56.98,882.22
2024-08-28 18:00:00,85.12,75.11,28.54,0.776,545.81,219.08,58.6,65.34,888.83
2024-08-28 19:00:00,89.8,78.58,32.33,0.75,565.5,226.97,57.31,66.7,916.48
2024-08-28 20:00:00,87.57,85.42,31.85,0.76,565.94,244.57,57.45,49.66,917.62
2024-08-28 21:00:00,97.26,95.44,28.29,1.0,614.24,265.34,45.74,64.3,989.61
2024-08-28 22:00:00,109.33,94.86,32.39,0.979,676.29,259.36,53.27,56.18,1045.1
2024-08-28 23:00:00,121.38,100.0,29.88,1.0,720.81,276.91,51.56,66.63,1115.91
2024-08-29 00:00:00,114.45,100.0,29.03,1.0,695.04,275.81,56.2,56.0,1083.05
2024-08-29 01:00:00,115.35,89.96,31.82,0.912,705.51,254.24,67.03,63.03,1089.82
2024-08-29 02:00:00,107.07,96.14,30.12,0.921,667.38,258.71,65.04,51.2,1042.34
2024-08-29 03:00:00,107.77,93.83,33.05,0.93,646.78,261.31,59.39,65.58,1033.06
2024-08-29 04:00:00,85.51,85.59,28.92,0.822,547.53,246.95,51.03,60.37,905.88
2024-08-29 05:00:00,87.39,81.28,27.6,0.788,555.43,227.6,46.14,66.46,895.62
2024-08-29 06:00:00,78.5,75.16,29.78,0.689,525.22,218.62,58.46,56.42,858.71
2024-08-29 07:00:00,76.98,79.19,31.38,0.743,487.24,235.7,53.98,61.07,837.99
2024-08-29 08:00:00,93.69,95.09,28.81,0.996,580.07,262.07,51.3,67.6,961.04
2024-08-29 09:00:00,100.56,94.58,28.2,0.962,634.25,258.1,53.15,59.87,1005.38
2024-08-29 10:00:00,106.36,90.64,30.54,0.881,648.05,259.12,57.18,62.15,1026.49
2024-08-29 11:00:00,112.57,89.58,28.0,0.844,672.42,245.29,48.36,63.5,1029.57
2024-08-29 12:00:00,127.39,95.29,30.66,0.933,769.06,249.92,55.2,52.24,1126.43
2024-08-29 13:00:00,111.96,100.0,29.69,0.916,668.33,265.32,51.5,57.39,1042.55
2024-08-29 14:00:00,109.54,89.99,30.94,0.906,675.88,255.81,52.76,65.69,1050.13
2024-08-29 15:00:00,97.4,87.07,28.12,0.918,594.53,245.98,46.92,49.76,937.19
2024-08-29 16:00:00,93.68,93.45,32.14,1.0,576.86,256.65,52.37,65.59,951.48
2024-08-29 17:00:00,86.06,74.96,29.92,0.694,551.88,223.78,55.71,57.06,888.43
2024-08-29 18:00:00,83.36,89.14,31.34,0.937,530.0,248.2,55.85,70.28,904.33
2024-08-29 19:00:00,94.29,85.87,31.64,0.823,593.6,239.0,52.8,62.18,947.6
2024-08-29 20:00:00,97.21,82.86,28.46,0.772,620.46,239.02,46.72,56.0,962.2
2024-08-29 21:00:00,100.55,89.04,31.52,0.834,621.49,244.69,52.16,64.9,983.24
2024-08-29 22:00:00,98.28,85.53,28.06,0.862,624.44,242.55,48.46,67.17,982.61
2024-08-29 23:00:00,111.55,97.98,28.14,0.933,680.33,260.98,55.56,63.02,1059.89
2024-08-30 00:00:00,125.81,99.67,33.0,0.966,756.71,262.97,57.07,57.77,1134.51
2024-08-30 01:00:00,112.07,86.48,31.72,0.843,661.51,236.4,59.72,67.19,1024.83
2024-08-30 02:00:00,111.91,94.85,33.16,0.912,684.65,259.04,66.33,55.36,1065.38
2024-08-30 03:00:00,105.77,86.1,29.49,0.82,652.7,236.92,54.16,65.36,1009.15
2024-08-30 04:00:00,93.38,87.71,30.2,0.756,584.0,240.47,51.71,47.96,924.13
2024-08-30 05:00:00,83.64,75.89,30.84,0.763,553.38,218.44,55.56,60.59,887.96
2024-08-30 06:00:00,75.26,75.19,30.03,0.755,492.35,217.46,54.28,57.21,821.3
2024-08-30 07:00:00,89.75,85.79,28.93,0.818,555.86,230.84,59.39,53.14,899.23
2024-08-30 08:00:00,89.24,83.56,28.71,0.854,572.46,220.34,45.14,66.52,904.46
2024-08-30 09:00:00,100.7,91.6,30.37,0.986,612.13,254.77,59.53,49.26,975.7
2024-08-30 10:00:00,102.5,94.65,28.45,0.948,633.12,259.6,44.64,66.92,1004.28
2024-08-30 11:00:00,111.93,90.18,28.41,0.968,690.37,241.15,54.78,52.34,1038.63
2024-08-30 12:00:00,115.13,97.25,30.64,1.0,699.66,266.83,53.91,65.27,1085.68
2024-08-30 13:00:00,114.06,80.38,29.91,0.93,688.34,231.41,61.54,56.1,1037.4
2024-08-30 14:00:00,103.04,92.76,31.46,0.868,632.39,252.98,59.71,50.23,
2024-08-30 15:00:00,104.79,90.89,29.41,0.85,654.06,262.62,55.64,57.74,1030.06
2024-08-30 16:00:00,90.11,80.14,29.18,0.779,560.8,235.91,49.15,62.82,908.68
2024-08-30 17:00:00,80.31,81.73,30.68,0.824,527.76,229.25,62.85,55.51,875.37
2024-08-30 18:00:00,84.56,88.15,28.83,0.961,560.37,242.82,63.56,61.3,928.05
2024-08-30 19:00:00,87.15,81.19,29.06,0.843,560.08,221.76,60.76,63.45,906.05
2024-08-30 20:00:00,93.14,81.85,29.12,0.758,583.81,239.23,48.81,67.47,939.31
2024-08-30 21:00:00,105.45,93.55,29.74,0.905,645.96,257.93,53.16,60.32,1017.38
2024-08-30 22:00:00,106.55,86.6,32.71,0.864,648.93,246.8,54.52,65.83,1016.07
2024-08-30 23:00:00,112.51,92.95,27.98,0.855,677.35,242.4,48.33,64.25,1032.33
2024-08-31 00:00:00,81.84,87.03,31.84,0.871,530.13,247.43,58.85,59.54,895.95
2024-08-31 01:00:00,88.02,84.32,31.01,0.784,565.56,234.02,59.13,65.74,924.45
2024-08-31 02:00:00,81.36,71.28,32.25,0.63,539.7,213.2,60.58,64.47,877.95
2024-08-31 03:00:00,73.32,67.67,34.61,0.629,470.95,205.24,55.81,59.17,791.17
2024-08-31 04:00:00,61.76,71.69,32.05,0.737,409.27,210.42,57.94,63.57,741.2
2024-08-31 05:00:00,71.03,79.83,31.29,0.818,488.21,223.46,58.79,61.36,831.82
2024-08-31 06:00:00,58.84,61.33,27.93,0.618,414.65,191.19,54.47,62.74,723.05
2024-08-31 07:00:00,62.89,73.69,28.12,0.787,435.34,209.74,52.73,69.41,767.22
2024-08-31 08:00:00,70.81,82.06,30.44,0.865,478.05,238.62,57.15,55.98,829.8
2024-08-31 09:00:00,70.21,84.55,27.35,0.856,469.57,233.22,48.68,61.27,812.75
2024-08-31 10:00:00,74.65,78.98,30.82,0.793,509.06,226.0,56.97,60.15,852.18
2024-08-31 11:00:00,76.25,80.66,26.7,0.813,505.17,224.91,58.79,63.94,852.81
2024-08-31 12:00:00,89.13,73.9,31.63,0.732,562.09,216.14,62.16,57.74,898.13
2024-08-31 13:00:00,82.56,91.78,29.42,0.809,529.94,246.55,54.81,57.17,888.47
2024-08-31 14:00:00,92.33,83.29,30.09,0.89,580.52,230.05,57.48,59.68,927.73
2024-08-31 15:00:00,71.02,70.84,28.78,0.728,468.9,222.54,52.5,62.38,806.31
2024-08-31 16:00:00,65.69,71.57,27.05,0.655,461.96,215.36,49.38,57.71,784.41
2024-08-31 17:00:00,63.0,79.06,31.75,0.862,435.97,228.23,61.36,46.73,772.29
2024-08-31 18:00:00,64.72,83.4,31.9,0.805,434.25,238.23,55.43,55.24,783.15
2024-08-31 19:00:00,63.38,72.32,29.37,0.718,440.12,213.7,52.75,67.07,773.65
2024-08-31 20:00:00,71.82,80.9,30.89,0.86,490.63,229.36,50.53,67.73,838.26
2024-08-31 21:00:00,71.09,75.76,29.31,0.769,483.91,223.63,56.27,57.52,821.34
2024-08-31 22:00:00,75.1,72.36,30.33,0.79,489.41,206.99,59.28,68.99,824.67
2024-08-31 23:00:00,77.55,86.16,31.04,0.844,498.88,250.51,58.68,58.37,866.43
2024-09-01 00:00:00,77.36,75.57,30.58,0.84,518.2,219.41,54.51,52.33,844.45
2024-09-01 01:00:00,82.67,89.01,31.76,0.851,520.36,251.74,57.39,58.47,887.96
2024-09-01 02:00:00,79.42,86.2,30.53,0.928,520.07,250.47,55.94,63.63,890.1
2024-09-01 03:00:00,72.47,79.31,29.79,0.68,477.82,229.49,58.4,57.17,822.89
2024-09-01 04:00:00,74.35,86.32,28.61,0.808,502.25,236.41,56.04,63.02,857.72
2024-09-01 05:00:00,70.17,86.25,29.03,0.877,462.41,248.43,46.92,61.33,819.1
2024-09-01 06:00:00,62.41,70.33,30.96,0.683,425.68,217.87,52.62,58.57,754.74
2024-09-01 07:00:00,58.08,65.0,27.5,0.646,415.34,184.81,51.63,63.88,715.67
2024-09-01 08:00:00,67.11,64.23,31.41,0.644,461.91,194.28,51.58,66.15,773.91
2024-09-01 09:00:00,72.6,87.52,29.33,0.816,493.88,245.55,56.86,60.91,857.2
2024-09-01 10:00:00,78.0,76.8,28.52,0.712,513.77,219.7,50.64,62.95,847.05
2024-09-01 11:00:00,81.95,86.65,28.1,0.878,532.56,234.49,53.81,52.72,873.58
2024-09-01 12:00:00,83.64,78.11,30.76,0.748,546.57,218.74,55.91,66.96,888.17
2024-09-01 13:00:00,83.2,89.29,29.73,0.96,525.02,236.41,53.51,57.34,872.28
2024-09-01 14:00:00,78.08,75.54,32.13,0.746,503.38,224.37,53.89,55.69,837.33
2024-09-01 15:00:00,75.83,71.96,27.85,0.756,488.87,219.35,48.35,64.43,821.01
2024-09-01 16:00:00,70.82,74.37,28.88,0.766,452.6,224.33,51.93,58.08,786.93
2024-09-01 17:00:00,61.61,68.15,29.61,0.651,434.81,202.93,53.11,56.53,747.38
2024-09-01 18:00:00,68.83,77.4,28.62,0.675,475.61,224.17,54.82,58.53,813.13
2024-09-01 19:00:00,61.34,70.41,29.76,0.763,431.13,214.28,51.39,53.92,750.73
2024-09-01 20:00:00,62.9,74.59,30.23,0.697,437.56,215.24,54.69,56.48,763.97
2024-09-01 21:00:00,76.52,76.81,30.48,0.748,503.3,215.6,61.28,65.11,845.28
2024-09-01 22:00:00,77.36,75.35,32.01,0.746,507.22,214.82,61.3,65.83,849.16
2024-09-01 23:00:00,86.03,80.1,27.79,0.798,563.7,229.26,50.85,60.33,904.13
2024-09-02 00:00:00,105.39,100.0,30.1,1.0,659.32,265.72,48.75,56.6,1030.4
2024-09-02 01:00:00,118.56,100.0,28.63,1.0,708.12,272.84,46.43,62.07,1089.46
2024-09-02 02:00:00,110.19,85.18,30.24,0.845,679.82,230.74,57.39,50.52,1018.46
2024-09-02 03:00:00,94.0,84.4,30.24,0.895,599.83,235.78,57.8,65.85,959.26
2024-09-02 04:00:00,86.58,83.78,28.12,0.868,558.13,238.36,43.23,59.65,899.37
2024-09-02 05:00:00,93.7,96.08,28.25,0.924,591.59,262.56,54.04,54.83,963.02
2024-09-02 06:00:00,82.05,86.17,30.36,0.804,533.08,236.54,52.81,67.44,3114.545
2024-09-02 07:00:00,83.67,77.23,29.63,0.731,526.51,226.59,52.12,60.21,865.43
2024-09-02 08:00:00,83.44,93.81,29.27,0.936,524.61,258.58,56.64,57.87,897.7
2024-09-02 09:00:00,98.6,89.14,30.58,0.829,619.25,234.67,58.38,70.25,982.55
2024-09-02 10:00:00,106.59,99.53,30.69,1.0,644.14,271.74,55.26,57.37,1028.51
2024-09-02 11:00:00,115.85,92.15,28.8,0.915,688.15,250.98,55.0,63.74,1057.87
2024-09-02 12:00:00,109.4,82.71,28.32,0.7,650.41,230.54,49.92,63.47,994.35
2024-09-02 13:00:00,106.91,86.41,27.7,0.794,650.74,236.49,47.11,55.76,990.1
2024-09-02 14:00:00,109.3,78.4,29.65,0.64,669.51,218.62,58.81,59.3,1006.24
2024-09-02 15:00:00,104.03,100.0,27.46,0.983,643.77,271.24,55.14,58.74,1028.89
2024-09-02 16:00:00,86.22,84.18,29.75,0.896,557.88,240.05,51.37,51.17,900.47
2024-09-02 17:00:00,91.34,81.04,31.42,0.716,573.55,231.11,54.83,50.18,909.66
2024-09-02 18:00:00,85.15,84.84,29.07,0.782,546.61,243.86,56.29,49.12,895.87
2024-09-02 19:00:00,91.38,86.64,28.79,0.858,583.65,245.42,49.45,57.75,936.28
2024-09-02 20:00:00,92.22,89.21,32.59,0.839,584.81,235.31,62.27,55.03,937.42
2024-09-02 21:00:00,89.91,91.0,31.86,0.857,564.88,245.61,53.65,55.34,919.48
2024-09-02 22:00:00,106.89,92.0,28.45,0.947,656.86,260.32,50.46,57.9,
2024-09-02 23:00:00,117.23,94.22,29.81,0.917,690.28,250.24,57.96,60.02,1058.5
2024-09-03 00:00:00,111.43,99.85,29.94,0.924,677.13,253.28,50.41,58.44,1039.25
2024-09-03 01:00:00,111.44,99.73,29.75,0.893,672.25,280.42,51.6,56.48,1060.74
2024-09-03 02:00:00,106.8,93.9,32.17,1.0,666.13,258.97,59.8,69.65,1054.56
2024-09-03 03:00:00,88.4,95.09,29.57,1.0,554.19,255.59,46.44,58.99,915.22
2024-09-03 04:00:00,99.19,87.4,29.8,0.851,616.86,238.46,54.33,64.99,974.64
2024-09-03 05:00:00,83.4,77.2,30.48,0.776,533.59,225.9,59.9,53.82,873.21
2024-09-03 06:00:00,87.02,85.6,31.23,0.832,550.65,242.63,60.07,66.68,920.03
2024-09-03 07:00:00,86.66,79.96,30.85,0.825,556.33,229.87,55.73,57.26,899.19
2024-09-03 08:00:00,97.53,91.24,30.25,0.87,604.31,250.48,54.93,74.01,983.73
2024-09-03 09:00:00,101.62,86.65,27.11,0.839,642.94,234.28,55.16,53.44,985.81
2024-09-03 10:00:00,106.56,91.28,28.71,0.936,637.0,251.47,57.56,54.66,1000.7
2024-09-03 11:00:00,109.42,100.0,30.67,1.0,672.13,276.39,55.23,59.06,1062.81
2024-09-03 12:00:00,118.19,97.07,29.82,1.0,710.28,260.59,51.56,58.23,1080.65
2024-09-03 13:00:00,105.5,88.75,30.68,0.949,647.08,249.99,59.06,54.14,1010.27
2024-09-03 14:00:00,110.08,100.0,32.27,0.984,672.83,267.57,63.02,67.37,1070.79
2024-09-03 15:00:00,95.6,82.55,27.68,0.794,606.0,238.16,55.74,66.84,966.74
2024-09-03 16:00:00,97.51,85.29,31.15,0.756,609.67,233.23,58.81,58.3,960.0
2024-09-03 17:00:00,87.65,86.71,28.95,0.871,566.28,242.17,51.08,65.05,924.59
2024-09-03 18:00:00,87.58,88.48,30.85,0.904,558.25,248.55,49.24,67.11,923.16
2024-09-03 19:00:00,87.34,89.77,29.38,0.883,548.41,244.47,61.04,59.95,913.87
2024-09-03 20:00:00,85.49,79.01,32.63,0.751,546.74,228.09,65.55,56.65,897.04
2024-09-03 21:00:00,96.56,91.26,29.64,0.975,612.01,251.47,50.68,66.41,980.57
2024-09-03 22:00:00,110.19,92.76,28.48,0.959,667.66,254.54,52.43,65.63,1040.27
2024-09-03 23:00:00,113.66,93.8,30.07,1.0,679.62,252.91,53.65,53.73,1039.92
2024-09-04 00:00:00,119.72,100.0,29.77,0.952,723.58,275.98,54.26,67.08,1120.9
2024-09-04 01:00:00,114.6,94.55,31.0,0.91,695.71,252.89,54.59,54.9,1058.09
2024-09-04 02:00:00,103.63,93.21,29.96,0.992,632.0,257.41,57.1,61.9,1008.4
2024-09-04 03:00:00,96.82,89.19,33.0,0.889,602.21,242.19,55.27,55.92,955.6
2024-09-04 04:00:00,92.91,81.1,29.12,0.783,583.1,229.92,51.24,60.82,925.09
2024-09-04 05:00:00,77.75,83.71,29.14,0.812,508.82,239.64,56.35,60.58,865.38
2024-09-04 06:00:00,91.69,88.65,28.38,0.886,583.64,244.43,43.6,71.16,942.83
2024-09-04 07:00:00,88.78,74.46,29.42,0.795,560.64,197.9,54.59,51.89,865.02
2024-09-04 08:00:00,97.41,90.09,29.64,0.893,612.63,241.12,51.55,56.15,961.45
2024-09-04 09:00:00,93.68,82.97,29.71,0.869,584.12,221.3,60.34,57.67,923.43
2024-09-04 10:00:00,112.48,100.0,29.39,1.0,695.72,270.41,54.62,61.64,1082.39
2024-09-04 11:00:00,121.92,93.73,28.37,0.893,743.08,256.81,48.33,58.44,1106.66
2024-09-04 12:00:00,109.72,93.08,27.97,0.887,661.73,253.36,56.55,49.01,1020.64
2024-09-04 13:00:00,116.08,99.85,28.73,0.976,690.58,265.92,52.19,63.68,1072.38
2024-09-04 14:00:00,107.5,94.02,31.0,0.873,665.35,258.78,56.73,66.67,1047.53
2024-09-04 15:00:00,93.82,90.73,31.32,0.882,591.17,241.84,60.33,62.16,955.51
2024-09-04 16:00:00,94.47,79.64,29.17,0.872,596.77,232.99,50.49,57.72,937.97
2024-09-04 17:00:00,90.34,93.43,27.88,0.933,566.48,256.66,56.37,61.02,940.53
2024-09-04 18:00:00,82.6,83.92,29.17,0.801,531.92,230.57,55.21,53.92,871.61
2024-09-04 19:00:00,91.67,92.64,32.43,1.0,575.61,252.02,56.2,65.31,949.14
2024-09-04 20:00:00,85.83,87.29,30.79,0.826,551.6,242.52,54.09,62.49,910.69
2024-09-04 21:00:00,94.02,86.95,30.12,0.821,580.14,234.32,49.58,57.33,921.37
2024-09-04 22:00:00,108.05,87.6,30.73,0.937,659.44,247.99,56.95,60.41,1024.79
2024-09-04 23:00:00,113.09,93.73,31.6,0.97,675.41,262.62,56.57,65.16,1059.76
2024-09-05 00:00:00,112.13,100.0,27.4,0.993,676.54,270.7,50.98,65.82,1064.05
2024-09-05 01:00:00,116.23,100.0,28.54,1.0,700.37,275.64,44.97,59.63,1080.61
2024-09-05 02:00:00,109.62,91.71,28.34,0.932,672.18,268.5,49.32,70.73,1060.72
2024-09-05 03:00:00,103.43,77.62,30.01,0.717,641.89,211.74,50.5,66.84,970.96
2024-09-05 04:00:00,92.01,84.94,29.37,0.73,586.12,238.69,55.24,62.64,942.69
2024-09-05 05:00:00,89.42,83.27,30.27,0.804,555.24,226.81,52.47,58.02,892.55
2024-09-05 06:00:00,83.22,80.36,28.37,0.858,546.2,238.12,53.35,58.17,895.85
2024-09-05 07:00:00,95.22,90.26,31.19,0.881,590.97,251.01,54.41,61.0,957.39
2024-09-05 08:00:00,89.25,89.01,29.03,0.913,561.67,242.72,59.16,59.45,923.0
2024-09-05 09:00:00,108.42,99.16,30.17,1.0,664.26,266.68,54.92,68.5,1054.36
2024-09-05 10:00:00,107.64,96.05,30.93,0.876,655.5,269.72,59.73,55.31,1040.27
2024-09-05 11:00:00,107.49,84.74,30.81,0.827,660.34,240.67,55.4,62.53,1018.93
2024-09-05 12:00:00,120.47,98.53,29.67,1.0,726.74,270.39,57.5,49.99,1104.62
2024-09-05 13:00:00,113.49,100.0,30.36,0.961,681.36,278.93,51.96,61.89,1074.14
2024-09-05 14:00:00,110.9,97.32,31.75,0.955,673.05,270.11,57.37,64.36,1064.89
2024-09-05 15:00:00,104.9,94.29,29.9,0.962,643.24,264.75,52.37,67.2,1027.56
2024-09-05 16:00:00,93.85,88.72,28.04,0.891,596.93,245.56,58.34,57.04,957.87
2024-09-05 17:00:00,84.64,84.4,30.01,0.896,539.48,223.71,49.66,56.44,869.29
2024-09-05 18:00:00,88.9,72.54,29.08,0.745,560.44,212.95,61.02,65.12,899.53
2024-09-05 19:00:00,87.01,82.31,25.61,0.775,546.89,228.86,41.0,65.97,882.73
2024-09-05 20:00:00,95.24,87.43,29.83,0.85,588.94,248.34,57.03,58.86,953.18
2024-09-05 21:00:00,91.39,92.1,29.31,0.922,566.12,242.79,50.67,50.2,909.78
2024-09-05 22:00:00,109.29,94.88,30.87,1.0,660.82,264.22,56.98,54.71,1036.72
2024-09-05 23:00:00,110.44,86.99,28.01,0.846,684.93,243.8,50.13,59.54,1038.4
2024-09-06 00:00:00,121.61,100.0,26.72,0.913,733.59,272.12,45.17,52.91,1103.79
2024-09-06 01:00:00,115.48,93.72,29.23,0.959,707.63,260.53,53.34,63.64,1085.14
2024-09-06 02:00:00,108.46,88.15,29.55,0.844,654.7,244.94,51.91,56.14,1007.68
2024-09-06 03:00:00,101.95,86.8,29.12,0.804,614.14,240.29,55.09,59.64,969.16
2024-09-06 04:00:00,88.51,86.97,29.01,0.871,565.06,249.44,48.59,65.47,928.56
2024-09-06 05:00:00,93.5,93.05,27.37,0.979,602.34,258.95,51.56,61.84,974.69
2024-09-06 06:00:00,92.97,88.9,28.77,0.86,580.94,250.82,55.64,69.72,957.12
2024-09-06 07:00:00,88.58,87.45,28.45,0.899,563.72,243.15,51.18,66.99,925.04
2024-09-06 08:00:00,98.86,91.8,30.58,0.952,601.75,253.43,50.16,54.81,960.15
2024-09-06 09:00:00,97.72,89.37,29.54,0.933,608.84,247.59,60.51,62.96,979.91
2024-09-06 10:00:00,104.31,95.64,28.56,0.92,640.56,250.38,53.67,60.76,1005.38
2024-09-06 11:00:00,113.15,84.48,31.56,0.789,669.03,229.13,54.33,65.94,1018.42
2024-09-06 12:00:00,116.74,98.93,28.57,0.94,695.4,267.0,53.81,62.62,1078.83
2024-09-06 13:00:00,111.41,90.48,29.81,0.944,668.14,238.75,47.36,57.5,1011.75
2024-09-06 14:00:00,109.65,100.0,28.73,1.0,655.62,269.34,56.81,62.38,1044.15
2024-09-06 15:00:00,101.23,89.88,31.42,0.851,620.33,243.38,65.46,58.15,987.32
2024-09-06 16:00:00,88.51,84.41,29.11,0.951,566.6,236.8,56.09,56.77,916.26
2024-09-06 17:00:00,89.08,77.02,29.15,0.716,560.36,222.76,48.86,59.44,891.42
2024-09-06 18:00:00,88.45,89.31,28.77,0.943,571.46,236.4,44.22,61.24,913.33
2024-09-06 19:00:00,87.7,86.98,29.27,0.946,555.58,244.62,58.54,66.5,925.24
2024-09-06 20:00:00,97.11,91.34,30.77,0.919,608.16,249.12,55.2,57.52,970.0
2024-09-06 21:00:00,95.13,83.5,30.24,0.797,599.63,221.41,53.27,50.42,924.74
2024-09-06 22:00:00,109.37,90.82,29.02,0.871,679.13,247.95,57.29,59.01,1043.39
2024-09-06 23:00:00,108.31,95.27,31.53,0.94,655.82,262.35,54.79,61.28,1034.24
2024-09-07 00:00:00,81.79,77.42,30.13,0.828,532.51,220.16,57.68,60.91,871.25
2024-09-07 01:00:00,82.22,83.28,28.16,0.773,523.52,232.1,51.18,58.73,865.53
2024-09-07 02:00:00,76.86,67.62,26.75,0.584,518.06,202.93,49.53,64.75,835.27
2024-09-07 03:00:00,72.81,73.97,28.19,0.758,475.72,212.45,57.67,61.56,807.4
2024-09-07 04:00:00,68.52,83.24,29.44,0.862,465.66,233.21,51.43,63.02,813.31
2024-09-07 05:00:00,68.61,76.5,29.71,0.863,475.5,212.69,51.56,50.82,
2024-09-07 06:00:00,62.47,72.07,30.86,0.652,422.75,208.23,55.13,59.13,745.25
2024-09-07 07:00:00,58.91,79.38,27.18,0.787,419.33,238.01,44.5,59.3,761.15
2024-09-07 08:00:00,73.94,65.29,28.16,0.711,481.73,198.18,54.83,68.42,803.16
2024-09-07 09:00:00,71.65,71.75,27.05,0.724,496.89,212.29,52.3,59.47,820.95
2024-09-07 10:00:00,80.39,78.19,26.81,0.772,506.82,220.34,48.62,56.7,832.48
2024-09-07 11:00:00,86.53,87.56,27.88,0.915,540.51,241.5,46.88,56.41,885.29
2024-09-07 12:00:00,87.05,87.9,29.37,0.849,546.27,243.22,42.28,64.9,896.67
2024-09-07 13:00:00,89.12,80.23,29.97,0.845,556.88,233.73,51.02,57.1,898.73
2024-09-07 14:00:00,82.54,86.26,27.39,0.8,536.87,248.34,48.79,55.74,889.73
2024-09-07 15:00:00,71.55,73.76,27.6,0.662,492.17,212.17,42.49,64.58,811.42
2024-09-07 16:00:00,78.09,85.1,26.15,0.837,519.69,238.58,57.44,61.96,877.67
2024-09-07 17:00:00,66.03,67.85,29.14,0.55,452.04,201.08,54.51,58.82,766.46
2024-09-07 18:00:00,63.16,70.96,27.72,0.714,435.88,213.6,52.47,53.36,755.31
2024-09-07 19:00:00,69.11,72.11,31.31,0.634,460.71,214.23,56.16,62.77,793.88
2024-09-07 20:00:00,70.37,80.47,29.43,0.819,474.99,228.44,56.33,64.13,823.89
2024-09-07 21:00:00,76.6,75.68,28.56,0.766,501.31,225.0,50.6,55.23,832.15
2024-09-07 22:00:00,90.59,85.08,27.86,0.847,574.48,241.79,49.89,61.82,927.99
2024-09-07 23:00:00,83.64,84.36,26.57,0.865,532.28,232.52,53.85,59.5,878.15
2024-09-08 00:00:00,84.98,85.22,26.61,0.862,535.28,239.0,52.68,55.58,882.54
2024-09-08 01:00:00,85.21,87.04,27.72,0.856,546.25,241.72,50.26,57.78,896.01
2024-09-08 02:00:00,84.91,83.51,27.61,0.927,544.58,229.45,58.19,59.76,891.98
2024-09-08 03:00:00,68.97,72.4,27.16,0.744,460.1,210.68,48.96,53.41,773.15
2024-09-08 04:00:00,61.51,69.01,29.22,0.729,421.43,211.75,50.98,62.85,747.02
2024-09-08 05:00:00,62.91,71.58,29.43,0.769,439.01,216.89,53.88,56.45,766.23
2024-09-08 06:00:00,57.21,69.86,27.97,0.732,409.71,212.18,51.95,56.65,730.48
2024-09-08 07:00:00,63.56,71.04,31.56,0.814,452.8,213.87,52.44,62.53,781.63
2024-09-08 08:00:00,71.38,75.79,26.04,0.766,487.97,220.4,49.22,57.74,815.33
2024-09-08 09:00:00,71.44,68.13,28.74,0.681,467.63,199.47,60.6,58.92,786.63
2024-09-08 10:00:00,74.92,80.8,28.33,0.775,493.06,233.05,55.19,59.47,840.78
2024-09-08 11:00:00,85.02,83.42,27.83,0.821,534.18,225.29,53.15,56.12,868.75
2024-09-08 12:00:00,89.7,89.86,27.61,0.862,553.79,244.67,52.02,57.41,907.89
2024-09-08 13:00:00,77.96,78.98,28.65,0.824,527.38,232.49,47.97,59.91,867.75
2024-09-08 14:00:00,83.91,73.26,28.32,0.687,551.37,210.9,47.39,59.92,869.58
2024-09-08 15:00:00,78.27,77.34,28.07,0.777,506.31,226.26,51.58,62.64,846.78
2024-09-08 16:00:00,73.19,75.6,26.71,0.784,495.9,216.57,46.76,62.86,822.1
2024-09-08 17:00:00,70.13,78.78,26.23,0.795,481.79,228.74,41.83,66.09,818.45
2024-09-08 18:00:00,72.56,65.93,28.22,0.614,467.43,189.21,49.8,52.47,758.9
2024-09-08 19:00:00,63.83,72.12,28.05,0.756,445.97,219.09,52.7,64.56,782.32
2024-09-08 20:00:00,69.81,77.48,28.36,0.77,465.13,216.0,53.77,58.3,793.2
2024-09-08 21:00:00,73.33,73.36,28.49,0.59,489.74,205.88,48.36,63.29,807.27
2024-09-08 22:00:00,80.63,80.69,27.87,0.758,547.24,236.76,50.39,61.7,896.09
2024-09-08 23:00:00,90.87,82.3,28.34,0.893,587.05,232.82,53.07,57.11,930.05
2024-09-09 00:00:00,109.62,91.16,27.22,0.986,667.07,249.6,44.32,67.6,1028.59
2024-09-09 01:00:00,109.55,92.73,30.78,0.954,679.1,264.14,52.72,63.81,1059.77
2024-09-09 02:00:00,113.01,92.95,27.3,0.969,669.67,259.58,49.48,62.1,1040.84
2024-09-09 03:00:00,104.08,95.46,27.94,0.916,644.43,257.77,47.06,70.95,1020.2
2024-09-09 04:00:00,91.05,81.85,27.41,0.805,579.46,231.08,48.43,55.13,914.09
2024-09-09 05:00:00,90.43,80.7,27.39,0.869,577.78,235.91,59.68,60.13,933.5
2024-09-09 06:00:00,86.36,92.02,28.53,0.942,547.76,247.46,45.73,62.81,903.76
2024-09-09 07:00:00,93.01,91.31,28.34,0.916,588.11,260.41,57.12,54.66,960.3
2024-09-09 08:00:00,92.8,77.09,27.81,0.762,590.84,219.23,51.82,56.68,918.57
2024-09-09 09:00:00,104.1,88.23,28.07,0.941,621.93,240.05,46.03,64.98,972.99
2024-09-09 10:00:00,118.07,100.0,27.42,1.0,707.81,276.52,52.46,57.52,1094.31
2024-09-09 11:00:00,115.38,99.31,29.1,1.0,689.69,272.96,52.95,64.36,1079.96
2024-09-09 12:00:00,115.2,90.15,31.58,0.905,701.28,238.65,62.06,56.85,1058.85
2024-09-09 13:00:00,115.88,100.0,27.18,0.982,710.42,269.36,51.97,70.1,1101.86
2024-09-09 14:00:00,106.04,97.15,29.09,1.0,645.3,257.37,53.54,48.29,1004.5
2024-09-09 15:00:00,109.55,97.19,28.56,0.917,659.05,268.88,50.59,65.04,1043.56
2024-09-09 16:00:00,93.22,93.39,29.5,0.889,587.04,266.44,58.17,61.25,972.91
2024-09-09 17:00:00,85.92,85.22,29.54,0.78,540.36,242.19,52.01,52.35,886.91
2024-09-09 18:00:00,81.66,83.07,28.8,0.892,526.47,229.89,46.65,58.88,861.9
2024-09-09 19:00:00,91.4,93.49,28.44,0.899,574.34,261.66,44.0,50.37,930.37
2024-09-09 20:00:00,95.97,93.49,27.84,0.955,604.48,256.03,45.58,61.76,967.85
2024-09-09 21:00:00,98.01,84.8,27.35,0.842,612.57,237.63,52.84,57.02,960.06
2024-09-09 22:00:00,109.81,98.07,28.35,1.0,670.32,263.03,49.98,50.25,1033.58
2024-09-09 23:00:00,106.96,90.16,26.57,0.924,667.88,249.96,45.14,60.83,1023.8
2024-09-10 00:00:00,115.74,100.0,27.44,0.907,700.86,269.57,48.06,60.72,1079.22
2024-09-10 01:00:00,114.8,99.78,29.99,1.0,690.66,255.12,57.71,70.53,1074.03
2024-09-10 02:00:00,114.33,90.25,28.48,0.883,689.29,249.67,54.2,64.14,1057.3
2024-09-10 03:00:00,96.92,87.85,29.67,0.868,598.47,243.66,54.46,48.06,944.65
2024-09-10 04:00:00,87.39,85.02,30.54,0.817,548.78,240.62,52.97,57.36,899.74
2024-09-10 05:00:00,83.43,79.53,28.07,0.805,526.02,214.98,49.36,65.52,855.89
2024-09-10 06:00:00,79.65,81.4,28.65,0.823,527.34,234.01,51.43,51.87,864.65
2024-09-10 07:00:00,92.36,90.21,27.88,0.87,576.03,249.61,47.01,56.14,928.79
2024-09-10 08:00:00,98.69,89.19,27.12,0.867,616.0,250.28,48.77,60.01,975.05
2024-09-10 09:00:00,101.28,91.76,26.91,0.923,624.01,242.93,45.04,57.36,969.34
2024-09-10 10:00:00,112.39,100.0,29.6,0.883,681.69,262.59,55.14,67.96,1067.38
2024-09-10 11:00:00,113.53,99.13,28.65,0.919,696.86,256.92,53.88,60.92,1068.58
2024-09-10 12:00:00,114.62,98.31,31.1,1.0,694.51,267.34,60.86,60.17,1082.87
2024-09-10 13:00:00,111.66,91.04,29.79,0.927,670.91,249.11,55.07,55.42,1030.51
2024-09-10 14:00:00,106.26,96.48,27.24,0.939,646.78,261.75,50.34,54.49,1013.36
2024-09-10 15:00:00,93.81,88.56,29.6,0.801,595.92,237.61,50.33,60.52,944.38
2024-09-10 16:00:00,93.56,93.2,27.88,0.929,591.65,248.46,50.39,59.6,950.09
2024-09-10 17:00:00,86.85,83.66,30.16,0.886,561.62,220.71,50.6,53.91,886.84
2024-09-10 18:00:00,87.98,74.91,27.61,0.881,558.0,209.24,43.27,61.17,871.68
2024-09-10 19:00:00,87.38,75.19,26.76,0.847,545.75,214.0,47.5,60.29,867.54
2024-09-10 20:00:00,91.85,89.6,27.14,0.852,583.3,244.58,47.24,58.46,933.57
2024-09-10 21:00:00,96.52,85.41,27.22,0.829,604.6,238.95,51.84,65.96,961.35
2024-09-10 22:00:00,107.79,96.08,27.07,0.887,661.18,266.33,45.29,59.94,1032.73
2024-09-10 23:00:00,115.94,98.54,27.48,0.943,688.66,262.81,61.11,58.81,1071.39
2024-09-11 00:00:00,110.43,94.38,29.46,0.933,667.01,261.13,51.5,65.66,1045.3
2024-09-11 01:00:00,113.34,96.19,30.87,0.944,679.19,266.67,55.68,59.25,1060.78
2024-09-11 02:00:00,108.43,89.89,26.18,1.0,665.36,255.67,45.25,57.99,1024.27
2024-09-11 03:00:00,97.13,88.48,30.07,0.819,609.11,248.76,57.63,54.15,969.65
2024-09-11 04:00:00,90.15,82.15,27.46,0.819,570.39,232.96,48.96,60.3,912.62
2024-09-11 05:00:00,87.93,82.1,28.69,0.718,567.4,225.94,48.13,64.66,906.13
2024-09-11 06:00:00,80.47,78.61,25.69,0.803,534.26,226.73,39.31,57.92,858.21
2024-09-11 07:00:00,88.41,83.07,28.96,0.764,564.87,232.19,54.82,53.35,905.24
2024-09-11 08:00:00,88.92,89.07,25.16,0.946,569.96,255.31,48.29,65.05,938.62
2024-09-11 09:00:00,104.25,91.48,28.64,0.9,636.92,252.65,53.33,65.25,1008.15
2024-09-11 10:00:00,116.85,100.0,28.56,0.93,698.45,269.04,50.94,62.92,1081.36
2024-09-11 11:00:00,109.55,100.0,28.46,0.895,675.81,278.5,50.35,60.48,1065.14
2024-09-11 12:00:00,117.14,100.0,27.07,0.951,698.69,267.11,52.24,62.1,1080.13
2024-09-11 13:00:00,110.08,97.71,29.0,0.989,675.99,265.18,52.19,52.25,
2024-09-11 14:00:00,111.66,97.47,28.76,0.996,692.07,276.74,56.66,57.09,1082.56
2024-09-11 15:00:00,94.94,91.8,27.86,0.893,599.92,254.37,50.15,63.38,967.82
2024-09-11 16:00:00,94.42,87.66,29.18,0.923,591.46,250.83,52.38,61.69,956.37
2024-09-11 17:00:00,83.52,86.68,28.03,0.81,526.87,251.05,52.33,64.51,894.77
2024-09-11 18:00:00,84.17,85.16,28.97,0.705,542.17,235.52,58.1,67.67,903.46
2024-09-11 19:00:00,82.89,79.64,27.98,0.811,542.5,232.7,55.48,53.82,884.51
2024-09-11 20:00:00,95.79,92.37,28.5,0.988,597.52,251.99,51.5,62.42,963.42
2024-09-11 21:00:00,96.65,88.78,29.03,0.953,611.43,258.68,51.17,58.71,979.99
2024-09-11 22:00:00,109.71,94.32,27.58,0.878,671.46,266.74,45.2,57.77,1041.17
2024-09-11 23:00:00,111.61,93.43,26.32,0.907,680.4,260.65,50.55,72.36,1063.96
2024-09-12 00:00:00,114.54,98.1,28.42,1.0,690.18,272.28,44.42,52.15,1059.03
2024-09-12 01:00:00,113.58,100.0,29.79,0.969,676.26,265.83,60.85,59.09,1062.02
2024-09-12 02:00:00,104.45,96.67,28.46,0.972,638.86,273.31,54.99,58.82,1025.99
2024-09-12 03:00:00,100.84,92.19,28.49,0.886,620.74,248.17,48.69,60.24,977.84
2024-09-12 04:00:00,98.62,92.31,27.94,0.869,617.71,256.29,55.62,50.14,979.76
2024-09-12 05:00:00,83.9,88.31,29.12,0.838,539.36,241.16,55.0,55.09,890.62
2024-09-12 06:00:00,89.69,84.09,27.73,0.889,577.1,241.76,52.18,60.24,931.29
2024-09-12 07:00:00,93.0,80.92,27.33,0.81,587.26,240.41,48.52,53.02,929.22
2024-09-12 08:00:00,89.24,91.12,29.67,0.975,562.14,254.07,56.01,64.77,936.99
2024-09-12 09:00:00,94.18,84.44,27.21,0.87,584.38,239.22,43.72,62.9,930.21
2024-09-12 10:00:00,108.71,90.9,29.34,0.989,658.71,250.21,53.47,52.06,1014.46
2024-09-12 11:00:00,110.8,86.42,29.67,0.905,675.29,242.08,51.08,58.85,1027.3
2024-09-12 12:00:00,122.47,100.0,28.86,1.0,729.39,267.99,51.19,61.88,1110.45
2024-09-12 13:00:00,113.13,88.46,26.13,0.879,677.04,255.56,44.69,53.12,1030.4
2024-09-12 14:00:00,104.29,88.39,28.05,1.0,649.51,250.39,48.34,52.11,1000.35
2024-09-12 15:00:00,95.41,90.65,27.71,0.912,598.28,248.27,55.42,55.21,957.18
2024-09-12 16:00:00,96.86,92.04,27.26,0.822,606.5,253.65,43.74,73.44,977.32
2024-09-12 17:00:00,84.72,79.1,28.22,0.804,537.04,243.61,52.83,65.47,898.96
2024-09-12 18:00:00,85.18,81.92,29.16,0.77,537.54,233.66,48.37,56.96,876.53
2024-09-12 19:00:00,90.83,81.05,27.32,0.861,572.87,238.93,54.86,53.34,920.0
2024-09-12 20:00:00,90.56,82.54,27.75,0.862,556.59,229.87,52.06,55.87,894.4
2024-09-12 21:00:00,99.82,91.24,27.65,0.903,625.32,254.44,44.55,67.61,991.92
2024-09-12 22:00:00,107.43,91.21,29.75,0.868,651.54,247.79,55.3,70.17,1024.79
2024-09-12 23:00:00,115.72,96.64,27.62,0.974,696.48,259.73,47.34,55.94,1059.49
2024-09-13 00:00:00,117.36,91.36,25.99,0.882,710.23,256.61,48.09,61.56,1076.49
2024-09-13 01:00:00,112.11,100.0,25.48,1.0,678.75,264.63,40.96,58.69,1043.02
2024-09-13 02:00:00,107.75,96.43,28.39,0.992,649.43,255.35,56.42,66.35,1027.55
2024-09-13 03:00:00,98.51,93.22,26.7,1.0,624.61,259.88,40.47,54.53,979.49
2024-09-13 04:00:00,86.59,89.75,28.85,0.875,540.69,245.54,49.09,64.89,900.22
2024-09-13 05:00:00,88.04,79.89,25.85,0.784,542.31,226.1,42.6,53.3,864.3
2024-09-13 06:00:00,92.57,84.49,27.04,0.837,589.84,226.63,50.58,64.74,931.79
2024-09-13 07:00:00,83.47,72.26,25.85,0.717,525.7,204.14,44.96,55.75,830.54
2024-09-13 08:00:00,89.41,100.0,28.5,1.0,577.06,271.32,50.95,58.43,957.77
2024-09-13 09:00:00,96.52,87.51,28.82,0.861,605.6,242.37,49.7,56.77,954.45
2024-09-13 10:00:00,110.4,100.0,28.35,1.0,674.26,275.46,45.96,69.81,1065.48
2024-09-13 11:00:00,114.78,91.2,26.21,0.941,689.37,246.12,46.67,64.97,1047.14
2024-09-13 12:00:00,114.37,100.0,26.72,0.976,685.23,269.0,43.29,57.94,1055.47
2024-09-13 13:00:00,109.32,100.0,28.2,0.963,663.58,270.28,43.82,55.88,1033.56
2024-09-13 14:00:00,107.87,93.63,25.31,0.988,652.33,255.41,48.47,66.57,1022.77
2024-09-13 15:00:00,93.74,81.82,27.48,0.82,598.37,235.4,44.91,43.01,921.69
2024-09-13 16:00:00,93.07,85.84,30.12,0.859,579.43,233.76,60.44,62.4,936.02
2024-09-13 17:00:00,90.5,74.11,27.57,0.711,576.53,218.71,55.7,55.2,
2024-09-13 18:00:00,80.0,79.81,25.61,0.795,528.02,234.43,50.04,71.27,883.76
2024-09-13 19:00:00,80.88,84.54,26.93,0.813,517.35,232.6,44.34,73.65,867.94
2024-09-13 20:00:00,98.82,89.23,26.9,0.96,617.1,249.79,57.3,60.15,984.34
2024-09-13 21:00:00,97.55,87.36,31.05,0.909,600.61,245.59,46.89,58.17,951.27
2024-09-13 22:00:00,112.04,98.66,30.34,0.978,678.83,270.72,51.48,60.34,1061.37
2024-09-13 23:00:00,112.37,99.21,28.94,0.983,678.2,268.34,55.82,56.89,1059.26
2024-09-14 00:00:00,85.6,74.5,27.16,0.75,542.45,224.96,52.31,56.03,875.75
2024-09-14 01:00:00,86.5,83.69,29.48,0.837,553.74,248.42,50.56,61.17,913.89
2024-09-14 02:00:00,77.09,90.72,25.98,0.859,495.73,254.27,44.02,63.12,857.14
2024-09-14 03:00:00,75.53,71.09,29.29,0.616,505.08,211.17,52.27,60.67,829.19
2024-09-14 04:00:00,67.85,73.5,29.07,0.695,450.59,214.43,52.38,61.45,778.85
2024-09-14 05:00:00,59.98,79.7,27.45,0.791,409.74,219.48,47.93,56.84,733.99
2024-09-14 06:00:00,65.1,78.07,29.39,0.744,443.48,215.38,59.93,55.33,774.12
2024-09-14 07:00:00,64.2,69.54,27.01,0.736,438.04,199.1,46.28,55.28,738.7
2024-09-14 08:00:00,68.75,75.4,25.78,0.743,466.58,219.94,52.67,63.86,803.05
2024-09-14 09:00:00,70.16,75.07,29.15,0.844,471.48,216.49,54.48,60.4,802.85
2024-09-14 10:00:00,86.99,79.75,27.55,0.769,541.93,236.65,54.07,61.01,893.66
2024-09-14 11:00:00,88.25,83.75,28.58,0.845,569.14,220.85,45.87,61.71,897.56
2024-09-14 12:00:00,90.11,83.65,30.41,0.822,568.31,235.92,59.25,59.71,923.19
2024-09-14 13:00:00,83.52,82.32,26.59,0.845,539.54,235.48,52.24,60.54,887.8
2024-09-14 14:00:00,73.71,73.11,27.46,0.784,506.16,218.92,47.17,66.48,838.73
2024-09-14 15:00:00,82.81,75.02,30.03,0.781,544.35,218.41,57.85,63.88,884.49
2024-09-14 16:00:00,69.13,74.36,28.68,0.642,467.34,218.34,46.11,59.14,790.92
2024-09-14 17:00:00,62.26,79.71,26.63,0.822,420.33,228.44,46.43,57.64,752.84
2024-09-14 18:00:00,65.42,73.12,26.25,0.681,436.24,216.19,52.31,65.14,769.87
2024-09-14 19:00:00,69.93,73.3,26.89,0.718,478.92,213.82,48.07,61.66,802.48
2024-09-14 20:00:00,69.28,78.41,26.57,0.819,463.2,237.36,47.17,58.46,806.19
2024-09-14 21:00:00,80.11,79.27,28.03,0.737,519.22,229.92,56.48,53.54,859.17
2024-09-14 22:00:00,84.96,91.82,27.8,0.976,535.62,254.0,42.62,68.47,900.71
2024-09-14 23:00:00,80.44,80.2,28.1,0.784,525.75,223.99,50.26,54.36,854.37
2024-09-15 00:00:00,83.55,85.28,26.25,0.961,546.91,237.03,47.39,61.42,892.75
2024-09-15 01:00:00,88.57,80.51,27.41,0.809,575.05,238.14,46.54,69.13,928.86
2024-09-15 02:00:00,69.77,77.4,24.43,0.859,465.29,207.64,49.87,58.29,781.08
2024-09-15 03:00:00,74.4,78.58,27.73,0.846,497.17,225.35,46.67,59.77,828.97
2024-09-15 04:00:00,63.65,71.54,29.28,0.685,437.5,210.09,49.5,64.27,761.36
2024-09-15 05:00:00,63.35,69.17,25.37,0.627,443.8,208.25,36.19,54.03,742.27
2024-09-15 06:00:00,62.55,68.09,28.24,0.687,432.74,204.57,55.67,51.65,744.64
2024-09-15 07:00:00,63.82,73.32,26.6,0.704,432.53,223.08,46.95,58.21,760.77
2024-09-15 08:00:00,67.17,76.73,28.72,0.846,466.39,221.72,50.78,60.4,799.29
2024-09-15 09:00:00,70.61,74.67,27.75,0.734,473.85,216.42,49.5,60.35,800.11
2024-09-15 10:00:00,89.79,86.33,28.12,0.848,566.15,247.01,55.79,67.09,936.03
2024-09-15 11:00:00,92.21,85.92,27.61,0.789,582.49,249.62,56.55,55.27,943.93
2024-09-15 12:00:00,81.6,81.29,29.5,0.834,522.12,234.84,46.58,59.28,862.81
2024-09-15 13:00:00,91.07,84.53,28.03,0.787,578.68,243.59,49.01,67.54,938.81
2024-09-15 14:00:00,79.03,79.6,26.45,0.818,513.57,225.86,43.48,58.61,841.51
2024-09-15 15:00:00,75.52,91.25,27.66,0.941,491.23,252.37,49.29,69.93,862.83
2024-09-15 16:00:00,69.12,76.12,26.96,0.724,484.62,228.76,48.56,58.83,820.78
2024-09-15 17:00:00,62.62,74.54,27.76,0.793,425.03,219.69,43.49,56.53,744.73
2024-09-15 18:00:00,67.69,76.03,26.88,0.747,461.25,218.22,50.26,59.8,789.54
2024-09-15 19:00:00,65.76,71.57,26.5,0.642,449.26,210.48,46.3,61.3,767.34
2024-09-15 20:00:00,67.47,80.2,27.81,0.879,449.14,234.65,53.58,57.94,795.31
2024-09-15 21:00:00,69.78,73.44,27.6,0.688,466.21,220.97,50.19,61.99,799.36
2024-09-15 22:00:00,77.05,83.8,29.11,0.863,494.51,230.93,45.93,59.25,830.62
2024-09-15 23:00:00,78.18,77.42,26.89,0.795,527.42,224.75,51.26,66.35,869.78
2024-09-16 00:00:00,115.05,92.72,24.37,0.947,693.1,254.67,38.91,62.54,1049.23
2024-09-16 01:00:00,108.2,95.93,26.8,0.978,659.56,261.06,43.71,60.05,1024.38
2024-09-16 02:00:00,106.44,87.7,24.91,0.828,667.75,252.14,43.96,58.42,1022.27
2024-09-16 03:00:00,105.48,95.42,27.97,1.0,640.81,258.95,49.6,64.01,1013.38
2024-09-16 04:00:00,97.3,82.68,24.83,0.875,616.84,230.17,38.09,60.16,945.25
2024-09-16 05:00:00,86.88,81.85,25.86,0.842,559.14,226.99,46.36,57.74,890.23
2024-09-16 06:00:00,84.65,75.17,26.8,0.685,527.43,216.8,48.29,56.38,848.9
2024-09-16 07:00:00,94.53,100.0,29.66,0.951,589.68,265.59,53.28,63.5,972.04
2024-09-16 08:00:00,94.58,79.02,25.74,0.823,596.41,220.76,39.97,57.64,914.78
2024-09-16 09:00:00,98.69,89.39,27.36,0.794,613.73,242.39,50.23,58.5,964.85
2024-09-16 10:00:00,101.8,96.61,28.21,0.983,629.29,257.91,53.66,62.77,1003.62
2024-09-16 11:00:00,114.57,100.0,29.57,0.933,687.97,265.44,48.24,65.35,1067.0
2024-09-16 12:00:00,118.32,100.0,28.51,0.957,705.88,272.39,47.42,62.98,1088.67
2024-09-16 13:00:00,110.46,93.65,28.99,0.866,669.85,244.9,55.72,64.26,1034.74
2024-09-16 14:00:00,108.66,100.0,28.64,1.0,679.01,265.79,58.27,63.55,1066.63
2024-09-16 15:00:00,98.55,93.84,25.53,0.994,605.47,256.46,45.69,60.04,967.66
2024-09-16 16:00:00,91.76,86.94,27.88,0.887,574.96,249.47,48.79,61.97,935.2
2024-09-16 17:00:00,77.06,79.73,28.62,0.82,505.52,225.96,52.71,69.13,853.32
2024-09-16 18:00:00,84.11,80.54,25.91,0.814,528.86,228.21,52.46,59.02,868.55
2024-09-16 19:00:00,90.89,80.9,26.48,0.843,577.89,229.35,44.66,54.54,906.44
2024-09-16 20:00:00,89.97,91.17,26.14,0.935,559.57,240.52,45.52,47.37,892.97
2024-09-16 21:00:00,100.21,96.67,28.5,0.831,612.35,266.95,49.67,69.68,998.65
2024-09-16 22:00:00,104.48,87.82,27.24,0.923,633.3,248.12,43.77,69.9,995.09
2024-09-16 23:00:00,114.43,96.45,26.86,1.0,679.04,267.43,52.17,55.05,1053.67
2024-09-17 00:00:00,114.13,96.35,25.25,0.945,700.82,277.37,46.9,66.43,1091.52
2024-09-17 01:00:00,109.23,94.45,27.08,0.846,670.34,250.56,41.07,65.16,1027.13
2024-09-17 02:00:00,112.83,96.74,26.33,0.979,691.53,254.22,47.74,63.21,1056.7
2024-09-17 03:00:00,103.72,96.59,27.54,0.982,645.23,267.08,56.63,62.52,1031.45
2024-09-17 04:00:00,90.08,81.3,25.46,0.791,569.06,228.71,47.33,56.28,901.38
2024-09-17 05:00:00,89.0,80.27,27.44,0.812,564.77,222.65,56.22,60.65,904.28
2024-09-17 06:00:00,87.15,89.76,26.52,0.951,563.86,246.8,45.89,61.74,918.29
2024-09-17 07:00:00,89.58,82.48,25.3,0.945,581.0,229.49,49.81,60.35,920.65
2024-09-17 08:00:00,85.72,76.55,25.19,0.773,538.55,231.1,51.0,59.73,880.37
2024-09-17 09:00:00,104.03,89.59,25.41,0.913,660.29,261.7,45.85,66.5,1034.35
2024-09-17 10:00:00,105.22,90.96,26.87,0.868,635.58,241.2,47.12,65.08,988.98
2024-09-17 11:00:00,111.56,100.0,27.36,0.975,674.1,261.14,54.05,64.37,1053.66
2024-09-17 12:00:00,125.55,100.0,27.58,0.993,748.35,265.44,52.21,64.66,1130.66
2024-09-17 13:00:00,114.2,100.0,27.64,1.0,692.32,265.86,53.97,61.15,1073.29
2024-09-17 14:00:00,105.95,97.08,26.04,1.0,665.48,259.21,48.92,65.83,1039.45
2024-09-17 15:00:00,91.18,90.32,28.76,1.0,583.99,248.51,51.86,54.01,938.36
2024-09-17 16:00:00,98.06,85.59,26.51,0.781,613.6,237.06,47.77,60.35,958.77
2024-09-17 17:00:00,81.63,79.82,27.85,0.732,536.43,219.5,49.12,63.54,868.59
2024-09-17 18:00:00,80.99,75.54,26.93,0.811,527.7,212.48,50.48,62.72,853.37
2024-09-17 19:00:00,85.68,81.79,27.74,0.89,543.02,241.04,49.62,61.87,895.55
2024-09-17 20:00:00,98.17,92.5,26.86,0.927,614.71,252.11,49.75,64.64,981.21
2024-09-17 21:00:00,103.09,92.22,27.77,0.699,636.01,251.21,47.21,67.21,1001.63
2024-09-17 22:00:00,106.87,99.99,27.17,0.963,647.6,260.86,45.89,54.68,1009.04
2024-09-17 23:00:00,114.22,91.4,28.4,0.931,701.22,249.17,53.85,61.5,1065.75
2024-09-18 00:00:00,112.6,98.8,25.78,0.943,682.56,273.25,48.36,56.39,1060.55
2024-09-18 01:00:00,113.55,90.53,24.35,0.915,678.78,253.69,42.52,65.35,1040.34
2024-09-18 02:00:00,107.79,94.37,25.55,1.0,651.27,263.04,51.9,63.62,1029.82
2024-09-18 03:00:00,103.88,95.64,28.61,1.0,643.66,253.62,48.62,55.15,1001.04
2024-09-18 04:00:00,96.37,87.11,26.78,0.912,610.24,235.62,50.35,59.97,956.17
2024-09-18 05:00:00,88.99,87.25,27.15,0.869,568.78,250.02,51.1,52.49,922.39
2024-09-18 06:00:00,83.55,76.98,25.43,0.745,541.64,226.61,46.39,64.75,879.39
2024-09-18 07:00:00,89.98,76.67,27.11,0.805,563.4,219.46,54.26,57.32,894.44
2024-09-18 08:00:00,92.13,88.85,25.47,0.89,581.4,251.71,52.76,54.35,940.22
2024-09-18 09:00:00,95.67,96.56,25.7,0.969,595.72,255.55,42.05,58.27,951.59
2024-09-18 10:00:00,105.89,87.96,26.41,0.802,647.87,237.26,38.83,62.92,986.88
2024-09-18 11:00:00,113.33,100.0,27.68,0.964,685.75,260.3,48.26,61.43,1055.74
2024-09-18 12:00:00,118.64,99.54,27.84,1.0,707.92,271.2,46.57,57.55,1083.25
2024-09-18 13:00:00,112.26,89.45,27.88,0.839,687.29,249.14,48.83,59.48,1044.75
2024-09-18 14:00:00,102.66,85.67,24.63,0.87,625.24,236.78,52.01,58.54,972.57
2024-09-18 15:00:00,100.23,90.19,27.0,0.923,610.75,244.72,59.78,55.33,970.58
2024-09-18 16:00:00,92.95,84.45,26.71,0.868,578.49,251.84,44.69,50.67,925.69
2024-09-18 17:00:00,87.75,77.31,24.71,0.801,565.83,220.8,45.78,59.97,892.38
2024-09-18 18:00:00,88.68,75.87,27.03,0.79,566.11,227.65,49.87,62.93,906.56
2024-09-18 19:00:00,91.09,81.31,26.63,0.782,561.16,229.87,49.72,59.92,900.67
2024-09-18 20:00:00,90.12,86.03,27.78,0.787,575.39,237.66,44.92,70.25,928.22
2024-09-18 21:00:00,97.54,88.74,27.13,0.844,607.29,254.84,54.18,57.02,973.33
2024-09-18 22:00:00,103.34,89.16,26.18,0.928,633.36,251.98,51.14,59.79,996.27
2024-09-18 23:00:00,115.79,98.9,28.4,0.929,696.99,267.55,49.6,62.43,1076.57
2024-09-19 00:00:00,120.8,100.0,23.51,0.948,713.31,276.8,47.64,62.2,1099.95
2024-09-19 01:00:00,111.73,97.84,26.74,0.926,680.04,280.58,42.77,58.72,1062.1
2024-09-19 02:00:00,106.53,92.66,24.2,0.834,642.53,250.19,37.18,59.73,989.63
2024-09-19 03:00:00,105.87,97.57,25.47,0.918,646.54,267.74,47.31,59.58,1021.16
2024-09-19 04:00:00,94.52,82.46,27.63,0.875,589.82,230.71,51.85,63.42,935.81
2024-09-19 05:00:00,88.75,83.25,24.93,0.797,569.93,229.22,44.62,56.53,900.3
2024-09-19 06:00:00,80.24,79.11,24.7,0.704,521.5,220.36,49.3,47.83,838.99
2024-09-19 07:00:00,89.72,78.68,30.41,0.761,574.27,234.78,52.51,58.28,919.85
2024-09-19 08:00:00,88.78,82.29,24.8,0.848,554.35,221.87,49.86,68.44,894.52
2024-09-19 09:00:00,95.46,77.36,29.32,0.682,596.46,225.5,56.32,64.01,942.28
2024-09-19 10:00:00,106.11,100.0,26.58,1.0,654.81,265.05,55.7,52.16,1027.71
2024-09-19 11:00:00,110.65,90.64,26.05,0.834,683.17,260.97,40.2,63.38,1047.72
2024-09-19 12:00:00,114.11,100.0,27.69,0.98,681.45,268.36,48.3,61.04,1059.16
2024-09-19 13:00:00,107.23,93.8,28.84,0.918,649.4,254.8,48.7,58.13,1011.03
2024-09-19 14:00:00,111.34,98.49,25.12,0.957,680.72,276.25,48.73,54.61,1060.3
2024-09-19 15:00:00,104.51,89.81,26.07,0.895,655.45,253.86,53.63,55.93,1018.87
2024-09-19 16:00:00,84.71,83.39,28.11,0.873,545.84,238.45,49.51,57.2,891.01
2024-09-19 17:00:00,90.92,88.71,27.27,0.885,565.74,251.13,51.89,69.18,937.94
2024-09-19 18:00:00,81.76,84.2,28.49,0.812,520.07,230.32,57.46,63.2,871.05
2024-09-19 19:00:00,90.44,89.09,27.61,0.914,573.27,251.54,51.41,56.45,932.67
2024-09-19 20:00:00,92.23,84.27,29.55,0.853,583.99,235.78,56.4,57.29,933.46
2024-09-19 21:00:00,100.12,87.66,27.11,0.843,618.81,246.24,41.26,59.81,966.12
2024-09-19 22:00:00,106.76,85.41,27.17,0.856,645.17,242.27,55.57,57.83,1000.84
2024-09-19 23:00:00,117.84,100.0,27.32,0.962,718.01,263.34,48.39,60.08,1089.81
2024-09-20 00:00:00,110.04,100.0,26.46,0.957,667.42,273.56,58.7,59.27,1058.95
2024-09-20 01:00:00,115.42,100.0,27.94,1.0,701.32,268.88,47.29,60.49,1077.99
2024-09-20 02:00:00,111.91,97.48,27.03,0.997,665.34,257.27,50.95,50.01,1023.56
2024-09-20 03:00:00,102.87,87.6,27.85,0.915,643.94,243.08,53.84,64.0,1004.86
2024-09-20 04:00:00,101.8,82.41,28.09,0.856,623.52,233.19,40.95,57.2,954.86
2024-09-20 05:00:00,84.89,87.66,27.31,0.832,555.23,247.64,56.67,64.53,924.07
2024-09-20 06:00:00,88.83,75.43,27.42,0.804,569.05,204.08,52.73,70.98,896.84
2024-09-20 07:00:00,86.59,81.59,25.16,0.801,541.5,233.67,39.7,52.74,867.6
2024-09-20 08:00:00,97.43,87.6,25.84,0.922,609.13,240.88,48.4,60.49,958.9
2024-09-20 09:00:00,99.97,89.64,27.94,0.89,633.1,253.1,52.14,57.9,996.24
2024-09-20 10:00:00,105.95,93.15,28.81,0.947,644.96,255.61,51.71,61.97,1014.26
2024-09-20 11:00:00,118.21,99.8,23.76,1.0,724.34,267.58,40.78,49.46,1082.16
2024-09-20 12:00:00,113.03,84.44,25.82,0.885,688.25,236.26,46.6,58.21,1029.32
2024-09-20 13:00:00,107.34,93.74,26.71,0.856,667.42,258.86,51.92,55.91,1034.1
2024-09-20 14:00:00,105.43,81.57,25.35,0.737,648.44,236.74,49.32,68.14,1002.63
2024-09-20 15:00:00,102.48,94.9,25.44,0.983,631.39,253.94,46.22,69.3,1000.85
2024-09-20 16:00:00,98.07,86.26,27.38,0.88,625.04,239.08,50.6,58.57,973.29
2024-09-20 17:00:00,87.45,72.94,29.04,0.691,563.04,221.99,52.17,54.26,891.47
2024-09-20 18:00:00,90.27,81.07,23.62,0.829,569.48,228.07,39.03,55.81,892.39
2024-09-20 19:00:00,81.58,77.94,26.41,0.709,531.28,225.87,47.72,60.2,865.06
2024-09-20 20:00:00,90.73,91.32,27.37,1.0,569.12,244.36,46.72,52.99,913.19
2024-09-20 21:00:00,98.85,90.41,27.84,0.97,615.09,239.57,46.53,62.6,963.78
2024-09-20 22:00:00,107.04,95.24,27.15,0.984,664.77,253.77,39.59,59.02,1017.15
2024-09-20 23:00:00,113.33,100.0,29.31,1.0,685.34,265.86,51.53,61.78,1064.51
2024-09-21 00:00:00,89.01,84.03,26.54,0.809,558.07,242.69,51.32,61.97,914.06
2024-09-21 01:00:00,82.96,85.25,28.47,0.787,527.08,245.93,56.54,66.9,3137.54
2024-09-21 02:00:00,81.18,84.01,25.53,0.834,526.49,224.87,48.14,63.18,862.68
2024-09-21 03:00:00,74.82,70.98,26.59,0.667,487.64,205.81,43.08,61.46,797.98
2024-09-21 04:00:00,65.67,80.2,24.68,0.762,436.9,232.61,44.21,61.25,774.96
2024-09-21 05:00:00,64.8,65.3,27.85,0.582,434.42,196.5,45.91,50.11,726.94
2024-09-21 06:00:00,63.18,76.17,26.32,0.774,445.28,228.99,55.41,60.9,790.58
2024-09-21 07:00:00,64.6,64.71,27.04,0.628,441.85,199.94,47.52,63.06,752.36
2024-09-21 08:00:00,69.5,77.76,26.03,0.804,467.97,221.68,45.28,59.39,794.33
2024-09-21 09:00:00,75.3,86.96,27.38,0.892,488.78,241.55,53.38,68.32,852.03
2024-09-21 10:00:00,78.9,78.38,27.1,0.795,509.83,224.26,49.02,52.57,835.68
2024-09-21 11:00:00,89.83,83.64,25.01,0.969,564.26,230.56,49.7,56.3,900.82
2024-09-21 12:00:00,81.57,83.84,25.1,0.88,525.65,241.7,41.08,56.82,865.24
2024-09-21 13:00:00,81.86,79.28,26.46,0.73,516.03,230.95,48.38,60.05,855.4
2024-09-21 14:00:00,91.74,94.96,27.49,0.973,587.44,262.15,51.91,56.77,958.27
2024-09-21 15:00:00,70.85,76.38,29.29,0.761,474.11,221.86,42.66,53.8,792.43
2024-09-21 16:00:00,63.96,70.38,26.96,0.637,441.42,201.69,46.19,58.22,747.51
2024-09-21 17:00:00,68.2,71.4,28.01,0.643,468.29,212.96,48.37,65.07,794.69
2024-09-21 18:00:00,55.44,63.06,24.08,0.653,403.91,193.19,43.97,63.77,704.84
2024-09-21 19:00:00,64.32,69.02,29.52,0.725,436.98,216.95,52.3,56.53,762.75
2024-09-21 20:00:00,77.96,77.23,27.41,0.72,514.63,214.41,50.92,58.13,838.1
2024-09-21 21:00:00,68.82,71.97,26.43,0.768,468.85,206.8,47.03,56.11,778.8
2024-09-21 22:00:00,72.7,73.06,26.25,0.745,486.01,203.9,52.25,53.69,795.85
2024-09-21 23:00:00,78.75,89.87,24.84,0.958,522.22,247.41,53.55,62.13,885.32
2024-09-22 00:00:00,89.84,79.77,25.1,0.852,575.61,217.07,39.57,53.59,885.86
2024-09-22 01:00:00,89.24,85.35,29.2,0.846,572.03,246.36,53.05,63.31,934.75
2024-09-22 02:00:00,78.57,82.25,24.85,0.904,523.8,239.28,49.47,69.09,881.64
2024-09-22 03:00:00,77.73,82.02,24.82,0.764,508.89,231.28,42.26,61.88,844.31
2024-09-22 04:00:00,74.94,77.17,25.28,0.891,495.14,215.99,47.02,63.11,821.26
2024-09-22 05:00:00,72.41,75.0,24.53,0.706,488.59,208.35,43.04,62.97,802.95
2024-09-22 06:00:00,62.76,73.64,26.35,0.734,432.4,210.42,43.82,57.56,744.2
2024-09-22 07:00:00,56.05,69.36,27.96,0.665,404.11,209.4,46.67,61.85,722.03
2024-09-22 08:00:00,66.09,71.75,25.41,0.699,445.98,205.95,36.26,61.56,749.76
2024-09-22 09:00:00,73.29,68.84,24.27,0.835,468.23,216.01,44.75,56.87,785.86
2024-09-22 10:00:00,79.59,77.46,26.77,0.751,522.73,231.6,49.51,47.42,851.26
2024-09-22 11:00:00,83.99,76.26,26.25,0.805,527.57,220.16,43.84,54.76,846.32
2024-09-22 12:00:00,90.73,82.03,27.83,0.808,568.03,229.49,49.38,55.29,902.19
2024-09-22 13:00:00,89.84,85.09,25.65,0.898,575.76,235.27,40.8,62.51,914.33
2024-09-22 14:00:00,79.94,81.76,25.94,0.79,526.35,241.29,49.22,52.61,869.47
2024-09-22 15:00:00,79.39,88.6,26.11,0.899,526.37,242.12,45.79,69.35,883.63
2024-09-22 16:00:00,70.81,72.72,26.46,0.759,457.87,218.31,51.12,68.15,795.44
2024-09-22 17:00:00,65.52,76.63,25.74,0.73,449.94,221.06,45.45,65.26,781.71
2024-09-22 18:00:00,67.38,75.22,25.5,0.89,454.82,222.24,42.35,57.45,776.85
2024-09-22 19:00:00,65.55,79.25,23.55,0.827,455.64,221.51,40.65,49.61,767.41
2024-09-22 20:00:00,77.61,81.68,25.48,0.806,519.84,229.54,52.3,64.16,865.84
2024-09-22 21:00:00,69.25,69.58,27.4,0.661,455.76,205.97,58.11,56.26,776.11
2024-09-22 22:00:00,78.56,70.67,27.61,0.711,512.95,204.61,44.06,63.94,825.56
2024-09-22 23:00:00,84.24,83.67,25.62,0.776,547.84,243.21,50.15,63.01,904.21
2024-09-23 00:00:00,116.76,95.74,28.11,1.0,701.09,256.46,46.56,57.8,1061.91
2024-09-23 01:00:00,118.06,94.13,26.12,0.963,724.28,254.21,44.37,53.9,1076.76
2024-09-23 02:00:00,107.4,87.36,24.15,0.869,653.8,251.62,44.71,60.94,1011.06
2024-09-23 03:00:00,94.31,87.96,23.68,0.932,589.15,251.71,44.98,52.15,937.99
2024-09-23 04:00:00,95.87,95.47,27.99,0.919,590.76,270.02,47.86,61.41,970.06
2024-09-23 05:00:00,90.03,82.97,25.6,0.772,571.38,222.79,48.92,62.35,905.44
2024-09-23 06:00:00,77.23,81.57,24.34,0.809,482.02,232.5,48.95,56.7,820.16
2024-09-23 07:00:00,86.99,82.99,22.77,0.836,552.99,234.81,44.3,52.48,884.59
2024-09-23 08:00:00,86.14,76.62,25.57,0.793,560.85,217.54,42.55,68.14,889.08
2024-09-23 09:00:00,97.34,92.34,26.77,0.85,595.53,255.87,46.8,57.33,
2024-09-23 10:00:00,103.89,86.47,25.11,0.842,626.5,239.66,49.1,58.96,974.23
2024-09-23 11:00:00,116.23,98.22,24.58,0.828,710.07,267.24,50.85,65.46,1093.61
2024-09-23 12:00:00,115.47,96.03,25.34,0.901,707.35,282.07,40.92,57.16,1087.49
2024-09-23 13:00:00,107.85,98.39,28.02,1.0,648.39,268.52,52.05,56.19,1025.16
2024-09-23 14:00:00,111.02,90.22,24.07,0.95,688.96,251.62,46.66,70.05,1057.29
2024-09-23 15:00:00,94.26,89.09,25.2,0.834,594.78,252.01,40.17,56.34,943.3
2024-09-23 16:00:00,93.82,82.71,27.98,0.811,597.49,234.78,54.83,66.08,953.19
2024-09-23 17:00:00,83.75,79.32,26.9,0.794,532.43,219.99,57.28,60.77,870.46
2024-09-23 18:00:00,83.54,63.59,26.43,0.69,549.6,183.66,50.63,60.66,844.55
2024-09-23 19:00:00,89.03,94.97,25.19,1.0,562.99,259.27,48.0,57.47,927.72
2024-09-23 20:00:00,94.59,90.05,26.21,0.908,590.43,247.48,44.56,59.0,941.48
2024-09-23 21:00:00,105.35,88.84,25.35,0.875,650.6,234.78,44.07,68.94,998.38
2024-09-23 22:00:00,107.17,87.96,24.87,0.807,652.72,254.5,42.58,64.28,1014.07
2024-09-23 23:00:00,114.22,94.63,24.54,0.952,678.92,259.36,41.03,53.19,1032.5
2024-09-24 00:00:00,113.25,100.0,27.16,1.0,687.3,278.64,48.33,55.04,1069.31
2024-09-24 01:00:00,113.72,87.4,25.9,0.938,686.05,230.15,48.25,61.91,1026.36
2024-09-24 02:00:00,109.26,93.92,26.46,0.948,660.15,265.99,44.6,63.19,1033.92
2024-09-24 03:00:00,99.61,98.66,26.22,1.0,627.96,264.27,46.2,63.83,1002.26
2024-09-24 04:00:00,85.28,76.97,26.65,0.735,565.56,229.2,49.65,59.62,904.02
2024-09-24 05:00:00,88.34,84.57,25.61,0.828,554.32,238.89,38.02,55.75,886.99
2024-09-24 06:00:00,86.46,94.25,25.27,0.95,553.87,260.64,49.68,55.95,920.13
2024-09-24 07:00:00,84.29,85.31,24.77,0.861,538.26,241.87,45.83,48.5,874.45
2024-09-24 08:00:00,87.36,84.31,23.87,0.894,575.12,234.5,44.27,68.17,922.06
2024-09-24 09:00:00,105.9,95.48,24.31,1.0,653.45,256.64,48.77,46.85,1005.72
2024-09-24 10:00:00,109.47,92.73,25.44,0.953,674.74,252.56,49.94,58.79,1036.05
2024-09-24 11:00:00,112.07,100.0,23.58,0.95,689.82,261.17,45.28,51.14,1047.42
2024-09-24 12:00:00,110.45,93.23,23.91,0.884,673.3,252.9,44.57,57.08,
2024-09-24 13:00:00,109.7,85.06,27.55,0.806,667.02,234.44,49.95,62.88,1014.3
2024-09-24 14:00:00,112.71,94.4,26.32,0.956,695.7,249.26,45.46,48.57,1038.99
2024-09-24 15:00:00,100.55,85.44,25.31,0.753,628.98,242.18,42.12,61.76,975.03
2024-09-24 16:00:00,90.3,83.74,29.4,0.837,564.72,235.91,54.86,64.36,919.85
2024-09-24 17:00:00,89.05,83.23,23.52,0.903,559.45,236.26,44.3,57.91,897.92
2024-09-24 18:00:00,81.74,86.86,27.45,0.902,525.59,246.59,50.38,73.7,896.26
2024-09-24 19:00:00,93.01,89.98,25.82,0.882,594.34,247.54,41.5,48.78,932.15
2024-09-24 20:00:00,97.91,90.27,27.17,0.868,621.34,243.94,38.68,51.44,955.4
2024-09-24 21:00:00,98.13,89.05,26.15,0.931,627.88,248.83,47.7,58.48,982.9
2024-09-24 22:00:00,104.99,87.2,23.18,0.887,639.26,225.58,34.79,58.59,958.21
2024-09-24 23:00:00,102.52,80.35,26.13,0.791,633.71,228.09,48.71,60.57,971.08
2024-09-25 00:00:00,109.07,95.1,26.32,0.922,662.17,264.31,55.57,64.64,1046.69
2024-09-25 01:00:00,107.63,97.79,22.53,0.982,656.7,271.64,42.28,53.72,1024.34
2024-09-25 02:00:00,108.04,93.48,28.73,0.92,667.64,253.13,50.37,53.21,1024.35
2024-09-25 03:00:00,98.7,86.67,26.28,0.906,613.11,228.57,43.53,56.53,941.73
2024-09-25 04:00:00,87.12,85.88,26.82,0.921,566.12,224.55,46.38,65.15,902.2
2024-09-25 05:00:00,85.88,82.53,24.07,0.757,545.29,237.13,43.58,64.05,890.05
2024-09-25 06:00:00,87.02,91.94,26.85,0.858,561.04,250.95,53.03,59.65,924.66
2024-09-25 07:00:00,89.12,90.72,27.45,0.975,562.06,262.62,50.37,57.46,932.52
2024-09-25 08:00:00,84.9,87.25,26.2,0.881,529.81,234.75,46.39,59.24,870.19
2024-09-25 09:00:00,99.49,93.53,25.8,0.879,609.26,258.47,49.54,61.81,979.08
2024-09-25 10:00:00,101.97,84.53,24.48,0.894,630.83,247.49,50.36,60.49,989.18
2024-09-25 11:00:00,116.6,100.0,25.49,1.0,718.36,271.24,47.54,52.96,1090.1
2024-09-25 12:00:00,118.14,100.0,25.05,1.0,707.01,260.45,46.25,52.61,1066.32
2024-09-25 13:00:00,109.4,97.73,26.67,0.966,665.64,281.87,41.77,58.71,1047.99
2024-09-25 14:00:00,104.44,94.68,24.54,1.0,646.1,268.31,39.13,63.62,1017.16
2024-09-25 15:00:00,98.15,91.34,26.66,0.841,605.98,250.45,42.44,54.7,953.56
2024-09-25 16:00:00,83.49,95.25,24.56,1.0,533.57,264.94,43.84,62.04,904.39
2024-09-25 17:00:00,88.35,83.8,25.42,0.885,562.34,240.95,42.83,51.06,897.18
2024-09-25 18:00:00,83.91,86.64,26.74,0.947,536.05,245.79,46.55,60.36,888.74
2024-09-25 19:00:00,90.89,83.09,24.76,0.886,560.19,226.2,41.58,56.09,884.06
2024-09-25 20:00:00,88.11,88.01,26.79,0.875,555.33,246.76,45.59,49.55,897.23
2024-09-25 21:00:00,97.52,93.46,26.65,0.876,612.54,265.03,40.95,57.27,975.78
2024-09-25 22:00:00,101.47,92.56,25.41,0.895,632.54,257.4,47.02,53.68,990.64
2024-09-25 23:00:00,108.97,100.0,27.56,0.912,675.56,272.38,52.81,58.62,1059.36
2024-09-26 00:00:00,110.27,90.71,25.76,0.861,681.4,247.28,47.05,62.06,1037.8
2024-09-26 01:00:00,116.97,96.05,27.3,0.982,697.67,256.28,51.0,62.28,1067.23
2024-09-26 02:00:00,104.71,93.42,28.34,0.932,637.57,246.74,53.26,50.11,987.69
2024-09-26 03:00:00,100.5,94.65,25.28,0.935,616.87,263.31,47.61,62.88,990.67
2024-09-26 04:00:00,90.98,86.39,26.61,0.824,573.67,240.08,51.69,62.06,927.51
2024-09-26 05:00:00,81.93,87.39,24.69,0.785,524.67,235.48,49.6,57.88,867.64
2024-09-26 06:00:00,84.33,78.85,24.1,0.798,540.24,231.45,50.09,53.66,875.44
2024-09-26 07:00:00,89.41,79.0,25.35,0.809,560.05,222.38,38.33,57.96,878.72
2024-09-26 08:00:00,87.67,85.38,23.6,0.804,564.62,234.14,44.75,68.06,911.57
2024-09-26 09:00:00,103.24,91.23,24.24,0.886,628.6,248.61,39.19,62.98,979.38
2024-09-26 10:00:00,104.1,94.76,26.53,1.0,632.53,257.85,53.78,64.86,1009.02
2024-09-26 11:00:00,111.06,95.39,24.87,1.0,679.45,263.07,45.44,55.06,1043.02
2024-09-26 12:00:00,117.12,96.86,26.71,0.894,711.39,258.16,49.58,57.34,1076.47
2024-09-26 13:00:00,110.34,94.79,26.09,0.944,669.88,265.13,47.84,53.52,1036.36
2024-09-26 14:00:00,107.65,93.97,28.42,1.0,665.2,260.24,52.4,56.67,1034.52
2024-09-26 15:00:00,98.74,87.85,26.43,0.868,620.08,241.39,54.57,66.79,982.83
2024-09-26 16:00:00,93.02,85.49,27.32,0.841,600.28,238.58,54.53,57.75,951.14
2024-09-26 17:00:00,77.49,76.73,26.25,0.822,513.3,218.59,54.06,56.55,842.5
2024-09-26 18:00:00,77.68,83.12,26.11,0.881,522.06,234.96,46.62,61.19,864.84
2024-09-26 19:00:00,89.47,85.71,27.39,0.904,567.86,249.1,41.21,57.13,915.3
2024-09-26 20:00:00,96.65,99.61,26.65,0.983,614.44,266.58,51.36,60.46,992.84
2024-09-26 21:00:00,96.36,88.98,25.96,0.923,613.16,248.0,42.66,57.16,960.98
2024-09-26 22:00:00,106.52,90.51,25.95,0.98,651.48,245.87,45.67,60.95,1003.98
2024-09-26 23:00:00,114.17,100.0,26.45,0.998,685.34,273.19,47.77,58.1,1064.4
2024-09-27 00:00:00,117.77,100.0,24.47,0.98,704.76,271.66,44.45,54.41,1075.28
2024-09-27 01:00:00,104.88,97.39,24.4,1.0,647.72,272.5,46.9,65.27,1032.39
2024-09-27 02:00:00,103.96,94.94,27.61,1.0,630.58,254.4,46.41,69.09,1000.47
2024-09-27 03:00:00,98.67,92.45,28.27,1.0,609.72,258.29,53.79,62.49,984.29
2024-09-27 04:00:00,95.31,90.33,24.08,0.885,606.14,257.29,42.98,52.49,958.9
2024-09-27 05:00:00,97.0,82.99,24.47,0.816,610.35,231.66,54.85,58.86,955.72
2024-09-27 06:00:00,84.09,83.88,27.19,0.787,521.62,235.39,42.98,61.22,
2024-09-27 07:00:00,81.38,74.07,26.27,0.747,516.25,216.68,48.2,51.57,832.71
2024-09-27 08:00:00,94.11,86.18,26.49,0.808,607.82,239.56,50.54,57.32,955.24
2024-09-27 09:00:00,105.28,89.01,26.82,0.864,655.86,247.99,47.03,52.98,1003.85
2024-09-27 10:00:00,107.93,95.75,25.11,0.993,655.0,265.12,43.31,54.85,1018.28
2024-09-27 11:00:00,109.36,96.35,25.97,0.983,654.91,261.66,52.44,61.7,1030.71
2024-09-27 12:00:00,118.83,100.0,25.85,0.909,704.16,269.27,50.3,59.75,1083.48
2024-09-27 13:00:00,115.64,99.26,24.19,1.0,702.3,270.04,40.74,54.52,1067.6
2024-09-27 14:00:00,103.4,88.66,25.95,0.832,652.79,243.8,41.17,59.66,997.43
2024-09-27 15:00:00,101.53,89.46,27.33,0.847,642.93,245.76,51.95,58.19,998.83
2024-09-27 16:00:00,96.49,92.85,24.97,0.867,589.84,249.58,46.64,64.41,950.48
2024-09-27 17:00:00,91.74,91.21,25.7,0.879,576.32,251.28,48.95,49.63,926.18
2024-09-27 18:00:00,84.73,76.63,25.78,0.721,536.81,223.62,46.29,56.3,863.01
2024-09-27 19:00:00,85.58,75.13,25.05,0.708,548.98,216.17,48.92,67.59,881.65
2024-09-27 20:00:00,97.41,85.07,26.49,0.727,596.4,234.01,54.48,54.18,939.06
2024-09-27 21:00:00,95.16,92.81,24.45,0.935,591.43,254.31,50.54,54.59,950.88
2024-09-27 22:00:00,109.25,100.0,27.47,1.0,659.33,272.38,46.57,57.41,1035.7
2024-09-27 23:00:00,107.51,89.13,26.41,1.0,661.74,247.94,57.94,66.34,1033.97
2024-09-28 00:00:00,90.51,86.79,23.9,0.892,568.44,255.64,46.05,62.01,932.14
2024-09-28 01:00:00,83.71,91.03,27.85,0.885,535.58,247.22,44.82,54.69,882.31
2024-09-28 02:00:00,85.7,84.93,25.55,0.789,552.58,237.44,48.15,59.58,897.75
2024-09-28 03:00:00,76.97,85.59,24.22,0.851,517.97,244.42,44.91,58.24,865.53
2024-09-28 04:00:00,64.48,77.23,26.96,0.795,459.34,218.02,48.46,62.25,788.07
2024-09-28 05:00:00,70.96,70.93,26.04,0.684,478.43,220.52,46.46,59.79,805.2
2024-09-28 06:00:00,69.95,74.03,22.64,0.743,469.07,215.49,43.97,60.98,789.5
2024-09-28 07:00:00,68.79,74.57,24.51,0.841,474.46,219.96,47.35,58.39,800.16
2024-09-28 08:00:00,66.33,73.68,25.72,0.718,460.98,214.85,44.35,66.61,786.79
2024-09-28 09:00:00,73.78,81.47,22.06,0.72,495.93,237.2,37.97,59.79,830.89
2024-09-28 10:00:00,81.21,82.65,25.43,0.87,513.4,227.18,43.87,56.87,841.32
2024-09-28 11:00:00,81.93,66.28,25.54,0.679,539.31,208.63,45.67,65.3,
2024-09-28 12:00:00,93.02,79.95,23.53,0.714,587.96,229.28,46.29,62.95,926.48
2024-09-28 13:00:00,85.32,71.72,25.71,0.739,539.45,214.57,51.48,55.45,860.95
2024-09-28 14:00:00,69.81,75.78,25.31,0.708,463.68,214.71,45.11,40.3,763.8
2024-09-28 15:00:00,76.36,79.38,23.51,0.816,506.44,228.72,47.12,62.7,844.99
2024-09-28 16:00:00,67.98,75.41,26.68,0.849,439.82,212.55,50.19,57.82,760.38
2024-09-28 17:00:00,64.96,67.68,26.56,0.668,443.78,209.19,48.74,60.21,761.92
2024-09-28 18:00:00,62.28,74.51,24.87,0.799,426.14,208.73,52.63,65.91,753.41
2024-09-28 19:00:00,68.49,77.82,25.0,0.717,456.37,224.36,46.72,55.24,782.68
2024-09-28 20:00:00,73.85,70.65,26.39,0.631,485.61,206.04,47.36,54.38,793.39
2024-09-28 21:00:00,76.13,70.74,25.0,0.808,488.83,199.17,48.74,53.02,789.76
2024-09-28 22:00:00,79.27,79.63,22.4,0.812,524.76,221.62,35.81,71.02,853.2
2024-09-28 23:00:00,84.58,91.25,26.03,0.944,525.86,254.32,46.38,65.96,892.52
2024-09-29 00:00:00,86.33,91.66,23.91,0.974,553.0,247.11,44.48,63.36,3177.8250000000003
2024-09-29 01:00:00,81.53,83.58,24.54,0.809,520.88,231.51,47.46,50.37,850.22
2024-09-29 02:00:00,82.94,77.82,27.32,0.819,550.57,225.66,50.53,52.88,879.65
2024-09-29 03:00:00,76.84,82.85,24.93,0.862,504.38,239.48,40.11,63.51,847.49
2024-09-29 04:00:00,75.54,75.51,25.13,0.69,480.7,222.53,42.1,62.01,807.33
2024-09-29 05:00:00,70.28,71.3,25.89,0.789,475.77,209.45,45.28,58.64,789.15
2024-09-29 06:00:00,61.01,59.78,25.89,0.663,416.3,186.85,47.96,53.24,704.35
2024-09-29 07:00:00,68.54,74.78,23.75,0.684,470.57,217.75,37.96,65.28,791.56
2024-09-29 08:00:00,65.57,69.64,25.04,0.706,452.8,200.02,51.11,68.96,772.88
2024-09-29 09:00:00,77.78,79.37,25.18,0.782,520.7,228.36,46.98,62.19,858.24
2024-09-29 10:00:00,78.56,67.78,25.54,0.749,514.29,196.07,47.51,56.22,814.09
2024-09-29 11:00:00,80.65,81.17,25.56,0.741,529.8,234.15,45.72,67.62,877.29
2024-09-29 12:00:00,87.37,71.53,29.01,0.895,557.19,211.02,46.85,60.84,875.9
2024-09-29 13:00:00,74.04,82.46,23.37,0.816,485.51,220.18,42.82,68.15,816.66
2024-09-29 14:00:00,73.62,79.42,26.6,0.831,496.63,232.66,51.27,58.21,838.77
2024-09-29 15:00:00,74.29,75.75,26.9,0.827,481.61,215.95,48.21,70.31,816.08
2024-09-29 16:00:00,69.7,77.67,25.87,0.767,468.23,219.47,51.24,57.76,796.7
2024-09-29 17:00:00,63.78,67.0,24.15,0.664,434.35,206.43,43.63,56.69,741.11
2024-09-29 18:00:00,57.43,69.08,27.63,0.666,413.9,204.08,52.91,64.15,735.04
2024-09-29 19:00:00,61.99,74.97,21.84,0.705,422.35,221.01,39.56,59.63,742.56
2024-09-29 20:00:00,70.94,60.0,24.1,0.614,471.43,182.08,45.3,61.94,760.75
2024-09-29 21:00:00,77.33,76.43,26.89,0.758,506.99,225.32,52.27,54.91,839.48
2024-09-29 22:00:00,80.56,80.17,24.57,0.776,534.7,229.53,40.31,55.0,859.54
2024-09-29 23:00:00,89.37,83.7,27.52,0.814,562.59,238.21,52.53,58.09,911.42
2024-09-30 00:00:00,116.59,100.0,22.69,1.0,699.74,268.93,45.46,61.79,1075.92
2024-09-30 01:00:00,110.0,89.38,23.29,0.854,659.22,257.48,51.08,56.11,1023.89
2024-09-30 02:00:00,106.38,90.08,24.16,0.888,644.03,260.4,44.17,65.35,1013.94
2024-09-30 03:00:00,94.39,77.61,25.58,0.821,595.25,209.77,38.05,59.46,902.53
2024-09-30 04:00:00,92.07,93.59,24.62,0.948,580.59,262.09,37.6,68.54,948.82
2024-09-30 05:00:00,91.46,84.5,24.22,0.792,577.67,230.97,40.45,54.74,903.83
2024-09-30 06:00:00,87.74,81.68,27.09,0.816,572.64,234.58,54.29,61.71,923.22
2024-09-30 07:00:00,92.62,86.05,27.23,0.882,569.71,230.03,58.2,62.3,920.23
2024-09-30 08:00:00,91.29,88.83,24.34,0.938,594.98,248.95,42.58,61.36,947.87
2024-09-30 09:00:00,105.38,94.43,22.39,0.907,656.35,253.28,40.92,59.76,1010.31
2024-09-30 10:00:00,106.73,100.0,21.72,0.972,651.03,267.25,29.68,64.24,1012.19
2024-09-30 11:00:00,118.88,100.0,25.32,0.965,717.51,267.41,48.57,53.82,1087.32
2024-09-30 12:00:00,114.91,95.13,25.94,0.919,689.1,255.37,47.63,61.41,1053.51
2024-09-30 13:00:00,115.82,95.1,25.05,0.971,701.65,255.47,44.49,55.07,1056.68
2024-09-30 14:00:00,113.4,94.74,24.85,0.977,704.2,256.56,41.28,57.1,1059.14
2024-09-30 15:00:00,99.23,82.1,23.75,0.874,610.96,231.49,41.74,61.34,945.54
2024-09-30 16:00:00,93.37,86.89,25.94,0.864,585.01,244.4,41.71,64.74,935.86
2024-09-30 17:00:00,92.17,90.0,27.47,0.83,574.77,260.16,46.41,53.13,934.48
2024-09-30 18:00:00,84.47,79.17,21.63,0.825,537.57,220.57,34.92,68.25,861.31
2024-09-30 19:00:00,81.73,76.83,24.84,0.776,525.41,222.1,41.05,65.01,853.56
2024-09-30 20:00:00,101.07,98.12,23.5,0.984,616.6,270.68,38.08,60.22,985.58
2024-09-30 21:00:00,98.12,81.93,22.72,0.755,608.5,227.8,43.61,54.66,934.56
2024-09-30 22:00:00,108.14,83.73,23.26,0.827,661.11,222.29,37.67,67.64,988.71
2024-09-30 23:00:00,117.61,93.04,25.53,0.871,704.85,243.93,46.14,62.31,1057.23
2024-10-01 00:00:00,112.57,88.58,25.39,0.91,664.44,232.7,41.74,62.31,1001.18
2024-10-01 01:00:00,108.96,96.41,26.98,0.943,663.56,271.7,44.74,56.61,1036.62
2024-10-01 02:00:00,108.51,92.45,24.8,0.899,662.2,257.84,40.67,60.97,1021.67
2024-10-01 03:00:00,92.83,85.32,22.15,0.776,599.32,243.7,44.18,56.87,944.06
2024-10-01 04:00:00,91.35,91.44,24.43,0.966,576.96,257.91,43.64,66.08,944.58
2024-10-01 05:00:00,87.99,80.54,22.71,0.792,567.43,225.68,38.28,66.2,897.59
2024-10-01 06:00:00,83.92,85.84,22.97,0.863,536.2,254.07,37.74,59.23,887.24
2024-10-01 07:00:00,80.84,87.97,25.66,0.843,534.56,246.76,41.2,57.07,879.6
2024-10-01 08:00:00,98.88,87.16,25.08,0.789,606.83,242.6,42.66,63.96,956.05
2024-10-01 09:00:00,100.41,93.89,25.67,0.912,626.11,263.83,40.85,63.26,994.06
2024-10-01 10:00:00,113.22,95.4,24.25,0.935,692.85,264.35,42.31,54.17,1053.67
2024-10-01 11:00:00,111.95,100.0,25.97,1.0,685.3,278.01,44.32,58.54,1066.17
2024-10-01 12:00:00,111.48,87.88,24.16,0.861,694.71,252.92,40.78,70.96,1059.37
2024-10-01 13:00:00,114.07,88.81,26.46,0.852,685.66,244.37,52.98,59.96,1042.97
2024-10-01 14:00:00,106.64,91.36,25.3,0.838,664.49,252.98,44.97,61.18,1023.62
2024-10-01 15:00:00,95.29,83.2,24.47,0.834,605.69,229.26,43.73,62.73,941.4
2024-10-01 16:00:00,98.38,86.61,25.1,0.826,612.29,232.1,50.71,57.21,952.31
2024-10-01 17:00:00,84.52,81.16,24.76,0.878,557.32,235.46,39.53,63.83,896.14
2024-10-01 18:00:00,77.64,82.42,27.18,0.832,507.02,238.82,47.37,61.89,855.11
2024-10-01 19:00:00,92.32,84.12,25.15,0.869,581.79,224.76,39.48,65.63,911.66
2024-10-01 20:00:00,90.48,81.12,24.78,0.799,572.37,226.05,45.29,51.57,895.29
2024-10-01 21:00:00,97.57,87.03,24.43,0.88,597.66,243.09,46.8,61.77,949.32
2024-10-01 22:00:00,100.44,86.37,26.05,0.819,628.28,242.29,37.59,61.05,969.22
2024-10-01 23:00:00,119.95,95.31,25.85,0.894,724.61,272.41,50.36,52.91,1100.31
2024-10-02 00:00:00,109.84,86.86,24.2,0.869,668.37,238.64,45.21,58.67,1010.88
2024-10-02 01:00:00,113.22,96.96,22.88,0.998,700.22,262.59,41.73,61.97,1066.51
2024-10-02 02:00:00,111.15,92.73,23.26,0.83,672.25,258.64,37.3,60.25,1028.44
2024-10-02 03:00:00,101.69,95.67,24.34,0.932,614.6,258.82,47.29,59.88,980.58
2024-10-02 04:00:00,92.26,78.89,26.64,0.881,596.52,222.65,55.08,59.93,934.18
2024-10-02 05:00:00,80.2,77.39,24.24,0.798,529.1,219.0,42.4,57.67,848.17
2024-10-02 06:00:00,81.76,89.95,23.72,0.976,533.81,250.28,41.83,70.03,895.95
2024-10-02 07:00:00,87.76,79.18,21.97,0.76,556.09,225.23,40.09,61.64,
2024-10-02 08:00:00,89.35,83.49,26.88,0.812,569.49,239.43,47.19,61.55,917.66
2024-10-02 09:00:00,100.81,84.33,25.47,0.892,613.98,239.23,45.53,53.36,952.11
2024-10-02 10:00:00,110.23,88.37,25.81,0.915,669.33,228.09,50.97,58.42,1006.81
2024-10-02 11:00:00,116.84,100.0,26.06,0.995,696.97,259.49,47.03,57.36,1060.85
2024-10-02 12:00:00,110.1,95.9,24.37,0.896,672.57,258.39,45.42,59.85,1036.23
2024-10-02 13:00:00,121.78,100.0,24.74,1.0,736.27,275.88,53.06,58.39,1123.61
2024-10-02 14:00:00,110.57,86.8,26.85,0.994,664.47,238.38,54.58,56.91,1014.34
2024-10-02 15:00:00,99.99,91.79,24.88,0.839,625.77,255.01,41.0,58.86,980.63
2024-10-02 16:00:00,96.86,94.22,25.49,1.0,605.89,261.44,53.27,54.59,975.19
2024-10-02 17:00:00,96.47,93.98,25.92,0.916,607.83,260.61,52.56,62.98,983.97
2024-10-02 18:00:00,79.25,82.96,25.58,0.813,514.29,230.94,52.42,64.03,861.67
2024-10-02 19:00:00,86.11,77.41,24.42,0.788,556.17,215.67,41.85,62.49,876.19
2024-10-02 20:00:00,82.99,83.06,24.56,0.77,529.36,226.55,45.46,64.28,865.65
2024-10-02 21:00:00,100.77,93.72,25.78,0.935,610.4,274.64,45.24,63.93,994.2
2024-10-02 22:00:00,108.96,85.51,25.78,0.775,653.18,242.3,47.28,53.58,996.34
2024-10-02 23:00:00,112.83,90.81,26.37,0.932,680.15,261.75,54.86,67.46,1064.22
2024-10-03 00:00:00,112.38,100.0,25.27,1.0,669.01,265.0,46.44,64.35,1044.8
2024-10-03 01:00:00,104.79,96.78,25.34,0.936,656.36,270.72,39.12,50.45,1016.66
2024-10-03 02:00:00,108.99,86.75,23.77,0.859,664.31,239.32,41.7,56.2,1001.53
2024-10-03 03:00:00,105.82,96.89,23.57,0.963,656.46,263.29,40.21,53.84,1013.79
2024-10-03 04:00:00,90.14,85.54,25.61,0.905,576.98,237.93,53.66,62.17,930.73
2024-10-03 05:00:00,88.77,88.29,23.58,0.903,563.9,240.13,39.59,57.33,900.95
2024-10-03 06:00:00,78.73,76.19,24.41,0.808,541.93,214.82,42.71,60.12,859.57
2024-10-03 07:00:00,88.84,87.65,26.51,0.851,587.61,243.82,46.63,68.67,946.73
2024-10-03 08:00:00,90.93,89.68,26.27,0.919,585.77,244.81,54.09,67.22,951.89
2024-10-03 09:00:00,96.95,86.72,24.89,0.699,597.51,242.87,49.05,55.21,944.64
2024-10-03 10:00:00,104.46,92.32,24.0,0.957,653.76,248.84,45.87,62.29,1010.75
2024-10-03 11:00:00,111.42,92.47,24.26,0.864,663.09,258.42,44.99,69.14,1035.64
2024-10-03 12:00:00,116.53,100.0,25.74,0.984,713.82,267.24,47.6,55.43,1084.09
2024-10-03 13:00:00,107.74,93.27,24.39,0.97,638.26,265.69,44.6,64.84,1013.39
2024-10-03 14:00:00,105.91,88.35,23.6,0.807,647.01,245.22,51.11,59.16,1002.49
2024-10-03 15:00:00,99.83,86.34,26.26,0.918,628.84,240.7,42.61,55.3,967.44
2024-10-03 16:00:00,88.1,84.69,24.71,0.841,563.6,247.46,33.82,67.57,912.45
2024-10-03 17:00:00,94.2,90.86,23.57,0.981,579.15,247.84,44.61,57.86,929.46
2024-10-03 18:00:00,81.59,74.11,25.16,0.696,529.29,213.2,51.3,59.25,853.04
2024-10-03 19:00:00,84.33,91.4,25.9,0.823,544.74,247.74,47.76,58.23,898.47
2024-10-03 20:00:00,88.59,85.84,22.93,0.857,564.57,241.48,33.75,65.27,905.08
2024-10-03 21:00:00,107.19,95.93,24.14,0.989,652.71,257.04,46.84,64.92,1021.5
2024-10-03 22:00:00,109.71,94.37,24.07,0.977,675.4,262.84,39.47,56.29,1033.99
2024-10-03 23:00:00,109.24,94.72,25.12,0.89,675.38,258.63,40.48,60.58,1035.07
2024-10-04 00:00:00,119.42,98.97,25.22,0.908,715.89,272.87,41.88,61.84,1092.49
2024-10-04 01:00:00,113.79,100.0,23.44,0.984,701.12,274.36,36.16,64.88,1076.52
2024-10-04 02:00:00,108.53,94.22,22.03,0.968,661.39,254.8,40.87,56.96,1014.02
2024-10-04 03:00:00,98.62,93.15,25.82,0.955,609.19,251.19,44.28,66.91,971.57
2024-10-04 04:00:00,89.5,82.58,22.59,0.904,578.37,231.45,35.74,64.07,909.63
2024-10-04 05:00:00,88.36,85.16,24.68,0.833,572.37,238.89,54.34,55.25,920.84
2024-10-04 06:00:00,82.82,77.39,24.07,0.682,529.14,224.52,41.6,62.42,857.69
2024-10-04 07:00:00,94.28,93.22,24.51,0.992,585.26,258.43,44.73,62.45,950.87
2024-10-04 08:00:00,87.42,79.54,26.75,0.805,571.23,226.85,54.76,56.45,909.29
2024-10-04 09:00:00,106.14,91.45,28.83,0.929,649.9,247.95,55.0,62.13,1014.98
2024-10-04 10:00:00,107.05,91.95,21.82,0.958,655.3,249.58,47.63,60.01,1012.53
2024-10-04 11:00:00,114.19,95.32,25.74,1.0,688.92,263.29,43.96,52.34,1048.51
2024-10-04 12:00:00,118.33,100.0,24.03,0.999,722.24,266.1,47.85,44.02,1080.21
2024-10-04 13:00:00,110.47,93.65,25.84,0.995,689.5,260.03,48.88,70.25,1068.65
2024-10-04 14:00:00,110.96,100.0,25.7,1.0,675.34,273.56,50.65,59.38,1058.93
2024-10-04 15:00:00,89.17,80.49,26.38,0.772,585.19,238.24,51.27,60.54,935.24
2024-10-04 16:00:00,89.62,85.66,24.7,0.845,563.66,236.99,41.77,54.87,897.29
2024-10-04 17:00:00,83.31,77.78,22.93,0.809,534.3,221.38,52.98,57.01,865.67
2024-10-04 18:00:00,79.99,82.1,25.66,0.786,525.31,218.53,37.55,70.84,852.23
2024-10-04 19:00:00,86.15,83.0,24.45,0.874,544.21,228.63,40.95,72.09,885.88
2024-10-04 20:00:00,94.04,86.25,23.92,0.87,595.5,235.38,46.18,50.72,927.78
2024-10-04 21:00:00,102.81,97.35,23.55,0.993,629.91,267.46,43.96,60.29,1001.62
2024-10-04 22:00:00,108.46,90.96,25.78,0.982,649.96,261.86,47.34,69.34,1028.5
2024-10-04 23:00:00,110.33,98.1,26.67,0.999,657.7,269.49,51.28,60.99,1039.45
2024-10-05 00:00:00,87.73,80.02,22.3,0.804,556.04,233.98,37.18,63.42,890.62
2024-10-05 01:00:00,85.24,83.18,25.03,0.828,549.54,230.42,48.81,59.15,887.92
2024-10-05 02:00:00,84.37,76.21,23.54,0.755,530.96,212.85,42.25,62.58,848.63
2024-10-05 03:00:00,78.11,75.74,21.9,0.773,511.97,217.6,45.6,67.23,842.4
2024-10-05 04:00:00,69.5,74.34,24.32,0.812,468.94,212.37,42.96,62.61,786.87
2024-10-05 05:00:00,61.67,79.91,22.85,0.768,427.0,222.64,43.4,53.92,746.96
2024-10-05 06:00:00,61.14,71.07,21.73,0.676,418.28,210.56,42.55,56.85,728.24
2024-10-05 07:00:00,63.06,79.8,22.92,0.862,437.21,220.47,45.29,63.87,766.83
2024-10-05 08:00:00,68.11,75.16,22.56,0.723,459.43,222.79,41.15,59.66,783.03
2024-10-05 09:00:00,76.07,76.1,23.13,0.772,508.21,217.41,40.88,57.27,823.79
2024-10-05 10:00:00,83.49,89.44,22.11,0.865,527.09,247.55,37.1,54.55,866.28
2024-10-05 11:00:00,84.54,84.45,23.5,0.761,543.6,237.95,44.65,55.02,881.23
2024-10-05 12:00:00,86.31,79.94,23.03,0.809,541.4,225.08,34.26,56.42,857.16
2024-10-05 13:00:00,85.32,85.01,24.66,0.906,544.68,246.12,46.03,62.28,899.11
2024-10-05 14:00:00,78.56,77.82,24.99,0.775,504.05,213.78,46.91,57.41,822.15
2024-10-05 15:00:00,71.3,65.7,24.49,0.583,469.15,205.68,51.97,60.89,787.7
2024-10-05 16:00:00,62.35,75.86,23.74,0.764,431.74,217.22,40.5,60.79,750.24
2024-10-05 17:00:00,62.48,76.71,23.7,0.729,427.86,226.62,43.82,63.84,762.14
2024-10-05 18:00:00,65.64,82.01,22.84,0.689,459.95,233.43,42.15,55.89,791.42
2024-10-05 19:00:00,62.45,73.33,22.88,0.729,441.66,219.1,37.16,68.08,766.0
2024-10-05 20:00:00,68.42,72.97,25.15,0.756,468.56,212.52,45.65,51.2,777.94
2024-10-05 21:00:00,76.87,82.61,21.46,0.885,510.61,234.91,34.63,58.37,838.52
2024-10-05 22:00:00,82.71,85.6,23.98,0.944,534.58,246.35,47.41,57.88,886.22
2024-10-05 23:00:00,80.42,88.4,23.61,0.917,532.56,246.22,45.26,56.05,880.1
2024-10-06 00:00:00,90.24,84.9,24.82,0.896,568.84,246.26,46.81,48.98,910.89
2024-10-06 01:00:00,89.25,83.8,21.79,0.774,583.22,238.09,37.45,66.07,924.82
2024-10-06 02:00:00,76.11,74.48,23.94,0.826,492.99,212.0,49.18,64.15,818.31
2024-10-06 03:00:00,71.7,78.54,24.44,0.849,469.49,222.8,40.05,62.49,794.84
2024-10-06 04:00:00,74.14,69.33,21.07,0.675,479.54,210.92,40.2,56.37,787.02
2024-10-06 05:00:00,64.67,76.22,22.31,0.796,433.58,212.61,35.89,57.47,739.56
2024-10-06 06:00:00,54.87,70.37,23.79,0.733,381.32,212.54,42.49,58.32,694.67
2024-10-06 07:00:00,59.66,72.75,24.7,0.801,420.01,210.59,49.94,58.8,739.34
2024-10-06 08:00:00,68.38,74.88,24.2,0.741,468.72,209.51,45.85,63.98,788.05
2024-10-06 09:00:00,70.35,82.84,24.77,0.791,472.01,235.21,41.3,57.53,806.04
2024-10-06 10:00:00,78.97,83.85,22.31,0.814,503.77,231.87,38.46,55.72,829.83
2024-10-06 11:00:00,84.87,79.4,21.54,0.839,540.6,223.31,38.48,60.73,863.13
2024-10-06 12:00:00,92.1,83.1,24.05,0.735,587.23,230.76,40.36,60.21,918.56
2024-10-06 13:00:00,83.58,77.39,22.08,0.624,535.17,223.21,41.24,62.52,862.14
2024-10-06 14:00:00,84.92,85.21,22.63,0.897,538.19,236.61,49.87,66.94,891.61
2024-10-06 15:00:00,80.72,75.36,25.32,0.767,511.46,220.6,43.75,57.97,833.77
2024-10-06 16:00:00,75.11,82.97,24.21,0.831,492.18,240.32,51.7,64.66,848.86
2024-10-06 17:00:00,66.4,79.81,23.07,0.733,446.36,230.86,41.92,60.71,779.85
2024-10-06 18:00:00,55.9,63.55,22.88,0.55,398.79,204.29,42.87,65.12,711.08
2024-10-06 19:00:00,67.1,72.62,24.86,0.694,459.31,224.82,46.19,66.16,796.48
2024-10-06 20:00:00,73.57,76.87,24.24,0.787,485.58,219.68,37.25,56.21,798.73
2024-10-06 21:00:00,74.68,81.76,22.1,0.788,494.86,224.78,42.01,69.9,831.54
2024-10-06 22:00:00,87.6,91.85,21.0,0.963,561.79,251.15,30.27,60.91,904.12
2024-10-06 23:00:00,88.18,75.66,26.75,0.709,551.07,219.6,49.38,54.26,874.32
2024-10-07 00:00:00,117.27,97.05,21.92,0.944,721.45,277.15,40.65,54.31,1093.56
2024-10-07 01:00:00,117.34,97.34,24.55,1.0,700.75,262.16,38.44,67.37,1068.72
2024-10-07 02:00:00,108.83,87.41,26.02,0.855,668.3,245.24,47.5,66.57,1027.6
2024-10-07 03:00:00,90.03,82.59,23.98,0.81,561.06,229.35,42.39,65.48,898.27
2024-10-07 04:00:00,90.5,87.39,22.85,0.842,573.4,241.44,40.92,57.29,913.06
2024-10-07 05:00:00,91.8,84.51,21.62,0.804,580.17,230.18,39.43,58.13,907.9
2024-10-07 06:00:00,81.77,73.16,21.6,0.749,542.12,204.86,37.64,52.12,836.75
2024-10-07 07:00:00,86.12,97.43,24.32,0.998,548.72,272.76,44.48,58.54,924.5
2024-10-07 08:00:00,88.32,85.49,25.93,0.866,572.0,245.93,50.54,60.85,929.32
2024-10-07 09:00:00,107.14,94.13,23.16,0.91,658.0,255.45,41.14,67.5,1022.09
2024-10-07 10:00:00,114.23,91.62,22.92,0.906,705.95,258.79,41.46,58.62,1064.82
2024-10-07 11:00:00,109.45,96.03,24.8,1.0,653.03,253.82,47.64,58.33,1012.83
2024-10-07 12:00:00,115.59,96.97,22.73,0.899,701.8,262.6,50.39,61.45,1076.24
2024-10-07 13:00:00,110.27,85.69,24.17,0.951,649.96,241.0,43.13,64.25,998.34
2024-10-07 14:00:00,109.96,89.63,23.82,0.901,669.33,255.82,36.46,67.76,1029.38
2024-10-07 15:00:00,102.04,94.99,23.14,0.941,638.36,260.67,38.47,56.5,994.0
2024-10-07 16:00:00,95.75,97.59,23.73,1.0,610.3,268.21,45.53,59.15,983.19
2024-10-07 17:00:00,88.34,86.0,26.4,0.757,567.6,237.79,53.97,60.68,920.04
2024-10-07 18:00:00,96.74,93.89,24.66,1.0,601.38,258.74,41.01,58.67,959.81
2024-10-07 19:00:00,82.9,80.67,25.39,0.9,538.85,236.99,45.94,56.9,878.68
2024-10-07 20:00:00,85.66,82.4,22.38,0.878,568.42,223.33,40.76,58.72,891.22
2024-10-07 21:00:00,98.43,94.67,25.4,0.842,612.74,265.62,43.04,53.91,975.31
2024-10-07 22:00:00,101.23,98.93,24.71,1.0,633.83,266.49,51.03,56.97,1008.31
2024-10-07 23:00:00,107.02,100.0,21.51,1.0,651.67,261.56,44.66,53.83,1011.72
2024-10-08 00:00:00,110.99,90.17,24.39,0.979,683.54,247.74,45.69,60.06,1037.03
2024-10-08 01:00:00,109.3,94.32,22.81,0.873,673.76,265.8,39.79,58.04,1037.39
2024-10-08 02:00:00,103.68,93.23,21.27,0.983,633.52,252.89,43.82,57.27,987.51
2024-10-08 03:00:00,102.07,89.74,23.78,0.987,636.58,250.25,45.26,60.08,992.17
2024-10-08 04:00:00,90.48,87.18,24.39,0.873,578.97,233.39,42.56,47.63,902.56
2024-10-08 05:00:00,86.29,87.25,23.81,0.8,557.38,232.27,47.15,58.41,895.21
2024-10-08 06:00:00,88.58,89.3,23.42,0.934,562.56,241.07,44.03,60.97,908.64
2024-10-08 07:00:00,83.94,90.4,23.09,0.957,549.55,255.92,35.32,64.87,905.67
2024-10-08 08:00:00,91.44,84.07,27.28,0.834,569.73,236.25,45.54,63.05,914.57
2024-10-08 09:00:00,101.46,83.91,21.81,0.78,627.39,242.81,34.68,66.35,971.24
2024-10-08 10:00:00,99.73,91.66,24.89,0.966,619.56,259.43,49.33,52.83,981.16
2024-10-08 11:00:00,103.45,100.0,23.61,0.962,646.62,265.45,40.09,65.23,1017.39
2024-10-08 12:00:00,116.38,95.81,22.3,0.978,694.19,270.6,43.05,61.49,1069.34
2024-10-08 13:00:00,114.96,100.0,23.51,1.0,696.72,266.73,51.41,57.32,1072.18
2024-10-08 14:00:00,115.76,100.0,21.5,0.917,694.85,276.0,43.18,60.54,1074.56
2024-10-08 15:00:00,100.63,91.27,22.69,0.958,624.04,257.43,39.57,75.63,996.66
2024-10-08 16:00:00,95.78,87.92,23.51,0.869,602.03,245.03,39.75,60.73,947.54
2024-10-08 17:00:00,86.23,78.5,21.26,0.776,540.91,225.24,38.77,60.4,865.33
2024-10-08 18:00:00,86.19,71.69,24.34,0.743,561.06,212.46,40.11,64.3,877.92
2024-10-08 19:00:00,93.68,81.28,22.14,0.774,591.82,231.38,35.67,58.91,917.77
2024-10-08 20:00:00,84.0,80.05,21.41,0.742,533.15,225.77,36.78,56.04,851.73
2024-10-08 21:00:00,101.65,96.31,21.96,0.874,625.54,259.4,42.13,67.02,994.1
2024-10-08 22:00:00,116.04,97.51,26.85,1.0,712.17,262.47,46.64,52.8,1074.08
2024-10-08 23:00:00,114.12,94.46,20.62,0.926,693.92,265.68,39.1,60.22,1058.92
2024-10-09 00:00:00,121.6,96.35,24.07,0.992,720.29,252.8,45.6,59.68,1078.37
2024-10-09 01:00:00,110.47,98.52,22.29,0.961,666.1,263.91,43.43,55.83,1029.27
2024-10-09 02:00:00,107.37,100.0,22.89,0.942,661.86,268.04,33.88,53.41,1017.2
2024-10-09 03:00:00,100.13,95.38,24.32,0.986,626.63,258.94,37.28,59.36,982.21
2024-10-09 04:00:00,83.63,84.85,24.25,0.865,541.05,239.96,42.5,61.83,885.34
2024-10-09 05:00:00,82.34,73.79,22.39,0.726,529.35,206.87,36.25,65.24,837.71
2024-10-09 06:00:00,80.61,78.55,21.38,0.801,529.54,231.1,43.42,56.14,860.2
2024-10-09 07:00:00,90.3,94.89,24.35,0.901,568.99,264.58,42.37,56.08,932.02
2024-10-09 08:00:00,95.99,93.6,24.24,0.989,593.11,260.61,51.23,67.63,972.58
2024-10-09 09:00:00,101.3,82.96,22.99,0.894,639.17,232.97,39.82,57.66,969.63
2024-10-09 10:00:00,110.8,95.12,24.08,0.989,677.89,255.32,44.97,58.33,1036.52
2024-10-09 11:00:00,112.33,97.98,22.75,0.961,675.39,263.81,38.67,66.09,1043.97
2024-10-09 12:00:00,119.81,96.09,22.17,0.964,720.11,262.16,42.26,51.77,1076.31
2024-10-09 13:00:00,113.03,84.97,23.42,0.928,685.35,242.43,44.6,53.99,1026.36
2024-10-09 14:00:00,107.73,94.36,24.19,1.0,655.86,257.67,47.5,66.96,1027.98
2024-10-09 15:00:00,98.94,85.53,23.88,0.955,616.56,241.78,42.84,56.99,958.17
2024-10-09 16:00:00,95.24,83.7,24.18,0.798,588.76,233.17,49.0,57.33,928.26
2024-10-09 17:00:00,85.32,80.89,22.27,0.765,553.61,231.58,41.69,57.75,884.64
2024-10-09 18:00:00,88.91,83.78,25.79,0.845,564.48,234.45,44.24,58.4,901.57
2024-10-09 19:00:00,82.48,81.2,22.9,0.832,519.53,232.12,39.08,57.7,848.43
2024-10-09 20:00:00,88.1,79.63,23.24,0.789,558.7,216.63,45.14,60.71,881.18
2024-10-09 21:00:00,102.75,90.27,21.44,0.883,628.82,252.5,45.06,66.26,992.64
2024-10-09 22:00:00,107.15,84.79,23.12,0.911,631.81,241.29,37.53,55.98,966.61
2024-10-09 23:00:00,111.17,97.14,24.21,0.967,674.63,267.17,46.99,57.04,1045.83
2024-10-10 00:00:00,118.56,85.0,24.39,0.789,721.1,232.57,38.35,60.16,1052.18
2024-10-10 01:00:00,110.56,93.83,25.59,0.883,671.94,252.79,43.99,67.86,1036.58
2024-10-10 02:00:00,106.7,97.95,24.03,0.992,659.16,260.47,45.6,58.52,1023.76
2024-10-10 03:00:00,105.6,87.5,23.66,1.0,648.05,245.73,39.6,55.5,988.89
2024-10-10 04:00:00,98.66,92.91,22.58,0.88,609.63,259.06,46.9,49.9,965.49
2024-10-10 05:00:00,93.3,92.43,22.25,0.909,580.64,249.92,42.89,56.2,929.65
2024-10-10 06:00:00,83.87,65.4,24.7,0.774,529.1,205.23,40.13,55.66,830.12
2024-10-10 07:00:00,91.93,85.21,24.67,0.828,587.07,246.75,47.43,54.04,
2024-10-10 08:00:00,88.7,69.97,21.63,0.723,569.37,207.77,34.72,60.35,872.21
2024-10-10 09:00:00,96.37,87.6,24.33,0.97,599.64,246.18,44.21,58.69,948.7
2024-10-10 10:00:00,98.1,89.01,24.22,0.843,594.3,236.85,47.51,67.13,945.78
2024-10-10 11:00:00,119.68,87.43,21.57,0.859,722.19,240.42,42.84,61.08,1066.53
2024-10-10 12:00:00,111.54,100.0,24.06,0.976,670.48,262.49,43.35,65.04,1041.37
2024-10-10 13:00:00,112.48,97.67,21.67,0.901,683.57,259.65,38.62,59.14,1040.99
2024-10-10 14:00:00,103.86,87.68,19.6,0.955,626.96,247.22,35.37,55.61,965.16
2024-10-10 15:00:00,102.78,98.72,23.0,0.958,634.64,271.84,42.54,63.09,1012.11
2024-10-10 16:00:00,91.0,76.52,23.63,0.721,573.94,225.48,46.15,54.36,899.93
2024-10-10 17:00:00,81.79,74.75,23.07,0.725,509.67,218.42,50.19,65.79,844.07
2024-10-10 18:00:00,86.77,71.89,27.55,0.765,566.78,214.1,48.16,56.26,885.3
2024-10-10 19:00:00,81.27,89.64,23.81,0.902,523.77,238.71,46.65,63.7,872.83
2024-10-10 20:00:00,89.15,86.24,23.47,0.823,563.68,233.36,45.7,61.88,904.61
2024-10-10 21:00:00,91.57,89.08,23.89,0.911,582.14,245.82,41.49,55.14,924.6
2024-10-10 22:00:00,101.8,92.41,22.58,0.965,628.62,257.64,43.93,66.05,996.24
2024-10-10 23:00:00,113.7,99.72,24.64,0.996,691.43,266.73,41.48,69.6,1069.25
2024-10-11 00:00:00,107.14,93.96,23.62,0.928,646.55,249.15,43.94,56.25,995.9
2024-10-11 01:00:00,107.07,94.89,23.55,1.0,654.19,255.11,41.94,56.73,1007.97
2024-10-11 02:00:00,107.49,94.28,22.14,0.934,642.18,252.39,42.02,60.34,996.94
2024-10-11 03:00:00,97.83,85.87,20.73,0.939,607.23,229.98,42.09,64.34,943.64
2024-10-11 04:00:00,100.47,90.0,22.32,0.862,633.9,262.35,38.47,66.12,1000.84
2024-10-11 05:00:00,94.35,88.54,23.5,0.846,579.68,253.33,42.66,58.21,933.88
2024-10-11 06:00:00,81.53,81.32,22.41,0.768,524.84,218.91,40.22,60.69,844.66
2024-10-11 07:00:00,89.24,77.23,23.51,0.76,549.2,210.65,38.37,58.24,856.46
2024-10-11 08:00:00,95.5,81.02,22.73,0.81,597.55,225.31,39.83,57.94,920.63
2024-10-11 09:00:00,97.61,94.22,23.72,0.876,611.78,248.92,40.78,57.34,958.83
2024-10-11 10:00:00,101.52,89.22,21.61,0.897,630.66,261.67,35.49,53.18,981.0
2024-10-11 11:00:00,112.94,99.39,23.36,1.0,679.89,263.91,39.24,64.32,1047.36
2024-10-11 12:00:00,114.31,91.69,22.11,0.844,674.39,254.73,39.17,60.51,1028.8
2024-10-11 13:00:00,111.25,88.26,20.77,0.857,666.3,242.31,40.22,67.63,1016.46
2024-10-11 14:00:00,109.27,90.42,22.83,0.933,676.4,242.87,36.52,64.12,1019.91
2024-10-11 15:00:00,97.0,87.39,25.38,0.819,612.02,249.79,50.89,58.0,970.7
2024-10-11 16:00:00,87.89,80.62,20.89,0.79,558.73,233.23,42.45,54.29,888.71
2024-10-11 17:00:00,87.45,90.19,23.25,0.956,558.53,249.05,41.92,69.34,918.83
2024-10-11 18:00:00,86.54,84.17,24.27,0.931,544.5,251.05,39.21,51.51,886.27
2024-10-11 19:00:00,82.3,90.4,26.53,0.926,541.84,251.24,47.3,58.29,898.67
2024-10-11 20:00:00,96.21,90.13,22.34,0.893,595.31,246.53,39.51,58.37,939.72
2024-10-11 21:00:00,92.92,74.4,22.13,0.719,588.09,227.72,35.91,56.76,908.48
2024-10-11 22:00:00,105.19,97.87,21.33,1.0,635.31,267.96,35.35,55.74,994.37
2024-10-11 23:00:00,111.96,88.43,24.79,0.941,678.37,255.47,48.08,53.89,1035.81
2024-10-12 00:00:00,83.71,83.01,21.61,0.772,548.51,234.08,38.7,56.37,877.67
2024-10-12 01:00:00,82.48,77.37,22.35,0.819,524.84,204.39,44.17,59.74,833.14
2024-10-12 02:00:00,88.11,94.77,20.13,0.917,566.54,249.66,39.95,61.53,917.68
2024-10-12 03:00:00,71.6,83.0,24.23,0.787,469.34,240.79,47.03,57.38,814.53
2024-10-12 04:00:00,79.14,75.86,24.64,0.751,508.48,215.77,47.63,57.35,829.24
2024-10-12 05:00:00,67.01,72.87,24.18,0.778,454.96,214.54,45.78,54.79,770.07
2024-10-12 06:00:00,64.12,73.28,20.5,0.748,448.36,220.7,44.73,60.84,774.63
2024-10-12 07:00:00,67.16,77.9,23.82,0.793,453.43,224.66,43.67,60.24,782.0
2024-10-12 08:00:00,79.49,79.89,20.4,0.817,522.42,222.62,34.02,61.9,840.96
2024-10-12 09:00:00,71.03,70.39,22.99,0.727,484.28,207.75,36.45,57.29,785.77
2024-10-12 10:00:00,76.14,74.48,23.21,0.739,494.55,217.06,39.57,55.45,806.63
2024-10-12 11:00:00,81.72,80.84,23.37,0.84,516.42,227.31,45.44,59.9,849.07
2024-10-12 12:00:00,86.38,89.36,23.71,0.861,549.05,239.35,41.48,62.6,892.48
2024-10-12 13:00:00,77.84,81.06,22.89,0.843,519.38,228.09,42.43,55.56,845.47
2024-10-12 14:00:00,80.71,76.49,19.96,0.808,517.07,220.07,42.14,56.86,836.15
2024-10-12 15:00:00,81.77,84.13,23.71,0.876,536.99,228.01,43.73,53.88,862.61
2024-10-12 16:00:00,69.98,73.06,23.05,0.768,467.8,207.91,32.73,54.14,762.58
2024-10-12 17:00:00,64.09,76.5,21.55,0.788,454.48,216.34,35.25,57.27,763.34
2024-10-12 18:00:00,61.28,83.27,20.55,0.891,444.35,223.71,47.06,55.79,770.92
2024-10-12 19:00:00,68.85,72.63,25.22,0.613,472.51,213.3,47.09,64.0,796.9
2024-10-12 20:00:00,66.07,77.04,24.75,0.813,437.19,223.21,34.16,60.15,754.71
2024-10-12 21:00:00,82.39,77.47,23.97,0.873,512.7,219.41,43.82,66.33,842.26
2024-10-12 22:00:00,88.36,83.62,21.89,0.805,562.28,227.39,47.21,66.38,903.25
2024-10-12 23:00:00,85.77,83.03,19.13,0.794,556.1,236.81,41.1,60.08,894.08
2024-10-13 00:00:00,86.2,82.13,23.89,0.886,555.03,235.76,43.57,49.98,
2024-10-13 01:00:00,88.87,96.75,23.29,0.921,558.54,263.76,35.01,61.99,919.3
2024-10-13 02:00:00,85.0,80.97,22.18,0.776,533.13,230.28,39.23,65.72,868.37
2024-10-13 03:00:00,71.78,78.82,24.43,0.797,486.32,229.09,37.79,63.16,816.37
2024-10-13 04:00:00,67.27,63.98,24.01,0.6,471.21,193.79,38.73,61.74,765.48
2024-10-13 05:00:00,59.97,72.14,23.0,0.765,414.48,206.0,36.0,58.76,715.24
2024-10-13 06:00:00,65.39,78.4,22.79,0.744,453.53,224.23,48.38,54.11,780.25
2024-10-13 07:00:00,67.92,71.32,22.82,0.731,480.44,207.43,44.38,63.13,795.38
2024-10-13 08:00:00,63.98,59.44,23.76,0.609,438.36,184.39,48.77,59.02,730.55
2024-10-13 09:00:00,73.18,76.4,21.45,0.847,484.54,225.74,34.71,61.56,806.55
2024-10-13 10:00:00,75.24,77.7,23.38,0.835,500.66,215.97,43.24,57.06,816.93
2024-10-13 11:00:00,81.15,84.19,21.36,0.815,523.46,237.87,35.97,70.0,867.3
2024-10-13 12:00:00,88.45,94.28,24.74,0.88,572.98,250.48,41.33,61.2,925.99
2024-10-13 13:00:00,81.81,79.0,23.54,0.832,525.81,220.4,44.64,58.1,848.96
2024-10-13 14:00:00,79.42,75.43,21.71,0.722,516.86,227.84,40.72,54.32,839.74
2024-10-13 15:00:00,68.49,68.41,22.86,0.667,450.91,206.41,42.69,53.01,753.02
2024-10-13 16:00:00,70.12,76.05,21.46,0.708,468.73,220.67,34.98,63.1,787.48
2024-10-13 17:00:00,65.08,74.94,25.0,0.783,437.34,207.42,45.9,57.09,747.75
2024-10-13 18:00:00,60.83,67.69,25.17,0.645,426.94,200.73,47.1,57.75,732.52
2024-10-13 19:00:00,64.5,76.14,23.78,0.76,429.19,207.47,40.51,57.29,734.45
2024-10-13 20:00:00,70.1,77.38,25.07,0.773,478.32,222.71,44.45,54.54,800.02
2024-10-13 21:00:00,71.74,76.09,22.97,0.77,471.73,212.3,35.16,58.55,777.74
2024-10-13 22:00:00,74.72,72.85,23.88,0.762,507.87,216.33,34.77,60.28,819.25
2024-10-13 23:00:00,91.97,83.57,24.58,0.824,590.79,236.47,52.67,54.97,934.9
2024-10-14 00:00:00,112.47,84.08,22.56,0.804,686.62,229.28,41.83,61.66,1019.39
2024-10-14 01:00:00,112.6,97.48,22.68,0.882,670.71,267.0,39.79,53.88,1031.38
2024-10-14 02:00:00,111.54,95.9,23.97,0.964,672.69,273.96,46.74,57.8,1051.19
2024-10-14 03:00:00,114.12,98.0,23.54,0.972,683.41,264.58,39.29,61.82,1049.11
2024-10-14 04:00:00,87.52,86.28,21.44,0.827,551.44,246.48,40.44,59.93,898.29
2024-10-14 05:00:00,88.81,86.33,19.29,0.866,576.66,228.68,44.43,51.79,901.56
2024-10-14 06:00:00,82.17,80.53,22.31,0.848,529.63,231.93,36.15,46.07,843.77
2024-10-14 07:00:00,84.85,82.67,19.43,0.882,539.01,230.19,38.03,62.83,870.07
2024-10-14 08:00:00,89.62,77.79,21.08,0.701,562.11,221.74,34.48,63.45,881.78
2024-10-14 09:00:00,95.5,84.83,21.26,0.83,593.23,241.71,43.34,62.19,940.47
2024-10-14 10:00:00,107.33,93.92,21.72,0.987,660.94,255.77,40.82,58.86,1016.39
2024-10-14 11:00:00,107.09,89.87,23.8,0.978,642.45,239.02,47.93,58.76,988.15
2024-10-14 12:00:00,118.79,100.0,24.13,0.959,714.72,279.16,47.2,59.47,1100.55
2024-10-14 13:00:00,113.21,93.31,23.33,1.0,689.44,247.25,41.36,62.93,1040.98
2024-10-14 14:00:00,109.19,95.68,23.52,0.889,652.07,255.88,44.38,59.33,1011.66
2024-10-14 15:00:00,98.14,89.65,23.56,0.954,599.34,249.03,44.49,61.87,954.73
2024-10-14 16:00:00,91.03,89.25,18.83,0.878,574.77,248.24,42.93,66.57,932.52
2024-10-14 17:00:00,88.16,88.58,22.59,0.964,572.33,248.59,46.92,55.16,923.01
2024-10-14 18:00:00,80.34,83.64,19.88,0.813,531.34,236.45,35.64,59.07,862.5
2024-10-14 19:00:00,85.58,72.26,23.34,0.707,543.02,218.63,34.9,55.71,852.26
2024-10-14 20:00:00,89.06,90.5,19.43,0.898,576.58,252.99,35.8,58.03,923.4
2024-10-14 21:00:00,96.44,95.86,22.3,0.882,599.63,254.18,42.43,59.49,955.74
2024-10-14 22:00:00,99.06,87.12,23.39,0.783,612.68,227.36,44.16,55.6,939.8
2024-10-14 23:00:00,118.35,100.0,20.89,1.0,712.49,270.91,37.72,51.88,1073.0
2024-10-15 00:00:00,112.25,91.67,23.85,0.966,687.98,261.31,42.24,53.47,1045.0
2024-10-15 01:00:00,117.64,89.08,23.16,0.921,703.35,239.55,38.76,62.22,1043.88
2024-10-15 02:00:00,111.78,92.19,22.98,0.859,675.69,247.31,41.33,56.66,1020.99
2024-10-15 03:00:00,94.86,84.73,23.45,0.871,584.29,240.06,39.84,58.91,923.1
2024-10-15 04:00:00,88.15,82.3,21.87,0.773,563.54,235.73,46.55,60.25,906.06
2024-10-15 05:00:00,97.25,83.83,22.63,0.859,613.72,242.78,46.43,64.54,967.47
2024-10-15 06:00:00,92.0,82.33,22.42,0.88,587.98,242.75,43.65,58.58,932.96
2024-10-15 07:00:00,86.88,83.39,22.39,0.852,543.49,236.53,40.82,61.23,882.07
2024-10-15 08:00:00,93.53,82.91,21.4,0.903,584.58,228.56,44.56,54.34,912.04
2024-10-15 09:00:00,97.48,91.46,20.54,0.907,617.35,246.68,40.39,59.2,963.62
2024-10-15 10:00:00,109.23,98.02,21.9,0.969,668.0,262.59,40.64,55.11,1026.35
2024-10-15 11:00:00,110.12,100.0,21.82,1.0,670.88,276.19,33.09,59.29,1039.45
2024-10-15 12:00:00,106.87,99.06,21.3,0.924,654.44,265.03,41.04,60.64,1021.15
2024-10-15 13:00:00,107.7,95.07,23.68,0.931,662.85,265.41,37.86,58.83,1024.96
2024-10-15 14:00:00,107.58,90.69,20.65,0.891,660.21,241.3,38.39,57.88,997.78
2024-10-15 15:00:00,95.48,89.21,22.15,0.878,592.78,249.06,40.94,61.35,944.12
2024-10-15 16:00:00,92.23,87.75,24.15,0.891,588.2,239.77,40.28,57.98,926.24
2024-10-15 17:00:00,82.71,78.79,23.77,0.714,523.93,228.59,45.1,57.93,855.55
2024-10-15 18:00:00,81.87,84.85,24.23,0.791,539.93,236.66,48.22,54.74,879.54
2024-10-15 19:00:00,90.42,78.22,21.52,0.839,564.94,229.05,36.46,62.53,892.99
2024-10-15 20:00:00,93.49,85.52,23.58,0.755,591.83,236.99,43.32,59.79,931.93
2024-10-15 21:00:00,99.96,92.76,20.81,0.958,618.49,254.64,35.01,57.6,965.74
2024-10-15 22:00:00,111.02,94.07,21.99,0.922,671.27,262.4,35.33,54.81,1023.8
2024-10-15 23:00:00,114.91,96.42,22.13,0.972,705.42,261.88,41.48,71.68,1080.46
2024-10-16 00:00:00,120.79,99.7,21.38,1.0,729.87,269.73,42.85,44.92,1087.37
2024-10-16 01:00:00,111.15,91.4,21.7,0.907,675.28,256.5,33.96,56.21,1021.95
2024-10-16 02:00:00,105.78,98.76,21.5,1.0,662.87,266.94,48.19,57.59,1035.59
2024-10-16 03:00:00,94.8,82.31,20.77,0.826,601.82,223.34,38.01,64.6,927.77
2024-10-16 04:00:00,90.78,86.98,23.52,0.864,567.48,239.24,43.57,58.43,908.71
2024-10-16 05:00:00,90.87,87.5,21.97,0.863,556.26,232.21,37.86,60.91,887.25
2024-10-16 06:00:00,90.2,80.36,22.54,0.839,571.85,227.25,39.84,57.79,896.73
2024-10-16 07:00:00,90.85,85.79,22.48,0.821,585.32,242.99,46.95,69.22,944.48
2024-10-16 08:00:00,85.32,78.11,22.32,0.725,551.5,224.79,46.6,61.98,884.86
2024-10-16 09:00:00,104.33,99.12,22.38,0.995,654.25,276.52,34.08,56.75,1021.61
2024-10-16 10:00:00,100.15,84.38,21.78,0.853,615.94,244.89,37.75,63.52,962.1
2024-10-16 11:00:00,116.58,95.02,24.37,0.859,701.98,261.09,56.06,58.76,1077.89
2024-10-16 12:00:00,113.53,90.64,23.38,0.906,686.9,236.0,40.75,69.13,1032.78
2024-10-16 13:00:00,115.8,91.11,22.27,0.85,700.93,255.36,42.17,66.76,1065.22
2024-10-16 14:00:00,102.17,99.04,21.57,1.0,636.99,263.36,44.55,61.47,1006.36
2024-10-16 15:00:00,104.68,95.06,22.06,0.86,656.48,264.91,43.52,58.82,1023.73
2024-10-16 16:00:00,86.64,84.02,22.87,0.936,567.94,238.32,30.29,56.83,893.38
2024-10-16 17:00:00,84.34,78.89,24.49,0.772,555.01,229.6,45.82,64.41,894.83
2024-10-16 18:00:00,81.01,85.04,20.18,0.807,530.39,241.6,47.0,67.26,886.25
2024-10-16 19:00:00,79.99,75.88,23.23,0.745,517.22,233.68,42.33,58.54,851.77
2024-10-16 20:00:00,92.88,90.41,23.93,0.932,586.2,252.98,39.31,62.25,940.73
2024-10-16 21:00:00,107.22,89.25,20.01,0.937,661.36,239.74,35.91,62.53,999.55
2024-10-16 22:00:00,118.17,95.86,21.97,0.945,711.92,267.74,39.2,64.45,1083.31
2024-10-16 23:00:00,113.38,100.0,20.64,0.928,679.58,267.42,42.7,56.11,1045.81
2024-10-17 00:00:00,119.47,100.0,22.72,0.939,713.63,278.07,52.85,62.22,1106.78
2024-10-17 01:00:00,113.92,99.95,21.54,1.0,696.54,279.15,38.84,71.22,1085.74
2024-10-17 02:00:00,109.5,89.5,21.88,0.944,665.51,251.68,42.25,60.48,1019.91
2024-10-17 03:00:00,98.63,87.08,21.46,0.927,613.35,235.21,33.82,62.27,944.65
2024-10-17 04:00:00,93.28,87.42,23.15,0.883,585.77,240.83,35.34,61.89,923.84
2024-10-17 05:00:00,89.16,80.33,22.42,0.852,558.66,236.74,38.76,62.77,896.94
2024-10-17 06:00:00,82.69,88.2,22.42,0.978,532.06,257.21,42.54,54.21,886.02
2024-10-17 07:00:00,86.7,71.34,22.31,0.773,549.84,210.19,40.22,70.24,870.48
2024-10-17 08:00:00,92.27,82.24,22.93,0.868,575.8,231.05,41.89,60.5,909.24
2024-10-17 09:00:00,103.31,89.1,21.68,0.851,628.06,240.04,38.9,62.72,969.73
2024-10-17 10:00:00,103.24,77.4,24.63,0.822,635.37,215.53,44.61,60.44,955.96
2024-10-17 11:00:00,112.78,89.41,20.22,0.917,688.87,249.16,38.82,64.72,1041.57
2024-10-17 12:00:00,122.65,100.0,19.49,1.0,742.2,274.2,34.6,57.49,1108.5
2024-10-17 13:00:00,117.65,98.97,19.36,1.0,697.08,258.92,34.03,53.46,1043.5
2024-10-17 14:00:00,112.9,100.0,18.95,1.0,697.33,274.98,45.44,59.41,1077.16
2024-10-17 15:00:00,100.1,97.77,23.08,0.973,622.83,273.56,38.66,62.4,997.45
2024-10-17 16:00:00,93.78,89.06,22.9,0.837,579.9,250.8,40.66,58.27,929.63
2024-10-17 17:00:00,91.02,87.08,23.89,0.856,571.86,252.78,48.15,56.64,929.44
2024-10-17 18:00:00,91.24,85.95,20.49,0.87,561.19,242.63,38.92,61.74,904.48
2024-10-17 19:00:00,79.2,66.33,23.19,0.677,503.04,201.48,45.66,55.36,805.54
2024-10-17 20:00:00,87.24,76.65,22.16,0.779,569.96,223.03,36.73,64.9,894.63
2024-10-17 21:00:00,105.24,93.12,22.32,0.979,640.59,263.71,46.8,58.44,1009.55
2024-10-17 22:00:00,106.39,96.28,23.01,1.0,656.26,265.41,42.73,62.49,1026.88
2024-10-17 23:00:00,110.3,96.6,20.94,0.963,670.63,259.68,39.89,54.19,1024.4
2024-10-18 00:00:00,109.98,90.53,25.79,0.863,670.06,252.65,46.16,66.77,1035.64
2024-10-18 01:00:00,110.77,100.0,23.91,1.0,676.8,272.6,46.49,62.34,1058.23
2024-10-18 02:00:00,101.89,98.36,21.11,1.0,612.78,265.28,40.94,63.07,982.07
2024-10-18 03:00:00,108.36,98.87,20.27,1.0,672.37,273.77,27.21,53.55,1026.89
2024-10-18 04:00:00,92.41,91.15,21.78,0.897,581.26,251.97,38.21,56.25,927.69
2024-10-18 05:00:00,86.78,80.59,22.18,0.833,549.85,233.48,41.62,61.0,885.94
2024-10-18 06:00:00,87.35,89.06,23.51,0.92,560.51,250.08,38.84,54.59,3164.035
2024-10-18 07:00:00,90.86,86.16,20.16,0.891,568.53,236.58,37.98,56.87,899.95
2024-10-18 08:00:00,96.28,90.7,22.34,0.976,603.08,244.59,39.06,63.78,950.51
2024-10-18 09:00:00,104.29,93.97,19.62,0.959,640.15,253.05,46.38,56.97,996.55
2024-10-18 10:00:00,104.98,91.88,22.56,0.985,650.57,252.46,43.41,61.87,1008.31
2024-10-18 11:00:00,111.8,91.6,21.75,0.928,677.28,261.91,41.32,55.86,1036.37
2024-10-18 12:00:00,118.08,98.63,24.81,1.0,702.14,266.83,40.4,63.0,1072.38
2024-10-18 13:00:00,110.88,100.0,19.59,1.0,677.3,272.24,37.26,54.4,1041.2
2024-10-18 14:00:00,107.48,91.53,23.97,0.961,655.23,257.46,46.94,62.97,1022.6
2024-10-18 15:00:00,101.6,95.26,19.35,0.992,613.41,257.9,42.64,70.82,984.77
2024-10-18 16:00:00,95.64,91.51,19.92,1.0,599.78,249.67,34.32,57.33,941.1
2024-10-18 17:00:00,79.9,78.45,19.39,0.838,515.19,231.06,45.6,56.69,848.55
2024-10-18 18:00:00,87.86,90.87,22.29,0.866,562.06,254.24,37.07,65.7,919.07
2024-10-18 19:00:00,86.07,81.26,20.15,0.825,543.53,227.26,41.43,60.32,872.55
2024-10-18 20:00:00,95.33,95.21,19.89,0.939,587.0,257.47,50.93,54.15,949.56
2024-10-18 21:00:00,103.11,93.72,22.21,1.0,644.98,257.33,38.71,61.7,1002.72
2024-10-18 22:00:00,113.93,96.89,22.59,1.0,696.4,265.44,41.73,61.08,1064.65
2024-10-18 23:00:00,118.4,94.76,21.97,1.0,711.97,266.47,37.76,56.84,1073.04
2024-10-19 00:00:00,91.64,85.38,21.5,0.816,581.68,242.48,40.7,56.64,921.51
2024-10-19 01:00:00,90.52,84.24,24.49,0.897,579.07,231.0,50.18,64.34,924.6
2024-10-19 02:00:00,81.79,74.6,21.97,0.678,528.87,211.95,39.22,55.06,835.1
2024-10-19 03:00:00,75.13,76.48,22.96,0.685,485.98,222.46,40.54,53.15,802.12
2024-10-19 04:00:00,72.87,72.41,21.96,0.704,486.73,212.93,44.41,56.12,800.19
2024-10-19 05:00:00,68.19,77.02,20.1,0.846,468.95,216.68,34.95,64.33,784.9
2024-10-19 06:00:00,62.51,77.79,22.57,0.728,437.31,229.67,41.36,58.69,767.04
2024-10-19 07:00:00,66.88,67.3,20.76,0.672,454.86,187.85,37.09,57.18,736.97
2024-10-19 08:00:00,69.23,83.18,21.61,0.891,470.7,236.69,39.05,59.66,806.09
2024-10-19 09:00:00,71.58,75.15,22.2,0.794,476.14,208.53,36.82,62.44,783.92
2024-10-19 10:00:00,85.79,78.02,18.83,0.891,557.29,229.12,34.28,67.67,888.37
2024-10-19 11:00:00,84.96,86.27,19.33,0.863,555.6,239.58,31.17,61.75,888.09
2024-10-19 12:00:00,94.44,84.99,23.11,0.828,581.85,242.97,40.19,69.8,934.81
2024-10-19 13:00:00,78.24,78.71,20.75,0.732,520.13,222.95,40.91,63.66,847.65
2024-10-19 14:00:00,78.4,77.18,20.82,0.753,529.89,230.03,43.25,58.51,861.68
2024-10-19 15:00:00,75.13,73.48,22.0,0.68,499.86,203.12,34.66,64.46,802.09
2024-10-19 16:00:00,73.92,80.58,21.17,0.716,497.49,234.5,40.61,63.18,835.79
2024-10-19 17:00:00,66.86,72.0,22.37,0.818,449.1,207.54,42.91,65.81,765.36
2024-10-19 18:00:00,64.99,65.31,21.67,0.656,440.93,199.41,41.44,63.68,745.46
2024-10-19 19:00:00,60.75,73.13,22.04,0.861,422.06,216.07,41.11,60.57,739.82
2024-10-19 20:00:00,64.75,66.35,20.69,0.621,440.52,190.97,31.35,57.6,720.43
2024-10-19 21:00:00,76.29,72.38,22.04,0.702,490.96,217.98,39.59,60.67,809.2
2024-10-19 22:00:00,75.17,83.55,23.4,0.797,494.46,237.81,42.2,52.59,827.06
2024-10-19 23:00:00,82.62,75.33,20.89,0.721,539.77,218.89,42.18,59.19,860.02
2024-10-20 00:00:00,88.25,72.54,22.96,0.769,550.88,214.65,47.27,54.1,866.91
2024-10-20 01:00:00,80.81,83.52,21.51,0.864,525.5,236.15,38.96,62.29,862.9
2024-10-20 02:00:00,87.05,82.0,22.69,0.864,556.42,237.22,39.86,64.17,897.66
2024-10-20 03:00:00,79.9,78.86,21.78,0.856,517.07,222.78,40.52,61.58,841.94
2024-10-20 04:00:00,63.09,69.97,21.53,0.755,439.42,211.96,40.09,59.19,750.65
2024-10-20 05:00:00,61.53,71.92,22.11,0.669,430.86,214.47,41.93,58.57,745.83
2024-10-20 06:00:00,54.61,63.54,23.4,0.609,390.05,192.4,44.64,66.01,693.11
2024-10-20 07:00:00,62.13,78.44,21.94,0.791,439.12,235.81,39.3,64.93,779.16
2024-10-20 08:00:00,72.44,68.84,22.3,0.875,486.69,207.27,42.54,54.69,791.19
2024-10-20 09:00:00,73.34,78.9,21.03,0.828,499.31,226.85,39.12,61.28,826.56
2024-10-20 10:00:00,82.47,84.44,23.94,0.85,531.81,240.78,37.69,61.63,871.9
2024-10-20 11:00:00,78.65,75.53,22.54,0.789,510.69,217.98,36.36,58.97,824.0
2024-10-20 12:00:00,89.44,79.6,21.7,0.766,565.54,234.37,30.66,53.17,883.74
2024-10-20 13:00:00,82.52,86.35,21.4,0.877,542.04,241.2,46.65,49.73,879.62
2024-10-20 14:00:00,80.67,75.38,23.05,0.802,522.18,223.22,47.03,60.86,853.29
2024-10-20 15:00:00,74.63,74.28,20.67,0.741,492.44,209.58,44.14,51.53,797.69
2024-10-20 16:00:00,64.29,76.58,18.91,0.728,457.13,210.05,39.13,57.38,763.69
2024-10-20 17:00:00,60.64,70.5,21.69,0.701,412.47,210.46,43.91,63.42,730.26
2024-10-20 18:00:00,67.62,64.82,23.37,0.632,460.96,193.83,46.06,62.08,762.93
2024-10-20 19:00:00,66.85,82.16,23.97,0.754,453.77,231.38,37.73,57.02,779.91
2024-10-20 20:00:00,73.58,74.14,21.42,0.713,485.87,201.64,36.86,64.48,788.84
2024-10-20 21:00:00,76.3,76.14,21.65,0.692,493.87,230.09,42.15,62.63,828.73
2024-10-20 22:00:00,81.2,81.88,22.36,0.757,520.67,232.57,38.7,57.56,849.5
2024-10-20 23:00:00,77.84,82.04,21.19,0.763,505.93,240.3,37.17,67.61,851.01
2024-10-21 00:00:00,113.92,100.0,22.2,1.0,693.56,261.64,43.65,62.44,
2024-10-21 01:00:00,112.88,88.14,21.29,0.956,691.22,245.69,36.69,56.1,1029.7
2024-10-21 02:00:00,115.31,100.0,22.94,0.923,682.33,272.45,51.62,49.74,1056.13
2024-10-21 03:00:00,102.75,95.09,22.51,1.0,624.13,260.49,47.29,61.12,993.03
2024-10-21 04:00:00,98.64,88.64,22.64,0.83,617.6,247.54,40.3,57.48,962.91
2024-10-21 05:00:00,89.4,88.64,21.12,0.924,572.06,237.8,45.0,60.1,914.96
2024-10-21 06:00:00,82.15,85.75,24.31,0.87,519.06,241.97,44.91,58.82,864.76
2024-10-21 07:00:00,87.48,76.83,22.15,0.8,564.38,216.29,38.6,49.01,868.28
2024-10-21 08:00:00,93.44,95.47,21.79,0.896,587.11,256.78,47.91,58.54,950.35
2024-10-21 09:00:00,96.24,80.33,20.28,0.713,607.19,228.79,41.56,54.49,932.03
2024-10-21 10:00:00,105.96,87.3,21.28,0.833,643.0,241.23,36.42,57.46,978.11
2024-10-21 11:00:00,112.17,94.77,21.59,0.969,669.72,257.26,41.84,57.11,1025.92
2024-10-21 12:00:00,121.42,100.0,20.24,1.0,724.64,276.74,46.71,60.32,1108.42
2024-10-21 13:00:00,104.67,90.79,20.98,0.856,641.22,249.73,40.01,61.5,992.46
2024-10-21 14:00:00,112.32,96.0,21.17,0.955,679.05,259.22,40.84,62.31,1041.42
2024-10-21 15:00:00,96.25,95.29,21.51,0.915,598.14,259.36,38.8,48.01,944.32
2024-10-21 16:00:00,87.01,82.0,18.78,0.819,568.6,225.54,41.41,67.11,902.66
2024-10-21 17:00:00,91.73,79.97,21.22,0.703,565.05,228.92,36.09,51.84,881.9
2024-10-21 18:00:00,87.93,81.88,20.86,0.894,552.88,236.27,36.82,59.93,885.9
2024-10-21 19:00:00,92.03,92.87,21.39,0.93,576.79,256.91,38.63,55.86,928.18
2024-10-21 20:00:00,95.7,88.21,22.98,0.928,598.71,245.45,42.43,61.48,948.06
2024-10-21 21:00:00,108.24,100.0,24.5,0.988,666.89,273.61,48.95,50.85,1040.3
2024-10-21 22:00:00,109.73,98.56,22.44,0.995,675.6,263.65,40.2,67.75,1047.19
2024-10-21 23:00:00,112.36,92.96,19.57,0.986,690.43,255.45,43.31,58.2,1047.4
2024-10-22 00:00:00,116.37,98.44,20.74,0.991,705.71,275.12,38.24,62.5,1081.57
2024-10-22 01:00:00,117.96,94.72,22.16,0.956,695.98,257.14,42.64,56.0,1051.75
2024-10-22 02:00:00,104.38,88.85,21.99,0.849,628.6,250.23,44.8,68.3,991.93
2024-10-22 03:00:00,97.39,100.0,22.74,0.973,616.14,273.8,40.88,53.14,983.96
2024-10-22 04:00:00,91.26,90.73,21.12,0.857,584.98,245.98,41.41,46.85,919.21
2024-10-22 05:00:00,78.59,83.6,20.72,0.799,518.04,239.69,37.65,66.81,862.2
2024-10-22 06:00:00,85.55,79.66,23.89,0.859,541.2,223.65,45.75,54.12,864.71
2024-10-22 07:00:00,79.47,87.58,21.35,0.966,514.75,246.49,28.79,59.65,849.68
2024-10-22 08:00:00,92.71,91.85,19.74,0.856,580.37,249.15,33.5,67.79,930.81
2024-10-22 09:00:00,103.46,100.0,23.48,1.0,629.11,271.69,44.95,57.97,1003.71
2024-10-22 10:00:00,105.59,100.0,19.02,0.984,650.03,270.78,33.46,61.3,1015.57
2024-10-22 11:00:00,119.7,92.45,16.02,0.994,735.74,254.82,38.04,64.07,1092.68
2024-10-22 12:00:00,109.16,89.03,22.42,0.897,661.82,248.59,46.36,60.15,1016.93
2024-10-22 13:00:00,117.76,93.86,22.63,0.938,719.15,253.92,44.59,66.51,1084.16
2024-10-22 14:00:00,110.2,90.38,21.88,0.867,663.92,242.8,49.58,63.53,1019.83
2024-10-22 15:00:00,93.14,88.19,19.31,0.805,573.39,245.68,40.3,55.53,914.9
2024-10-22 16:00:00,103.34,88.84,21.17,0.926,644.62,253.18,39.67,63.66,1001.12
2024-10-22 17:00:00,86.75,93.74,20.85,0.955,552.02,260.35,40.04,59.83,912.25
2024-10-22 18:00:00,81.49,90.27,20.46,0.922,537.62,252.25,36.3,59.85,886.02
2024-10-22 19:00:00,81.38,80.66,23.38,0.777,538.67,226.32,41.63,61.66,868.29
2024-10-22 20:00:00,91.62,95.59,19.69,0.949,575.87,261.85,34.96,64.6,937.28
2024-10-22 21:00:00,99.49,97.19,21.74,1.0,628.2,259.11,44.69,55.19,987.18
2024-10-22 22:00:00,107.91,91.7,23.05,0.966,652.54,250.03,44.85,66.53,1013.95
2024-10-22 23:00:00,111.8,85.85,21.83,0.8,671.86,242.43,35.36,66.22,1015.87
2024-10-23 00:00:00,117.53,97.68,22.97,0.945,716.24,254.22,39.08,56.84,1066.38
2024-10-23 01:00:00,111.44,92.5,21.95,0.855,664.82,264.62,41.56,68.79,1039.79
2024-10-23 02:00:00,99.76,90.91,21.75,0.919,618.79,242.91,41.08,59.13,961.92
2024-10-23 03:00:00,99.4,90.15,21.65,0.946,627.01,260.64,35.8,62.84,986.29
2024-10-23 04:00:00,83.03,81.83,22.02,0.804,545.68,226.81,40.31,57.69,870.49
2024-10-23 05:00:00,88.42,86.83,20.53,0.835,558.66,237.25,42.29,64.1,902.3
2024-10-23 06:00:00,81.08,74.48,19.15,0.728,533.49,214.02,42.4,57.78,847.68
2024-10-23 07:00:00,87.66,85.89,22.53,0.974,549.33,237.73,47.7,60.8,895.56
2024-10-23 08:00:00,97.76,86.68,22.85,0.926,603.44,238.4,42.52,46.91,931.27
2024-10-23 09:00:00,96.21,89.1,21.48,0.928,602.87,244.89,35.04,57.64,940.44
2024-10-23 10:00:00,111.75,100.0,20.28,1.0,681.75,270.55,35.74,57.17,1045.21
2024-10-23 11:00:00,111.26,89.51,18.77,0.894,667.9,242.58,45.02,50.54,1006.05
2024-10-23 12:00:00,122.01,99.6,21.23,0.951,744.96,274.2,46.44,63.84,1129.45
2024-10-23 13:00:00,111.53,95.17,19.08,0.899,662.63,268.33,39.86,58.07,1028.9
2024-10-23 14:00:00,104.14,89.5,18.87,0.867,641.12,236.28,41.53,50.91,969.84
2024-10-23 15:00:00,102.75,95.87,21.07,0.911,635.31,272.47,40.37,63.01,1011.16
2024-10-23 16:00:00,90.76,81.78,19.96,0.787,559.81,236.37,38.81,65.45,900.43
2024-10-23 17:00:00,83.64,79.04,21.62,0.785,548.81,227.54,34.04,59.33,869.72
2024-10-23 18:00:00,83.09,77.99,20.86,0.779,529.52,220.34,41.91,52.45,844.22
2024-10-23 19:00:00,86.83,88.88,20.19,0.858,554.94,247.64,47.13,50.58,900.29
2024-10-23 20:00:00,97.87,86.47,18.55,0.889,611.97,246.98,40.68,53.88,953.5
2024-10-23 21:00:00,92.26,88.43,19.82,0.875,569.68,261.37,38.79,55.85,925.69
2024-10-23 22:00:00,107.59,100.0,19.88,1.0,649.38,283.15,38.27,68.55,1039.36
2024-10-23 23:00:00,115.49,97.37,19.27,0.936,709.95,255.31,41.99,58.98,1066.23
2024-10-24 00:00:00,115.77,100.0,20.45,1.0,698.34,268.75,44.6,53.64,1065.34
2024-10-24 01:00:00,118.23,100.0,19.22,0.973,689.57,270.47,42.13,56.93,1059.09
2024-10-24 02:00:00,107.2,98.74,20.7,1.0,653.6,275.41,32.52,65.35,
2024-10-24 03:00:00,99.26,89.55,21.31,0.884,616.05,247.55,46.97,62.78,973.34
2024-10-24 04:00:00,94.87,90.65,19.71,0.902,596.1,245.82,43.33,60.23,945.49
2024-10-24 05:00:00,87.41,77.27,21.58,0.802,541.04,222.58,39.28,59.16,862.06
2024-10-24 06:00:00,83.44,77.82,18.9,0.819,536.96,221.11,37.88,60.02,855.96
2024-10-24 07:00:00,89.07,81.51,19.28,0.861,558.71,237.1,38.21,60.78,894.8
2024-10-24 08:00:00,89.89,96.15,20.78,1.0,571.22,276.24,43.45,59.03,949.93
2024-10-24 09:00:00,97.56,84.71,21.98,0.88,611.83,243.36,32.1,60.51,947.8
2024-10-24 10:00:00,105.39,88.56,22.25,0.882,650.14,251.67,42.5,58.5,1002.81
2024-10-24 11:00:00,118.4,93.98,23.36,0.913,723.25,264.78,43.58,55.72,1087.32
2024-10-24 12:00:00,102.12,93.86,20.38,0.932,648.1,259.83,41.07,58.68,1007.68
2024-10-24 13:00:00,114.57,98.0,20.75,1.0,683.8,263.41,35.35,61.65,1044.2
2024-10-24 14:00:00,107.64,99.25,19.4,0.923,655.13,266.63,33.18,56.36,1011.3
2024-10-24 15:00:00,93.28,89.99,19.07,0.859,592.33,255.56,48.98,62.1,958.97
2024-10-24 16:00:00,93.74,79.97,21.29,0.789,587.68,229.67,40.53,64.15,922.03
2024-10-24 17:00:00,88.91,80.42,19.78,0.763,542.78,222.99,47.74,61.71,875.22
2024-10-24 18:00:00,87.36,90.51,22.79,0.885,555.25,257.92,45.04,57.19,915.4
2024-10-24 19:00:00,76.4,77.18,18.75,0.862,511.88,217.44,40.45,60.48,830.26
2024-10-24 20:00:00,97.97,94.92,21.68,0.934,598.67,252.57,40.93,60.77,952.93
2024-10-24 21:00:00,97.05,87.78,19.44,0.898,607.01,239.07,44.32,61.0,951.4
2024-10-24 22:00:00,110.25,90.28,19.72,0.82,655.97,251.44,44.77,67.45,1019.63
2024-10-24 23:00:00,115.95,96.46,21.75,0.909,706.73,268.4,41.9,54.21,1071.25
2024-10-25 00:00:00,111.49,90.91,19.78,0.956,679.4,252.43,44.37,61.03,1037.24
2024-10-25 01:00:00,115.63,94.99,20.02,1.0,693.62,256.13,44.56,58.0,1052.31
2024-10-25 02:00:00,105.96,93.98,19.57,0.951,646.45,252.52,41.32,53.77,994.05
2024-10-25 03:00:00,91.71,88.42,23.47,0.869,566.58,250.3,40.22,53.71,
2024-10-25 04:00:00,97.17,80.63,19.86,0.831,613.92,228.78,41.99,64.39,949.07
2024-10-25 05:00:00,83.91,81.87,20.87,0.689,533.15,233.97,37.01,52.98,857.11
2024-10-25 06:00:00,81.58,77.86,20.49,0.79,531.91,222.66,38.48,61.49,854.54
2024-10-25 07:00:00,85.4,79.46,21.12,0.742,539.29,228.66,41.59,60.66,870.19
2024-10-25 08:00:00,93.59,87.46,19.87,0.914,605.53,246.0,39.68,55.71,946.93
2024-10-25 09:00:00,99.77,87.13,20.49,0.762,631.33,257.53,45.26,64.18,998.31
2024-10-25 10:00:00,109.69,100.0,21.38,0.969,685.05,272.41,37.36,54.09,1048.92
2024-10-25 11:00:00,107.63,99.76,19.49,0.996,675.69,267.16,31.49,57.25,1031.59
2024-10-25 12:00:00,112.03,100.0,22.42,0.962,675.08,271.05,46.0,54.54,1046.67
2024-10-25 13:00:00,112.53,93.79,22.57,0.919,675.56,251.26,41.21,63.82,1031.85
2024-10-25 14:00:00,115.09,92.73,21.7,0.973,711.67,248.99,40.38,65.92,1066.95
2024-10-25 15:00:00,99.54,90.18,20.89,0.901,616.6,256.88,36.85,61.24,971.57
2024-10-25 16:00:00,96.84,87.67,16.3,0.83,610.87,245.93,32.47,72.7,961.96
2024-10-25 17:00:00,87.16,80.54,21.43,0.852,550.85,235.84,36.72,62.23,885.65
2024-10-25 18:00:00,83.07,75.65,20.2,0.769,530.49,209.12,42.28,63.16,845.06
2024-10-25 19:00:00,86.02,82.8,20.42,0.843,556.75,228.03,39.2,65.03,889.02
2024-10-25 20:00:00,91.83,83.89,17.94,0.794,563.37,237.96,38.67,56.64,896.64
2024-10-25 21:00:00,102.41,94.65,21.53,0.819,638.34,253.82,33.2,62.04,987.4
2024-10-25 22:00:00,113.0,99.82,18.62,0.953,689.19,261.09,47.25,55.17,1052.69
2024-10-25 23:00:00,114.43,100.0,20.97,0.95,687.9,263.53,39.76,53.41,1044.6
2024-10-26 00:00:00,91.0,79.2,21.99,0.761,575.19,224.4,49.37,65.46,914.41
2024-10-26 01:00:00,80.88,82.45,19.93,0.782,525.86,235.62,41.47,55.75,858.7
2024-10-26 02:00:00,78.97,75.85,22.46,0.764,516.73,229.57,47.03,60.92,854.24
2024-10-26 03:00:00,72.1,69.95,19.51,0.744,486.04,200.58,37.13,68.16,791.9
2024-10-26 04:00:00,70.63,73.17,21.53,0.786,466.64,207.66,33.94,50.94,759.19
2024-10-26 05:00:00,63.82,77.25,18.68,0.814,460.69,213.53,39.25,63.26,776.73
2024-10-26 06:00:00,66.67,71.47,22.18,0.67,451.7,213.53,42.56,59.89,767.69
2024-10-26 07:00:00,61.53,78.59,21.95,0.789,426.62,225.8,42.67,59.65,754.74
2024-10-26 08:00:00,69.55,77.52,21.34,0.853,483.29,217.0,41.58,60.3,802.17
2024-10-26 09:00:00,77.75,76.9,20.04,0.69,494.1,216.51,49.17,60.09,819.87
2024-10-26 10:00:00,72.36,81.98,18.53,0.887,497.29,231.42,41.57,62.62,832.9
2024-10-26 11:00:00,93.23,88.84,20.05,0.839,586.89,246.16,38.76,54.74,926.56
2024-10-26 12:00:00,85.12,77.9,22.3,0.794,541.35,217.34,39.6,62.51,860.8
2024-10-26 13:00:00,76.64,87.62,20.83,0.897,494.26,245.06,36.78,54.36,830.45
2024-10-26 14:00:00,81.26,81.93,18.3,0.829,516.13,223.79,41.17,70.52,851.61
2024-10-26 15:00:00,75.13,77.66,18.95,0.888,492.93,223.38,44.33,59.48,820.12
2024-10-26 16:00:00,69.05,70.25,22.51,0.687,467.46,206.45,46.56,60.9,781.37
2024-10-26 17:00:00,69.22,80.51,21.37,0.723,471.09,231.47,38.81,68.85,810.23
2024-10-26 18:00:00,66.74,75.96,18.78,0.777,455.83,226.78,39.79,56.13,778.52
2024-10-26 19:00:00,66.45,76.37,17.98,0.755,448.16,218.15,37.43,59.94,763.69
2024-10-26 20:00:00,71.18,73.05,19.7,0.758,486.59,213.41,43.87,52.95,796.82
2024-10-26 21:00:00,74.58,81.46,17.86,0.859,514.3,219.19,35.06,55.15,823.7
2024-10-26 22:00:00,87.73,88.42,20.4,0.883,570.59,257.52,37.11,52.88,918.1
2024-10-26 23:00:00,78.83,76.07,24.31,0.783,511.26,208.58,27.53,63.99,811.36
2024-10-27 00:00:00,86.81,76.32,18.08,0.77,558.06,219.77,35.28,62.85,875.96
2024-10-27 01:00:00,85.0,85.41,20.2,0.944,549.54,224.07,37.64,57.81,869.06
2024-10-27 02:00:00,83.88,74.07,22.45,0.722,552.22,210.6,38.76,57.47,859.05
2024-10-27 03:00:00,71.62,76.57,21.6,0.731,475.42,231.21,34.82,64.85,806.31
2024-10-27 04:00:00,62.4,68.96,20.26,0.734,424.28,211.69,35.48,59.97,731.43
2024-10-27 05:00:00,65.88,79.04,20.26,0.744,458.49,231.88,45.05,55.66,791.09
2024-10-27 06:00:00,64.87,70.47,18.75,0.724,447.63,206.84,36.88,65.37,756.71
2024-10-27 07:00:00,71.22,81.14,20.08,0.803,467.21,240.31,32.76,59.29,799.57
2024-10-27 08:00:00,64.29,69.58,20.84,0.691,447.11,207.65,35.83,63.39,753.98
2024-10-27 09:00:00,79.62,84.81,22.14,0.97,532.8,242.24,36.13,60.36,871.53
2024-10-27 10:00:00,90.09,95.35,19.55,1.0,564.92,276.11,39.72,70.39,951.14
2024-10-27 11:00:00,83.23,76.28,20.19,0.814,529.03,226.72,41.44,58.97,856.16
2024-10-27 12:00:00,81.09,82.0,19.06,0.847,525.67,231.81,34.59,49.96,842.03
2024-10-27 13:00:00,83.11,95.3,20.82,0.918,541.02,263.2,41.2,58.86,904.27
2024-10-27 14:00:00,80.68,80.67,21.65,0.82,522.81,237.84,45.6,61.33,867.58
2024-10-27 15:00:00,77.26,78.94,21.42,0.819,515.35,229.5,44.06,62.3,851.22
2024-10-27 16:00:00,67.01,77.45,18.72,0.784,457.13,227.34,42.32,64.04,790.83
2024-10-27 17:00:00,71.48,75.94,20.7,0.764,485.48,227.21,41.63,57.1,811.42
2024-10-27 18:00:00,59.29,61.11,19.46,0.591,410.69,203.51,38.73,67.82,720.76
2024-10-27 19:00:00,58.3,74.81,22.0,0.762,401.68,211.5,45.68,64.82,723.68
2024-10-27 20:00:00,73.8,66.89,20.24,0.643,486.29,204.67,41.72,60.65,793.33
2024-10-27 21:00:00,65.9,70.87,18.2,0.744,438.74,211.58,36.78,56.53,743.63
2024-10-27 22:00:00,79.81,85.94,20.15,0.759,522.32,238.16,39.4,69.64,869.52
2024-10-27 23:00:00,97.21,86.82,21.17,0.936,589.93,238.45,37.3,63.65,929.32
2024-10-28 00:00:00,114.95,94.01,20.69,0.874,691.14,267.33,39.44,57.54,1055.45
2024-10-28 01:00:00,108.51,98.65,19.56,0.933,660.25,261.03,44.86,67.01,1033.15
2024-10-28 02:00:00,107.27,89.38,19.45,0.914,647.98,239.24,39.29,61.1,987.62
2024-10-28 03:00:00,99.8,83.79,18.85,0.865,616.53,232.58,36.82,67.55,953.48
2024-10-28 04:00:00,93.14,87.94,19.73,0.983,585.75,233.99,44.16,55.78,919.69
2024-10-28 05:00:00,89.66,83.91,19.04,0.854,578.45,231.15,45.11,59.0,913.7
2024-10-28 06:00:00,80.84,74.2,21.78,0.74,515.89,209.51,36.86,66.91,829.17
2024-10-28 07:00:00,93.76,90.06,18.97,0.91,591.66,249.65,45.92,56.66,943.89
2024-10-28 08:00:00,93.48,89.06,20.51,0.97,591.85,255.7,43.85,58.73,950.14
2024-10-28 09:00:00,102.91,89.65,20.41,1.0,634.37,244.74,37.79,46.31,963.21
2024-10-28 10:00:00,104.99,91.04,21.74,0.901,640.95,256.37,44.88,62.06,1004.26
2024-10-28 11:00:00,118.14,100.0,21.96,1.0,701.57,274.51,35.07,65.77,1076.92
2024-10-28 12:00:00,113.97,100.0,21.37,0.996,705.05,256.68,38.07,55.39,1055.19
2024-10-28 13:00:00,114.1,95.64,20.86,0.952,691.08,257.52,35.62,62.24,1046.47
2024-10-28 14:00:00,103.77,95.16,18.75,1.0,636.31,257.57,36.09,57.29,987.28
2024-10-28 15:00:00,96.01,90.83,18.72,0.862,617.03,253.04,43.4,52.45,965.93
2024-10-28 16:00:00,95.25,92.02,19.06,0.804,598.04,256.67,39.94,58.37,953.03
2024-10-28 17:00:00,85.24,82.81,21.45,0.844,566.52,235.89,35.56,57.13,895.1
2024-10-28 18:00:00,81.58,76.23,20.44,0.822,516.59,214.71,37.64,60.64,829.59
2024-10-28 19:00:00,84.44,79.91,21.63,0.81,540.29,224.0,37.34,58.47,860.1
2024-10-28 20:00:00,95.3,89.36,21.83,0.919,585.52,238.64,41.0,66.69,931.85
2024-10-28 21:00:00,97.48,97.83,19.24,1.0,606.44,265.85,49.09,57.21,978.6
2024-10-28 22:00:00,107.03,91.09,20.37,0.916,654.13,249.1,40.82,59.35,1003.4
2024-10-28 23:00:00,113.05,100.0,20.31,1.0,681.59,273.2,41.09,61.2,1057.07
2024-10-29 00:00:00,107.33,92.03,19.68,0.947,657.08,257.43,46.16,59.75,1020.43
2024-10-29 01:00:00,107.11,94.11,19.37,0.843,652.26,255.62,37.83,57.32,1003.02
2024-10-29 02:00:00,108.85,100.0,21.95,1.0,663.34,271.69,45.33,60.26,1040.62
2024-10-29 03:00:00,97.05,92.35,20.25,0.845,599.21,252.63,38.3,62.62,952.77
2024-10-29 04:00:00,96.73,82.16,20.19,0.82,615.18,225.85,38.56,64.49,944.08
2024-10-29 05:00:00,90.88,82.58,18.97,0.801,565.51,228.61,38.68,49.41,882.21
2024-10-29 06:00:00,87.88,90.22,21.19,0.954,561.08,235.85,39.57,62.53,899.03
2024-10-29 07:00:00,94.29,87.85,18.67,0.891,581.9,242.12,39.3,56.63,919.95
2024-10-29 08:00:00,92.17,80.34,20.86,0.827,574.16,225.15,41.43,65.79,906.53
2024-10-29 09:00:00,102.6,87.2,20.9,0.862,627.15,236.56,38.3,64.66,966.67
2024-10-29 10:00:00,105.16,96.1,19.56,1.0,644.76,266.72,40.4,64.63,1016.51
2024-10-29 11:00:00,122.8,100.0,20.65,0.92,735.4,273.16,33.55,57.08,1099.2
2024-10-29 12:00:00,122.93,100.0,20.45,0.955,725.82,273.32,43.13,53.04,1095.31
2024-10-29 13:00:00,113.04,100.0,20.12,1.0,681.88,274.15,44.53,66.36,1066.91
2024-10-29 14:00:00,109.05,98.64,20.19,0.965,657.3,267.14,40.89,65.84,1031.17
2024-10-29 15:00:00,105.44,91.5,20.27,0.808,638.9,252.08,42.99,49.98,983.96
2024-10-29 16:00:00,91.91,81.88,20.37,0.891,588.63,236.92,36.65,66.88,929.07
2024-10-29 17:00:00,84.38,77.32,20.27,0.827,530.78,226.37,46.07,61.77,864.99
2024-10-29 18:00:00,88.5,85.93,18.52,0.895,563.08,246.61,40.76,60.66,911.1
2024-10-29 19:00:00,87.32,81.22,19.95,0.817,570.2,230.3,33.58,55.89,889.96
2024-10-29 20:00:00,93.23,94.98,20.57,1.0,595.81,253.55,44.86,65.07,959.29
2024-10-29 21:00:00,96.66,95.66,20.32,1.0,606.72,262.31,42.87,57.7,969.6
2024-10-29 22:00:00,100.63,93.48,21.61,1.0,623.02,252.84,47.49,57.68,981.02
2024-10-29 23:00:00,113.93,91.07,21.11,0.945,695.57,255.17,46.66,49.32,1046.72
2024-10-30 00:00:00,118.62,95.95,18.72,0.966,716.05,263.22,45.37,56.28,1080.92
2024-10-30 01:00:00,112.09,100.0,19.77,0.98,691.82,270.31,41.9,55.04,1059.06
2024-10-30 02:00:00,113.25,93.81,19.56,0.875,685.16,254.64,42.85,49.62,1032.27
2024-10-30 03:00:00,97.18,94.2,20.02,0.967,613.93,263.83,35.69,67.79,981.24
2024-10-30 04:00:00,88.28,86.51,20.02,0.894,558.8,247.22,38.89,59.38,904.29
2024-10-30 05:00:00,86.74,83.63,20.94,0.819,568.85,232.26,51.94,52.87,905.92
2024-10-30 06:00:00,84.67,78.82,20.29,0.819,542.05,218.15,33.09,55.18,848.48
2024-10-30 07:00:00,90.09,84.57,21.87,0.829,557.5,238.68,41.24,57.1,894.51
2024-10-30 08:00:00,89.4,85.65,20.39,0.9,567.62,246.98,39.84,57.02,911.46
2024-10-30 09:00:00,105.47,97.9,18.78,0.935,653.48,258.02,43.41,64.0,1018.91
2024-10-30 10:00:00,115.37,93.26,19.32,0.88,709.87,258.66,40.79,58.65,1067.97
2024-10-30 11:00:00,112.83,95.1,20.93,0.939,676.2,254.79,44.86,60.49,1036.34
2024-10-30 12:00:00,120.0,100.0,17.6,1.0,706.04,263.9,40.06,58.68,1068.67
2024-10-30 13:00:00,108.76,97.7,18.01,0.919,667.8,270.75,43.1,65.81,1047.45
2024-10-30 14:00:00,111.8,91.36,20.04,0.966,682.73,255.75,41.46,66.89,1046.84
2024-10-30 15:00:00,104.19,85.51,21.45,0.773,629.66,238.66,38.83,59.33,966.48
2024-10-30 16:00:00,95.95,91.35,21.99,0.901,597.13,256.57,38.26,55.27,947.23
2024-10-30 17:00:00,86.95,75.88,19.7,0.688,552.46,223.46,45.11,59.45,880.48
2024-10-30 18:00:00,73.18,83.02,21.62,0.7,492.5,225.42,42.5,44.45,804.87
2024-10-30 19:00:00,84.44,81.44,20.13,0.833,538.9,231.53,43.98,61.57,875.99
2024-10-30 20:00:00,90.0,77.26,17.73,0.764,566.5,230.72,45.02,53.21,895.45
2024-10-30 21:00:00,96.09,85.64,20.01,0.787,601.35,242.69,37.93,58.89,940.87
2024-10-30 22:00:00,107.99,95.89,19.1,0.933,648.92,245.67,38.92,62.36,995.87
2024-10-30 23:00:00,111.31,92.99,21.4,0.952,691.78,248.86,38.64,57.15,1036.43
2024-10-31 00:00:00,111.7,95.95,19.84,0.941,685.98,267.47,44.12,57.81,1055.38
2024-10-31 01:00:00,108.76,98.08,17.96,0.971,658.16,262.62,40.36,61.29,1022.44
2024-10-31 02:00:00,104.64,91.31,17.63,0.893,634.25,258.47,40.73,57.21,990.67
2024-10-31 03:00:00,104.49,87.56,19.84,0.846,634.11,256.15,35.78,64.62,990.66
2024-10-31 04:00:00,89.86,83.43,16.25,0.805,573.97,233.78,43.3,63.86,914.92
2024-10-31 05:00:00,84.95,89.55,19.1,0.864,536.67,244.35,43.43,62.84,887.28
2024-10-31 06:00:00,83.17,90.01,20.22,0.862,533.87,242.99,42.24,56.85,875.95
2024-10-31 07:00:00,88.37,74.08,18.29,0.69,548.3,220.12,40.65,62.87,871.94
2024-10-31 08:00:00,94.32,92.62,21.37,0.907,595.96,250.88,44.17,56.29,947.29
2024-10-31 09:00:00,87.82,85.16,21.66,0.82,563.74,236.43,39.8,59.56,899.53
2024-10-31 10:00:00,111.59,100.0,18.35,0.946,676.46,263.35,45.68,46.82,1032.3
2024-10-31 11:00:00,118.74,96.62,19.43,1.0,715.23,260.3,42.86,65.79,1084.17
2024-10-31 12:00:00,110.8,86.56,21.37,0.927,680.36,237.53,34.95,68.63,1021.48
2024-10-31 13:00:00,109.1,97.47,19.87,0.975,666.84,252.8,39.47,61.12,1020.23
2024-10-31 14:00:00,105.7,88.14,17.78,0.885,654.74,240.07,41.3,52.09,988.21
2024-10-31 15:00:00,96.98,81.55,19.66,0.781,595.54,235.72,37.21,58.91,927.39
2024-10-31 16:00:00,93.4,80.11,18.6,0.854,590.01,236.32,44.32,60.36,931.0
2024-10-31 17:00:00,79.22,82.62,21.54,0.913,517.67,232.85,32.1,60.08,842.7
2024-10-31 18:00:00,80.53,80.96,20.79,0.801,532.26,230.22,43.22,72.71,878.4
2024-10-31 19:00:00,93.17,90.5,19.41,0.879,586.08,251.76,42.76,58.78,939.37
2024-10-31 20:00:00,88.79,87.74,20.09,0.894,563.16,256.03,32.05,57.11,908.35
2024-10-31 21:00:00,104.97,90.38,17.91,0.91,640.41,243.74,40.41,60.81,985.38
2024-10-31 22:00:00,108.92,94.11,18.75,0.916,676.54,250.05,38.26,59.29,1024.14
2024-10-31 23:00:00,105.75,90.32,22.21,0.927,629.92,249.36,46.04,56.25,981.57
2024-11-01 00:00:00,117.54,97.72,19.81,1.0,711.8,267.58,36.65,51.19,1067.21
2024-11-01 01:00:00,112.52,91.42,21.12,0.875,682.44,251.79,43.2,63.66,1041.08
2024-11-01 02:00:00,105.68,94.79,20.08,1.0,646.92,250.87,43.99,55.68,997.47
2024-11-01 03:00:00,100.98,95.87,21.7,0.882,622.26,266.63,38.43,54.97,982.29
2024-11-01 04:00:00,94.4,83.12,16.73,0.789,591.55,233.72,45.19,55.94,926.4
2024-11-01 05:00:00,89.84,91.33,19.45,0.925,573.03,255.11,38.34,52.69,919.17
2024-11-01 06:00:00,89.71,85.42,22.2,0.967,562.2,248.71,45.68,63.28,919.88
2024-11-01 07:00:00,88.64,85.53,21.16,0.827,564.29,230.83,50.42,62.61,908.15
2024-11-01 08:00:00,87.0,75.0,21.72,0.697,557.79,207.19,43.72,60.95,869.66
2024-11-01 09:00:00,98.11,80.02,19.72,0.828,602.9,231.43,42.45,63.55,940.32
2024-11-01 10:00:00,119.27,100.0,18.92,0.988,720.39,257.79,38.11,62.16,1078.45
2024-11-01 11:00:00,115.89,100.0,18.19,1.0,702.31,267.6,47.43,62.94,1080.28
2024-11-01 12:00:00,124.48,98.88,18.08,0.985,735.99,264.22,43.55,69.12,1112.89
2024-11-01 13:00:00,118.57,100.0,20.94,0.957,703.36,272.16,38.16,64.91,1078.58
2024-11-01 14:00:00,108.47,97.91,20.5,1.0,655.84,261.61,46.0,60.88,1024.32
2024-11-01 15:00:00,101.21,86.06,19.63,0.713,627.11,243.68,40.44,55.33,966.56
2024-11-01 16:00:00,92.35,86.33,20.49,0.954,581.16,234.89,42.71,52.02,910.78
2024-11-01 17:00:00,80.06,92.41,19.94,0.971,531.44,246.62,38.36,51.2,867.62
2024-11-01 18:00:00,85.07,76.32,21.17,0.726,542.42,220.39,36.25,64.73,863.8
2024-11-01 19:00:00,91.85,88.57,21.16,0.979,572.15,246.62,36.45,57.21,912.44
2024-11-01 20:00:00,90.1,83.44,18.13,0.766,575.76,236.99,38.47,60.4,911.62
2024-11-01 21:00:00,101.65,94.36,20.14,0.994,620.4,267.03,42.05,55.23,984.72
2024-11-01 22:00:00,110.91,100.0,17.23,0.896,668.21,277.68,38.81,71.03,1055.72
2024-11-01 23:00:00,109.35,92.74,19.93,0.87,660.54,257.47,36.83,51.02,1005.87
2024-11-02 00:00:00,84.44,87.82,20.49,0.821,518.25,249.27,36.2,60.69,864.41
2024-11-02 01:00:00,80.67,91.44,17.61,0.877,527.89,253.6,45.07,58.21,884.76
2024-11-02 02:00:00,77.34,79.0,18.96,0.791,514.2,232.98,39.51,60.09,846.78
2024-11-02 03:00:00,69.85,78.85,19.6,0.747,476.58,227.77,32.17,58.4,794.91
2024-11-02 04:00:00,65.77,69.93,19.93,0.598,463.95,203.55,39.97,55.54,763.01
2024-11-02 05:00:00,70.94,75.56,19.17,0.779,486.73,214.17,38.34,54.41,793.65
2024-11-02 06:00:00,60.09,69.16,17.83,0.694,417.77,212.14,40.82,70.24,740.97
2024-11-02 07:00:00,65.76,76.87,19.5,0.789,457.69,220.32,37.73,58.51,774.25
2024-11-02 08:00:00,67.36,79.71,17.11,0.806,456.04,238.88,45.15,61.71,801.78
2024-11-02 09:00:00,79.72,79.31,19.23,0.841,515.17,219.92,39.39,52.03,826.51
2024-11-02 10:00:00,85.87,90.6,18.92,0.902,543.3,257.77,39.16,49.42,889.65
2024-11-02 11:00:00,88.2,91.75,19.38,0.968,558.85,250.12,38.74,56.62,904.32
2024-11-02 12:00:00,87.47,87.97,18.74,0.841,560.0,247.18,41.89,64.37,913.45
2024-11-02 13:00:00,83.82,79.33,17.32,0.757,551.74,218.78,41.58,60.14,872.24
2024-11-02 14:00:00,75.86,74.87,19.03,0.817,505.12,206.2,38.44,57.3,807.05
2024-11-02 15:00:00,82.77,77.33,20.98,0.841,527.7,231.26,40.1,62.15,861.21
2024-11-02 16:00:00,66.34,77.91,21.48,0.808,443.33,220.99,38.99,57.25,760.55
2024-11-02 17:00:00,67.91,67.9,23.24,0.635,464.11,208.5,45.64,66.88,785.12
2024-11-02 18:00:00,67.99,77.38,22.12,0.725,467.16,218.56,35.06,67.09,787.87
2024-11-02 19:00:00,63.04,66.11,17.79,0.728,445.0,204.76,38.64,57.11,745.51
2024-11-02 20:00:00,73.53,80.88,18.97,0.872,485.49,227.28,39.22,56.12,808.1
2024-11-02 21:00:00,78.06,79.11,19.55,0.788,514.04,218.88,45.58,59.63,838.13
2024-11-02 22:00:00,87.54,90.44,19.46,1.0,564.53,253.8,44.7,62.13,925.16
2024-11-02 23:00:00,82.87,87.14,19.69,0.894,523.52,248.66,41.57,58.63,872.38
2024-11-03 00:00:00,81.11,87.73,23.05,0.822,527.75,248.07,37.91,65.23,878.97
2024-11-03 01:00:00,82.72,88.66,17.82,0.873,540.84,245.33,40.23,61.33,887.72
2024-11-03 02:00:00,81.46,81.45,18.37,0.815,531.39,220.55,47.52,65.44,864.89
2024-11-03 03:00:00,75.23,71.82,21.91,0.723,495.52,204.41,39.41,54.39,793.73
2024-11-03 04:00:00,67.8,68.64,18.52,0.749,479.89,199.93,40.51,57.04,777.36
2024-11-03 05:00:00,57.62,58.38,20.03,0.536,423.55,181.04,40.75,62.67,708.0
2024-11-03 06:00:00,65.63,67.4,20.99,0.607,448.23,208.32,36.6,60.26,753.42
2024-11-03 07:00:00,73.15,76.92,20.17,0.799,484.22,220.82,36.76,59.06,800.86
2024-11-03 08:00:00,71.23,72.82,19.73,0.703,481.76,200.28,36.76,57.4,776.2
2024-11-03 09:00:00,77.44,77.82,20.85,0.899,506.72,207.87,38.81,60.43,813.83
2024-11-03 10:00:00,82.91,83.92,18.1,0.886,544.75,232.07,41.77,67.14,885.72
2024-11-03 11:00:00,86.33,81.65,18.7,0.79,541.52,228.37,40.68,49.95,860.53
2024-11-03 12:00:00,89.98,79.38,20.24,0.854,567.96,228.83,42.03,59.24,898.06
2024-11-03 13:00:00,86.32,82.9,16.34,0.865,557.1,225.37,48.64,59.46,890.57
2024-11-03 14:00:00,79.37,75.19,21.56,0.784,524.9,209.61,50.38,54.56,839.46
2024-11-03 15:00:00,71.82,74.55,19.89,0.739,467.23,219.29,40.38,59.22,786.11
2024-11-03 16:00:00,68.38,80.9,19.67,0.83,454.26,237.9,43.69,51.8,787.66
2024-11-03 17:00:00,66.51,71.9,16.99,0.614,439.16,199.22,42.64,57.08,738.09
2024-11-03 18:00:00,62.49,80.1,17.51,0.867,425.44,223.59,44.31,58.66,752.0
2024-11-03 19:00:00,66.51,80.42,18.84,0.632,442.36,235.54,44.17,59.97,782.04
2024-11-03 20:00:00,71.13,72.67,20.65,0.705,479.97,218.2,37.89,69.38,805.44
2024-11-03 21:00:00,78.33,73.61,16.32,0.656,513.5,209.03,47.93,55.92,826.37
2024-11-03 22:00:00,85.76,82.62,20.62,0.801,547.55,240.45,46.12,53.38,887.5
2024-11-03 23:00:00,85.05,88.29,18.9,0.879,545.48,245.69,43.87,64.96,900.0
2024-11-04 00:00:00,109.77,92.43,18.96,0.864,678.4,258.07,42.74,37.69,1016.9
2024-11-04 01:00:00,111.61,100.0,19.68,0.861,669.71,265.78,41.59,56.9,1033.99
2024-11-04 02:00:00,107.68,99.88,19.7,1.0,642.94,271.5,40.82,58.37,1013.64
2024-11-04 03:00:00,92.66,82.46,18.23,0.929,588.97,226.17,43.15,55.29,913.58
2024-11-04 04:00:00,98.05,85.65,20.23,0.839,607.15,236.57,41.02,59.53,944.26
2024-11-04 05:00:00,87.58,87.35,15.82,0.921,549.75,241.66,41.51,56.76,889.68
2024-11-04 06:00:00,86.53,84.02,18.62,0.915,557.06,237.29,40.09,51.29,885.73
2024-11-04 07:00:00,92.47,82.81,19.53,0.733,566.62,248.33,39.47,63.09,917.5
2024-11-04 08:00:00,89.98,83.23,18.78,0.809,563.04,250.14,47.66,63.28,924.12
2024-11-04 09:00:00,102.3,90.8,16.56,0.844,612.37,248.34,40.84,55.06,956.62
2024-11-04 10:00:00,107.06,85.71,20.43,0.817,657.38,248.86,38.86,57.29,1002.39
2024-11-04 11:00:00,112.25,99.96,17.42,1.0,693.86,263.25,41.16,69.28,1067.55
2024-11-04 12:00:00,111.91,93.56,19.2,0.947,674.97,258.88,35.67,62.24,1031.76
2024-11-04 13:00:00,119.65,85.91,19.53,0.899,711.93,236.29,44.27,60.0,1052.49
2024-11-04 14:00:00,106.0,92.88,19.33,0.927,664.27,252.34,40.55,68.09,1025.25
2024-11-04 15:00:00,102.8,87.69,21.05,0.816,639.01,260.12,39.19,51.89,990.21
2024-11-04 16:00:00,85.0,90.94,19.22,0.943,564.04,248.66,38.78,49.84,901.32
2024-11-04 17:00:00,91.73,82.94,19.94,0.892,579.93,230.27,34.19,60.83,905.23
2024-11-04 18:00:00,89.21,79.12,19.21,0.807,567.86,220.14,47.81,64.2,900.0
2024-11-04 19:00:00,87.4,86.24,20.22,0.887,568.56,236.49,41.3,51.45,897.79
2024-11-04 20:00:00,91.59,82.49,21.39,0.763,576.77,224.71,47.75,53.5,902.73
2024-11-04 21:00:00,101.6,86.9,19.5,0.904,629.98,243.83,39.5,63.97,977.28
2024-11-04 22:00:00,116.66,100.0,20.47,1.0,683.91,271.23,42.36,54.24,1051.73
2024-11-04 23:00:00,105.94,87.77,21.48,0.898,663.59,246.34,43.48,58.72,1012.12
2024-11-05 00:00:00,118.13,91.78,21.19,0.828,713.77,252.66,42.5,61.05,1069.98
2024-11-05 01:00:00,109.34,100.0,18.58,1.0,665.86,266.6,38.73,64.77,1035.96
2024-11-05 02:00:00,107.42,96.61,20.71,0.919,664.36,258.94,33.45,58.47,1015.22
2024-11-05 03:00:00,99.01,88.18,19.53,0.901,605.59,246.14,49.56,62.46,963.75
2024-11-05 04:00:00,90.79,85.38,20.83,0.901,569.52,238.98,37.61,53.8,899.92
2024-11-05 05:00:00,86.97,86.01,20.01,0.914,559.27,236.81,50.68,62.94,909.71
2024-11-05 06:00:00,80.46,85.1,19.57,0.761,522.67,236.99,38.12,55.46,853.23
2024-11-05 07:00:00,91.13,81.78,19.81,0.824,579.2,240.98,46.05,53.1,919.33
2024-11-05 08:00:00,85.32,84.49,19.54,0.847,548.61,249.26,42.87,70.33,911.07
2024-11-05 09:00:00,102.16,88.55,19.6,0.957,635.84,244.63,43.06,69.15,992.67
2024-11-05 10:00:00,106.19,92.15,18.92,0.944,640.4,249.12,38.02,60.74,988.28
2024-11-05 11:00:00,108.31,94.96,18.78,1.0,671.76,259.15,38.91,67.74,1037.55
2024-11-05 12:00:00,115.81,97.87,21.8,1.0,695.18,272.35,38.96,58.37,1064.86
2024-11-05 13:00:00,106.76,97.06,19.87,0.967,654.27,263.56,41.1,59.32,1018.26
2024-11-05 14:00:00,107.66,96.26,18.3,0.972,653.49,264.29,39.66,59.12,1016.55
2024-11-05 15:00:00,94.31,79.61,18.74,0.872,589.24,223.24,38.37,55.43,906.29
2024-11-05 16:00:00,94.35,80.38,20.74,0.739,593.56,221.81,36.74,48.28,900.38
2024-11-05 17:00:00,83.31,79.81,18.05,0.843,542.44,232.17,37.13,58.45,870.19
2024-11-05 18:00:00,83.2,90.74,16.93,0.876,543.19,251.73,42.13,66.51,903.56
2024-11-05 19:00:00,88.19,79.83,17.04,0.756,564.39,231.59,37.19,61.38,894.55
2024-11-05 20:00:00,89.41,83.66,16.56,0.888,562.28,225.43,35.6,64.07,887.39
2024-11-05 21:00:00,99.77,87.2,17.21,0.828,621.8,254.12,40.56,61.97,978.45
2024-11-05 22:00:00,101.44,87.95,17.39,0.898,629.15,246.21,31.27,55.77,962.4
2024-11-05 23:00:00,115.51,98.65,21.23,0.962,698.04,256.32,39.97,61.24,1055.58
2024-11-06 00:00:00,122.06,100.0,18.95,0.882,734.57,275.92,40.32,58.34,1109.15
2024-11-06 01:00:00,124.16,100.0,18.47,1.0,730.59,267.76,42.25,54.69,1095.29
2024-11-06 02:00:00,107.86,89.91,16.85,0.905,643.11,249.0,41.36,64.6,998.07
2024-11-06 03:00:00,103.15,100.0,18.8,0.904,645.28,267.13,34.89,53.47,1000.78
2024-11-06 04:00:00,85.38,83.08,16.41,0.796,545.84,233.88,39.26,56.7,875.68
2024-11-06 05:00:00,93.02,83.62,18.46,0.746,588.43,235.33,42.61,71.08,937.45
2024-11-06 06:00:00,88.1,91.11,22.11,0.948,553.58,241.32,41.88,63.51,900.29
2024-11-06 07:00:00,85.07,80.19,20.01,0.871,555.47,233.6,36.87,61.23,887.16
2024-11-06 08:00:00,97.45,97.04,18.7,1.0,610.04,264.46,41.66,49.13,965.3
2024-11-06 09:00:00,98.98,85.14,20.07,0.901,613.47,241.47,43.66,59.41,958.01
2024-11-06 10:00:00,105.67,99.98,18.24,0.974,650.63,274.86,36.09,54.18,1015.76
2024-11-06 11:00:00,114.89,98.45,17.82,1.0,680.52,267.47,32.16,59.61,1039.77
2024-11-06 12:00:00,110.75,100.0,21.57,1.0,676.72,271.99,47.1,59.05,1054.85
2024-11-06 13:00:00,117.08,100.0,17.3,1.0,717.28,261.18,41.26,55.72,1075.43
2024-11-06 14:00:00,103.28,85.97,18.49,0.908,638.9,235.57,38.17,65.86,978.5
2024-11-06 15:00:00,95.8,94.28,19.48,1.0,600.49,258.5,38.03,64.77,961.79
2024-11-06 16:00:00,88.86,77.39,17.61,0.754,561.77,223.63,40.59,54.37,880.35
2024-11-06 17:00:00,90.05,79.79,19.99,0.727,578.9,229.96,44.16,67.87,920.89
2024-11-06 18:00:00,82.53,77.25,18.56,0.763,542.51,230.66,33.96,54.25,861.39
2024-11-06 19:00:00,81.62,83.33,20.01,0.822,524.63,234.42,38.4,68.32,865.77
2024-11-06 20:00:00,90.08,85.2,19.9,0.866,573.26,241.11,46.62,58.95,919.92
2024-11-06 21:00:00,99.87,89.1,18.65,0.933,621.22,247.46,43.3,58.0,969.98
2024-11-06 22:00:00,102.78,92.12,21.58,0.825,637.09,251.95,42.96,67.45,999.45
2024-11-06 23:00:00,108.38,97.15,18.02,0.938,655.74,262.75,41.63,59.18,1019.29
2024-11-07 00:00:00,123.45,100.0,20.9,0.952,746.37,265.29,41.24,65.49,1118.39
2024-11-07 01:00:00,109.55,100.0,20.64,1.0,672.26,269.3,38.13,53.49,1033.18
2024-11-07 02:00:00,106.21,100.0,21.54,0.99,660.66,268.69,37.77,60.14,1027.25
2024-11-07 03:00:00,98.53,89.16,19.14,0.866,603.73,246.32,43.22,62.37,
2024-11-07 04:00:00,90.81,82.8,17.7,0.855,565.62,223.43,37.84,65.98,892.88
2024-11-07 05:00:00,89.5,87.82,22.0,0.849,583.95,243.82,41.14,63.56,932.47
2024-11-07 06:00:00,88.79,78.68,18.38,0.786,573.14,219.96,40.61,60.22,893.93
2024-11-07 07:00:00,85.79,79.5,17.66,0.886,542.41,226.58,48.77,62.37,880.12
2024-11-07 08:00:00,87.55,88.77,18.6,0.977,564.72,239.86,39.36,56.36,900.29
2024-11-07 09:00:00,105.1,91.93,17.41,0.899,641.76,253.35,44.67,63.02,1002.81
2024-11-07 10:00:00,107.12,87.52,19.67,0.866,642.0,242.01,42.83,62.39,989.23
2024-11-07 11:00:00,119.91,92.51,17.97,0.894,702.76,250.51,39.53,56.11,1048.91
2024-11-07 12:00:00,106.02,93.25,18.45,0.836,649.91,257.57,35.02,60.62,1003.12
2024-11-07 13:00:00,113.77,100.0,20.33,1.0,701.35,272.25,39.79,63.86,1077.24
2024-11-07 14:00:00,115.17,100.0,19.82,1.0,708.04,269.7,43.6,72.22,1093.56
2024-11-07 15:00:00,98.59,89.85,18.9,0.876,623.02,252.09,35.1,65.93,976.14
2024-11-07 16:00:00,91.6,95.84,19.14,0.918,584.63,258.79,43.34,61.13,947.89
2024-11-07 17:00:00,88.19,83.57,18.9,0.822,563.5,237.9,45.37,61.42,908.19
2024-11-07 18:00:00,82.76,80.69,18.23,0.811,543.04,229.19,40.38,59.27,871.89
2024-11-07 19:00:00,85.76,70.04,18.88,0.644,532.72,201.1,43.65,60.56,838.03
2024-11-07 20:00:00,91.15,83.34,19.62,0.81,583.66,230.2,40.56,63.88,918.31
2024-11-07 21:00:00,97.49,93.01,18.69,0.981,598.48,262.3,42.29,63.76,966.83
2024-11-07 22:00:00,112.42,100.0,19.51,1.0,674.78,279.46,45.97,59.57,1059.78
2024-11-07 23:00:00,114.83,93.27,17.63,0.996,699.74,260.14,33.78,54.5,1048.17
2024-11-08 00:00:00,116.0,100.0,17.84,1.0,707.44,266.5,36.94,58.93,1069.81
2024-11-08 01:00:00,116.22,100.0,17.64,0.946,696.25,278.57,45.0,55.82,1075.64
2024-11-08 02:00:00,106.44,93.28,17.9,0.904,657.38,259.56,45.74,53.92,1016.6
2024-11-08 03:00:00,96.9,77.04,20.68,0.783,609.02,223.79,34.37,63.04,930.22
2024-11-08 04:00:00,90.09,86.28,19.83,0.807,567.96,252.24,46.25,61.73,928.18
2024-11-08 05:00:00,87.02,87.32,17.13,0.811,556.31,238.2,29.71,55.41,879.63
2024-11-08 06:00:00,80.76,75.64,19.4,0.697,540.46,223.49,42.5,58.38,864.83
2024-11-08 07:00:00,85.01,81.23,18.16,0.838,542.79,225.7,40.88,61.53,870.9
2024-11-08 08:00:00,90.44,79.44,17.72,0.776,570.2,223.18,37.07,61.29,891.74
2024-11-08 09:00:00,108.5,81.4,16.52,0.873,663.69,246.55,37.31,62.2,1009.75
2024-11-08 10:00:00,96.4,93.34,20.2,0.889,600.56,259.02,37.46,56.19,953.23
2024-11-08 11:00:00,112.27,96.12,16.7,0.838,687.68,272.94,39.18,61.79,1061.6
2024-11-08 12:00:00,121.9,100.0,18.67,0.993,741.27,273.26,47.94,59.76,1122.24
2024-11-08 13:00:00,113.48,100.0,17.33,1.0,685.42,272.41,43.29,63.86,1064.98
2024-11-08 14:00:00,110.51,93.49,19.91,0.937,665.71,252.56,45.74,65.37,1029.39
2024-11-08 15:00:00,100.4,89.78,18.24,0.829,637.8,254.41,38.71,75.15,1006.07
2024-11-08 16:00:00,89.83,87.75,18.54,0.796,570.11,244.42,40.92,66.55,922.0
2024-11-08 17:00:00,78.04,83.86,18.59,0.898,496.57,236.58,35.71,60.63,829.5
2024-11-08 18:00:00,85.82,84.52,19.2,0.805,564.01,235.93,38.89,59.81,898.64
2024-11-08 19:00:00,83.91,87.48,18.77,0.952,548.55,243.11,37.79,55.32,884.76
2024-11-08 20:00:00,89.3,83.17,18.68,0.864,579.3,234.8,41.95,55.44,911.5
2024-11-08 21:00:00,98.0,84.02,17.97,0.802,621.49,237.17,37.17,61.36,957.2
2024-11-08 22:00:00,114.48,96.92,16.38,1.0,713.56,263.22,36.65,61.51,1074.94
2024-11-08 23:00:00,122.61,100.0,17.07,0.954,724.75,260.66,41.59,73.38,1100.38
2024-11-09 00:00:00,87.12,77.55,19.69,0.703,549.23,226.11,39.79,56.36,871.49
2024-11-09 01:00:00,82.88,74.76,18.15,0.704,530.48,216.25,37.2,55.84,839.77
2024-11-09 02:00:00,75.92,80.19,17.62,0.84,495.41,208.51,36.61,61.25,801.78
2024-11-09 03:00:00,76.87,76.41,16.5,0.821,505.35,210.92,37.2,57.48,810.96
2024-11-09 04:00:00,76.51,77.42,16.03,0.754,498.61,219.75,43.26,61.95,823.57
2024-11-09 05:00:00,64.27,70.34,17.56,0.61,431.82,215.38,41.67,57.63,746.5
2024-11-09 06:00:00,54.23,74.72,19.94,0.669,384.17,220.56,36.98,58.57,700.29
2024-11-09 07:00:00,67.94,80.28,17.78,0.749,457.34,224.46,37.14,62.15,781.08
2024-11-09 08:00:00,73.32,70.47,19.21,0.64,495.74,206.85,35.41,57.17,795.16
2024-11-09 09:00:00,68.66,71.66,17.71,0.73,458.68,217.12,38.43,58.2,772.43
2024-11-09 10:00:00,81.33,84.92,19.57,0.946,533.13,234.62,40.49,62.64,870.89
2024-11-09 11:00:00,86.55,86.28,18.08,0.903,542.17,234.68,36.48,60.23,873.56
2024-11-09 12:00:00,85.96,82.77,16.76,0.771,524.2,239.1,48.75,56.8,868.85
2024-11-09 13:00:00,81.58,75.1,18.21,0.716,526.83,224.41,42.5,57.59,851.33
2024-11-09 14:00:00,84.69,78.93,21.36,0.764,538.56,222.13,39.87,65.21,865.77
2024-11-09 15:00:00,73.39,74.11,21.3,0.761,479.88,218.56,40.34,61.55,800.33
2024-11-09 16:00:00,63.43,73.1,19.34,0.81,429.18,213.27,34.43,58.19,735.08
2024-11-09 17:00:00,57.06,77.05,18.41,0.747,399.64,218.26,35.2,64.33,717.43
2024-11-09 18:00:00,68.79,70.96,19.07,0.787,456.07,216.03,45.29,62.18,779.57
2024-11-09 19:00:00,67.72,68.73,19.09,0.793,451.45,200.35,46.54,66.77,765.11
2024-11-09 20:00:00,69.73,74.32,18.55,0.726,457.76,220.61,31.14,64.43,773.94
2024-11-09 21:00:00,73.24,81.78,19.27,0.799,469.16,232.14,41.88,65.83,809.02
2024-11-09 22:00:00,78.51,72.02,18.92,0.702,494.87,210.21,45.53,58.3,808.9
2024-11-09 23:00:00,80.44,87.49,18.14,0.878,541.89,240.39,38.63,55.56,876.47
2024-11-10 00:00:00,84.52,81.4,16.69,0.796,542.11,225.02,46.08,63.86,877.08
2024-11-10 01:00:00,76.26,74.46,17.79,0.789,513.51,214.87,43.07,63.91,835.35
2024-11-10 02:00:00,77.68,70.84,19.68,0.631,506.98,205.69,41.8,59.48,813.95
2024-11-10 03:00:00,73.76,80.41,18.43,0.777,487.63,229.42,39.02,54.78,810.85
2024-11-10 04:00:00,71.81,75.05,18.93,0.767,481.53,210.42,40.37,61.53,793.85
2024-11-10 05:00:00,65.1,73.4,18.06,0.778,450.61,213.23,38.21,61.94,764.0
2024-11-10 06:00:00,66.93,68.96,16.89,0.799,444.68,207.25,41.19,53.21,746.33
2024-11-10 07:00:00,70.65,73.73,18.12,0.673,470.23,210.8,41.01,61.87,783.91
2024-11-10 08:00:00,73.61,74.37,16.95,0.711,490.48,220.62,38.26,65.75,815.12
2024-11-10 09:00:00,76.88,77.94,16.85,0.666,488.94,228.77,32.21,53.43,803.35
2024-11-10 10:00:00,80.67,76.99,20.29,0.714,533.74,214.43,39.22,62.65,850.04
2024-11-10 11:00:00,80.82,72.74,17.85,0.639,532.6,208.2,35.93,66.55,843.28
2024-11-10 12:00:00,89.21,98.25,17.37,0.956,549.23,258.28,35.52,66.86,909.89
2024-11-10 13:00:00,91.46,78.91,20.91,0.778,570.28,228.26,37.24,50.63,886.4
2024-11-10 14:00:00,81.99,81.9,19.7,0.843,530.81,232.77,43.31,65.44,872.32
2024-11-10 15:00:00,82.67,72.47,17.92,0.71,540.08,202.59,35.56,58.43,836.66
2024-11-10 16:00:00,63.27,61.65,19.12,0.64,448.57,185.56,36.45,57.85,728.43
2024-11-10 17:00:00,60.64,70.81,18.13,0.714,418.1,210.55,42.83,72.56,744.04
2024-11-10 18:00:00,67.17,74.46,17.44,0.693,474.56,217.04,36.94,61.1,789.63
2024-11-10 19:00:00,66.31,79.46,19.19,0.71,451.18,234.14,35.49,58.09,778.9
2024-11-10 20:00:00,74.63,79.31,17.99,0.822,491.36,219.65,43.24,64.0,818.23
2024-11-10 21:00:00,74.94,76.72,18.59,0.85,499.18,221.06,39.48,68.43,828.15
2024-11-10 22:00:00,77.15,73.83,20.01,0.865,508.25,209.03,40.26,60.87,818.41
2024-11-10 23:00:00,83.89,89.44,19.85,0.941,541.48,248.48,39.1,57.33,886.4
2024-11-11 00:00:00,108.87,99.08,17.53,1.0,680.32,266.98,41.69,60.46,1049.44
2024-11-11 01:00:00,108.48,88.01,19.08,0.903,664.36,246.44,42.74,65.45,1019.0
2024-11-11 02:00:00,111.39,95.88,16.66,0.974,669.07,258.9,39.51,58.45,
2024-11-11 03:00:00,103.49,92.47,19.03,0.93,630.74,258.75,34.01,65.46,988.96
2024-11-11 04:00:00,93.95,85.25,18.57,0.847,601.54,234.73,41.19,59.3,936.76
2024-11-11 05:00:00,80.13,83.92,18.92,0.87,526.1,230.14,38.64,50.73,845.61
2024-11-11 06:00:00,83.57,85.94,17.91,0.833,525.38,241.83,43.43,67.6,878.24
2024-11-11 07:00:00,82.11,80.1,21.48,0.794,517.7,239.34,36.42,61.68,855.14
2024-11-11 08:00:00,97.21,87.2,17.0,0.813,606.23,233.99,38.74,65.27,944.23
2024-11-11 09:00:00,97.67,96.33,19.81,0.987,613.26,255.42,34.07,61.51,964.26
2024-11-11 10:00:00,103.16,96.24,16.8,0.914,630.36,263.5,43.13,60.19,997.18
2024-11-11 11:00:00,113.11,96.92,19.11,0.971,672.11,270.29,44.9,63.68,1050.98
2024-11-11 12:00:00,112.44,88.07,19.22,0.906,673.2,246.79,38.05,59.23,1017.27
2024-11-11 13:00:00,118.93,100.0,18.43,1.0,727.79,266.35,39.22,69.07,1102.44
2024-11-11 14:00:00,104.56,95.77,17.61,0.996,646.78,263.64,36.76,59.85,1007.03
2024-11-11 15:00:00,94.4,73.43,18.56,0.724,600.02,217.3,37.15,69.09,923.56
2024-11-11 16:00:00,83.89,83.2,18.75,0.856,548.76,230.65,42.77,63.02,885.21
2024-11-11 17:00:00,86.89,81.36,21.04,0.789,549.42,235.8,37.98,48.09,871.31
2024-11-11 18:00:00,82.75,80.27,17.04,0.704,530.78,228.36,41.9,55.05,856.09
2024-11-11 19:00:00,81.29,76.11,17.52,0.788,525.13,209.33,39.94,64.25,838.65
2024-11-11 20:00:00,97.26,87.89,18.78,0.894,609.62,243.75,43.0,55.41,951.78
2024-11-11 21:00:00,102.67,98.29,17.97,1.0,642.06,263.0,38.43,53.22,996.71
2024-11-11 22:00:00,107.39,91.46,18.2,0.913,671.89,259.9,44.34,66.42,1042.56
2024-11-11 23:00:00,118.45,100.0,19.96,0.92,718.75,262.03,47.5,52.06,1080.34
2024-11-12 00:00:00,117.65,94.79,13.99,0.943,714.82,256.17,33.2,63.89,1068.08
2024-11-12 01:00:00,109.7,98.64,17.33,1.0,683.91,268.69,39.63,58.18,1050.42
2024-11-12 02:00:00,103.34,91.68,15.61,0.941,635.08,267.04,39.63,63.51,
2024-11-12 03:00:00,103.27,93.4,16.43,0.927,645.87,267.86,37.14,61.33,1012.2
2024-11-12 04:00:00,94.09,87.08,21.83,0.788,595.05,242.59,41.63,49.63,928.91
2024-11-12 05:00:00,87.69,87.05,19.12,0.819,563.36,244.91,44.48,58.43,911.18
2024-11-12 06:00:00,81.61,67.97,19.65,0.704,526.35,206.35,32.1,58.78,823.58
2024-11-12 07:00:00,89.44,77.62,18.1,0.693,556.05,216.93,31.8,62.05,866.83
2024-11-12 08:00:00,89.48,86.82,19.36,0.852,570.15,242.39,46.63,61.59,920.76
2024-11-12 09:00:00,99.59,79.58,15.57,0.798,620.75,235.25,39.04,58.77,953.82
2024-11-12 10:00:00,113.29,93.99,19.78,0.997,681.84,258.23,40.36,54.33,1034.75
2024-11-12 11:00:00,110.35,94.9,16.99,0.98,670.96,270.99,35.73,62.41,1040.09
2024-11-12 12:00:00,108.71,90.21,17.43,0.95,656.49,246.77,40.18,64.36,1007.79
2024-11-12 13:00:00,108.78,90.93,18.98,0.924,656.91,250.43,45.48,61.65,1014.47
2024-11-12 14:00:00,111.48,97.1,18.7,0.929,673.54,263.42,41.99,58.9,1037.85
2024-11-12 15:00:00,101.02,95.56,18.35,0.925,614.47,252.86,40.77,58.15,966.25
2024-11-12 16:00:00,91.98,81.2,16.18,0.765,575.25,237.16,32.92,55.41,900.74
2024-11-12 17:00:00,84.97,79.61,18.37,0.826,550.58,225.18,42.97,61.24,879.97
2024-11-12 18:00:00,86.94,79.81,19.66,0.763,566.36,229.16,40.04,60.96,896.51
2024-11-12 19:00:00,83.61,69.7,17.43,0.677,554.67,202.78,37.57,64.18,859.2
2024-11-12 20:00:00,93.72,87.57,20.2,0.877,585.41,254.25,42.57,56.89,939.12
2024-11-12 21:00:00,97.07,93.21,16.91,1.0,614.98,263.14,36.61,60.6,975.32
2024-11-12 22:00:00,103.91,97.04,18.23,1.0,642.24,264.13,42.24,53.42,1002.03
2024-11-12 23:00:00,110.44,90.87,20.53,0.87,670.3,243.47,44.87,58.3,1016.95
2024-11-13 00:00:00,113.5,90.49,17.08,0.912,690.71,254.49,40.62,57.19,1043.01
2024-11-13 01:00:00,112.8,96.51,19.68,1.0,692.79,269.16,38.3,65.29,1065.54
2024-11-13 02:00:00,108.44,98.37,21.06,1.0,658.22,261.01,37.71,68.53,1025.47
2024-11-13 03:00:00,85.25,83.4,18.35,0.754,542.06,234.27,41.53,54.12,871.99
2024-11-13 04:00:00,89.27,86.08,17.31,0.815,563.07,241.23,38.27,64.54,907.11
2024-11-13 05:00:00,85.44,88.43,16.94,0.835,542.2,252.23,49.47,63.4,907.3
2024-11-13 06:00:00,91.02,81.81,20.06,0.89,584.69,230.9,34.34,57.25,907.19
2024-11-13 07:00:00,82.69,80.24,20.01,0.865,527.34,234.29,39.48,56.24,857.35
2024-11-13 08:00:00,93.15,94.75,20.27,0.916,581.06,254.33,41.09,56.18,932.66
2024-11-13 09:00:00,105.98,92.01,18.05,0.888,652.39,246.88,40.61,58.11,998.0
2024-11-13 10:00:00,102.25,84.79,19.65,0.85,633.08,249.04,37.76,58.21,978.09
2024-11-13 11:00:00,114.57,93.94,18.03,0.943,689.55,249.39,44.93,59.24,1043.11
2024-11-13 12:00:00,111.79,91.2,16.77,0.864,692.42,247.02,42.67,57.45,1039.56
2024-11-13 13:00:00,110.97,97.27,19.78,0.96,669.81,268.98,42.96,64.03,1045.78
2024-11-13 14:00:00,104.29,87.66,20.55,0.804,640.07,240.91,37.33,62.54,980.85
2024-11-13 15:00:00,97.07,89.89,16.57,0.963,589.95,245.43,38.39,59.13,932.9
2024-11-13 16:00:00,103.39,88.01,16.54,0.792,634.5,243.64,41.95,57.3,977.4
2024-11-13 17:00:00,90.39,74.58,18.16,0.657,561.35,203.68,35.6,57.17,857.8
2024-11-13 18:00:00,89.41,86.24,19.53,0.884,559.7,247.82,42.66,62.19,912.38
2024-11-13 19:00:00,88.98,85.23,16.4,0.79,549.24,240.04,39.6,60.28,889.16
2024-11-13 20:00:00,86.07,85.63,18.44,0.831,543.23,234.95,44.26,60.99,883.43
2024-11-13 21:00:00,101.58,87.42,17.21,0.877,627.3,233.29,38.29,64.29,963.17
2024-11-13 22:00:00,111.79,92.0,19.15,0.954,677.01,245.0,47.26,59.73,1028.99
2024-11-13 23:00:00,109.58,96.8,16.9,0.957,664.57,253.71,41.64,66.85,1026.76
2024-11-14 00:00:00,118.86,100.0,19.13,1.0,711.71,271.36,42.08,49.99,1075.14
2024-11-14 01:00:00,115.81,97.96,17.74,0.98,695.0,267.14,37.23,53.42,1052.79
2024-11-14 02:00:00,114.91,99.58,16.57,1.0,694.26,272.78,41.01,69.05,1077.11
2024-11-14 03:00:00,98.33,87.56,18.07,0.889,610.76,248.26,37.8,58.01,954.84
2024-11-14 04:00:00,88.11,76.34,15.07,0.87,562.75,224.08,33.84,61.48,882.14
2024-11-14 05:00:00,85.56,87.62,17.14,0.929,546.21,253.23,39.22,66.27,904.92
2024-11-14 06:00:00,90.74,89.91,18.48,0.901,570.24,255.99,44.65,61.72,932.6
2024-11-14 07:00:00,79.7,83.4,15.32,0.865,524.71,240.89,39.74,64.57,869.91
2024-11-14 08:00:00,84.23,81.2,14.12,0.799,545.96,231.95,38.82,63.08,879.81
2024-11-14 09:00:00,100.36,93.16,14.47,0.918,621.53,259.97,38.77,64.91,985.18
2024-11-14 10:00:00,105.73,97.33,19.97,0.908,658.21,261.94,48.97,62.47,1031.58
2024-11-14 11:00:00,113.02,100.0,17.86,0.96,685.77,268.67,42.43,63.66,1060.53
2024-11-14 12:00:00,118.78,100.0,17.18,1.0,712.62,280.33,33.64,57.1,1083.69
2024-11-14 13:00:00,110.78,95.71,19.39,0.897,673.35,257.65,37.83,62.62,1031.44
2024-11-14 14:00:00,100.01,83.46,17.37,0.802,621.36,231.49,38.4,59.8,951.04
2024-11-14 15:00:00,108.18,94.87,18.38,0.944,653.55,257.05,37.12,59.56,1007.28
2024-11-14 16:00:00,88.51,85.54,18.01,0.852,547.57,236.33,40.26,51.6,875.76
2024-11-14 17:00:00,82.77,84.93,17.27,0.869,536.12,235.57,37.7,57.89,867.29
2024-11-14 18:00:00,89.41,91.48,18.42,0.891,573.75,253.56,37.95,59.33,924.58
2024-11-14 19:00:00,85.47,82.26,19.13,0.845,539.35,234.4,40.61,67.78,882.14
2024-11-14 20:00:00,92.25,96.63,17.7,1.0,589.82,268.39,33.84,58.6,950.64
2024-11-14 21:00:00,101.93,82.17,17.28,0.885,616.48,245.68,31.4,61.41,954.98
2024-11-14 22:00:00,111.83,98.01,17.46,0.967,674.7,263.62,44.97,66.88,1050.17
2024-11-14 23:00:00,111.66,91.84,14.53,0.949,691.93,252.46,43.35,53.81,1041.55
2024-11-15 00:00:00,121.08,91.0,18.28,0.853,728.25,240.08,41.48,58.09,1067.89
2024-11-15 01:00:00,104.45,91.21,16.04,0.876,639.82,243.8,41.22,64.4,989.23
2024-11-15 02:00:00,110.54,87.98,18.8,0.821,674.71,243.89,39.24,72.35,1030.19
2024-11-15 03:00:00,96.64,87.51,17.72,0.873,612.78,246.56,52.06,50.07,961.48
2024-11-15 04:00:00,97.99,89.17,18.01,0.849,598.38,250.2,40.77,59.41,948.77
2024-11-15 05:00:00,87.58,89.38,18.9,0.818,568.43,251.4,50.43,63.14,933.41
2024-11-15 06:00:00,82.31,73.62,16.46,0.717,527.62,222.14,48.25,64.21,862.22
2024-11-15 07:00:00,89.66,89.37,18.41,0.807,573.97,257.92,41.85,71.23,944.97
2024-11-15 08:00:00,96.07,88.53,18.25,0.952,595.45,244.45,39.16,56.77,935.83
2024-11-15 09:00:00,102.57,96.43,17.58,0.936,646.31,257.69,40.06,58.82,1002.88
2024-11-15 10:00:00,103.38,89.53,16.46,0.945,636.66,251.95,38.4,51.86,978.86
2024-11-15 11:00:00,111.05,88.87,18.75,0.864,664.64,252.22,41.84,60.64,1019.35
2024-11-15 12:00:00,114.98,91.4,18.91,0.854,698.68,252.76,42.7,62.56,1056.69
2024-11-15 13:00:00,112.83,89.95,18.02,0.958,694.54,247.83,35.1,70.46,1047.93
2024-11-15 14:00:00,110.5,97.64,16.25,0.981,682.0,262.02,50.46,68.52,1062.99
2024-11-15 15:00:00,91.94,93.35,17.06,1.0,580.45,255.79,36.88,67.58,940.7
2024-11-15 16:00:00,93.84,84.09,17.76,0.818,595.68,240.74,29.25,56.52,922.2
2024-11-15 17:00:00,85.85,86.07,18.89,0.838,545.88,236.74,39.67,62.13,884.42
2024-11-15 18:00:00,81.65,73.21,15.48,0.782,532.96,208.93,35.41,61.95,839.24
2024-11-15 19:00:00,84.04,82.92,17.01,0.88,543.1,237.73,39.79,62.34,882.96
2024-11-15 20:00:00,91.64,89.16,17.25,0.899,555.05,242.16,40.28,59.79,897.27
2024-11-15 21:00:00,85.6,75.56,17.73,0.922,539.97,219.58,41.78,65.65,866.99
2024-11-15 22:00:00,104.69,91.33,15.9,0.899,645.14,252.38,44.02,58.22,999.76
2024-11-15 23:00:00,109.49,98.32,17.53,0.92,668.76,266.48,35.97,61.65,1032.85
2024-11-16 00:00:00,88.38,69.52,17.27,0.645,561.67,202.14,38.55,67.27,869.63
2024-11-16 01:00:00,81.52,87.44,16.18,0.861,528.32,254.02,42.71,70.77,895.82
2024-11-16 02:00:00,79.76,81.65,17.56,0.892,528.48,233.86,37.37,55.86,855.57
2024-11-16 03:00:00,81.17,84.17,16.92,0.832,528.68,233.67,32.49,62.75,857.59
2024-11-16 04:00:00,73.35,74.61,18.48,0.824,468.1,218.67,42.48,62.27,791.52
2024-11-16 05:00:00,68.87,65.82,16.41,0.68,479.91,209.21,37.74,66.1,792.97
2024-11-16 06:00:00,61.75,73.55,17.87,0.79,413.5,214.98,37.47,68.17,734.12
2024-11-16 07:00:00,67.43,73.3,16.52,0.752,464.81,223.13,40.48,58.33,786.76
2024-11-16 08:00:00,68.44,74.38,16.83,0.763,449.68,209.31,40.02,59.62,758.63
2024-11-16 09:00:00,74.22,82.55,18.18,0.863,502.47,228.24,43.99,60.37,835.06
2024-11-16 10:00:00,82.26,84.94,18.09,0.821,529.09,225.54,35.0,62.39,852.03
2024-11-16 11:00:00,82.35,90.78,17.11,0.88,534.85,262.5,49.05,64.13,910.53
2024-11-16 12:00:00,92.22,86.88,17.33,0.886,565.22,232.24,34.34,58.12,889.93
2024-11-16 13:00:00,84.1,78.6,15.55,0.883,546.35,226.09,38.45,69.29,880.18
2024-11-16 14:00:00,83.1,80.61,19.84,0.729,538.82,239.7,36.53,50.85,865.9
2024-11-16 15:00:00,80.82,82.49,18.77,0.723,529.05,239.05,40.22,54.03,862.36
2024-11-16 16:00:00,73.5,81.83,18.71,0.805,495.11,234.1,40.08,63.04,832.32
2024-11-16 17:00:00,59.62,62.48,15.34,0.676,419.54,198.9,40.67,59.18,718.28
2024-11-16 18:00:00,65.53,72.81,16.84,0.731,445.96,208.89,41.05,57.17,753.06
2024-11-16 19:00:00,68.66,82.38,17.23,0.765,456.81,236.1,45.23,64.8,802.94
2024-11-16 20:00:00,72.94,75.27,14.84,0.757,481.17,217.39,40.63,64.06,803.25
2024-11-16 21:00:00,70.55,79.93,19.07,0.713,482.39,227.05,45.55,66.25,821.24
2024-11-16 22:00:00,78.0,81.46,19.91,0.846,503.28,232.22,33.0,54.82,823.32
2024-11-16 23:00:00,88.72,89.14,20.83,0.876,548.86,254.25,31.26,64.06,898.43
2024-11-17 00:00:00,83.2,77.55,16.05,0.771,528.11,232.26,40.51,64.01,864.89
2024-11-17 01:00:00,83.54,77.74,17.79,0.799,542.57,221.66,41.31,54.96,860.5
2024-11-17 02:00:00,86.93,83.57,19.6,0.846,552.22,228.96,37.86,60.2,879.24
2024-11-17 03:00:00,74.81,69.74,17.24,0.67,498.88,201.54,39.96,64.84,805.23
2024-11-17 04:00:00,66.47,71.89,16.77,0.771,436.34,222.65,44.3,66.71,769.99
2024-11-17 05:00:00,61.75,72.14,14.82,0.761,404.87,220.37,42.68,59.27,727.19
2024-11-17 06:00:00,65.08,81.46,19.32,0.726,447.52,224.53,38.68,54.51,765.23
2024-11-17 07:00:00,59.92,71.98,17.59,0.708,427.66,221.12,40.79,67.66,757.23
2024-11-17 08:00:00,68.39,77.32,16.52,0.719,448.24,218.1,43.04,60.2,769.57
2024-11-17 09:00:00,76.33,83.99,18.04,0.776,505.87,240.36,35.08,50.56,831.87
2024-11-17 10:00:00,85.82,78.09,17.85,0.808,558.63,219.71,36.78,58.8,873.92
2024-11-17 11:00:00,87.41,82.88,17.87,0.808,557.03,247.03,43.69,65.66,913.41
2024-11-17 12:00:00,83.39,93.82,17.29,0.931,544.18,253.61,33.08,53.9,884.77
2024-11-17 13:00:00,89.46,84.33,20.05,0.81,568.81,230.8,35.64,60.59,895.83
2024-11-17 14:00:00,79.43,85.3,17.42,0.871,515.03,236.38,35.15,58.36,844.92
2024-11-17 15:00:00,70.06,79.85,20.05,0.832,476.85,243.44,43.67,59.81,823.78
2024-11-17 16:00:00,68.69,66.95,18.46,0.778,478.74,202.16,35.66,57.82,774.38
2024-11-17 17:00:00,71.01,77.06,18.14,0.762,470.59,215.65,43.17,62.52,791.92
2024-11-17 18:00:00,64.41,72.94,17.45,0.657,441.35,208.44,38.59,58.89,747.27
2024-11-17 19:00:00,65.31,74.3,19.08,0.718,438.61,205.55,47.11,63.28,754.56
2024-11-17 20:00:00,75.92,74.19,17.79,0.784,500.86,219.04,40.51,58.16,818.58
2024-11-17 21:00:00,69.27,69.05,16.22,0.652,465.12,197.51,44.27,65.59,772.49
2024-11-17 22:00:00,75.48,75.36,16.17,0.68,506.68,224.89,41.84,60.06,833.48
2024-11-17 23:00:00,78.28,78.65,18.25,0.749,522.75,229.91,38.2,53.96,844.82
2024-11-18 00:00:00,116.49,100.0,16.14,0.973,708.76,269.4,39.95,55.72,1073.83
2024-11-18 01:00:00,113.66,100.0,17.41,0.946,696.66,277.42,40.03,54.21,1068.32
2024-11-18 02:00:00,113.67,100.0,19.09,1.0,682.72,275.55,38.15,54.49,1050.92
2024-11-18 03:00:00,100.97,94.79,17.96,0.944,617.23,260.0,43.55,53.43,974.21
2024-11-18 04:00:00,90.88,80.42,16.42,0.844,577.91,224.27,50.04,54.57,906.8
2024-11-18 05:00:00,87.02,81.46,19.62,0.792,555.24,233.56,40.46,59.97,889.24
2024-11-18 06:00:00,85.47,83.79,18.32,0.866,563.35,238.39,42.87,63.69,908.3
2024-11-18 07:00:00,80.32,77.0,19.03,0.745,506.24,224.65,42.12,53.24,826.24
2024-11-18 08:00:00,103.34,94.56,14.1,0.889,641.66,259.04,29.56,55.98,986.24
2024-11-18 09:00:00,102.08,94.64,18.0,0.919,635.22,260.71,41.97,64.02,1001.91
2024-11-18 10:00:00,108.34,96.85,18.76,0.888,655.6,265.2,41.77,59.21,1021.78
2024-11-18 11:00:00,115.45,100.0,20.05,1.0,689.51,278.17,35.01,51.44,1054.14
2024-11-18 12:00:00,117.84,94.4,15.31,0.951,706.47,250.59,32.85,60.19,1050.1
2024-11-18 13:00:00,112.43,100.0,19.31,0.96,669.01,263.99,41.71,61.81,1036.52
2024-11-18 14:00:00,104.98,89.01,19.97,0.871,656.53,247.37,46.58,61.57,1012.06
2024-11-18 15:00:00,102.4,86.49,14.48,0.742,653.59,237.08,38.52,71.23,1000.43
2024-11-18 16:00:00,94.04,89.68,18.22,0.969,587.48,249.6,38.67,56.23,931.99
2024-11-18 17:00:00,83.77,87.96,18.43,0.946,533.74,238.05,49.23,65.5,886.52
2024-11-18 18:00:00,90.68,87.78,17.01,0.883,562.89,238.6,43.58,59.88,904.96
2024-11-18 19:00:00,88.18,84.2,16.77,0.858,552.15,249.17,35.14,62.34,898.8
2024-11-18 20:00:00,95.42,89.26,18.5,0.829,592.38,246.07,37.15,56.74,932.34
2024-11-18 21:00:00,105.57,93.47,16.58,0.875,657.51,249.25,48.72,56.64,1012.11
2024-11-18 22:00:00,107.59,88.16,17.18,0.797,683.48,244.46,37.35,53.75,1019.03
2024-11-18 23:00:00,114.26,90.92,18.72,0.901,685.51,257.14,37.87,52.66,1033.18
2024-11-19 00:00:00,118.24,98.73,20.02,1.0,703.98,274.56,42.68,63.36,1084.58
2024-11-19 01:00:00,110.09,95.44,18.2,0.935,661.11,251.67,38.95,57.32,1009.04
2024-11-19 02:00:00,107.72,93.91,17.59,0.957,662.19,252.62,41.77,72.73,1029.31
2024-11-19 03:00:00,100.5,93.63,16.61,0.985,625.26,257.96,41.15,57.63,982.01
2024-11-19 04:00:00,88.68,83.26,15.87,0.751,564.19,234.64,39.42,63.36,901.61
2024-11-19 05:00:00,96.28,90.95,19.05,1.0,597.85,241.41,44.84,60.28,944.36
2024-11-19 06:00:00,79.37,78.96,17.16,0.847,527.73,217.19,34.9,50.87,830.69
2024-11-19 07:00:00,81.82,90.03,19.12,0.926,535.2,242.65,40.47,53.27,871.59
2024-11-19 08:00:00,97.76,89.28,16.89,0.939,614.55,236.87,37.68,52.45,941.54
2024-11-19 09:00:00,102.85,100.0,16.42,1.0,637.23,267.25,46.57,67.34,1018.39
2024-11-19 10:00:00,103.4,93.46,18.02,0.949,635.47,263.43,39.3,66.49,1004.69
2024-11-19 11:00:00,115.42,96.64,17.27,1.0,691.38,258.95,47.69,69.64,1067.66
2024-11-19 12:00:00,120.87,95.94,15.58,0.937,728.52,267.96,38.31,48.9,1083.69
2024-11-19 13:00:00,112.87,89.22,20.12,0.915,687.73,247.54,40.44,53.15,1028.86
2024-11-19 14:00:00,117.9,93.99,16.45,1.0,714.01,256.28,44.35,63.02,1077.67
2024-11-19 15:00:00,93.1,82.15,18.78,0.687,573.0,222.53,36.18,56.16,887.87
2024-11-19 16:00:00,95.28,89.61,18.65,0.918,599.09,255.2,46.04,63.47,963.8
2024-11-19 17:00:00,91.68,83.21,15.5,0.868,575.91,235.43,40.1,57.77,909.22
2024-11-19 18:00:00,88.57,85.22,15.89,0.767,555.8,229.36,41.65,57.26,884.06
2024-11-19 19:00:00,86.19,89.51,16.94,0.909,556.79,250.25,42.18,50.92,900.15
2024-11-19 20:00:00,91.34,85.23,16.09,0.813,578.11,235.46,39.7,57.12,910.38
2024-11-19 21:00:00,101.78,100.0,19.98,1.0,647.72,270.37,36.76,61.85,1016.7
2024-11-19 22:00:00,110.76,89.5,17.09,0.89,677.69,249.4,40.38,55.06,1022.52
2024-11-19 23:00:00,115.4,96.95,18.72,0.922,694.62,270.88,31.95,60.34,1057.81
2024-11-20 00:00:00,119.16,96.88,18.05,1.0,714.93,256.69,34.76,54.77,1061.15
2024-11-20 01:00:00,108.91,99.14,17.67,0.97,655.2,271.63,39.44,56.13,
2024-11-20 02:00:00,106.59,82.1,17.34,0.834,662.79,240.37,46.19,56.48,1005.83
2024-11-20 03:00:00,96.24,80.9,19.13,0.875,603.72,245.02,46.07,62.32,957.13
2024-11-20 04:00:00,90.96,84.94,16.04,0.804,577.43,244.67,43.92,64.29,930.32
2024-11-20 05:00:00,91.07,93.29,19.87,0.933,566.84,258.08,33.84,69.19,927.96
2024-11-20 06:00:00,85.43,83.85,15.35,0.814,553.39,237.73,41.2,63.9,896.22
2024-11-20 07:00:00,97.44,81.96,18.45,0.806,599.7,241.43,36.56,61.82,939.51
2024-11-20 08:00:00,93.27,80.65,15.17,0.914,581.94,227.65,39.73,68.87,918.19
2024-11-20 09:00:00,100.24,98.48,16.8,1.0,622.2,271.59,43.82,61.37,998.98
2024-11-20 10:00:00,107.92,90.86,17.42,0.924,654.98,263.96,42.63,63.07,1024.64
2024-11-20 11:00:00,110.44,90.5,16.55,0.931,665.86,249.4,45.13,64.78,1025.18
2024-11-20 12:00:00,114.77,100.0,17.01,1.0,693.44,257.92,34.36,60.87,1046.59
2024-11-20 13:00:00,117.5,100.0,15.2,0.909,715.59,264.84,35.91,59.66,1075.99
2024-11-20 14:00:00,107.96,100.0,15.8,1.0,666.94,271.76,46.03,59.17,1043.89
2024-11-20 15:00:00,96.83,83.66,18.03,0.763,609.79,230.67,46.09,57.14,943.68
2024-11-20 16:00:00,88.8,76.77,17.32,0.854,567.89,219.14,39.94,57.52,884.49
2024-11-20 17:00:00,85.21,83.27,16.24,0.864,542.24,233.1,39.91,65.31,880.55
2024-11-20 18:00:00,85.3,84.32,19.26,0.852,555.44,240.44,44.69,54.52,895.1
2024-11-20 19:00:00,91.78,87.71,15.45,0.862,565.03,238.53,42.13,60.69,906.38
2024-11-20 20:00:00,87.14,90.96,16.74,1.0,559.16,247.51,42.43,59.88,908.98
2024-11-20 21:00:00,98.72,80.69,16.52,0.837,620.33,237.89,36.3,52.87,947.4
2024-11-20 22:00:00,108.08,98.34,18.2,0.984,659.66,263.62,44.6,64.19,1032.07
2024-11-20 23:00:00,105.66,87.34,17.35,0.847,642.5,247.78,39.2,53.32,982.8
2024-11-21 00:00:00,111.67,100.0,17.01,0.967,678.03,270.08,34.43,56.27,1038.82
2024-11-21 01:00:00,110.27,92.76,14.4,0.93,665.29,254.66,36.87,59.57,1016.4
2024-11-21 02:00:00,104.32,88.09,18.47,0.834,645.69,249.41,37.61,67.45,1000.17
2024-11-21 03:00:00,100.77,87.33,16.84,0.907,631.4,232.23,45.91,62.6,972.15
2024-11-21 04:00:00,91.86,78.7,17.34,0.755,582.86,227.93,37.21,61.55,909.56
2024-11-21 05:00:00,84.79,82.6,16.05,0.876,547.04,236.77,41.54,66.76,892.11
2024-11-21 06:00:00,86.71,79.49,15.81,0.844,559.64,232.03,31.56,58.68,881.9
2024-11-21 07:00:00,93.9,90.88,19.42,0.906,596.52,248.6,43.75,69.99,958.86
2024-11-21 08:00:00,99.06,92.73,14.51,0.956,609.06,254.73,36.83,62.52,963.14
2024-11-21 09:00:00,92.31,94.6,15.59,0.977,569.24,243.93,41.56,60.67,915.41
2024-11-21 10:00:00,109.81,96.74,19.39,0.894,671.26,259.13,41.56,51.02,1022.97
2024-11-21 11:00:00,112.28,98.74,18.13,1.0,688.79,268.41,42.53,64.88,1064.61
2024-11-21 12:00:00,115.62,100.0,16.68,0.987,685.46,278.82,41.33,62.69,1068.3
2024-11-21 13:00:00,111.4,92.56,19.04,0.96,677.54,265.45,47.66,58.89,1049.53
2024-11-21 14:00:00,107.97,86.54,17.84,0.902,668.88,239.69,40.83,57.48,1006.88
2024-11-21 15:00:00,100.61,91.3,17.52,0.789,622.1,256.98,48.99,70.07,998.14
2024-11-21 16:00:00,90.18,77.98,17.51,0.747,583.09,222.87,42.55,56.02,904.53
2024-11-21 17:00:00,83.42,93.98,17.87,0.982,547.79,247.67,41.1,61.74,898.3
2024-11-21 18:00:00,83.21,88.88,17.93,0.892,534.56,250.28,43.57,60.17,888.58
2024-11-21 19:00:00,87.95,94.79,20.46,0.982,556.79,270.05,40.79,63.44,931.07
2024-11-21 20:00:00,94.9,87.76,16.88,0.882,591.69,242.01,41.8,50.39,925.88
2024-11-21 21:00:00,103.41,94.46,16.92,1.0,638.15,252.92,41.39,63.36,995.82
2024-11-21 22:00:00,105.52,90.46,15.31,0.91,638.23,250.38,40.99,68.0,997.6
2024-11-21 23:00:00,114.13,100.0,17.09,1.0,679.76,269.26,48.47,50.49,1047.99
2024-11-22 00:00:00,118.85,93.35,19.86,0.884,696.08,271.69,49.09,55.26,1072.12
2024-11-22 01:00:00,117.65,86.11,18.54,0.855,708.09,246.87,41.31,62.83,1059.1
2024-11-22 02:00:00,107.26,89.68,16.25,0.867,672.63,249.1,45.04,59.33,
2024-11-22 03:00:00,99.12,82.28,17.11,0.842,599.66,215.42,44.8,63.4,923.28
2024-11-22 04:00:00,93.26,94.02,15.12,0.926,584.85,256.59,44.37,63.72,949.53
2024-11-22 05:00:00,82.41,90.28,15.61,0.891,530.34,260.71,42.18,61.13,894.36
2024-11-22 06:00:00,84.23,75.1,17.29,0.716,539.91,218.19,42.65,68.81,869.57
2024-11-22 07:00:00,89.99,91.45,16.32,0.891,579.99,256.98,42.28,63.76,943.02
2024-11-22 08:00:00,95.07,92.29,15.5,0.922,588.23,256.16,37.13,53.37,934.89
2024-11-22 09:00:00,98.92,81.61,17.8,0.715,599.02,228.46,39.74,63.5,930.73
2024-11-22 10:00:00,108.37,92.23,16.94,0.807,657.58,263.84,35.21,59.84,
2024-11-22 11:00:00,109.69,91.95,14.71,0.922,663.12,254.22,42.31,62.74,1022.38
2024-11-22 12:00:00,117.81,100.0,13.95,0.862,691.22,265.76,41.72,65.84,1064.55
2024-11-22 13:00:00,112.68,90.2,16.21,0.892,685.36,249.54,42.8,68.08,1045.77
2024-11-22 14:00:00,106.4,92.7,14.68,0.908,642.49,263.24,36.9,60.42,1003.06
2024-11-22 15:00:00,98.55,85.85,14.26,0.886,612.1,231.4,43.86,64.19,951.55
2024-11-22 16:00:00,92.25,88.49,18.76,0.851,578.34,247.45,41.89,54.6,922.28
2024-11-22 17:00:00,85.22,81.53,16.92,0.894,537.5,231.64,48.93,57.68,875.76
2024-11-22 18:00:00,87.63,81.14,16.67,0.854,565.29,221.15,43.22,57.19,886.85
2024-11-22 19:00:00,85.43,81.65,16.78,0.741,544.89,236.06,37.61,65.17,883.73
2024-11-22 20:00:00,98.87,99.62,15.36,0.982,614.79,270.73,34.6,68.64,988.76
2024-11-22 21:00:00,105.86,90.85,17.68,0.985,654.0,256.05,40.87,75.95,1026.86
2024-11-22 22:00:00,103.93,86.76,16.87,0.833,641.98,249.03,35.88,64.31,991.2
2024-11-22 23:00:00,113.27,99.55,15.93,0.993,687.51,268.73,37.06,65.62,1058.91
2024-11-23 00:00:00,83.65,81.11,16.05,0.881,531.64,226.99,36.14,51.35,846.12
2024-11-23 01:00:00,83.44,74.64,15.12,0.719,528.28,208.2,37.68,51.06,825.22
2024-11-23 02:00:00,88.63,95.47,16.35,1.0,564.44,256.63,45.82,55.66,922.55
2024-11-23 03:00:00,73.77,75.12,16.6,0.706,481.15,217.82,36.13,53.73,788.84
2024-11-23 04:00:00,70.82,73.52,16.31,0.591,480.44,208.61,38.3,62.56,789.9
2024-11-23 05:00:00,67.42,74.51,17.04,0.807,456.08,219.97,34.28,68.68,779.01
2024-11-23 06:00:00,59.75,78.52,16.84,0.807,423.93,219.48,33.17,60.06,736.64
2024-11-23 07:00:00,61.84,62.52,17.31,0.65,421.3,180.71,38.88,56.72,697.62
2024-11-23 08:00:00,64.55,73.66,18.38,0.682,433.62,211.21,40.83,61.53,747.19
2024-11-23 09:00:00,71.46,86.16,17.85,0.811,490.71,242.05,35.4,56.4,824.57
2024-11-23 10:00:00,69.22,75.26,18.39,0.81,464.93,210.48,33.92,57.28,766.62
2024-11-23 11:00:00,86.92,77.28,15.69,0.785,561.91,216.97,32.51,59.03,870.42
2024-11-23 12:00:00,94.47,84.14,16.2,0.836,581.04,232.92,40.58,61.94,916.48
2024-11-23 13:00:00,85.33,83.7,17.94,0.848,544.41,232.78,43.74,51.67,872.59
2024-11-23 14:00:00,74.96,84.13,17.97,0.917,505.22,238.47,34.29,49.85,827.83
2024-11-23 15:00:00,72.43,74.52,15.94,0.781,469.63,220.31,37.41,55.7,783.05
2024-11-23 16:00:00,67.54,77.9,17.88,0.755,475.9,220.75,44.33,62.61,803.59
2024-11-23 17:00:00,61.19,63.42,15.55,0.564,427.55,186.94,39.15,53.67,707.32
2024-11-23 18:00:00,67.19,66.38,17.68,0.693,449.4,200.21,39.6,69.17,758.38
2024-11-23 19:00:00,68.5,71.84,16.92,0.672,465.31,213.96,41.52,64.26,785.05
2024-11-23 20:00:00,64.75,79.57,14.88,0.737,452.64,236.77,38.23,63.35,790.99
2024-11-23 21:00:00,77.9,79.29,16.31,0.859,502.9,233.4,36.89,64.28,837.46
2024-11-23 22:00:00,86.73,84.82,20.23,0.892,548.21,230.56,41.23,62.13,882.13
2024-11-23 23:00:00,92.35,87.57,17.26,0.895,583.76,243.04,34.47,62.53,923.81
2024-11-24 00:00:00,97.71,94.4,20.31,0.882,612.26,260.98,33.55,66.21,973.0
2024-11-24 01:00:00,81.13,77.52,14.69,0.865,524.09,217.68,37.23,65.0,844.0
2024-11-24 02:00:00,91.92,89.4,17.99,0.945,582.83,245.64,42.85,61.5,932.82
2024-11-24 03:00:00,73.58,72.64,13.06,0.711,494.74,216.58,44.65,69.62,
2024-11-24 04:00:00,67.01,83.42,16.86,0.808,456.41,236.68,38.1,60.39,791.58
2024-11-24 05:00:00,66.57,69.28,17.81,0.697,447.3,205.5,43.32,57.72,753.84
2024-11-24 06:00:00,61.42,66.3,18.12,0.639,426.94,195.31,45.53,52.58,720.36
2024-11-24 07:00:00,66.85,76.18,15.66,0.872,468.32,211.29,40.15,56.39,776.15
2024-11-24 08:00:00,64.09,72.45,18.42,0.705,443.14,210.26,42.55,66.01,761.96
2024-11-24 09:00:00,74.04,78.66,16.06,0.733,500.15,224.63,47.47,59.83,832.07
2024-11-24 10:00:00,85.77,84.02,16.61,0.92,544.72,227.63,37.18,62.4,871.93
2024-11-24 11:00:00,84.51,76.81,16.21,0.74,544.67,221.58,39.03,60.4,865.69
2024-11-24 12:00:00,86.82,91.47,15.15,0.954,560.44,254.45,46.4,53.99,915.27
2024-11-24 13:00:00,86.64,87.79,19.21,0.912,565.2,240.21,36.24,58.56,900.21
2024-11-24 14:00:00,85.31,89.45,16.93,0.892,556.36,250.26,40.62,55.83,903.07
2024-11-24 15:00:00,68.38,71.55,18.49,0.667,452.94,211.9,37.49,57.82,760.16
2024-11-24 16:00:00,71.71,77.94,18.43,0.777,487.78,221.85,45.45,55.56,810.64
2024-11-24 17:00:00,64.18,73.08,15.41,0.672,454.41,210.97,35.26,62.41,763.05
2024-11-24 18:00:00,64.42,77.85,18.68,0.777,437.48,221.49,39.73,64.06,762.77
2024-11-24 19:00:00,69.5,80.55,17.61,0.844,460.33,224.02,35.81,60.18,780.33
2024-11-24 20:00:00,64.6,73.26,15.3,0.819,442.8,215.92,34.13,50.05,742.9
2024-11-24 21:00:00,70.95,67.88,17.53,0.624,476.18,197.49,32.41,53.24,759.31
2024-11-24 22:00:00,72.88,85.34,15.33,0.841,481.62,234.53,39.34,63.23,818.71
2024-11-24 23:00:00,82.55,84.05,19.27,0.814,523.24,239.49,41.93,56.22,860.89
2024-11-25 00:00:00,120.32,97.12,17.98,0.985,733.39,262.5,40.07,56.23,1092.19
2024-11-25 01:00:00,112.51,98.29,16.65,0.907,675.66,266.77,40.94,60.34,1043.72
2024-11-25 02:00:00,102.14,83.51,18.66,0.789,626.64,225.11,38.26,56.07,946.08
2024-11-25 03:00:00,98.06,94.31,14.39,0.858,611.16,254.9,43.94,49.39,959.39
2024-11-25 04:00:00,86.55,75.92,15.64,0.687,540.96,229.51,42.91,55.38,868.77
2024-11-25 05:00:00,82.51,80.15,16.38,0.768,520.15,217.63,40.5,57.98,836.27
2024-11-25 06:00:00,86.56,84.5,20.11,0.929,549.32,247.95,40.82,57.23,895.32
2024-11-25 07:00:00,82.31,86.35,15.16,0.881,538.18,242.9,38.14,63.51,882.72
2024-11-25 08:00:00,96.95,89.01,14.2,0.893,606.26,243.72,47.78,60.44,958.2
2024-11-25 09:00:00,99.72,93.03,14.59,0.998,602.1,254.14,43.23,60.09,959.57
2024-11-25 10:00:00,107.84,93.78,18.12,0.957,670.33,264.32,39.59,65.78,1040.02
2024-11-25 11:00:00,111.88,95.78,15.87,0.982,685.76,247.47,39.31,52.2,1024.74
2024-11-25 12:00:00,118.09,99.47,16.52,0.971,711.99,277.39,38.44,67.82,1095.64
2024-11-25 13:00:00,116.12,97.12,17.91,0.939,701.93,265.54,38.81,68.26,1074.53
2024-11-25 14:00:00,108.84,85.99,16.52,0.794,669.59,246.65,40.99,59.42,1016.64
2024-11-25 15:00:00,102.26,87.29,17.07,0.843,649.91,232.81,33.17,58.04,973.93
2024-11-25 16:00:00,91.65,87.05,17.56,0.856,585.3,241.44,39.0,66.71,932.46
2024-11-25 17:00:00,89.18,83.34,16.11,0.851,568.26,221.05,39.48,58.68,887.47
2024-11-25 18:00:00,83.65,81.05,16.51,0.809,528.43,237.38,39.97,61.77,867.54
2024-11-25 19:00:00,87.02,81.89,17.12,0.801,556.41,226.08,40.7,61.39,884.58
2024-11-25 20:00:00,91.4,81.38,18.06,0.768,583.19,224.92,40.13,62.45,910.69
2024-11-25 21:00:00,98.17,86.62,15.57,0.886,609.93,230.3,41.62,54.5,936.35
2024-11-25 22:00:00,104.74,90.84,12.23,0.883,639.54,253.43,39.46,62.2,994.62
2024-11-25 23:00:00,114.86,97.46,17.78,0.992,698.73,265.09,43.95,55.59,1063.37
2024-11-26 00:00:00,120.24,100.0,18.06,0.904,713.31,265.51,42.63,57.01,1078.46
2024-11-26 01:00:00,117.67,97.93,16.96,0.996,715.32,267.24,48.98,64.64,1096.19
2024-11-26 02:00:00,102.47,86.09,17.07,0.898,628.88,236.11,42.81,57.48,965.28
2024-11-26 03:00:00,105.16,85.59,15.82,0.887,628.8,229.18,37.02,56.81,951.81
2024-11-26 04:00:00,91.23,98.6,17.41,0.976,572.5,264.88,39.37,61.02,937.77
2024-11-26 05:00:00,89.41,79.06,17.94,0.836,566.61,235.89,37.97,66.73,907.2
2024-11-26 06:00:00,81.38,78.09,16.75,0.717,531.3,229.83,40.03,72.02,873.18
2024-11-26 07:00:00,87.58,86.37,20.4,0.859,561.38,244.12,44.39,65.71,915.6
2024-11-26 08:00:00,93.75,88.68,14.32,0.877,578.45,247.7,38.7,65.65,930.5
2024-11-26 09:00:00,94.06,89.64,16.91,0.948,591.28,246.05,37.73,59.88,934.94
2024-11-26 10:00:00,109.93,92.75,14.9,0.827,665.39,259.2,42.07,72.8,1039.45
2024-11-26 11:00:00,118.37,100.0,17.98,0.947,708.99,273.39,36.74,60.99,1080.11
2024-11-26 12:00:00,114.3,97.46,14.29,1.0,683.52,264.16,36.5,59.82,1044.01
2024-11-26 13:00:00,118.43,97.65,14.66,0.855,711.75,266.27,41.53,61.91,1081.46
2024-11-26 14:00:00,106.74,94.6,15.71,0.987,678.77,249.02,32.83,61.32,1021.94
2024-11-26 15:00:00,103.4,96.98,17.06,0.935,651.84,260.77,38.07,53.43,1004.11
2024-11-26 16:00:00,83.63,81.7,15.77,0.83,530.14,224.42,43.42,56.51,854.49
2024-11-26 17:00:00,96.68,88.26,15.79,0.953,603.95,238.08,32.67,61.9,936.6
2024-11-26 18:00:00,90.98,90.83,16.39,0.923,572.4,253.57,32.96,56.05,914.98
2024-11-26 19:00:00,85.87,87.74,16.3,0.949,550.49,236.67,34.26,63.24,884.67
2024-11-26 20:00:00,84.61,90.23,18.9,0.878,550.39,254.08,29.08,60.18,893.73
2024-11-26 21:00:00,101.15,81.79,17.69,0.8,624.73,237.96,47.59,64.68,974.96
2024-11-26 22:00:00,101.72,95.39,16.18,0.993,622.92,259.94,40.48,59.38,982.73
2024-11-26 23:00:00,114.77,100.0,19.81,0.978,703.1,266.37,37.32,62.41,1069.19
2024-11-27 00:00:00,116.65,93.89,17.31,0.969,693.36,263.37,34.84,50.94,1042.51
2024-11-27 01:00:00,109.22,95.87,15.12,1.0,667.64,264.64,48.8,51.95,
2024-11-27 02:00:00,111.98,100.0,16.96,1.0,668.03,277.17,42.62,55.98,1043.81
2024-11-27 03:00:00,103.22,87.47,17.37,0.796,627.9,237.19,39.49,61.55,966.13
2024-11-27 04:00:00,96.4,90.41,15.54,0.887,607.97,248.31,44.88,56.09,957.26
2024-11-27 05:00:00,87.05,87.88,14.99,0.893,549.79,243.24,41.56,63.64,898.22
2024-11-27 06:00:00,79.34,74.31,16.7,0.731,501.68,217.32,37.99,61.93,818.92
2024-11-27 07:00:00,90.92,84.75,16.03,0.851,568.82,241.72,37.57,57.71,905.83
2024-11-27 08:00:00,91.42,87.21,18.79,0.887,570.45,243.98,37.64,61.12,913.19
2024-11-27 09:00:00,94.44,83.24,17.68,0.806,582.11,242.82,35.94,57.78,
2024-11-27 10:00:00,112.91,92.06,15.61,0.911,688.94,251.07,44.45,61.58,1046.04
2024-11-27 11:00:00,121.39,100.0,17.21,0.941,714.57,263.71,37.93,57.45,1073.65
2024-11-27 12:00:00,114.84,100.0,18.47,0.976,689.47,266.01,45.41,61.98,1062.87
2024-11-27 13:00:00,121.63,100.0,14.48,0.924,729.2,265.26,36.69,66.8,1097.95
2024-11-27 14:00:00,107.87,89.63,15.04,0.902,656.58,245.48,37.6,53.82,993.49
2024-11-27 15:00:00,98.48,92.5,16.55,0.915,609.16,252.63,38.19,56.53,956.51
2024-11-27 16:00:00,89.98,80.81,16.62,0.762,564.11,228.34,36.4,56.74,885.59
2024-11-27 17:00:00,93.56,78.73,16.49,0.877,578.04,226.72,37.65,61.56,903.97
2024-11-27 18:00:00,81.88,79.1,16.1,0.779,524.3,223.35,42.2,64.19,854.05
2024-11-27 19:00:00,89.95,90.59,16.08,0.92,575.01,256.53,44.81,51.3,927.66
2024-11-27 20:00:00,90.26,88.41,17.15,0.852,567.84,234.03,41.2,59.08,902.16
2024-11-27 21:00:00,98.16,89.07,18.27,0.87,612.13,233.69,35.24,60.14,941.2
2024-11-27 22:00:00,111.62,93.73,15.85,0.953,687.04,262.83,37.6,64.41,1051.89
2024-11-27 23:00:00,111.47,93.79,20.23,0.921,682.15,262.49,37.69,55.52,1037.84
2024-11-28 00:00:00,113.38,97.23,19.42,0.973,676.69,271.63,46.8,63.65,1058.77
2024-11-28 01:00:00,117.52,93.42,18.47,0.975,711.19,260.0,43.94,61.47,1076.6
2024-11-28 02:00:00,113.89,95.2,17.41,0.926,697.83,259.94,44.86,68.87,1071.5
2024-11-28 03:00:00,102.58,90.21,19.49,0.836,628.24,247.89,37.16,70.97,984.26
2024-11-28 04:00:00,89.88,78.19,16.04,0.706,556.72,214.58,34.91,63.98,870.18
2024-11-28 05:00:00,84.97,78.29,15.23,0.855,541.31,225.3,42.29,58.7,867.6
2024-11-28 06:00:00,85.32,84.71,15.69,0.894,548.1,229.28,38.16,62.45,877.99
2024-11-28 07:00:00,88.29,84.19,14.97,0.875,566.21,251.6,41.17,62.91,921.88
2024-11-28 08:00:00,88.55,82.73,16.66,0.806,558.58,227.54,41.65,62.63,890.4
2024-11-28 09:00:00,102.89,86.89,16.93,0.802,618.18,242.01,38.42,62.1,960.71
2024-11-28 10:00:00,107.84,100.0,16.78,0.986,649.0,279.04,44.02,62.67,1034.72
2024-11-28 11:00:00,106.13,88.87,16.46,0.884,653.52,244.44,34.16,65.25,997.36
2024-11-28 12:00:00,111.28,96.9,16.68,0.912,692.35,261.33,40.44,70.99,1065.11
2024-11-28 13:00:00,110.97,93.05,19.08,0.857,674.69,239.88,42.71,50.95,1008.24
2024-11-28 14:00:00,107.21,93.79,17.41,0.851,666.55,249.09,46.81,66.5,1028.94
2024-11-28 15:00:00,107.56,96.07,17.86,0.994,649.33,265.11,40.54,60.71,1015.69
2024-11-28 16:00:00,93.45,79.88,16.77,0.738,582.08,237.77,45.03,56.05,920.94
2024-11-28 17:00:00,83.65,81.79,14.06,0.833,519.51,226.41,44.77,53.25,843.94
2024-11-28 18:00:00,85.88,88.89,13.76,0.869,552.37,247.86,49.35,61.53,911.1
2024-11-28 19:00:00,85.6,91.61,19.6,0.946,540.86,268.63,41.29,60.18,910.96
2024-11-28 20:00:00,93.8,86.25,15.68,0.879,593.79,244.52,48.21,54.61,941.13
2024-11-28 21:00:00,102.32,91.37,15.55,0.902,627.59,257.73,43.24,59.85,988.41
2024-11-28 22:00:00,112.34,100.0,16.85,1.0,697.86,265.4,33.86,65.18,1062.31
2024-11-28 23:00:00,112.89,100.0,17.3,0.994,698.81,279.31,40.11,67.76,1086.0
2024-11-29 00:00:00,121.56,97.69,17.41,0.946,709.35,261.0,36.33,60.64,1067.32
2024-11-29 01:00:00,116.62,95.22,19.05,1.0,707.84,254.75,46.12,60.62,1069.33
2024-11-29 02:00:00,104.67,97.12,18.64,0.95,637.4,272.82,40.67,63.11,1014.02
2024-11-29 03:00:00,108.84,89.36,15.17,0.889,669.37,243.84,34.72,65.83,1013.76
2024-11-29 04:00:00,93.81,92.34,17.84,0.853,578.29,253.9,43.53,60.92,936.64
2024-11-29 05:00:00,83.67,83.51,15.81,0.849,549.88,245.12,45.29,61.75,902.03
2024-11-29 06:00:00,91.61,88.39,16.18,0.853,586.3,240.14,38.39,58.0,922.84
2024-11-29 07:00:00,95.32,86.38,14.75,0.84,585.29,239.97,38.21,59.21,922.69
2024-11-29 08:00:00,92.37,83.03,13.85,0.788,580.39,230.71,40.81,56.82,908.73
2024-11-29 09:00:00,97.99,96.3,16.34,0.957,611.23,260.26,32.76,54.83,959.07
2024-11-29 10:00:00,106.81,92.17,14.96,0.821,659.81,253.8,42.84,53.98,1010.42
2024-11-29 11:00:00,115.85,95.87,17.78,0.993,699.15,269.37,46.77,55.69,1070.97
2024-11-29 12:00:00,120.11,99.66,15.97,0.995,726.85,279.13,37.4,55.35,1098.72
2024-11-29 13:00:00,115.27,98.6,16.85,0.963,695.8,268.0,47.37,61.49,1072.66
2024-11-29 14:00:00,107.91,88.8,18.44,0.811,664.43,242.12,43.98,62.24,1012.77
2024-11-29 15:00:00,105.99,90.17,14.16,0.923,639.02,253.43,39.69,57.9,990.03
2024-11-29 16:00:00,91.25,82.53,15.3,0.794,576.04,233.35,42.54,55.8,907.73
2024-11-29 17:00:00,91.13,89.79,16.66,0.963,584.87,248.79,46.39,70.76,950.81
2024-11-29 18:00:00,83.85,77.49,16.86,0.799,550.53,216.55,40.57,57.79,865.44
2024-11-29 19:00:00,88.73,75.59,18.05,0.833,565.05,209.03,41.57,57.03,872.69
2024-11-29 20:00:00,92.05,76.19,17.69,0.769,579.44,219.88,37.86,52.13,889.31
2024-11-29 21:00:00,99.78,82.54,16.54,0.879,629.83,226.91,39.52,62.59,958.84
2024-11-29 22:00:00,105.99,99.8,16.85,1.0,649.14,266.4,42.8,69.1,1027.45
2024-11-29 23:00:00,118.37,99.27,16.89,0.97,721.01,277.35,39.28,59.07,1096.7
2024-11-30 00:00:00,83.32,84.17,14.1,0.851,535.74,236.33,37.99,58.27,868.32
2024-11-30 01:00:00,81.78,83.57,16.07,0.794,529.23,242.15,44.6,61.38,877.36
2024-11-30 02:00:00,89.11,84.84,16.68,0.952,556.71,239.93,41.93,61.54,900.11
2024-11-30 03:00:00,78.91,79.08,16.99,0.786,504.56,229.57,38.08,47.52,819.74
2024-11-30 04:00:00,59.83,75.14,14.92,0.753,427.0,214.49,47.01,63.24,751.74
2024-11-30 05:00:00,63.0,72.23,14.4,0.742,448.76,218.6,48.45,69.38,785.19
2024-11-30 06:00:00,56.5,75.25,15.95,0.698,403.36,219.88,44.06,60.28,727.58
2024-11-30 07:00:00,61.45,73.83,19.26,0.804,425.94,213.46,35.22,59.46,734.08
2024-11-30 08:00:00,56.82,65.32,15.08,0.602,412.29,199.04,41.63,63.97,716.92
2024-11-30 09:00:00,74.45,74.74,18.06,0.685,494.96,212.66,42.35,63.38,
2024-11-30 10:00:00,76.06,74.39,18.68,0.736,481.1,214.46,33.66,60.87,790.08
2024-11-30 11:00:00,84.98,88.58,16.37,0.822,552.86,245.68,44.77,63.87,907.18
2024-11-30 12:00:00,79.75,77.85,15.28,0.857,508.05,220.33,40.84,64.1,833.32
2024-11-30 13:00:00,85.07,78.54,17.07,0.774,545.28,234.3,44.49,54.13,878.2
2024-11-30 14:00:00,78.97,81.08,16.6,0.65,511.29,227.78,38.78,54.26,832.11
2024-11-30 15:00:00,81.01,80.02,15.02,0.81,519.91,240.53,41.94,53.54,855.93
2024-11-30 16:00:00,75.02,78.98,15.32,0.818,495.48,226.27,42.13,52.43,816.31
2024-11-30 17:00:00,68.4,83.65,16.98,0.815,469.14,234.26,40.75,64.05,808.2
2024-11-30 18:00:00,62.44,75.79,17.7,0.69,432.47,216.13,41.97,64.06,754.62
2024-11-30 19:00:00,73.2,76.73,15.82,0.762,497.27,223.68,39.45,62.24,822.64
2024-11-30 20:00:00,63.16,64.54,16.2,0.621,448.09,200.9,35.27,68.31,752.56
2024-11-30 21:00:00,69.39,72.19,17.31,0.673,479.13,196.38,31.83,58.46,765.8
2024-11-30 22:00:00,80.29,83.7,16.05,0.784,521.0,235.8,37.53,56.55,850.88
2024-11-30 23:00:00,93.76,81.02,15.86,0.818,584.97,218.22,43.16,60.61,906.97
2024-12-01 00:00:00,85.44,93.43,15.09,0.979,546.93,262.08,35.84,65.71,910.57
2024-12-01 01:00:00,84.01,82.08,15.06,0.844,549.05,238.36,44.24,57.05,888.7
2024-12-01 02:00:00,74.86,77.67,20.22,0.69,502.81,223.36,45.56,69.71,841.44
2024-12-01 03:00:00,78.78,76.06,15.93,0.791,493.16,220.97,41.89,59.64,815.66
2024-12-01 04:00:00,73.19,79.08,18.27,0.829,488.39,217.48,39.34,62.56,807.77
2024-12-01 05:00:00,68.41,68.42,18.75,0.754,443.12,200.39,44.1,60.81,748.43
2024-12-01 06:00:00,61.23,81.44,15.95,0.767,426.01,227.35,44.63,58.02,756.01
2024-12-01 07:00:00,62.43,77.8,16.77,0.775,427.92,220.69,39.1,64.55,752.26
2024-12-01 08:00:00,64.2,77.02,16.37,0.799,434.32,226.98,40.34,42.62,744.26
2024-12-01 09:00:00,75.34,70.72,13.8,0.681,503.47,216.19,36.75,58.31,814.72
2024-12-01 10:00:00,76.3,79.18,13.89,0.819,496.34,229.94,41.14,63.98,831.4
2024-12-01 11:00:00,80.03,86.06,16.29,0.859,520.09,238.79,31.73,52.74,843.35
2024-12-01 12:00:00,84.56,85.24,15.58,0.81,535.32,234.53,38.83,56.5,865.18
2024-12-01 13:00:00,82.79,76.38,19.06,0.726,534.52,220.95,36.59,57.53,849.59
2024-12-01 14:00:00,78.47,75.99,15.87,0.822,520.04,221.35,39.65,58.35,839.39
2024-12-01 15:00:00,76.87,76.17,19.15,0.712,497.31,218.64,36.82,56.99,809.75
2024-12-01 16:00:00,69.69,71.83,15.51,0.66,473.58,206.89,32.35,54.91,767.72
2024-12-01 17:00:00,64.1,79.7,19.09,0.814,440.97,231.05,37.38,59.65,769.06
2024-12-01 18:00:00,64.48,62.64,16.98,0.625,442.79,195.82,38.1,64.03,740.73
2024-12-01 19:00:00,61.29,73.93,17.07,0.674,423.65,207.37,44.26,61.91,737.2
2024-12-01 20:00:00,69.8,68.44,15.45,0.658,475.17,201.41,37.44,65.13,779.15
2024-12-01 21:00:00,75.6,72.99,17.09,0.689,503.38,217.96,36.61,59.0,816.94
2024-12-01 22:00:00,74.61,67.26,18.76,0.64,492.0,207.17,35.23,66.3,800.7
2024-12-01 23:00:00,88.73,81.62,16.0,0.942,565.25,231.78,44.57,53.62,895.23
2024-12-02 00:00:00,111.47,100.0,15.63,0.985,683.32,272.19,39.11,66.56,1061.17
2024-12-02 01:00:00,113.35,98.0,15.77,0.936,691.09,267.32,41.09,65.46,1064.96
2024-12-02 02:00:00,112.16,90.09,18.57,1.0,678.34,254.91,33.82,52.11,1019.18
2024-12-02 03:00:00,103.7,96.94,17.42,1.0,647.84,256.91,32.98,62.34,1000.07
2024-12-02 04:00:00,92.64,92.48,18.31,0.961,590.1,255.8,36.39,59.37,941.66
2024-12-02 05:00:00,85.56,83.3,16.61,0.791,564.69,229.6,46.49,59.47,900.25
2024-12-02 06:00:00,88.79,94.57,16.2,1.0,551.39,265.12,35.63,60.33,912.48
2024-12-02 07:00:00,89.71,88.96,16.78,0.93,574.16,240.47,37.5,56.9,
2024-12-02 08:00:00,90.03,88.43,17.74,0.892,579.35,248.15,40.05,64.69,932.24
2024-12-02 09:00:00,96.82,84.39,15.77,0.758,612.14,231.92,37.5,60.02,941.59
2024-12-02 10:00:00,99.21,92.74,18.19,0.926,614.03,259.27,41.91,54.38,969.6
2024-12-02 11:00:00,113.61,97.89,16.69,1.0,677.13,268.2,36.68,59.81,1041.81
2024-12-02 12:00:00,114.67,99.93,12.53,1.0,705.66,271.3,35.6,57.63,1070.19
2024-12-02 13:00:00,117.54,95.34,17.46,0.935,703.82,271.99,50.87,63.08,1089.76
2024-12-02 14:00:00,108.94,95.11,14.23,0.94,662.32,255.51,36.25,53.42,1007.51
2024-12-02 15:00:00,105.34,88.58,17.43,0.878,663.22,251.58,43.18,70.01,1027.99
2024-12-02 16:00:00,89.71,74.12,17.49,0.701,558.37,222.68,36.23,60.6,877.88
2024-12-02 17:00:00,91.56,90.77,16.63,0.906,584.36,256.18,33.84,53.82,928.2
2024-12-02 18:00:00,82.88,73.93,16.95,0.811,528.39,211.19,39.64,58.99,838.21
2024-12-02 19:00:00,90.12,85.6,17.79,0.922,564.39,238.34,34.64,57.59,894.96
2024-12-02 20:00:00,86.66,85.0,15.4,0.812,554.67,234.86,38.43,56.02,883.98
2024-12-02 21:00:00,100.94,92.1,17.33,0.985,630.11,251.63,36.82,62.13,980.69
2024-12-02 22:00:00,99.56,88.37,17.88,0.922,625.41,240.52,45.01,71.15,982.09
2024-12-02 23:00:00,111.92,97.32,18.78,1.0,688.26,262.19,33.83,69.35,1053.63
2024-12-03 00:00:00,116.76,100.0,14.4,1.0,698.15,278.81,42.7,61.01,1080.67
2024-12-03 01:00:00,110.91,99.13,16.67,0.945,665.38,266.25,41.14,56.1,1028.88
2024-12-03 02:00:00,103.3,100.0,14.62,0.98,633.75,270.64,39.08,61.4,1004.87
2024-12-03 03:00:00,103.38,92.86,14.55,0.97,639.7,250.66,36.97,63.69,991.02
2024-12-03 04:00:00,92.09,86.36,16.6,0.803,578.79,241.27,40.69,61.02,921.77
2024-12-03 05:00:00,85.05,77.99,16.18,0.728,516.2,228.74,40.9,63.73,849.57
2024-12-03 06:00:00,85.17,84.76,17.78,0.863,531.22,240.94,41.57,62.22,875.96
2024-12-03 07:00:00,97.56,92.12,15.54,0.882,605.86,261.95,38.92,61.42,968.16
2024-12-03 08:00:00,97.11,87.6,15.86,0.917,612.41,236.69,35.42,53.92,938.44
2024-12-03 09:00:00,104.65,95.05,16.38,0.913,636.01,255.06,43.51,59.35,993.94
2024-12-03 10:00:00,109.24,93.16,14.77,0.944,672.08,253.16,39.99,69.55,1034.77
2024-12-03 11:00:00,113.66,100.0,14.98,1.0,676.31,279.15,37.55,62.45,1055.46
2024-12-03 12:00:00,105.42,97.27,17.73,0.949,649.12,266.06,35.99,65.84,1017.02
2024-12-03 13:00:00,110.27,99.63,15.24,0.984,673.48,260.72,43.69,70.06,1047.94
2024-12-03 14:00:00,105.58,93.38,17.83,0.9,651.64,262.65,45.54,54.1,1013.93
2024-12-03 15:00:00,92.5,81.05,16.97,0.81,574.44,230.86,42.3,73.0,920.6
2024-12-03 16:00:00,87.87,80.88,13.74,0.761,546.97,235.18,42.57,64.87,889.59
2024-12-03 17:00:00,79.09,82.52,16.86,0.814,521.24,242.79,44.69,65.81,874.53
2024-12-03 18:00:00,84.85,94.67,16.84,0.984,532.02,252.94,38.55,56.65,880.16
2024-12-03 19:00:00,90.28,83.44,16.7,0.778,565.26,244.72,48.54,63.62,922.13
2024-12-03 20:00:00,96.93,90.74,15.85,0.883,615.77,250.11,35.76,55.99,957.64
2024-12-03 21:00:00,101.66,88.05,14.65,0.906,629.65,242.42,39.03,60.75,971.85
2024-12-03 22:00:00,103.65,86.95,18.08,0.766,641.18,243.53,36.91,61.68,983.31
2024-12-03 23:00:00,105.26,89.25,15.91,0.985,651.31,240.27,40.25,58.81,990.64
2024-12-04 00:00:00,107.97,83.57,14.66,0.888,664.58,235.39,46.92,65.75,1012.64
2024-12-04 01:00:00,107.91,100.0,16.67,0.923,659.4,268.54,39.05,57.4,1024.39
2024-12-04 02:00:00,103.94,80.82,14.87,0.703,632.51,224.1,41.69,49.94,948.23
2024-12-04 03:00:00,99.36,88.36,14.56,0.885,638.28,241.68,28.37,58.78,967.11
2024-12-04 04:00:00,88.44,78.33,15.42,0.727,559.88,231.32,41.71,66.27,899.18
2024-12-04 05:00:00,88.37,79.76,14.99,0.846,564.48,226.43,43.99,72.28,907.18
2024-12-04 06:00:00,84.07,88.92,14.62,0.909,543.88,240.84,40.49,66.58,891.79
2024-12-04 07:00:00,87.05,84.53,17.19,0.851,551.0,240.2,35.73,65.33,892.27
2024-12-04 08:00:00,97.06,83.7,15.81,0.809,601.9,240.38,35.2,58.11,935.58
2024-12-04 09:00:00,95.28,84.69,17.86,0.927,608.3,237.84,37.78,71.52,955.44
2024-12-04 10:00:00,109.17,90.76,14.7,0.945,659.96,243.19,35.16,63.42,1001.74
2024-12-04 11:00:00,112.93,96.25,13.39,0.993,687.97,246.84,46.3,63.62,1044.74
2024-12-04 12:00:00,113.67,97.7,16.21,1.0,695.5,259.76,41.87,63.14,1060.27
2024-12-04 13:00:00,116.53,100.0,18.77,0.949,700.94,276.33,45.78,54.21,1077.26
2024-12-04 14:00:00,111.02,85.93,16.78,0.924,674.33,246.22,38.84,61.92,1021.32
2024-12-04 15:00:00,96.21,87.93,20.81,0.866,608.73,239.88,36.94,52.73,
2024-12-04 16:00:00,91.77,84.31,16.48,0.86,577.76,235.63,37.19,64.13,914.71
2024-12-04 17:00:00,88.13,88.8,16.34,0.88,544.05,250.67,38.15,61.68,894.55
2024-12-04 18:00:00,83.91,83.73,12.75,0.743,551.57,235.0,38.02,56.84,881.43
2024-12-04 19:00:00,89.35,87.63,16.63,0.924,558.94,249.63,44.89,65.63,919.1
2024-12-04 20:00:00,93.62,88.54,16.24,0.794,589.85,245.35,43.65,58.21,937.06
2024-12-04 21:00:00,107.33,89.01,15.37,0.842,646.11,249.8,41.08,58.33,995.32
2024-12-04 22:00:00,101.38,96.75,15.78,0.945,622.81,261.23,33.36,62.67,980.07
2024-12-04 23:00:00,112.5,100.0,15.88,0.902,679.01,265.3,41.18,59.92,1045.41
2024-12-05 00:00:00,111.37,100.0,15.64,0.945,678.22,276.99,38.76,61.17,1055.14
2024-12-05 01:00:00,115.41,100.0,19.05,1.0,690.02,260.99,45.62,65.16,1061.79
2024-12-05 02:00:00,101.03,92.6,15.36,0.909,641.02,250.87,43.58,56.31,991.78
2024-12-05 03:00:00,101.39,98.1,16.17,0.968,627.12,265.44,40.57,55.88,989.01
2024-12-05 04:00:00,89.98,86.88,15.31,0.823,576.95,247.6,31.61,58.84,914.99
2024-12-05 05:00:00,84.07,80.94,17.09,0.812,540.29,224.7,39.46,59.69,864.14
2024-12-05 06:00:00,79.21,79.57,16.18,0.779,524.05,227.87,37.39,63.21,852.51
2024-12-05 07:00:00,85.15,82.46,15.49,0.743,528.94,224.84,41.62,69.71,865.11
2024-12-05 08:00:00,96.84,85.82,13.02,0.848,598.55,242.87,35.43,59.79,936.64
2024-12-05 09:00:00,99.9,98.11,16.28,0.919,615.32,276.97,41.05,60.18,993.52
2024-12-05 10:00:00,110.01,96.49,15.45,1.0,665.81,250.86,31.13,56.74,1004.55
2024-12-05 11:00:00,119.65,100.0,15.82,0.98,722.39,265.64,34.46,56.14,1078.62
2024-12-05 12:00:00,116.06,99.97,14.14,1.0,704.97,274.96,36.48,63.39,1079.8
2024-12-05 13:00:00,110.76,100.0,18.06,1.0,673.18,287.66,37.82,60.2,3706.0099999999998
2024-12-05 14:00:00,109.37,89.03,17.2,0.884,666.45,250.48,41.56,66.24,1024.72
2024-12-05 15:00:00,97.82,84.69,18.06,0.876,628.64,233.46,33.38,65.69,961.17
2024-12-05 16:00:00,90.48,78.34,17.63,0.679,575.01,223.62,37.44,64.35,900.41
2024-12-05 17:00:00,80.93,79.3,16.8,0.841,506.85,219.17,37.54,52.7,816.25
2024-12-05 18:00:00,88.71,85.58,14.2,0.815,569.69,244.55,42.75,63.42,920.4
2024-12-05 19:00:00,85.47,80.41,18.68,0.809,551.8,235.13,39.23,55.33,881.49
2024-12-05 20:00:00,93.23,83.92,14.52,0.803,595.42,244.66,36.13,50.58,926.79
2024-12-05 21:00:00,95.86,88.64,15.51,0.855,604.07,244.16,35.68,61.1,945.02
2024-12-05 22:00:00,109.24,92.11,16.97,0.912,658.98,248.59,37.79,66.79,1012.15
2024-12-05 23:00:00,109.94,96.52,17.05,0.969,676.83,271.67,33.41,63.56,1045.46
2024-12-06 00:00:00,114.43,100.0,16.7,0.999,692.96,278.28,46.5,55.59,1073.34
2024-12-06 01:00:00,116.5,100.0,15.24,1.0,710.88,264.07,39.98,73.98,1088.92
2024-12-06 02:00:00,110.66,99.74,14.93,0.916,685.7,267.19,36.35,64.08,1053.32
2024-12-06 03:00:00,99.91,95.39,19.64,1.0,618.58,265.05,35.78,55.79,975.2
2024-12-06 04:00:00,85.43,84.13,15.78,0.853,554.14,235.16,35.17,49.77,874.24
2024-12-06 05:00:00,98.98,88.7,15.6,0.909,623.17,246.45,41.48,58.98,970.09
2024-12-06 06:00:00,91.98,82.13,14.77,0.804,581.19,223.66,33.39,50.18,888.41
2024-12-06 07:00:00,89.9,82.99,16.21,0.786,585.17,227.55,39.29,54.85,906.86
2024-12-06 08:00:00,89.49,82.13,16.14,0.829,575.8,231.91,42.29,51.5,901.51
2024-12-06 09:00:00,99.55,93.43,15.82,0.949,613.05,252.01,37.66,56.23,958.95
2024-12-06 10:00:00,105.33,94.4,16.41,1.0,648.71,251.35,35.95,57.33,993.34
2024-12-06 11:00:00,118.05,100.0,18.49,1.0,717.11,268.12,43.35,55.63,1084.21
2024-12-06 12:00:00,116.05,92.22,14.95,0.996,715.61,248.4,35.47,71.5,1070.99
2024-12-06 13:00:00,109.85,100.0,15.91,0.912,674.24,270.17,38.89,59.07,1042.36
2024-12-06 14:00:00,105.62,90.67,14.87,0.884,650.4,256.37,40.46,66.64,1013.87
2024-12-06 15:00:00,104.48,86.74,16.28,0.884,652.53,240.35,37.58,62.85,993.32
2024-12-06 16:00:00,98.9,87.25,14.99,0.853,612.75,240.68,35.21,58.96,947.59
2024-12-06 17:00:00,93.12,98.98,15.05,0.988,577.69,274.3,37.77,57.61,947.37
2024-12-06 18:00:00,88.03,82.08,13.65,0.713,565.77,236.76,41.36,66.76,
2024-12-06 19:00:00,86.0,81.37,15.99,0.859,546.97,235.67,37.09,54.82,874.55
2024-12-06 20:00:00,79.53,78.81,16.49,0.694,539.4,210.37,41.82,56.87,848.45
2024-12-06 21:00:00,101.19,89.85,18.63,0.82,627.97,246.0,38.98,56.79,969.73
2024-12-06 22:00:00,107.49,89.84,16.55,0.848,663.14,245.23,37.58,60.37,1006.33
2024-12-06 23:00:00,113.55,97.49,15.17,0.97,682.72,259.78,37.1,55.46,1035.06
2024-12-07 00:00:00,86.47,88.61,13.73,0.805,562.44,252.4,40.93,64.68,920.46
2024-12-07 01:00:00,79.44,81.29,13.94,0.76,516.97,227.45,44.51,65.37,854.3
2024-12-07 02:00:00,82.85,75.87,13.83,0.816,533.28,210.99,40.49,56.41,841.16
2024-12-07 03:00:00,77.53,77.04,18.59,0.765,506.84,223.27,36.14,62.64,828.88
2024-12-07 04:00:00,72.1,73.29,16.21,0.755,470.19,213.87,44.37,55.8,784.24
2024-12-07 05:00:00,69.04,74.79,14.9,0.686,463.21,211.52,36.46,60.89,772.08
2024-12-07 06:00:00,66.17,79.74,14.33,0.795,455.2,233.55,46.92,65.85,801.52
2024-12-07 07:00:00,63.62,71.06,14.49,0.704,425.72,212.42,39.36,60.52,738.02
2024-12-07 08:00:00,69.09,74.11,14.86,0.701,473.63,218.79,36.49,59.47,788.38
2024-12-07 09:00:00,75.36,86.57,17.75,0.863,494.68,244.7,42.24,71.44,853.05
2024-12-07 10:00:00,81.06,84.91,15.73,0.754,527.24,244.85,38.75,61.8,872.64
2024-12-07 11:00:00,88.74,87.24,13.6,0.894,545.81,242.27,41.77,55.78,885.63
2024-12-07 12:00:00,88.82,94.2,19.24,0.922,565.92,250.38,40.37,55.4,912.06
2024-12-07 13:00:00,93.05,88.98,14.06,0.877,576.92,245.6,34.48,71.4,928.4
2024-12-07 14:00:00,89.45,74.79,14.89,0.791,564.44,207.13,39.72,56.3,867.59
2024-12-07 15:00:00,75.32,81.82,17.74,0.84,484.05,225.46,42.01,56.49,808.01
2024-12-07 16:00:00,54.03,59.05,16.4,0.575,383.09,193.73,40.45,60.13,677.4
2024-12-07 17:00:00,70.2,77.36,15.07,0.718,469.71,215.86,45.02,63.66,794.25
2024-12-07 18:00:00,61.59,62.23,13.93,0.689,425.77,183.63,41.25,53.8,704.44
2024-12-07 19:00:00,62.05,68.69,14.32,0.62,437.33,208.27,39.03,58.61,743.24
2024-12-07 20:00:00,67.78,72.07,14.41,0.752,443.96,216.53,40.84,53.29,754.63
2024-12-07 21:00:00,73.21,72.76,15.78,0.648,485.66,202.79,38.03,59.24,785.71
2024-12-07 22:00:00,83.07,79.79,16.06,0.844,534.58,229.06,41.44,64.11,869.18
2024-12-07 23:00:00,78.51,84.42,15.55,0.895,508.86,233.98,41.44,58.74,843.03
2024-12-08 00:00:00,81.94,77.4,15.65,0.678,522.39,224.52,35.04,69.85,851.8
2024-12-08 01:00:00,86.12,85.78,14.13,0.88,559.39,238.33,43.09,55.77,896.58
2024-12-08 02:00:00,83.12,76.73,16.15,0.786,551.97,212.94,48.93,61.09,874.93
2024-12-08 03:00:00,77.57,77.84,17.63,0.814,494.12,220.57,42.18,66.54,823.41
2024-12-08 04:00:00,66.23,74.73,15.46,0.766,443.74,220.69,31.88,65.04,761.36
2024-12-08 05:00:00,61.34,65.69,15.44,0.609,418.69,209.61,38.29,73.21,739.8
2024-12-08 06:00:00,61.72,64.3,15.83,0.632,426.37,197.38,34.88,61.62,720.24
2024-12-08 07:00:00,66.22,75.57,17.39,0.839,461.13,216.35,38.83,55.53,771.84
2024-12-08 08:00:00,75.32,83.27,14.37,0.777,500.81,227.8,42.74,60.42,831.77
2024-12-08 09:00:00,66.81,73.01,17.88,0.746,452.82,212.37,37.13,55.81,758.13
2024-12-08 10:00:00,79.74,77.58,16.34,0.833,518.84,220.66,47.54,60.6,847.64
2024-12-08 11:00:00,79.41,80.48,15.75,0.755,514.51,230.85,28.48,66.17,840.0
2024-12-08 12:00:00,79.64,80.1,17.53,0.73,524.11,227.85,39.01,63.48,854.45
2024-12-08 13:00:00,88.61,85.52,13.94,0.792,569.94,242.47,41.52,59.48,913.4
2024-12-08 14:00:00,82.8,68.76,16.49,0.707,538.75,202.24,35.12,56.57,832.67
2024-12-08 15:00:00,76.8,73.05,16.35,0.667,486.42,223.67,35.65,61.63,807.36
2024-12-08 16:00:00,73.06,72.3,14.31,0.716,485.4,215.34,43.03,62.65,806.41
2024-12-08 17:00:00,63.34,72.42,16.4,0.793,435.2,207.85,47.71,53.73,744.49
2024-12-08 18:00:00,62.02,71.94,16.13,0.717,438.03,217.08,48.18,54.9,758.2
2024-12-08 19:00:00,74.0,80.18,15.44,0.763,491.91,221.44,38.61,58.55,810.52
2024-12-08 20:00:00,68.39,75.48,17.0,0.761,466.4,213.38,45.41,53.34,778.53
2024-12-08 21:00:00,77.94,72.47,14.85,0.721,505.74,207.37,39.72,50.95,803.78
2024-12-08 22:00:00,80.65,87.56,16.11,0.898,530.77,251.85,43.67,54.85,881.13
2024-12-08 23:00:00,77.35,85.03,15.51,0.931,516.62,237.5,39.16,61.91,855.19
2024-12-09 00:00:00,106.82,87.12,14.72,0.891,641.09,239.18,35.46,60.51,976.24
2024-12-09 01:00:00,110.67,97.0,16.4,1.0,663.0,264.69,46.41,57.78,1031.87
2024-12-09 02:00:00,111.72,92.89,15.33,0.952,684.72,258.31,47.45,55.32,1045.8
2024-12-09 03:00:00,103.15,92.27,13.44,0.884,634.39,263.3,38.32,61.84,997.85
2024-12-09 04:00:00,96.16,93.34,12.94,1.0,609.01,247.04,43.75,61.58,961.38
2024-12-09 05:00:00,83.06,92.18,16.83,0.916,537.24,261.16,39.42,66.21,904.04
2024-12-09 06:00:00,91.46,89.49,13.82,0.842,582.86,235.52,48.72,47.44,914.55
2024-12-09 07:00:00,83.15,83.05,16.07,0.947,529.77,239.84,34.03,51.27,
2024-12-09 08:00:00,93.35,84.98,15.73,0.813,589.47,245.43,39.29,64.69,938.88
2024-12-09 09:00:00,99.96,90.89,15.09,0.87,622.53,258.16,34.21,62.37,977.27
2024-12-09 10:00:00,106.8,100.0,18.58,0.972,648.51,273.41,33.65,64.67,1020.25
2024-12-09 11:00:00,118.34,98.95,15.92,0.998,719.74,261.4,39.54,55.54,1076.21
2024-12-09 12:00:00,112.18,91.66,16.78,0.963,665.74,256.97,38.2,58.05,1018.95
2024-12-09 13:00:00,107.59,85.7,16.07,0.725,659.62,233.56,35.95,53.61,982.75
2024-12-09 14:00:00,107.58,96.36,15.3,1.0,647.55,256.71,43.35,48.32,995.93
2024-12-09 15:00:00,98.4,90.44,15.62,0.877,603.83,247.18,45.19,60.7,956.9
2024-12-09 16:00:00,106.01,89.78,17.83,0.877,657.94,246.33,42.05,67.08,1013.4
2024-12-09 17:00:00,89.72,89.99,17.28,0.986,559.78,250.42,32.49,59.16,901.85
2024-12-09 18:00:00,83.36,79.57,18.57,0.806,527.68,222.93,41.36,56.42,848.38
2024-12-09 19:00:00,82.79,80.72,15.98,0.83,538.57,231.49,41.32,54.4,865.78
2024-12-09 20:00:00,84.98,82.41,14.33,0.822,536.01,224.82,36.63,65.57,863.03
2024-12-09 21:00:00,95.9,86.19,14.99,0.9,607.64,241.24,41.38,60.41,950.67
2024-12-09 22:00:00,107.96,95.16,13.86,1.0,664.96,258.2,37.97,60.61,1021.73
2024-12-09 23:00:00,118.7,100.0,16.8,0.876,707.28,276.08,36.72,52.78,
2024-12-10 00:00:00,119.49,94.03,14.71,0.995,725.28,264.15,35.27,55.42,1080.11
2024-12-10 01:00:00,113.91,99.4,11.0,1.0,674.03,267.71,43.34,63.67,1048.75
2024-12-10 02:00:00,106.21,93.96,19.28,0.965,654.82,245.57,45.17,57.37,1002.93
2024-12-10 03:00:00,101.08,91.31,14.73,0.879,615.41,242.9,39.43,56.74,954.48
2024-12-10 04:00:00,90.43,89.57,14.72,0.838,567.94,254.84,43.94,72.55,939.27
2024-12-10 05:00:00,93.88,87.19,18.09,0.99,585.75,242.23,46.11,60.35,934.43
2024-12-10 06:00:00,84.24,84.52,13.77,0.8,551.47,247.99,40.53,59.14,899.12
2024-12-10 07:00:00,86.66,86.91,17.29,0.945,549.31,247.89,39.69,59.32,896.22
2024-12-10 08:00:00,83.64,79.3,14.71,0.812,537.55,228.05,41.88,56.61,864.1
2024-12-10 09:00:00,99.22,91.11,13.6,1.0,612.59,252.09,36.65,59.64,960.96
2024-12-10 10:00:00,110.85,94.17,18.15,0.926,666.37,250.86,42.19,69.7,1029.12
2024-12-10 11:00:00,108.72,93.7,16.97,0.857,655.36,252.97,40.6,62.07,1011.0
2024-12-10 12:00:00,112.0,94.39,16.97,0.944,682.46,260.71,34.77,52.02,1029.96
2024-12-10 13:00:00,116.16,100.0,16.14,0.926,700.6,267.93,34.82,57.81,1061.16
2024-12-10 14:00:00,101.59,91.2,16.49,1.0,634.07,254.34,36.06,60.52,984.99
2024-12-10 15:00:00,104.23,94.09,13.74,0.972,639.22,263.76,42.05,52.47,997.5
2024-12-10 16:00:00,90.37,85.1,15.75,0.89,570.18,237.63,38.65,57.66,904.12
2024-12-10 17:00:00,85.46,74.71,14.19,0.786,553.4,214.3,39.9,55.19,862.79
2024-12-10 18:00:00,80.5,80.41,13.5,0.769,519.55,223.48,45.47,58.02,846.51
2024-12-10 19:00:00,88.52,84.58,16.2,0.839,551.09,242.62,41.77,60.35,895.84
2024-12-10 20:00:00,102.34,92.38,17.32,0.929,638.48,258.52,37.43,63.49,997.93
2024-12-10 21:00:00,103.13,88.59,15.01,0.983,630.21,259.17,36.05,54.23,979.67
2024-12-10 22:00:00,104.04,86.04,15.27,0.803,640.75,241.75,41.22,59.57,983.3
2024-12-10 23:00:00,117.53,100.0,13.88,0.964,702.65,269.42,36.12,58.36,1066.55
2024-12-11 00:00:00,113.73,95.5,15.54,0.937,680.89,263.35,45.01,58.9,1048.15
2024-12-11 01:00:00,118.49,100.0,16.67,0.966,697.25,268.27,40.98,55.9,1062.41
2024-12-11 02:00:00,110.73,93.96,16.72,0.867,676.35,252.0,40.52,59.76,1028.62
2024-12-11 03:00:00,88.23,84.08,16.35,0.706,533.99,237.11,36.18,62.47,869.74
2024-12-11 04:00:00,88.48,82.0,14.6,0.729,572.81,234.94,42.48,53.04,903.26
2024-12-11 05:00:00,90.79,80.55,14.55,0.86,582.19,232.31,44.51,68.64,927.65
2024-12-11 06:00:00,85.61,85.17,16.72,0.851,540.76,241.53,39.45,64.71,886.45
2024-12-11 07:00:00,82.91,78.44,16.75,0.826,547.28,231.11,43.71,52.13,874.23
2024-12-11 08:00:00,89.97,85.8,15.27,0.829,586.31,243.31,38.38,67.23,
2024-12-11 09:00:00,92.38,88.24,14.89,0.877,579.69,246.93,39.75,67.57,933.94
2024-12-11 10:00:00,107.15,90.64,17.28,0.987,659.02,242.75,48.34,57.49,1007.6
2024-12-11 11:00:00,121.83,94.9,14.99,1.0,730.26,260.76,38.51,61.03,1090.56
2024-12-11 12:00:00,118.22,100.0,16.65,1.0,723.21,268.97,42.16,60.45,1094.79
2024-12-11 13:00:00,121.75,98.24,15.32,0.992,717.62,259.57,38.44,53.11,1068.74
2024-12-11 14:00:00,111.03,98.63,13.96,1.0,673.33,270.13,41.12,65.13,1049.72
2024-12-11 15:00:00,104.11,100.0,17.95,1.0,647.9,273.11,42.78,50.6,1014.39
2024-12-11 16:00:00,100.4,94.15,15.71,0.933,628.49,260.26,36.4,61.45,986.6
2024-12-11 17:00:00,88.52,82.76,14.46,0.807,562.25,237.12,37.18,67.84,904.39
2024-12-11 18:00:00,84.25,81.79,13.44,0.874,552.39,232.5,42.27,51.56,878.72
2024-12-11 19:00:00,91.14,81.41,13.6,0.749,577.57,229.47,40.65,58.53,906.22
2024-12-11 20:00:00,98.32,93.57,14.97,1.0,612.49,267.11,44.69,65.7,989.98
2024-12-11 21:00:00,98.08,91.87,18.42,0.905,615.98,253.82,41.08,62.01,972.89
2024-12-11 22:00:00,104.61,89.73,14.65,0.832,642.58,233.19,47.44,64.17,987.38
2024-12-11 23:00:00,113.55,91.56,17.7,0.888,688.13,237.71,42.79,56.56,1025.2
2024-12-12 00:00:00,118.33,92.56,15.28,0.882,705.33,261.6,47.51,55.3,
2024-12-12 01:00:00,116.18,100.0,13.7,0.971,724.38,259.0,46.76,59.0,1089.14
2024-12-12 02:00:00,101.8,91.5,14.77,0.885,625.23,248.89,37.43,61.33,972.88
2024-12-12 03:00:00,107.65,94.9,13.55,0.917,664.07,251.99,45.92,63.0,1024.98
2024-12-12 04:00:00,89.94,80.85,14.19,0.793,584.95,227.98,43.76,62.22,918.91
2024-12-12 05:00:00,85.95,75.66,14.15,0.753,539.0,221.2,43.48,64.89,868.58
2024-12-12 06:00:00,81.39,85.51,12.62,0.893,531.84,235.58,44.74,60.58,872.73
2024-12-12 07:00:00,97.8,89.11,17.75,0.879,609.2,242.24,38.76,54.76,944.97
2024-12-12 08:00:00,93.47,91.27,15.79,0.929,601.7,256.04,41.31,53.22,952.28
2024-12-12 09:00:00,96.6,86.37,14.45,0.864,595.71,257.16,38.32,63.79,954.98
2024-12-12 10:00:00,110.96,94.29,15.81,0.97,668.76,261.26,49.24,65.03,1044.29
2024-12-12 11:00:00,116.07,100.0,14.22,1.0,699.94,264.52,36.99,69.86,1071.3
2024-12-12 12:00:00,114.25,100.0,11.47,0.968,687.3,275.23,34.89,72.12,1069.53
2024-12-12 13:00:00,116.35,100.0,19.91,0.954,698.09,280.46,36.73,64.86,1080.15
2024-12-12 14:00:00,104.2,90.62,15.76,0.917,657.22,256.69,39.78,61.83,1015.52
2024-12-12 15:00:00,98.03,92.09,14.59,0.985,611.16,244.12,39.75,57.9,952.93
2024-12-12 16:00:00,84.46,87.78,12.58,0.866,536.02,247.5,43.56,55.63,882.71
2024-12-12 17:00:00,81.71,80.33,13.23,0.768,525.45,225.95,40.12,60.33,851.85
2024-12-12 18:00:00,92.23,83.55,17.96,0.823,584.39,235.77,38.02,59.48,917.65
2024-12-12 19:00:00,93.58,93.5,17.73,0.907,590.58,254.11,41.93,69.53,956.14
2024-12-12 20:00:00,92.76,83.11,16.61,0.798,579.2,238.99,44.66,62.93,925.77
2024-12-12 21:00:00,106.65,96.47,13.8,0.893,640.23,260.48,40.83,58.85,1000.39
2024-12-12 22:00:00,106.86,93.14,17.74,0.919,653.89,264.1,43.47,55.59,1017.06
2024-12-12 23:00:00,112.02,86.8,16.15,0.88,679.46,242.26,40.33,62.67,1024.73
2024-12-13 00:00:00,115.23,100.0,16.41,0.946,690.96,268.66,38.96,60.69,1059.27
2024-12-13 01:00:00,112.49,82.46,16.09,0.781,692.69,236.59,42.79,57.74,1029.82
2024-12-13 02:00:00,106.64,83.4,13.16,0.787,657.79,237.28,40.91,56.57,992.56
2024-12-13 03:00:00,104.57,94.92,13.63,0.88,643.95,262.94,44.02,62.75,1013.65
2024-12-13 04:00:00,93.1,89.19,14.66,0.844,582.62,246.49,46.17,57.96,933.24
2024-12-13 05:00:00,89.86,81.74,16.39,0.808,583.16,239.66,39.55,58.38,920.76
2024-12-13 06:00:00,89.13,85.3,13.35,0.786,556.39,245.08,42.59,57.58,901.63
2024-12-13 07:00:00,88.56,71.62,15.16,0.709,558.84,210.34,44.27,74.17,887.62
2024-12-13 08:00:00,88.62,87.84,15.16,0.843,559.48,249.41,41.64,60.79,911.32
2024-12-13 09:00:00,94.59,88.54,16.61,0.839,595.33,244.36,42.04,55.88,937.62
2024-12-13 10:00:00,108.1,93.82,16.44,0.957,665.76,260.44,40.57,47.14,1013.91
2024-12-13 11:00:00,112.31,96.26,13.91,0.931,670.83,267.09,41.02,51.8,1030.74
2024-12-13 12:00:00,115.35,100.0,17.6,0.976,691.27,271.5,42.09,58.54,1063.39
2024-12-13 13:00:00,112.93,96.32,13.68,1.0,688.21,257.35,37.57,68.48,1051.6
2024-12-13 14:00:00,117.83,89.55,17.06,0.849,703.85,240.89,33.21,71.43,1049.38
2024-12-13 15:00:00,94.68,98.32,14.6,1.0,590.18,268.24,39.65,58.81,956.87
2024-12-13 16:00:00,84.54,88.27,15.67,0.865,544.08,241.03,39.32,61.82,886.26
2024-12-13 17:00:00,88.34,77.74,15.76,0.721,553.86,229.59,46.48,59.17,889.1
2024-12-13 18:00:00,83.49,80.02,15.72,0.773,539.69,218.99,41.18,62.28,862.15
2024-12-13 19:00:00,88.27,82.96,16.44,0.833,566.27,242.11,42.25,58.8,909.43
2024-12-13 20:00:00,94.84,92.81,16.01,0.991,594.48,255.21,38.35,57.21,945.26
2024-12-13 21:00:00,105.14,81.77,16.6,0.858,657.09,226.6,37.62,56.72,978.01
2024-12-13 22:00:00,101.47,88.24,16.12,0.886,633.16,242.6,36.66,63.55,975.97
2024-12-13 23:00:00,110.76,86.58,13.53,0.929,673.49,240.59,34.96,66.51,1015.56
2024-12-14 00:00:00,87.97,82.56,15.78,0.732,557.25,236.27,42.91,57.75,894.18
2024-12-14 01:00:00,87.82,81.55,14.53,0.828,573.16,223.9,41.23,63.64,901.93
2024-12-14 02:00:00,89.4,85.1,13.71,0.866,561.7,232.95,45.91,60.78,901.35
2024-12-14 03:00:00,78.82,76.39,14.94,0.78,511.94,218.47,42.2,58.09,830.69
2024-12-14 04:00:00,69.15,70.82,15.65,0.628,462.46,208.54,40.97,63.39,775.36
2024-12-14 05:00:00,61.7,73.95,15.75,0.689,431.66,219.59,32.07,66.74,750.06
2024-12-14 06:00:00,61.49,73.02,16.96,0.722,445.51,214.96,47.63,55.88,763.98
2024-12-14 07:00:00,62.89,74.2,17.34,0.798,436.41,213.48,40.16,58.39,748.43
2024-12-14 08:00:00,72.0,75.11,15.88,0.847,477.4,219.16,31.66,67.33,795.56
2024-12-14 09:00:00,76.03,75.16,16.15,0.718,501.65,218.82,40.9,59.79,821.16
2024-12-14 10:00:00,75.33,77.07,15.52,0.705,486.15,220.34,36.76,56.03,799.27
2024-12-14 11:00:00,83.0,84.01,16.53,0.881,533.49,237.11,36.61,60.85,868.07
2024-12-14 12:00:00,89.76,74.0,16.11,0.871,582.43,202.48,41.07,60.04,886.03
2024-12-14 13:00:00,86.15,85.05,15.3,0.906,556.04,244.2,37.65,65.28,903.17
2024-12-14 14:00:00,82.9,83.0,18.6,0.793,544.35,237.58,44.11,59.78,885.81
2024-12-14 15:00:00,76.53,78.58,14.56,0.929,510.77,234.0,39.54,59.95,844.25
2024-12-14 16:00:00,75.88,77.19,17.56,0.806,493.73,217.24,41.6,59.74,812.31
2024-12-14 17:00:00,66.2,60.27,13.35,0.563,466.3,190.0,42.27,60.84,759.4
2024-12-14 18:00:00,62.21,68.9,16.6,0.786,416.82,193.27,41.01,67.58,718.68
2024-12-14 19:00:00,61.59,79.74,17.53,0.754,430.63,216.87,40.86,63.62,751.98
2024-12-14 20:00:00,70.37,75.25,12.52,0.721,455.39,216.61,40.57,54.79,767.35
2024-12-14 21:00:00,65.24,71.08,15.59,0.747,432.48,205.8,45.97,61.41,745.66
2024-12-14 22:00:00,79.89,80.03,16.45,0.799,526.92,234.34,43.38,61.73,866.37
2024-12-14 23:00:00,83.92,83.73,15.75,0.839,534.07,242.91,37.24,61.88,876.1
2024-12-15 00:00:00,80.79,83.69,15.9,0.839,533.92,243.45,35.55,52.6,865.53
2024-12-15 01:00:00,81.03,79.37,15.54,0.849,507.75,230.27,36.82,60.73,835.57
2024-12-15 02:00:00,83.86,84.06,13.69,0.724,538.61,240.36,41.71,57.16,
2024-12-15 03:00:00,75.92,86.34,18.88,0.878,489.89,233.63,35.58,52.51,811.62
2024-12-15 04:00:00,69.78,79.92,14.58,0.785,466.28,236.24,37.39,66.05,805.95
2024-12-15 05:00:00,66.48,84.94,15.98,0.812,464.8,245.89,34.63,58.59,803.91
2024-12-15 06:00:00,64.12,68.78,14.36,0.65,454.94,196.15,43.73,58.66,753.48
2024-12-15 07:00:00,70.23,83.5,11.92,0.703,475.25,238.15,42.65,64.41,820.46
2024-12-15 08:00:00,69.87,70.98,13.94,0.67,456.59,205.78,43.51,65.12,771.0
2024-12-15 09:00:00,69.17,76.35,13.16,0.828,456.18,231.44,38.1,58.76,784.47
2024-12-15 10:00:00,87.15,87.24,16.97,0.914,557.01,237.34,32.96,60.15,887.46
2024-12-15 11:00:00,86.22,80.56,14.42,0.796,544.67,229.73,36.66,54.95,866.01
2024-12-15 12:00:00,83.89,82.39,14.56,0.753,544.73,234.13,34.61,55.29,868.75
2024-12-15 13:00:00,79.73,84.42,13.74,0.885,532.05,236.96,34.57,66.49,870.07
2024-12-15 14:00:00,82.21,77.55,15.47,0.841,523.18,235.75,44.55,60.23,863.71
2024-12-15 15:00:00,74.53,85.61,14.26,0.908,485.5,249.93,39.01,64.85,839.29
2024-12-15 16:00:00,75.67,70.91,16.82,0.661,488.91,199.09,41.16,59.17,788.34
2024-12-15 17:00:00,63.87,81.64,15.78,0.773,437.33,234.36,44.41,62.1,778.2
2024-12-15 18:00:00,60.4,75.21,14.47,0.835,422.42,217.87,35.92,51.28,727.49
2024-12-15 19:00:00,68.84,73.97,16.61,0.679,464.37,220.35,42.46,64.3,791.48
2024-12-15 20:00:00,73.08,74.52,15.34,0.769,492.56,217.78,34.19,59.86,804.39
2024-12-15 21:00:00,75.67,75.3,15.36,0.664,501.52,213.26,41.01,57.65,813.44
2024-12-15 22:00:00,83.33,80.99,13.14,0.795,536.18,223.85,44.27,63.14,867.44
2024-12-15 23:00:00,84.59,82.05,15.22,0.85,543.29,229.9,35.44,64.97,873.6
2024-12-16 00:00:00,115.94,100.0,15.77,0.999,700.36,269.28,43.31,57.97,1070.92
2024-12-16 01:00:00,117.65,100.0,17.29,1.0,707.79,271.16,40.9,54.02,1073.87
2024-12-16 02:00:00,110.0,96.0,14.16,0.899,664.59,258.17,38.18,68.33,1029.27
2024-12-16 03:00:00,99.32,85.43,18.71,0.813,606.99,249.65,35.2,58.92,950.76
2024-12-16 04:00:00,97.91,86.23,16.12,0.886,610.69,244.29,40.97,50.4,946.34
2024-12-16 05:00:00,77.55,77.86,13.01,0.813,503.76,228.75,41.98,57.89,832.37
2024-12-16 06:00:00,93.21,81.45,14.02,0.826,590.24,230.22,38.73,62.25,921.44
2024-12-16 07:00:00,80.19,74.2,17.42,0.789,521.5,209.59,36.08,59.59,826.76
2024-12-16 08:00:00,89.99,95.48,17.15,0.872,570.08,265.81,43.05,59.35,938.29
2024-12-16 09:00:00,99.84,91.43,15.32,0.891,627.06,246.04,44.74,58.24,976.08
2024-12-16 10:00:00,106.91,89.29,15.51,0.984,643.33,235.37,43.81,57.9,980.42
2024-12-16 11:00:00,117.02,100.0,13.54,1.0,719.23,273.39,46.36,53.61,1092.59
2024-12-16 12:00:00,110.77,89.49,17.27,0.927,656.36,243.4,37.39,53.51,990.67
2024-12-16 13:00:00,114.03,91.54,13.81,0.908,701.77,250.22,34.34,61.82,1048.15
2024-12-16 14:00:00,105.19,88.58,16.56,0.938,647.54,250.18,41.64,66.15,1005.52
2024-12-16 15:00:00,101.18,98.86,17.32,1.0,621.71,262.03,38.39,58.62,980.75
2024-12-16 16:00:00,92.24,84.86,15.36,0.773,569.43,228.58,43.95,66.93,908.9
2024-12-16 17:00:00,87.38,71.48,16.74,0.765,552.11,217.43,35.85,65.49,870.89
2024-12-16 18:00:00,82.8,87.45,18.06,0.831,532.69,243.3,36.14,59.34,871.47
2024-12-16 19:00:00,84.97,80.95,15.69,0.848,546.41,237.54,40.27,63.19,887.41
2024-12-16 20:00:00,93.65,77.58,15.03,0.695,599.81,226.67,40.7,62.45,929.63
2024-12-16 21:00:00,103.77,90.3,15.19,0.983,639.46,253.57,42.7,57.48,993.21
2024-12-16 22:00:00,105.11,95.16,14.17,0.938,648.09,260.81,39.61,49.21,997.72
2024-12-16 23:00:00,109.52,96.78,14.14,0.912,670.38,264.21,32.33,60.69,1027.61
2024-12-17 00:00:00,117.45,100.0,15.91,0.966,704.65,276.81,53.81,63.51,1098.77
2024-12-17 01:00:00,112.86,92.17,15.0,0.905,682.76,258.44,40.13,57.23,1038.57
2024-12-17 02:00:00,110.82,95.64,15.74,0.956,673.25,257.32,51.55,70.04,1052.16
2024-12-17 03:00:00,96.38,84.69,13.01,0.913,606.9,240.81,39.5,65.16,952.36
2024-12-17 04:00:00,85.38,74.98,15.11,0.753,539.61,213.74,35.79,52.64,841.78
2024-12-17 05:00:00,84.88,86.87,16.79,0.76,540.34,240.54,38.73,59.03,878.64
2024-12-17 06:00:00,81.93,83.28,13.57,0.771,532.52,238.31,44.4,55.8,871.03
2024-12-17 07:00:00,86.69,84.77,15.27,0.986,544.86,234.2,42.48,58.16,879.7
2024-12-17 08:00:00,89.95,87.11,12.47,0.878,570.67,243.82,41.23,63.27,918.99
2024-12-17 09:00:00,102.96,88.05,13.29,0.928,630.45,247.2,39.75,58.74,976.15
2024-12-17 10:00:00,106.35,88.15,16.46,0.866,655.78,243.07,40.52,57.15,996.51
2024-12-17 11:00:00,113.59,96.98,14.79,0.92,698.95,267.99,39.4,60.47,1066.81
2024-12-17 12:00:00,115.63,100.0,17.98,0.976,693.8,267.36,44.79,63.8,1069.75
2024-12-17 13:00:00,113.77,100.0,15.9,1.0,694.91,275.66,43.66,63.75,1077.98
2024-12-17 14:00:00,107.4,97.68,16.05,0.954,658.62,265.91,36.23,63.08,1023.84
2024-12-17 15:00:00,102.04,91.17,13.63,1.0,627.14,252.49,34.09,66.85,980.57
2024-12-17 16:00:00,89.32,86.01,14.67,0.829,566.64,235.22,35.1,59.55,896.51
2024-12-17 17:00:00,92.61,86.36,14.15,0.811,593.42,239.95,38.57,58.19,930.14
2024-12-17 18:00:00,84.05,76.9,13.65,0.809,538.89,222.65,40.88,59.22,861.66
2024-12-17 19:00:00,81.76,81.0,16.25,0.857,539.29,236.26,39.78,55.95,871.28
2024-12-17 20:00:00,93.25,79.95,16.55,0.801,585.3,225.97,42.52,55.84,909.63
2024-12-17 21:00:00,96.6,87.68,15.85,0.847,591.68,250.25,39.94,63.69,945.56
2024-12-17 22:00:00,110.16,100.0,14.01,0.905,669.63,265.47,46.38,64.15,1045.63
2024-12-17 23:00:00,121.83,100.0,15.75,1.0,717.22,272.0,42.04,46.77,1078.03
2024-12-18 00:00:00,111.85,91.31,12.34,0.957,676.73,248.71,40.07,64.7,1030.21
2024-12-18 01:00:00,114.32,96.8,17.2,0.946,688.75,272.54,33.96,57.94,1053.19
2024-12-18 02:00:00,100.48,86.07,13.27,0.864,636.92,248.92,41.4,56.84,984.09
2024-12-18 03:00:00,101.82,90.6,13.53,0.895,641.95,251.96,42.0,58.37,994.28
2024-12-18 04:00:00,88.96,89.68,15.39,0.978,565.47,245.13,37.15,53.69,901.43
2024-12-18 05:00:00,84.51,85.52,15.52,0.803,552.24,230.49,35.38,59.16,877.27
2024-12-18 06:00:00,80.59,92.72,15.1,0.896,519.79,256.98,44.38,69.57,890.72
2024-12-18 07:00:00,89.94,90.93,13.55,0.873,558.27,252.2,36.13,52.26,898.86
2024-12-18 08:00:00,96.53,89.28,16.91,0.908,606.87,252.65,40.66,63.09,963.27
2024-12-18 09:00:00,100.09,93.43,12.68,0.937,623.36,247.41,40.12,64.87,975.76
2024-12-18 10:00:00,104.04,91.01,12.99,0.92,632.71,251.97,41.79,62.91,989.38
2024-12-18 11:00:00,119.35,94.04,15.05,0.896,709.6,260.05,36.16,67.67,1073.47
2024-12-18 12:00:00,112.0,100.0,13.32,1.0,687.51,264.59,39.52,64.91,1056.52
2024-12-18 13:00:00,104.34,97.22,17.05,0.949,628.24,264.85,36.13,63.35,992.58
2024-12-18 14:00:00,109.33,93.46,13.45,0.994,671.13,251.91,40.3,65.19,1028.53
2024-12-18 15:00:00,95.58,89.16,17.55,1.0,595.39,242.28,42.02,64.96,944.65
2024-12-18 16:00:00,96.45,94.43,16.77,0.901,606.75,255.12,43.58,58.25,963.71
2024-12-18 17:00:00,85.49,86.97,17.07,0.887,555.33,241.05,45.98,63.16,905.52
2024-12-18 18:00:00,87.41,76.39,18.04,0.757,550.08,227.86,38.95,58.64,875.52
2024-12-18 19:00:00,92.62,87.53,15.33,0.977,573.96,241.87,38.88,53.33,908.04
2024-12-18 20:00:00,87.66,82.99,13.69,0.816,570.05,229.21,45.09,69.18,913.54
2024-12-18 21:00:00,97.74,94.43,15.06,0.957,608.22,263.19,42.3,57.23,970.94
2024-12-18 22:00:00,107.2,98.75,14.36,0.999,658.61,273.55,44.95,65.48,
2024-12-18 23:00:00,119.14,100.0,14.15,0.995,722.99,274.92,47.81,62.67,1108.39
2024-12-19 00:00:00,112.37,90.59,15.41,0.944,674.14,258.46,36.63,55.52,1024.75
2024-12-19 01:00:00,110.61,91.39,14.71,0.919,680.28,253.06,43.24,56.12,1032.7
2024-12-19 02:00:00,109.41,100.0,14.05,1.0,672.18,270.93,37.6,61.99,1042.71
2024-12-19 03:00:00,97.69,85.89,14.81,0.87,620.22,236.14,46.25,62.0,964.61
2024-12-19 04:00:00,93.11,78.95,16.0,0.759,597.17,234.18,35.25,58.12,924.72
2024-12-19 05:00:00,80.8,83.06,16.61,0.817,524.52,233.88,43.67,52.09,854.17
2024-12-19 06:00:00,93.86,84.19,12.77,0.87,595.31,234.98,37.79,64.02,932.1
2024-12-19 07:00:00,81.62,89.76,14.72,0.925,528.45,246.13,42.22,45.37,862.18
2024-12-19 08:00:00,91.21,87.09,14.97,0.933,577.23,246.7,45.07,61.74,930.74
2024-12-19 09:00:00,99.87,90.74,13.4,1.0,610.32,251.05,37.42,65.66,964.46
2024-12-19 10:00:00,115.15,95.73,15.0,0.931,693.96,262.17,34.13,50.75,1041.01
2024-12-19 11:00:00,107.69,100.0,15.4,1.0,644.1,268.05,38.96,60.8,1011.91
2024-12-19 12:00:00,122.93,100.0,15.96,0.99,733.57,268.81,38.45,58.08,1098.92
2024-12-19 13:00:00,116.02,95.97,15.29,0.904,710.66,260.64,34.86,60.97,1067.14
2024-12-19 14:00:00,109.17,90.61,13.86,0.934,672.07,258.82,31.96,64.89,1027.74
2024-12-19 15:00:00,96.06,87.66,18.2,0.916,601.21,233.29,44.87,53.27,932.63
2024-12-19 16:00:00,94.78,82.5,16.42,0.771,592.31,235.95,45.97,58.88,933.1
2024-12-19 17:00:00,84.12,87.2,16.01,0.853,536.26,249.65,37.59,59.18,882.68
2024-12-19 18:00:00,90.07,75.99,16.69,0.736,562.99,208.55,38.83,50.26,860.62
2024-12-19 19:00:00,83.13,80.87,15.55,0.733,542.18,229.39,43.23,62.87,877.66
2024-12-19 20:00:00,92.05,89.07,17.11,0.889,567.96,252.95,43.29,68.14,932.34
2024-12-19 21:00:00,97.78,90.6,15.26,0.849,596.43,245.74,47.12,63.35,952.64
2024-12-19 22:00:00,103.55,88.19,15.18,0.89,644.98,246.81,42.49,60.65,994.93
2024-12-19 23:00:00,115.96,100.0,16.13,1.0,701.44,264.41,35.9,64.43,1066.18
2024-12-20 00:00:00,117.14,94.14,17.51,0.961,706.07,257.89,43.16,57.03,1064.15
2024-12-20 01:00:00,117.83,98.8,17.42,1.0,710.79,275.15,37.21,55.59,1078.74
2024-12-20 02:00:00,100.38,93.45,16.04,1.0,637.98,266.42,39.74,62.57,1006.71
2024-12-20 03:00:00,104.26,94.44,15.92,0.904,641.73,259.86,44.45,61.14,1007.19
2024-12-20 04:00:00,102.52,87.89,16.19,0.841,634.96,236.89,36.38,61.57,969.79
2024-12-20 05:00:00,85.2,88.59,16.63,0.919,562.48,244.17,39.71,55.71,902.07
2024-12-20 06:00:00,92.58,86.72,17.1,0.861,582.39,231.24,35.1,52.48,901.21
2024-12-20 07:00:00,85.96,86.69,14.79,0.923,563.6,240.29,36.05,54.8,894.74
2024-12-20 08:00:00,87.01,91.15,17.12,0.94,538.2,257.2,37.81,55.74,888.95
2024-12-20 09:00:00,98.78,94.98,15.66,1.0,604.59,251.27,46.52,49.79,952.18
2024-12-20 10:00:00,111.69,100.0,16.12,0.995,673.12,268.76,40.13,62.38,1044.39
2024-12-20 11:00:00,109.64,95.78,17.22,0.884,672.86,256.25,50.58,53.55,1033.24
2024-12-20 12:00:00,112.6,100.0,16.27,1.0,697.19,280.76,43.82,53.28,1075.04
2024-12-20 13:00:00,115.36,98.75,16.52,0.984,692.1,269.77,43.93,58.69,1064.48
2024-12-20 14:00:00,107.51,87.71,14.56,0.904,665.39,249.29,35.62,55.47,1005.77
2024-12-20 15:00:00,102.34,92.68,17.4,0.96,649.59,256.39,39.39,52.11,997.48
2024-12-20 16:00:00,93.45,88.01,16.19,0.853,599.77,249.38,35.43,52.66,937.25
2024-12-20 17:00:00,88.93,87.38,15.34,0.823,561.41,249.99,38.76,62.68,912.84
2024-12-20 18:00:00,83.27,81.0,16.8,0.803,543.3,230.32,38.17,58.32,870.11
2024-12-20 19:00:00,87.94,80.16,19.03,0.683,562.4,225.15,39.83,52.43,
2024-12-20 20:00:00,88.79,87.68,13.39,0.881,558.68,238.51,43.3,67.28,907.77
2024-12-20 21:00:00,105.15,86.01,13.94,0.84,649.19,251.17,38.95,56.44,995.76
2024-12-20 22:00:00,104.96,99.78,19.18,1.0,641.02,274.45,43.37,62.65,1021.5
2024-12-20 23:00:00,117.51,97.6,15.79,0.877,708.52,251.61,34.14,59.46,1053.73
2024-12-21 00:00:00,85.32,83.89,15.41,0.839,535.55,234.69,41.79,60.49,872.52
2024-12-21 01:00:00,85.55,85.57,14.95,0.934,533.65,242.19,38.26,60.1,874.2
2024-12-21 02:00:00,78.65,82.28,16.93,0.857,510.93,242.81,41.01,53.11,847.87
2024-12-21 03:00:00,70.94,68.42,19.04,0.733,477.23,197.07,43.45,71.22,788.97
2024-12-21 04:00:00,62.4,75.32,14.12,0.77,422.96,220.73,34.23,56.2,734.11
2024-12-21 05:00:00,61.04,72.03,14.97,0.637,429.39,208.87,45.88,64.13,748.27
2024-12-21 06:00:00,62.45,68.05,14.59,0.689,432.61,195.73,39.23,56.05,723.61
2024-12-21 07:00:00,66.1,69.3,16.22,0.713,455.73,213.61,47.45,54.47,771.26
2024-12-21 08:00:00,73.42,75.04,16.95,0.696,494.65,211.79,40.28,66.85,813.57
2024-12-21 09:00:00,73.22,70.11,17.55,0.695,496.83,213.07,45.28,67.78,822.97
2024-12-21 10:00:00,77.1,87.16,16.27,0.727,510.31,233.47,40.24,62.27,846.29
2024-12-21 11:00:00,78.97,86.92,18.9,0.852,512.5,239.59,41.07,64.04,857.19
2024-12-21 12:00:00,88.17,86.34,14.26,0.842,562.36,244.75,40.46,53.73,901.31
2024-12-21 13:00:00,90.28,84.02,13.87,0.91,590.01,240.74,39.12,63.3,933.17
2024-12-21 14:00:00,85.69,81.86,17.32,0.788,556.34,234.53,38.97,63.25,893.08
2024-12-21 15:00:00,77.84,82.71,15.3,0.814,509.77,239.6,40.9,62.19,852.47
2024-12-21 16:00:00,71.93,84.75,13.06,0.844,478.44,236.25,42.19,68.23,825.12
2024-12-21 17:00:00,72.05,73.17,14.65,0.702,475.45,222.02,40.93,48.6,787.0
2024-12-21 18:00:00,65.08,66.95,15.5,0.706,435.89,202.74,42.08,59.1,739.81
2024-12-21 19:00:00,67.84,81.66,14.15,0.717,472.87,235.89,33.93,67.41,810.1
2024-12-21 20:00:00,68.09,65.11,13.6,0.708,464.29,198.91,43.62,54.44,761.25
2024-12-21 21:00:00,69.55,69.73,14.81,0.697,457.61,209.39,37.03,63.25,767.27
2024-12-21 22:00:00,77.89,77.71,13.52,0.842,508.45,217.19,33.41,57.57,816.61
2024-12-21 23:00:00,84.71,74.55,16.07,0.608,553.69,210.91,47.39,60.44,872.43
2024-12-22 00:00:00,86.49,88.81,12.18,0.766,548.89,243.25,45.64,54.71,892.49
2024-12-22 01:00:00,92.45,90.51,15.23,0.89,575.72,253.15,39.96,71.31,940.15
2024-12-22 02:00:00,80.95,77.6,15.87,0.801,527.6,219.43,44.28,54.26,845.58
2024-12-22 03:00:00,79.72,86.26,14.96,0.835,523.84,239.36,38.68,59.35,861.23
2024-12-22 04:00:00,67.63,81.06,16.73,0.84,454.61,229.8,38.12,58.7,781.23
2024-12-22 05:00:00,64.01,71.44,13.04,0.763,435.26,218.53,37.62,65.37,756.78
2024-12-22 06:00:00,58.43,66.96,14.04,0.703,415.85,204.24,37.44,60.35,717.88
2024-12-22 07:00:00,62.29,82.44,14.6,0.83,422.44,224.36,38.96,52.12,737.88
2024-12-22 08:00:00,71.48,79.35,16.16,0.798,473.11,227.59,37.14,56.78,794.62
2024-12-22 09:00:00,75.03,78.8,15.42,0.757,494.19,223.65,28.61,49.19,795.64
2024-12-22 10:00:00,84.4,89.02,18.31,0.887,547.9,245.56,39.27,60.36,893.09
2024-12-22 11:00:00,85.47,84.24,13.89,0.791,543.92,236.92,36.12,68.91,885.86
2024-12-22 12:00:00,84.84,79.89,13.0,0.76,548.71,234.53,41.19,59.0,883.43
2024-12-22 13:00:00,93.34,87.07,17.78,0.896,596.01,237.96,39.04,61.7,934.71
2024-12-22 14:00:00,80.25,85.32,12.95,0.83,517.2,240.39,42.54,65.51,865.64
2024-12-22 15:00:00,79.65,69.87,16.12,0.662,544.04,208.46,40.05,56.55,849.1
2024-12-22 16:00:00,67.77,72.44,13.63,0.747,470.21,210.81,34.93,65.5,781.45
2024-12-22 17:00:00,68.1,80.96,11.99,0.829,462.66,226.19,34.94,69.56,793.35
2024-12-22 18:00:00,67.46,71.17,14.53,0.701,455.86,204.93,35.04,51.13,746.95
2024-12-22 19:00:00,66.09,80.78,16.44,0.8,446.01,227.11,36.54,65.68,775.35
2024-12-22 20:00:00,59.96,77.05,13.26,0.791,433.08,226.24,37.19,52.59,749.09
2024-12-22 21:00:00,75.07,77.21,15.96,0.821,497.05,219.99,43.68,56.13,816.84
2024-12-22 22:00:00,85.55,79.93,16.24,0.809,536.22,227.26,40.75,65.66,869.89
2024-12-22 23:00:00,86.85,81.99,13.19,0.76,540.57,225.24,32.56,61.61,859.97
2024-12-23 00:00:00,116.78,100.0,14.73,0.989,704.82,267.15,36.5,57.71,1066.17
2024-12-23 01:00:00,106.1,100.0,17.44,0.98,651.58,271.38,39.85,71.17,1033.98
2024-12-23 02:00:00,104.62,92.94,16.05,0.877,635.76,245.16,35.98,58.35,975.25
2024-12-23 03:00:00,101.65,87.78,14.68,0.903,616.11,250.61,40.32,65.48,972.53
2024-12-23 04:00:00,94.14,87.66,15.7,0.905,575.0,240.52,36.64,58.47,910.64
2024-12-23 05:00:00,91.87,87.15,14.04,0.908,573.27,253.6,39.46,62.29,928.62
2024-12-23 06:00:00,84.42,75.99,16.74,0.71,539.2,222.11,37.72,62.46,861.49
2024-12-23 07:00:00,88.63,84.72,16.74,0.855,568.7,226.9,40.45,60.4,896.45
2024-12-23 08:00:00,92.57,92.89,15.25,0.929,581.78,256.74,45.76,52.91,937.2
2024-12-23 09:00:00,96.05,79.03,15.42,0.806,608.77,224.05,43.57,61.39,937.78
2024-12-23 10:00:00,98.48,93.37,13.57,0.94,617.22,257.82,35.68,57.1,967.82
2024-12-23 11:00:00,114.71,100.0,13.04,0.999,697.68,279.7,50.04,57.71,1085.13
2024-12-23 12:00:00,115.7,95.05,14.51,0.944,706.31,263.82,44.72,62.97,1077.83
2024-12-23 13:00:00,110.52,100.0,14.94,1.0,661.49,268.65,37.26,62.62,1030.02
2024-12-23 14:00:00,101.02,87.06,16.67,0.828,620.83,234.44,36.53,56.22,948.03
2024-12-23 15:00:00,102.52,93.46,16.46,0.926,651.81,261.51,41.36,61.09,1015.77
2024-12-23 16:00:00,91.44,84.18,15.35,0.896,561.93,239.85,42.82,60.1,904.7
2024-12-23 17:00:00,89.24,83.08,16.86,0.79,563.8,241.42,47.07,55.69,907.99
2024-12-23 18:00:00,92.46,83.14,13.66,0.793,586.09,233.74,42.03,56.0,917.86
2024-12-23 19:00:00,78.44,82.71,16.69,0.864,497.2,235.47,37.35,56.08,826.1
2024-12-23 20:00:00,89.7,89.09,13.89,0.82,562.49,245.62,37.97,59.94,906.02
2024-12-23 21:00:00,99.16,89.26,16.93,0.926,631.78,247.97,42.51,58.48,980.73
2024-12-23 22:00:00,113.32,89.86,15.05,0.874,687.96,239.62,34.64,61.05,1023.26
2024-12-23 23:00:00,106.44,95.24,12.08,0.973,647.63,261.91,45.98,55.6,1011.12
2024-12-24 00:00:00,122.74,100.0,16.15,0.939,735.4,272.29,37.82,59.13,1104.65
2024-12-24 01:00:00,113.53,95.68,16.27,1.0,683.06,257.91,43.84,59.51,1044.32
2024-12-24 02:00:00,107.12,100.0,14.37,0.939,669.28,273.64,44.8,61.63,1049.35
2024-12-24 03:00:00,99.21,81.78,14.5,0.854,608.11,236.98,52.22,67.35,964.66
2024-12-24 04:00:00,90.75,74.29,14.81,0.684,569.59,224.41,38.78,65.37,898.15
2024-12-24 05:00:00,91.2,81.95,12.17,0.91,564.07,225.97,38.89,59.63,888.56
2024-12-24 06:00:00,80.73,83.92,11.51,0.836,521.27,240.24,38.68,52.03,
2024-12-24 07:00:00,88.39,78.92,17.01,0.887,560.56,233.75,40.69,57.44,892.44
2024-12-24 08:00:00,90.96,80.58,13.82,0.765,584.38,227.11,37.42,64.6,913.51
2024-12-24 09:00:00,96.95,93.23,17.84,0.91,596.62,264.15,44.85,59.72,965.35
2024-12-24 10:00:00,117.84,100.0,17.11,1.0,713.09,265.64,44.03,53.71,1076.48
2024-12-24 11:00:00,114.67,99.22,17.4,0.921,694.03,268.78,38.97,58.97,1060.75
2024-12-24 12:00:00,117.45,100.0,14.08,0.965,692.13,259.64,37.16,57.65,1046.57
2024-12-24 13:00:00,117.54,96.64,12.64,0.991,701.91,251.75,38.26,66.3,1058.21
2024-12-24 14:00:00,101.81,89.01,13.42,0.839,622.95,237.61,38.12,57.09,955.77
2024-12-24 15:00:00,107.01,97.55,14.38,1.0,668.51,273.37,41.98,62.07,1045.93
2024-12-24 16:00:00,82.46,74.51,11.49,0.754,536.69,211.81,40.77,63.44,852.71
2024-12-24 17:00:00,83.93,71.25,14.34,0.637,540.83,204.99,43.29,53.81,842.92
2024-12-24 18:00:00,83.16,79.42,14.75,0.843,501.46,229.22,45.95,56.28,832.9
2024-12-24 19:00:00,89.34,89.32,13.11,0.83,551.42,243.12,41.19,57.87,893.59
2024-12-24 20:00:00,93.37,87.97,13.49,0.918,592.7,251.96,42.37,60.69,947.71
2024-12-24 21:00:00,99.33,93.95,14.72,0.946,622.92,268.48,49.83,57.03,998.25
2024-12-24 22:00:00,107.45,83.64,15.59,0.814,651.32,222.32,42.28,53.12,969.05
2024-12-24 23:00:00,109.08,96.12,13.72,0.906,665.61,264.97,38.04,54.96,1023.58
2024-12-25 00:00:00,109.01,97.77,15.48,0.994,664.71,252.96,39.73,64.7,1022.1
2024-12-25 01:00:00,115.9,91.19,15.24,0.868,700.84,243.35,33.34,70.36,1047.88
2024-12-25 02:00:00,110.27,99.45,15.11,1.0,668.4,271.71,42.18,61.53,1043.81
2024-12-25 03:00:00,106.34,92.61,14.06,0.988,658.21,248.82,37.8,65.39,1010.23
2024-12-25 04:00:00,89.34,100.0,13.04,1.0,575.55,271.57,36.44,61.77,945.32
2024-12-25 05:00:00,89.78,74.0,17.58,0.754,561.23,215.6,36.54,63.49,876.85
2024-12-25 06:00:00,83.87,88.78,15.98,0.868,529.77,236.55,44.57,63.7,874.59
2024-12-25 07:00:00,91.77,83.91,16.55,0.824,572.49,240.17,38.96,63.39,915.01
2024-12-25 08:00:00,96.59,80.21,14.91,0.784,603.33,230.23,43.06,61.78,938.39
2024-12-25 09:00:00,100.84,87.79,14.79,0.89,627.07,244.59,41.54,60.71,973.91
2024-12-25 10:00:00,106.14,94.46,15.77,0.966,657.02,254.47,40.8,57.97,1010.26
2024-12-25 11:00:00,116.83,100.0,12.28,1.0,711.94,272.34,38.47,62.63,1085.37
2024-12-25 12:00:00,117.59,100.0,13.37,1.0,710.84,262.24,41.98,61.55,1076.61
2024-12-25 13:00:00,110.25,100.0,13.84,0.93,673.1,263.95,38.3,55.46,1030.81
2024-12-25 14:00:00,102.19,86.27,14.36,0.842,644.14,243.09,40.63,65.94,993.79
2024-12-25 15:00:00,98.85,95.07,13.72,1.0,614.27,265.84,44.42,64.96,989.49
2024-12-25 16:00:00,98.56,91.24,15.54,0.835,617.53,248.74,45.27,60.97,972.5
2024-12-25 17:00:00,91.6,82.52,15.16,0.862,580.54,236.04,38.26,65.89,920.73
2024-12-25 18:00:00,80.55,79.22,17.13,0.773,521.37,227.58,41.49,63.64,854.08
2024-12-25 19:00:00,82.34,77.62,18.75,0.732,530.36,225.49,42.34,57.8,855.98
2024-12-25 20:00:00,97.6,88.98,13.14,0.91,618.57,242.72,40.95,50.92,953.16
2024-12-25 21:00:00,95.46,84.08,15.26,0.919,596.57,235.67,43.05,50.76,926.05
2024-12-25 22:00:00,109.54,89.63,15.26,0.913,664.86,247.99,43.1,66.31,1022.27
2024-12-25 23:00:00,110.53,97.66,15.02,0.963,666.73,274.07,47.35,59.86,1048.02
2024-12-26 00:00:00,121.47,100.0,13.4,0.935,730.72,263.37,48.63,58.15,1100.87
2024-12-26 01:00:00,109.91,94.02,13.65,0.935,665.45,249.01,39.34,56.7,1010.5
2024-12-26 02:00:00,112.07,100.0,15.38,0.933,683.02,288.0,46.64,60.32,1077.98
2024-12-26 03:00:00,100.74,89.07,13.61,0.875,625.12,248.9,41.76,64.57,980.34
2024-12-26 04:00:00,93.51,85.24,15.26,0.849,584.12,242.3,39.29,55.94,921.65
2024-12-26 05:00:00,79.13,82.87,14.65,0.711,504.48,237.87,42.43,60.47,845.25
2024-12-26 06:00:00,76.19,77.43,15.24,0.844,492.71,227.24,39.07,73.29,832.3
2024-12-26 07:00:00,86.13,83.49,13.59,0.773,543.66,240.72,39.83,69.07,893.28
2024-12-26 08:00:00,93.49,74.14,15.26,0.732,579.41,220.36,35.61,48.84,884.22
2024-12-26 09:00:00,95.5,87.83,13.7,0.905,601.14,251.21,40.32,50.93,943.6
2024-12-26 10:00:00,103.15,82.44,15.26,0.89,652.76,234.12,43.73,69.03,999.64
2024-12-26 11:00:00,115.24,91.51,17.03,0.876,692.09,258.61,42.88,64.48,1058.07
2024-12-26 12:00:00,117.25,91.95,15.42,0.794,703.18,264.45,41.45,60.26,1069.34
2024-12-26 13:00:00,112.44,91.01,15.51,0.964,677.52,252.29,46.95,62.64,1039.4
2024-12-26 14:00:00,110.62,92.57,16.25,0.863,679.97,257.27,48.54,58.42,1044.19
2024-12-26 15:00:00,95.3,85.22,12.92,0.87,599.93,235.48,41.99,56.67,934.07
2024-12-26 16:00:00,91.08,88.86,17.6,0.91,575.25,245.62,46.39,63.65,930.91
2024-12-26 17:00:00,93.6,87.91,13.44,0.717,578.3,246.73,41.4,59.52,925.95
2024-12-26 18:00:00,85.27,73.13,16.34,0.651,538.62,211.24,40.35,64.32,854.54
2024-12-26 19:00:00,87.51,84.17,16.14,0.819,558.98,237.32,43.84,57.26,897.4
2024-12-26 20:00:00,101.72,92.45,13.67,0.795,630.41,256.2,39.72,63.56,989.89
2024-12-26 21:00:00,94.4,85.56,16.54,0.789,591.88,248.8,30.56,61.56,932.8
2024-12-26 22:00:00,110.69,95.04,15.77,0.957,678.75,254.4,38.97,53.33,1025.44
2024-12-26 23:00:00,119.65,100.0,17.86,0.996,708.45,272.52,33.98,67.37,1082.32
2024-12-27 00:00:00,113.7,100.0,15.3,1.0,690.93,266.38,38.45,52.96,1048.72
2024-12-27 01:00:00,116.43,90.34,14.85,0.926,704.13,254.31,37.82,66.65,1062.91
2024-12-27 02:00:00,103.57,90.56,14.24,0.822,630.2,255.26,37.84,62.27,985.57
2024-12-27 03:00:00,97.25,96.17,12.4,0.897,601.43,272.02,35.79,63.2,972.44
2024-12-27 04:00:00,94.04,94.1,14.54,0.979,595.74,255.06,35.2,57.54,943.55
2024-12-27 05:00:00,90.2,89.36,14.6,0.97,561.91,248.52,37.41,58.16,906.0
2024-12-27 06:00:00,89.48,87.43,15.41,0.826,587.13,248.42,38.52,60.02,934.08
2024-12-27 07:00:00,93.29,94.92,12.88,0.962,590.89,263.28,38.81,53.56,946.53
2024-12-27 08:00:00,92.23,95.7,14.65,0.997,580.69,246.05,41.04,62.88,930.66
2024-12-27 09:00:00,104.77,91.74,15.88,0.929,641.86,248.53,42.83,58.21,991.42
2024-12-27 10:00:00,106.13,88.22,16.03,0.87,656.96,248.68,35.96,49.4,991.0
2024-12-27 11:00:00,116.6,96.95,12.22,0.937,699.7,262.33,36.5,69.44,1067.97
2024-12-27 12:00:00,115.83,100.0,16.07,1.0,696.19,274.87,46.66,61.33,1079.04
2024-12-27 13:00:00,114.77,89.54,14.64,0.9,705.49,254.29,43.03,61.63,1064.43
2024-12-27 14:00:00,109.19,92.24,14.74,0.942,662.2,252.43,36.9,56.54,1008.07
2024-12-27 15:00:00,93.58,79.73,11.47,0.813,588.99,231.03,34.99,61.66,916.67
2024-12-27 16:00:00,88.0,84.63,17.25,0.806,553.94,246.45,38.01,63.68,902.07
2024-12-27 17:00:00,87.42,77.7,15.28,0.78,559.17,229.27,38.99,52.73,880.16
2024-12-27 18:00:00,78.25,78.58,12.72,0.77,515.9,220.4,42.73,63.02,842.04
2024-12-27 19:00:00,90.33,75.42,15.58,0.737,585.14,217.26,30.79,54.7,887.9
2024-12-27 20:00:00,95.99,91.08,15.53,0.927,592.43,251.44,36.14,53.57,933.58
2024-12-27 21:00:00,101.31,96.77,16.85,0.922,614.96,257.6,47.2,55.6,975.36
2024-12-27 22:00:00,103.02,89.59,14.55,0.836,632.94,254.55,40.06,70.5,998.07
2024-12-27 23:00:00,118.51,98.58,15.03,1.0,707.62,263.15,40.25,63.92,1074.93
2024-12-28 00:00:00,94.4,86.38,14.04,0.837,591.87,240.79,37.74,59.91,930.32
2024-12-28 01:00:00,85.33,83.57,15.9,0.818,550.83,241.93,43.15,68.51,904.43
2024-12-28 02:00:00,82.67,81.14,13.83,0.715,551.46,227.69,32.79,55.39,867.32
2024-12-28 03:00:00,75.81,81.74,13.67,0.866,495.42,229.64,38.3,54.87,818.23
2024-12-28 04:00:00,71.5,81.91,14.9,0.845,459.8,234.05,31.68,55.42,780.94
2024-12-28 05:00:00,64.78,68.32,13.17,0.719,441.99,201.02,39.92,69.39,752.32
2024-12-28 06:00:00,63.61,70.26,17.41,0.722,440.86,216.74,38.22,64.34,760.16
2024-12-28 07:00:00,68.88,78.95,17.9,0.714,456.64,220.3,33.48,55.92,766.34
2024-12-28 08:00:00,78.76,72.27,14.33,0.734,515.66,198.0,44.04,56.54,814.24
2024-12-28 09:00:00,69.4,64.85,12.93,0.618,468.1,201.24,42.76,61.42,773.51
2024-12-28 10:00:00,80.21,81.24,15.51,0.764,523.13,228.45,44.12,54.33,850.03
2024-12-28 11:00:00,80.02,82.49,14.28,0.85,526.44,228.39,33.97,59.11,847.91
2024-12-28 12:00:00,92.62,82.7,16.77,0.91,582.43,235.97,35.99,55.03,909.42
2024-12-28 13:00:00,82.39,78.3,13.83,0.858,536.34,226.95,44.81,59.65,867.75
2024-12-28 14:00:00,74.85,73.63,15.82,0.767,479.87,210.04,43.24,64.08,797.23
2024-12-28 15:00:00,77.55,74.44,15.18,0.743,500.06,223.45,45.61,68.71,837.84
2024-12-28 16:00:00,76.35,81.64,13.99,0.806,499.03,236.62,39.04,52.17,826.87
2024-12-28 17:00:00,67.91,68.05,15.37,0.635,451.52,214.76,39.56,63.0,768.84
2024-12-28 18:00:00,64.57,70.96,16.32,0.696,442.9,206.26,42.46,63.39,755.01
2024-12-28 19:00:00,66.89,68.92,15.14,0.735,451.72,205.67,34.6,58.84,750.83
2024-12-28 20:00:00,75.03,70.24,15.15,0.794,491.53,208.91,40.78,57.04,798.26
2024-12-28 21:00:00,71.5,80.1,13.7,0.76,484.59,226.25,50.14,57.03,818.01
2024-12-28 22:00:00,80.18,77.49,16.72,0.675,521.56,225.15,38.57,50.73,836.01
2024-12-28 23:00:00,82.93,82.41,16.57,0.798,525.99,235.93,33.59,63.89,859.4
2024-12-29 00:00:00,81.58,73.25,14.39,0.778,523.07,216.7,41.64,56.18,837.58
2024-12-29 01:00:00,83.43,78.0,14.82,0.884,543.17,221.85,36.4,51.66,853.08
2024-12-29 02:00:00,85.06,86.31,17.12,0.929,546.88,239.99,39.57,61.61,888.06
2024-12-29 03:00:00,77.27,91.57,13.3,0.98,515.9,248.89,44.35,61.57,870.71
2024-12-29 04:00:00,71.95,66.1,15.91,0.618,486.53,194.29,42.23,64.23,787.3
2024-12-29 05:00:00,65.84,71.92,14.16,0.678,446.1,210.64,38.05,69.09,763.88
2024-12-29 06:00:00,65.84,74.98,17.67,0.684,460.7,226.56,43.35,60.2,790.82
2024-12-29 07:00:00,62.05,67.95,15.1,0.646,442.42,214.92,33.33,58.5,749.17
2024-12-29 08:00:00,68.14,78.32,16.89,0.829,446.4,232.35,40.79,58.05,777.58
2024-12-29 09:00:00,75.77,73.55,13.86,0.817,499.09,211.67,38.46,58.53,807.76
2024-12-29 10:00:00,81.74,81.64,13.13,0.834,524.28,233.88,30.56,56.31,845.03
2024-12-29 11:00:00,86.02,80.4,14.65,0.791,548.03,216.56,35.16,57.83,857.58
2024-12-29 12:00:00,85.7,88.95,15.4,0.836,541.95,245.86,39.94,56.39,884.14
2024-12-29 13:00:00,83.23,78.23,14.24,0.777,528.63,221.96,42.99,54.81,848.39
2024-12-29 14:00:00,93.26,84.87,16.14,0.859,593.49,249.47,40.09,68.68,951.73
2024-12-29 15:00:00,78.63,84.04,14.69,0.767,503.79,238.05,38.82,66.93,847.59
2024-12-29 16:00:00,71.03,70.37,11.88,0.75,475.88,208.09,43.24,50.69,777.9
2024-12-29 17:00:00,64.32,72.51,15.83,0.704,430.83,211.85,41.1,61.59,745.37
2024-12-29 18:00:00,61.95,61.86,13.68,0.662,439.88,188.16,43.99,59.68,731.71
2024-12-29 19:00:00,64.73,66.93,14.46,0.669,443.91,203.74,42.3,60.72,750.67
2024-12-29 20:00:00,70.55,77.18,17.33,0.787,478.69,218.11,37.15,52.75,786.7
2024-12-29 21:00:00,67.48,68.79,17.66,0.653,458.95,207.75,42.68,50.76,760.15
2024-12-29 22:00:00,74.35,74.45,14.14,0.727,489.71,224.94,43.84,59.72,818.22
2024-12-29 23:00:00,82.2,83.56,15.87,0.868,531.52,236.16,45.6,58.15,871.43
2024-12-30 00:00:00,115.83,95.02,14.17,0.944,711.2,257.65,37.89,57.25,1064.0
2024-12-30 01:00:00,112.03,100.0,14.57,0.945,672.99,269.55,38.55,58.97,1040.05
2024-12-30 02:00:00,113.41,97.78,14.09,0.983,666.67,272.55,43.52,63.0,1045.74
2024-12-30 03:00:00,94.07,89.21,12.41,0.911,584.06,248.18,43.37,64.41,940.01
2024-12-30 04:00:00,89.49,90.95,15.14,0.978,557.8,247.34,37.96,55.09,898.2
2024-12-30 05:00:00,93.09,88.14,15.43,0.939,593.19,249.95,37.31,55.56,936.02
2024-12-30 06:00:00,85.52,90.46,13.99,0.901,546.22,245.69,38.27,60.75,890.93
2024-12-30 07:00:00,90.55,89.83,16.63,0.871,579.36,247.24,40.32,66.11,933.04
2024-12-30 08:00:00,100.7,87.74,14.35,0.866,623.78,245.62,36.45,58.93,964.78
2024-12-30 09:00:00,97.22,95.08,14.04,0.925,606.19,254.82,41.68,60.72,963.42
2024-12-30 10:00:00,107.1,94.87,15.79,0.974,656.83,248.51,33.09,53.18,991.61
2024-12-30 11:00:00,111.9,93.98,12.69,0.992,691.34,260.05,36.67,49.02,1037.09
2024-12-30 12:00:00,107.18,94.98,16.36,1.0,657.4,246.31,40.74,71.57,1016.02
2024-12-30 13:00:00,111.75,100.0,14.4,0.979,687.62,264.44,36.32,61.39,1049.77
2024-12-30 14:00:00,111.02,97.79,16.48,0.952,683.48,270.02,38.33,54.91,1046.74
2024-12-30 15:00:00,102.16,100.0,16.93,0.979,629.51,272.52,39.49,49.29,990.8
2024-12-30 16:00:00,94.98,92.92,15.96,0.833,594.29,254.19,48.48,67.23,964.19
2024-12-30 17:00:00,85.51,85.37,13.78,0.794,544.52,233.9,34.78,55.28,868.47
2024-12-30 18:00:00,82.38,76.06,13.12,0.759,542.14,217.13,40.94,55.27,855.49
2024-12-30 19:00:00,92.09,85.14,12.85,0.87,572.9,242.26,35.9,56.42,907.48
2024-12-30 20:00:00,90.51,85.61,16.65,0.881,566.77,238.99,35.75,60.69,902.2
2024-12-30 21:00:00,101.18,94.07,14.8,0.902,623.67,250.14,36.5,63.19,973.5
2024-12-30 22:00:00,108.15,97.26,14.1,0.948,651.58,258.97,39.37,58.5,1008.43
2024-12-30 23:00:00,118.84,100.0,14.8,0.987,709.46,267.39,45.74,54.76,1077.34
