timestamp,production_load_t,equipment_utilization_pct,ambient_temp_c,equipment_run_frac,furnace_kwh,compressor_kwh,ventilation_kwh,auxiliary_kwh,energy_kwh,hour,minute,dayofweek,day,month,year,is_weekend,is_weekday,hour_sin,hour_cos,dow_sin,dow_cos,month_sin,month_cos,energy_lag_15min,energy_lag_1h,energy_lag_24h,energy_roll_mean_24h,energy_roll_std_24h,expected_kwh_per_load
2024-01-05 06:00:00,83.63,79.69,17.36,0.747,555.04,223.54,44.84,57.72,1120.6933,6,0,4,5,1,2024,0,1,1.0,6.123233995736766e-17,-0.433883739117558,-0.9009688679024191,0.4999999999999999,0.8660254037844387,885.73,1001.02,923.97,965.1088885416666,68.50912676964998,13.400613416238192
2024-01-06 03:00:00,69.39,72.76,17.19,0.752,470.13,218.86,42.54,61.59,793.12,3,0,5,6,1,2024,1,0,0.7071067811865476,0.7071067811865476,-0.9749279121818236,-0.2225209339563146,0.4999999999999999,0.8660254037844387,880.13,1060.17,972.89,958.175034375,74.13771623488255,11.429889033001874
2024-01-06 06:00:00,59.79,71.59,15.34,0.757,424.09,209.92,42.39,68.26,744.65,6,0,5,6,1,2024,1,0,1.0,6.123233995736766e-17,-0.9749279121818236,-0.2225209339563146,0.4999999999999999,0.8660254037844387,821.87,880.13,839.58,955.5720135416668,78.26176882836168,12.454423816691754
2024-01-06 07:00:00,62.99,70.85,15.15,0.729,419.56,201.53,41.65,62.44,725.18,7,0,5,6,1,2024,1,0,0.9659258262890684,-0.2588190451025206,-0.9749279121818236,-0.2225209339563146,0.4999999999999999,0.8660254037844387,744.65,793.12,949.09,953.2396177083334,81.71723649698265,11.512621050960469
2024-01-06 08:00:00,69.77,74.55,16.92,0.708,465.17,211.95,42.33,55.1,774.56,8,0,5,6,1,2024,1,0,0.8660254037844387,-0.4999999999999998,-0.9749279121818236,-0.2225209339563146,0.4999999999999999,0.8660254037844387,725.18,827.23,897.81,951.9557635416668,83.54500007754554,11.101619607281066
2024-01-06 16:00:00,66.24,75.77,15.48,0.764,458.96,223.55,35.3,71.13,788.94,16,0,5,6,1,2024,1,0,-0.8660254037844385,-0.5000000000000004,-0.9749279121818236,-0.2225209339563146,0.4999999999999999,0.8660254037844387,865.92,840.03,948.88,939.1524302083334,88.97073784517573,11.910326086956523
2024-01-06 17:00:00,63.97,73.51,16.56,0.675,427.29,221.19,35.3,67.38,751.16,17,0,5,6,1,2024,1,0,-0.9659258262890684,-0.2588190451025206,-0.9749279121818236,-0.2225209339563146,0.4999999999999999,0.8660254037844387,788.94,876.27,875.66,937.8555552083332,90.79465915734184,11.742379240268876
2024-01-06 18:00:00,67.0,68.21,14.2,0.715,458.59,205.74,41.49,57.78,763.6,18,0,5,6,1,2024,1,0,-1.0,-1.8369701987210294e-16,-0.9749279121818236,-0.2225209339563146,0.4999999999999999,0.8660254037844387,751.16,817.54,870.04,936.7468052083332,92.26943932310694,11.397014925373135
2024-01-06 19:00:00,60.33,73.28,16.48,0.708,412.93,210.63,40.49,61.52,725.57,19,0,5,6,1,2024,1,0,-0.9659258262890684,0.2588190451025203,-0.9749279121818236,-0.2225209339563146,0.4999999999999999,0.8660254037844387,763.6,865.92,892.61,935.0068052083334,94.6546983302466,12.02668655726836
2024-01-06 20:00:00,70.28,74.56,14.49,0.723,483.48,222.26,38.17,64.61,808.52,20,0,5,6,1,2024,1,0,-0.8660254037844386,0.5000000000000001,-0.9749279121818236,-0.2225209339563146,0.4999999999999999,0.8660254037844387,725.57,788.94,873.49,934.330034375,95.32902892430144,11.504268639726806
2024-01-07 04:00:00,71.46,78.56,15.26,0.754,476.61,231.86,38.86,58.84,806.17,4,0,6,7,1,2024,1,0,0.8660254037844386,0.5000000000000001,-0.7818314824680299,0.6234898018587334,0.4999999999999999,0.8660254037844387,759.73,881.16,881.9,921.6313885416666,95.97206814714372,11.281416176882173
2024-01-07 05:00:00,66.45,76.65,15.46,0.746,443.51,215.04,36.8,73.19,768.54,5,0,6,7,1,2024,1,0,0.9659258262890684,0.2588190451025207,-0.7818314824680299,0.6234898018587334,0.4999999999999999,0.8660254037844387,806.17,901.58,919.3,920.060971875,97.23576226331852,11.56568848758465
2024-01-07 06:00:00,64.75,67.98,13.28,0.763,442.23,214.08,40.46,62.84,759.62,6,0,6,7,1,2024,1,0,1.0,6.123233995736766e-17,-0.7818314824680299,0.6234898018587334,0.4999999999999999,0.8660254037844387,768.54,831.87,905.14,918.5451385416668,98.59558359736909,11.731583011583012
2024-01-07 07:00:00,66.64,69.22,16.57,0.61,455.93,213.17,39.17,63.14,771.42,7,0,6,7,1,2024,1,0,0.9659258262890684,-0.2588190451025206,-0.7818314824680299,0.6234898018587334,0.4999999999999999,0.8660254037844387,759.62,759.73,916.71,917.0317010416668,99.7325906870395,11.575930372148859
2024-01-07 08:00:00,66.65,72.21,15.64,0.76,434.8,212.17,34.14,60.53,741.65,8,0,6,7,1,2024,1,0,0.8660254037844387,-0.4999999999999998,-0.7818314824680299,0.6234898018587334,0.4999999999999999,0.8660254037844387,771.42,806.17,892.11,915.464409375,101.29830109566213,11.127531882970741
2024-01-07 17:00:00,68.41,76.17,14.58,0.662,476.66,212.34,50.66,59.94,799.59,17,0,6,7,1,2024,1,0,-0.9659258262890684,-0.2588190451025206,-0.7818314824680299,0.6234898018587334,0.4999999999999999,0.8660254037844387,762.16,888.24,937.97,901.4061802083332,99.95477526615284,11.688203479023535
2024-01-07 19:00:00,61.97,70.37,12.81,0.748,431.79,212.23,43.65,61.14,748.8,19,0,6,7,1,2024,1,0,-0.9659258262890684,0.2588190451025203,-0.7818314824680299,0.6234898018587334,0.4999999999999999,0.8660254037844387,750.08,852.81,903.84,898.7237843749999,102.19926819379724,12.083266096498305
2024-01-13 06:00:00,65.18,63.87,15.99,0.603,441.46,189.49,34.8,62.57,728.32,6,0,5,13,1,2024,1,0,1.0,6.123233995736766e-17,-0.9749279121818236,-0.2225209339563146,0.4999999999999999,0.8660254037844387,778.62,845.89,896.15,959.4913541666666,80.24343973342691,11.173979748389076
2024-01-13 07:00:00,62.49,67.79,15.74,0.716,430.02,193.98,49.74,68.39,742.13,7,0,5,13,1,2024,1,0,0.9659258262890684,-0.2588190451025206,-0.9749279121818236,-0.2225209339563146,0.4999999999999999,0.8660254037844387,728.32,779.26,861.52,958.2477083333334,82.66641952327544,11.875980156825092
2024-01-13 08:00:00,72.97,75.57,14.53,0.698,480.55,223.15,40.95,60.79,805.44,8,0,5,13,1,2024,1,0,0.8660254037844387,-0.4999999999999998,-0.9749279121818236,-0.2225209339563146,0.4999999999999999,0.8660254037844387,742.13,762.66,950.0,956.741875,84.12206011833379,11.037960805810608
2024-01-13 17:00:00,65.73,71.03,16.28,0.702,447.68,205.58,46.58,64.74,764.58,17,0,5,13,1,2024,1,0,-0.9659258262890684,-0.2588190451025206,-0.9749279121818236,-0.2225209339563146,0.4999999999999999,0.8660254037844387,784.92,851.47,1005.6,939.6603125,88.63153251943356,11.632131446827932
2024-01-13 18:00:00,68.86,69.95,14.42,0.754,461.32,212.78,35.23,55.94,765.28,18,0,5,13,1,2024,1,0,-1.0,-1.8369701987210294e-16,-0.9749279121818236,-0.2225209339563146,0.4999999999999999,0.8660254037844387,764.58,862.0,888.07,938.38125,90.2550182217616,11.113563752541388
2024-01-13 19:00:00,62.89,74.31,16.34,0.66,432.5,219.73,40.31,59.49,752.03,19,0,5,13,1,2024,1,0,-0.9659258262890684,0.2588190451025203,-0.9749279121818236,-0.2225209339563146,0.4999999999999999,0.8660254037844387,765.28,833.69,922.11,936.6095833333331,92.22556441928744,11.957862935283828
2024-01-14 04:00:00,72.1,74.37,15.96,0.752,485.34,211.97,39.09,60.36,796.77,4,0,6,14,1,2024,1,0,0.8660254037844386,0.5000000000000001,-0.7818314824680299,0.6234898018587334,0.4999999999999999,0.8660254037844387,840.56,898.34,981.04,923.3379166666668,92.0749754666979,11.050901525658809
2024-01-14 05:00:00,64.02,66.23,15.71,0.61,431.91,197.93,41.2,62.4,733.44,5,0,6,14,1,2024,1,0,0.9659258262890684,0.2588190451025207,-0.7818314824680299,0.6234898018587334,0.4999999999999999,0.8660254037844387,796.77,918.77,844.68,922.1791666666668,93.75984758011104,11.456419868791004
2024-01-14 06:00:00,65.05,67.19,16.38,0.728,445.83,196.08,48.21,56.84,746.96,6,0,6,14,1,2024,1,0,1.0,6.123233995736766e-17,-0.7818314824680299,0.6234898018587334,0.4999999999999999,0.8660254037844387,733.44,915.4,884.94,920.741875,95.38029367595054,11.482859338970025
2024-01-14 07:00:00,64.74,63.95,15.02,0.639,433.79,195.39,35.43,67.01,731.62,7,0,6,14,1,2024,1,0,0.9659258262890684,-0.2588190451025206,-0.7818314824680299,0.6234898018587334,0.4999999999999999,0.8660254037844387,746.96,840.56,848.77,919.5215625,97.04568719317771,11.300895891257339
2024-01-14 08:00:00,69.76,74.34,15.59,0.745,469.87,217.43,43.04,55.4,785.74,8,0,6,14,1,2024,1,0,0.8660254037844387,-0.4999999999999998,-0.7818314824680299,0.6234898018587334,0.4999999999999999,0.8660254037844387,731.62,796.77,907.62,918.2519791666668,97.99561406533311,11.263474770642201
2024-01-14 16:00:00,71.87,75.28,15.68,0.748,489.77,217.52,34.97,65.58,807.85,16,0,6,14,1,2024,1,0,-0.8660254037844385,-0.5000000000000004,-0.7818314824680299,0.6234898018587334,0.4999999999999999,0.8660254037844387,865.68,872.89,941.52,905.5047916666666,94.55544247164651,11.240434117155976
2024-01-14 17:00:00,67.77,71.0,13.05,0.703,451.27,218.94,46.02,56.98,773.21,17,0,6,14,1,2024,1,0,-0.9659258262890684,-0.2588190451025206,-0.7818314824680299,0.6234898018587334,0.4999999999999999,0.8660254037844387,807.85,844.31,856.92,904.6328125,95.39049650008631,11.409325660321677
2024-01-14 19:00:00,61.67,69.1,14.02,0.73,429.74,193.69,39.02,58.08,720.52,19,0,6,14,1,2024,1,0,-0.9659258262890684,0.2588190451025203,-0.7818314824680299,0.6234898018587334,0.4999999999999999,0.8660254037844387,779.87,865.68,896.25,901.0697916666668,97.91968957401788,11.683476568834116
2024-01-14 20:00:00,69.68,69.06,14.96,0.694,471.59,202.32,37.38,62.16,773.45,20,0,6,14,1,2024,1,0,-0.8660254037844386,0.5000000000000001,-0.7818314824680299,0.6234898018587334,0.4999999999999999,0.8660254037844387,720.52,807.85,875.0,900.0119791666667,98.74928321786324,11.100028702640643
2024-01-20 03:00:00,70.21,73.04,17.19,0.67,467.79,218.95,40.97,61.36,789.06,3,0,5,20,1,2024,1,0,0.7071067811865476,0.7071067811865476,-0.9749279121818236,-0.2225209339563146,0.4999999999999999,0.8660254037844387,845.37,1060.21,974.64,961.2107291666669,74.1086578683056,11.238570004272896
2024-01-20 05:00:00,65.4,71.76,17.52,0.625,447.71,201.8,37.84,60.72,748.07,5,0,5,20,1,2024,1,0,0.9659258262890684,0.2588190451025207,-0.9749279121818236,-0.2225209339563146,0.4999999999999999,0.8660254037844387,849.78,860.23,889.69,958.6509375,77.71722862678227,11.438379204892966
2024-01-20 07:00:00,66.11,65.41,14.71,0.619,462.76,186.54,37.61,62.24,749.15,7,0,5,20,1,2024,1,0,0.9659258262890684,-0.2588190451025206,-0.9749279121818236,-0.2225209339563146,0.4999999999999999,0.8660254037844387,749.69,789.06,859.98,956.0679166666664,82.45046538334243,11.331871123884435
2024-01-20 08:00:00,68.93,66.99,17.23,0.688,469.01,189.74,39.21,68.51,766.47,8,0,5,20,1,2024,1,0,0.8660254037844387,-0.4999999999999998,-0.9749279121818236,-0.2225209339563146,0.4999999999999999,0.8660254037844387,749.15,849.78,927.62,954.3892708333332,84.64695102843349,11.119541563905411
2024-01-20 16:00:00,63.31,72.0,14.94,0.767,437.89,207.13,46.28,56.66,747.96,16,0,5,20,1,2024,1,0,-0.8660254037844385,-0.5000000000000004,-0.9749279121818236,-0.2225209339563146,0.4999999999999999,0.8660254037844387,776.99,830.33,941.93,938.8898958333332,88.49690544092826,11.814247354288423
2024-01-20 17:00:00,70.72,74.7,16.06,0.692,472.11,213.88,48.77,56.78,791.54,17,0,5,20,1,2024,1,0,-0.9659258262890684,-0.2588190451025206,-0.9749279121818236,-0.2225209339563146,0.4999999999999999,0.8660254037844387,747.96,886.54,873.69,938.0341666666668,89.52520275162344,11.192590497737557
2024-01-20 19:00:00,64.26,65.57,17.06,0.578,458.97,195.6,38.88,67.23,760.68,19,0,5,20,1,2024,1,0,-0.9659258262890684,0.2588190451025203,-0.9749279121818236,-0.2225209339563146,0.4999999999999999,0.8660254037844387,806.06,776.99,875.12,935.6888541666666,92.07180607227212,11.837535014005601
2024-01-20 20:00:00,71.68,78.52,14.41,0.77,484.07,225.92,38.79,63.88,812.66,20,0,5,20,1,2024,1,0,-0.8660254037844386,0.5000000000000001,-0.9749279121818236,-0.2225209339563146,0.4999999999999999,0.8660254037844387,760.68,747.96,913.89,934.634375,92.90004951347046,11.337332589285714
2024-01-21 04:00:00,66.35,71.68,16.77,0.728,456.62,200.92,40.56,66.77,764.87,4,0,6,21,1,2024,1,0,0.8660254037844386,0.5000000000000001,-0.7818314824680299,0.6234898018587334,0.4999999999999999,0.8660254037844387,823.74,874.7,949.49,921.4283333333332,94.4995509615251,11.527807083647327
2024-01-21 05:00:00,59.57,65.97,15.24,0.591,412.99,202.44,44.68,64.7,724.8,5,0,6,21,1,2024,1,0,0.9659258262890684,0.2588190451025207,-0.7818314824680299,0.6234898018587334,0.4999999999999999,0.8660254037844387,764.87,841.69,884.84,919.76125,96.54139460410404,12.167198254154775
2024-01-21 06:00:00,61.16,72.5,13.06,0.753,430.11,214.29,36.51,54.89,735.8,6,0,6,21,1,2024,1,0,1.0,6.123233995736766e-17,-0.7818314824680299,0.6234898018587334,0.4999999999999999,0.8660254037844387,724.8,809.12,883.96,918.2179166666666,98.28820321051222,12.030739045127534
2024-01-21 07:00:00,60.93,65.51,14.17,0.68,427.97,198.02,37.31,61.04,724.34,7,0,6,21,1,2024,1,0,0.9659258262890684,-0.2588190451025206,-0.7818314824680299,0.6234898018587334,0.4999999999999999,0.8660254037844387,735.8,823.74,920.05,916.1792708333332,100.25969128895986,11.888068275069752
2024-01-21 16:00:00,65.23,68.43,14.64,0.693,452.89,214.6,36.1,54.02,757.62,16,0,6,21,1,2024,1,0,-0.8660254037844385,-0.5000000000000004,-0.7818314824680299,0.6234898018587334,0.4999999999999999,0.8660254037844387,824.03,896.89,870.88,902.3810416666666,97.1801884886684,11.614594511727732
2024-01-21 17:00:00,64.5,66.77,12.88,0.731,432.09,198.69,38.08,53.61,722.47,17,0,6,21,1,2024,1,0,-0.9659258262890684,-0.2588190451025206,-0.7818314824680299,0.6234898018587334,0.4999999999999999,0.8660254037844387,757.62,852.37,872.55,900.8177083333334,98.85781523272634,11.20108527131783
2024-01-21 19:00:00,59.73,68.61,13.72,0.627,418.39,202.67,39.97,65.25,726.28,19,0,6,21,1,2024,1,0,-0.9659258262890684,0.2588190451025203,-0.7818314824680299,0.6234898018587334,0.4999999999999999,0.8660254037844387,727.4,824.03,904.07,897.3352083333333,101.95455627493776,12.159383894190524
2024-01-27 06:00:00,56.98,67.89,15.85,0.74,403.26,202.09,38.51,60.6,704.46,6,0,5,27,1,2024,1,0,1.0,6.123233995736766e-17,-0.9749279121818236,-0.2225209339563146,0.4999999999999999,0.8660254037844387,803.71,815.6,891.4,959.9042708333332,78.51964593245016,12.363285363285364
2024-01-27 07:00:00,71.38,83.26,16.83,0.765,488.42,233.29,37.21,59.87,818.8,7,0,5,27,1,2024,1,0,0.9659258262890684,-0.2588190451025206,-0.9749279121818236,-0.2225209339563146,0.4999999999999999,0.8660254037844387,704.46,826.71,872.82,959.3415625,79.33958680491651,11.47100028019053
2024-01-27 08:00:00,68.74,73.28,14.84,0.677,470.01,223.38,32.99,62.31,788.69,8,0,5,27,1,2024,1,0,0.8660254037844387,-0.4999999999999998,-0.9749279121818236,-0.2225209339563146,0.4999999999999999,0.8660254037844387,818.8,808.43,898.07,958.2021875,80.99683423577116,11.473523421588597
2024-01-27 17:00:00,71.93,74.0,15.21,0.68,486.87,219.07,38.01,72.31,816.26,17,0,5,27,1,2024,1,0,-0.9659258262890684,-0.2588190451025206,-0.9749279121818236,-0.2225209339563146,0.4999999999999999,0.8660254037844387,786.42,864.22,880.07,942.6798958333331,86.37695675284998,11.347977200055608
2024-01-27 18:00:00,62.71,63.42,13.18,0.596,429.51,187.59,36.28,59.68,713.06,18,0,5,27,1,2024,1,0,-1.0,-1.8369701987210294e-16,-0.9749279121818236,-0.2225209339563146,0.4999999999999999,0.8660254037844387,816.26,815.42,915.76,940.5684375,89.46422958606185,11.370754265667356
2024-01-27 19:00:00,59.24,68.59,12.79,0.744,422.63,204.41,34.15,67.61,728.8,19,0,5,27,1,2024,1,0,-0.9659258262890684,0.2588190451025203,-0.9749279121818236,-0.2225209339563146,0.4999999999999999,0.8660254037844387,713.06,792.34,892.35,938.8647916666664,91.91574046494571,12.302498311951384
2024-01-28 04:00:00,68.3,76.94,14.85,0.748,452.54,230.07,38.38,63.47,784.46,4,0,6,28,1,2024,1,0,0.8660254037844386,0.5000000000000001,-0.7818314824680299,0.6234898018587334,0.4999999999999999,0.8660254037844387,836.19,862.16,900.52,923.958125,93.95852861558272,11.485505124450953
2024-01-28 05:00:00,60.83,68.39,18.17,0.745,403.28,195.71,48.93,53.36,701.29,5,0,6,28,1,2024,1,0,0.9659258262890684,0.2588190451025207,-0.7818314824680299,0.6234898018587334,0.4999999999999999,0.8660254037844387,784.46,933.65,855.26,922.3542708333334,96.42527516159367,11.528686503370047
2024-01-28 07:00:00,65.49,68.28,15.56,0.663,452.1,211.89,32.16,54.29,750.45,7,0,6,28,1,2024,1,0,0.9659258262890684,-0.2588190451025206,-0.7818314824680299,0.6234898018587334,0.4999999999999999,0.8660254037844387,793.44,836.19,871.38,920.1401041666668,98.67570658736312,11.459001374255614
2024-01-28 16:00:00,66.52,77.61,15.73,0.757,461.51,220.69,46.05,52.9,781.14,16,0,6,28,1,2024,1,0,-0.8660254037844385,-0.5000000000000004,-0.7818314824680299,0.6234898018587334,0.4999999999999999,0.8660254037844387,788.15,882.68,898.22,905.8654166666666,98.15823634280471,11.742934455802766
2024-01-28 18:00:00,62.73,66.48,17.37,0.659,425.07,198.37,45.24,68.08,736.75,18,0,6,28,1,2024,1,0,-1.0,-1.8369701987210294e-16,-0.7818314824680299,0.6234898018587334,0.4999999999999999,0.8660254037844387,745.11,852.42,899.16,902.5358333333332,100.9767773371858,11.744779212498008
2024-01-28 20:00:00,58.77,59.49,15.4,0.604,422.53,185.94,38.76,58.25,705.49,20,0,6,28,1,2024,1,0,-0.8660254037844386,0.5000000000000001,-0.7818314824680299,0.6234898018587334,0.4999999999999999,0.8660254037844387,772.66,781.14,925.59,898.44625,103.63855796646595,12.00425387102263
2024-02-03 04:00:00,69.22,67.25,18.2,0.6,468.95,206.98,38.3,60.2,774.43,4,0,5,3,2,2024,1,0,0.8660254037844386,0.5000000000000001,-0.9749279121818236,-0.2225209339563146,0.8660254037844386,0.5000000000000001,849.2,908.86,929.91,960.3942708333334,73.47858049147105,11.187951459115862
2024-02-03 06:00:00,63.86,69.06,15.48,0.742,442.02,206.6,44.16,64.12,756.9,6,0,5,3,2,2024,1,0,1.0,6.123233995736766e-17,-0.9749279121818236,-0.2225209339563146,0.8660254037844386,0.5000000000000001,767.81,819.1,847.9,958.0029166666668,77.81839886511257,11.852489821484497
2024-02-03 17:00:00,61.68,68.94,17.02,0.625,443.46,208.75,32.59,66.7,751.51,17,0,5,3,2,2024,1,0,-0.9659258262890684,-0.2588190451025206,-0.9749279121818236,-0.2225209339563146,0.8660254037844386,0.5000000000000001,851.46,856.62,912.34,941.338125,85.73016993128695,12.184014267185473
2024-02-03 18:00:00,63.0,69.62,16.62,0.67,433.48,211.78,40.85,61.92,748.04,18,0,5,3,2,2024,1,0,-1.0,-1.8369701987210294e-16,-0.9749279121818236,-0.2225209339563146,0.8660254037844386,0.5000000000000001,751.51,832.22,850.29,940.2730208333332,87.49035379153493,11.873650793650793
2024-02-03 19:00:00,63.5,68.94,17.91,0.737,439.75,211.63,37.93,51.98,741.3,19,0,5,3,2,2024,1,0,-0.9659258262890684,0.2588190451025203,-0.9749279121818236,-0.2225209339563146,0.8660254037844386,0.5000000000000001,748.04,812.16,934.97,938.255625,89.81588316705972,11.674015748031495
2024-02-04 15:00:00,71.33,74.1,16.33,0.727,489.56,211.82,44.57,61.3,807.25,15,0,6,4,2,2024,1,0,-0.7071067811865471,-0.7071067811865479,-0.7818314824680299,0.6234898018587334,0.8660254037844386,0.5000000000000001,830.72,875.03,963.22,908.5791666666668,93.86101040947602,11.3171176223188
2024-02-04 18:00:00,63.61,72.32,15.04,0.705,440.99,212.06,36.95,62.01,752.01,18,0,6,4,2,2024,1,0,-1.0,-1.8369701987210294e-16,-0.7818314824680299,0.6234898018587334,0.8660254037844386,0.5000000000000001,737.45,830.72,925.14,903.3828125,97.50974523716675,11.822197767646596
2024-02-04 19:00:00,66.19,70.84,19.52,0.612,435.56,211.58,40.42,64.4,751.96,19,0,6,4,2,2024,1,0,-0.9659258262890684,0.2588190451025203,-0.7818314824680299,0.6234898018587334,0.8660254037844386,0.5000000000000001,752.01,807.25,925.02,901.5801041666664,98.69799833191117,11.360628493730172
2024-02-10 06:00:00,61.04,70.53,14.37,0.685,430.02,211.49,38.89,57.69,738.09,6,0,5,10,2,2024,1,0,1.0,6.123233995736766e-17,-0.9749279121818236,-0.2225209339563146,0.8660254037844386,0.5000000000000001,780.56,852.19,871.92,962.573125,75.88373024863257,12.091906946264745
2024-02-10 07:00:00,72.46,69.36,18.78,0.667,496.8,212.52,37.36,61.59,808.27,7,0,5,10,2,2024,1,0,0.9659258262890684,-0.2588190451025206,-0.9749279121818236,-0.2225209339563146,0.8660254037844386,0.5000000000000001,738.09,852.26,901.41,961.6029166666668,77.25695406501202,11.154706044714326
2024-02-10 08:00:00,69.21,72.29,17.2,0.741,475.73,216.07,42.63,55.16,789.59,8,0,5,10,2,2024,1,0,0.8660254037844387,-0.4999999999999998,-0.9749279121818236,-0.2225209339563146,0.8660254037844386,0.5000000000000001,808.27,753.8,872.09,960.7435416666666,78.7083552841435,11.40861147233059
2024-02-10 15:00:00,67.44,73.0,18.12,0.669,467.57,219.3,41.96,65.83,794.65,15,0,5,10,2,2024,1,0,-0.7071067811865471,-0.7071067811865479,-0.9749279121818236,-0.2225209339563146,0.8660254037844386,0.5000000000000001,892.42,860.21,1006.74,947.6817708333332,82.40631027185071,11.783066429418742
2024-02-10 16:00:00,67.57,75.88,18.7,0.727,457.87,220.87,36.23,61.88,776.85,16,0,5,10,2,2024,1,0,-0.8660254037844385,-0.5000000000000004,-0.9749279121818236,-0.2225209339563146,0.8660254037844386,0.5000000000000001,794.65,904.57,970.42,945.6654166666668,84.19289622385801,11.49696610922007
2024-02-10 17:00:00,55.56,65.3,17.67,0.528,395.99,202.01,35.91,61.89,695.8,17,0,5,10,2,2024,1,0,-0.9659258262890684,-0.2588190451025206,-0.9749279121818236,-0.2225209339563146,0.8660254037844386,0.5000000000000001,776.85,853.12,892.1,943.620625,87.81345290548676,12.523398128149747
2024-02-10 19:00:00,68.3,76.18,17.26,0.744,470.0,214.02,38.48,60.65,783.16,19,0,5,10,2,2024,1,0,-0.9659258262890684,0.2588190451025203,-0.9749279121818236,-0.2225209339563146,0.8660254037844386,0.5000000000000001,744.42,794.65,916.51,941.0842708333332,91.1163733595642,11.466471449487555
2024-02-11 04:00:00,68.49,70.84,17.09,0.726,474.3,204.83,35.81,62.5,777.44,4,0,6,11,2,2024,1,0,0.8660254037844386,0.5000000000000001,-0.7818314824680299,0.6234898018587334,0.8660254037844386,0.5000000000000001,839.58,903.7,948.11,923.956875,90.92237573380348,11.351146152723027
2024-02-11 05:00:00,65.36,78.44,16.89,0.714,435.82,224.73,35.57,64.58,760.7,5,0,6,11,2,2024,1,0,0.9659258262890684,0.2588190451025207,-0.7818314824680299,0.6234898018587334,0.8660254037844386,0.5000000000000001,777.44,853.38,918.17,922.3165625,92.43572265523784,11.638616891064872
2024-02-11 06:00:00,64.58,69.87,18.07,0.652,446.16,203.67,36.43,59.68,745.94,6,0,6,11,2,2024,1,0,1.0,6.123233995736766e-17,-0.7818314824680299,0.6234898018587334,0.8660254037844386,0.5000000000000001,760.7,875.12,908.99,920.618125,94.16495227231503,11.55063487147724
2024-02-11 07:00:00,57.09,69.26,18.73,0.77,408.97,205.23,47.76,66.46,728.42,7,0,6,11,2,2024,1,0,0.9659258262890684,-0.2588190451025206,-0.7818314824680299,0.6234898018587334,0.8660254037844386,0.5000000000000001,745.94,839.58,935.95,918.4563541666668,96.17008250320497,12.759152215799613
2024-02-11 08:00:00,68.39,68.81,18.11,0.617,461.34,208.13,48.18,63.05,780.69,8,0,6,11,2,2024,1,0,0.8660254037844387,-0.4999999999999998,-0.7818314824680299,0.6234898018587334,0.8660254037844386,0.5000000000000001,728.42,777.44,922.04,916.9839583333332,97.19127401246818,11.415265389676854
2024-02-11 17:00:00,68.96,70.19,18.73,0.659,462.34,207.24,37.13,55.73,762.45,17,0,6,11,2,2024,1,0,-0.9659258262890684,-0.2588190451025206,-0.7818314824680299,0.6234898018587334,0.8660254037844386,0.5000000000000001,808.06,896.94,898.34,902.0703125,95.84816016632656,11.056409512761023
2024-02-11 18:00:00,63.99,72.99,15.89,0.726,438.37,209.5,40.1,63.04,751.01,18,0,6,11,2,2024,1,0,-1.0,-1.8369701987210294e-16,-0.7818314824680299,0.6234898018587334,0.8660254037844386,0.5000000000000001,762.45,836.3,862.86,900.9052083333332,97.00266324047846,11.736365057040162
2024-02-11 19:00:00,62.67,72.96,16.88,0.665,431.68,218.8,39.34,55.81,745.63,19,0,6,11,2,2024,1,0,-0.9659258262890684,0.2588190451025203,-0.7818314824680299,0.6234898018587334,0.8660254037844386,0.5000000000000001,751.01,845.61,890.69,899.3941666666668,98.28481342952864,11.897718206478379
2024-02-17 05:00:00,67.07,72.45,19.26,0.68,458.67,209.4,35.89,58.9,762.86,5,0,5,17,2,2024,1,0,0.9659258262890684,0.2588190451025207,-0.9749279121818236,-0.2225209339563146,0.8660254037844386,0.5000000000000001,834.07,861.18,859.55,962.9925,73.92895888692831,11.374086775011184
2024-02-17 06:00:00,62.77,70.7,17.33,0.745,436.03,201.87,38.53,58.85,735.29,6,0,5,17,2,2024,1,0,1.0,6.123233995736766e-17,-0.9749279121818236,-0.2225209339563146,0.8660254037844386,0.5000000000000001,762.86,863.57,902.06,961.2553125,77.2601612864383,11.714035367213636
2024-02-17 07:00:00,69.11,70.67,17.79,0.734,460.23,211.3,45.48,55.81,772.82,7,0,5,17,2,2024,1,0,0.9659258262890684,-0.2588190451025206,-0.9749279121818236,-0.2225209339563146,0.8660254037844386,0.5000000000000001,735.29,834.37,899.82,959.9323958333332,79.38136786219503,11.182462740558531
2024-02-17 08:00:00,74.13,74.85,16.59,0.757,495.4,224.67,41.5,58.01,819.57,8,0,5,17,2,2024,1,0,0.8660254037844387,-0.4999999999999998,-0.9749279121818236,-0.2225209339563146,0.8660254037844386,0.5000000000000001,772.82,834.07,956.72,958.50375,80.66359594017545,11.055847834884663
2024-02-17 09:00:00,70.09,73.69,18.96,0.715,471.71,211.75,33.92,61.53,778.91,9,0,5,17,2,2024,1,0,0.7071067811865476,-0.7071067811865475,-0.9749279121818236,-0.2225209339563146,0.8660254037844386,0.5000000000000001,819.57,762.86,967.25,956.541875,82.71297302068733,11.11299757454701
2024-02-17 17:00:00,65.32,66.37,15.6,0.717,441.35,205.65,42.38,66.36,755.74,17,0,5,17,2,2024,1,0,-0.9659258262890684,-0.2588190451025206,-0.9749279121818236,-0.2225209339563146,0.8660254037844386,0.5000000000000001,789.39,923.54,928.46,943.5929166666668,86.71813676524093,11.569810165339867
2024-02-17 21:00:00,71.61,82.88,17.4,0.716,473.07,231.08,36.31,50.64,791.1,21,0,5,17,2,2024,1,0,-0.7071067811865477,0.7071067811865474,-0.9749279121818236,-0.2225209339563146,0.8660254037844386,0.5000000000000001,823.38,755.74,971.49,937.5484375,93.26076199027403,11.047339757017177
2024-02-18 06:00:00,67.68,72.9,17.9,0.703,457.99,209.44,43.54,54.72,765.7,6,0,6,18,2,2024,1,0,1.0,6.123233995736766e-17,-0.7818314824680299,0.6234898018587334,0.8660254037844386,0.5000000000000001,800.67,919.43,902.87,923.3670833333334,94.67371558665305,11.31353427895981
2024-02-18 07:00:00,63.96,72.46,17.84,0.737,428.2,217.1,44.63,50.39,740.33,7,0,6,18,2,2024,1,0,0.9659258262890684,-0.2588190451025206,-0.7818314824680299,0.6234898018587334,0.8660254037844386,0.5000000000000001,765.7,851.84,849.97,922.225,96.21718328864142,11.574890556597873
2024-02-18 08:00:00,59.38,64.54,18.56,0.614,409.96,191.14,44.5,54.73,700.33,8,0,6,18,2,2024,1,0,0.8660254037844387,-0.4999999999999998,-0.7818314824680299,0.6234898018587334,0.8660254037844386,0.5000000000000001,740.33,772.78,925.42,919.8803125,98.84519110793654,11.794038396766588
2024-02-18 17:00:00,68.67,77.07,18.11,0.76,459.75,224.04,47.63,61.72,793.13,17,0,6,18,2,2024,1,0,-0.9659258262890684,-0.2588190451025206,-0.7818314824680299,0.6234898018587334,0.8660254037844386,0.5000000000000001,812.6,937.74,879.81,907.2857291666668,97.77877810590516,11.54987621960099
2024-02-18 18:00:00,66.79,69.87,17.18,0.721,456.62,221.48,41.56,66.52,786.18,18,0,6,18,2,2024,1,0,-1.0,-1.8369701987210294e-16,-0.7818314824680299,0.6234898018587334,0.8660254037844386,0.5000000000000001,793.13,874.73,914.25,905.9516666666668,98.55336469106416,11.770923790986673
2024-02-24 06:00:00,63.05,75.95,22.38,0.685,419.88,235.61,34.6,53.89,743.98,6,0,5,24,2,2024,1,0,1.0,6.123233995736766e-17,-0.9749279121818236,-0.2225209339563146,0.8660254037844386,0.5000000000000001,769.37,856.06,838.25,958.2592708333332,79.95889845802374,11.799841395717685
2024-02-24 08:00:00,71.52,68.94,20.28,0.699,487.95,207.54,40.61,56.35,792.45,8,0,5,24,2,2024,1,0,0.8660254037844387,-0.4999999999999998,-0.9749279121818236,-0.2225209339563146,0.8660254037844386,0.5000000000000001,773.51,778.56,907.66,956.1383333333332,83.14382669322434,11.080117449664431
2024-02-24 17:00:00,67.49,76.04,18.41,0.733,446.92,221.48,39.81,57.12,765.33,17,0,5,24,2,2024,1,0,-0.9659258262890684,-0.2588190451025206,-0.9749279121818236,-0.2225209339563146,0.8660254037844386,0.5000000000000001,849.47,874.77,897.96,941.8717708333334,87.47791834448138,11.33990220773448
2024-02-24 18:00:00,63.79,76.48,19.11,0.763,439.0,219.46,42.77,62.78,764.01,18,0,5,24,2,2024,1,0,-1.0,-1.8369701987210294e-16,-0.9749279121818236,-0.2225209339563146,0.8660254037844386,0.5000000000000001,765.33,856.0,857.21,940.9009375,88.9324640988361,11.976955635679573
2024-02-24 19:00:00,60.01,68.45,19.03,0.604,431.77,214.55,41.51,64.57,752.39,19,0,5,24,2,2024,1,0,-0.9659258262890684,0.2588190451025203,-0.9749279121818236,-0.2225209339563146,0.8660254037844386,0.5000000000000001,764.01,815.85,920.71,939.1476041666666,90.97061293852028,12.53774370938177
2024-02-24 20:00:00,65.11,69.27,16.34,0.766,448.57,204.7,34.46,53.39,741.12,20,0,5,24,2,2024,1,0,-0.8660254037844386,0.5000000000000001,-0.9749279121818236,-0.2225209339563146,0.8660254037844386,0.5000000000000001,752.39,849.47,890.48,937.5917708333336,93.06483290803008,11.382583320534481
2024-02-25 05:00:00,57.36,69.56,19.71,0.636,404.26,212.75,42.67,55.94,715.61,5,0,6,25,2,2024,1,0,0.9659258262890684,0.2588190451025207,-0.7818314824680299,0.6234898018587334,0.8660254037844386,0.5000000000000001,784.29,874.97,959.32,921.2076041666668,95.76818857334966,12.47576708507671
2024-02-25 06:00:00,59.99,65.15,19.64,0.625,436.82,204.52,41.04,58.88,741.26,6,0,6,25,2,2024,1,0,1.0,6.123233995736766e-17,-0.7818314824680299,0.6234898018587334,0.8660254037844386,0.5000000000000001,715.61,844.27,880.6,919.7561458333332,97.43158361121452,12.35639273212202
2024-02-25 07:00:00,64.68,65.43,19.76,0.739,457.54,209.16,37.11,50.14,753.96,7,0,6,25,2,2024,1,0,0.9659258262890684,-0.2588190451025206,-0.7818314824680299,0.6234898018587334,0.8660254037844386,0.5000000000000001,741.26,842.47,848.6,918.7703125,98.63055183176364,11.656771799628942
2024-02-25 16:00:00,66.92,76.83,17.27,0.756,456.98,227.99,39.96,68.1,793.04,16,0,6,25,2,2024,1,0,-0.8660254037844385,-0.5000000000000004,-0.7818314824680299,0.6234898018587334,0.8660254037844386,0.5000000000000001,795.77,852.73,892.02,904.098125,95.65007333546087,11.85056784219964
2024-02-25 17:00:00,64.05,73.55,20.23,0.708,427.71,219.59,40.05,60.91,748.25,17,0,6,25,2,2024,1,0,-0.9659258262890684,-0.2588190451025206,-0.7818314824680299,0.6234898018587334,0.8660254037844386,0.5000000000000001,793.04,909.02,876.85,902.7585416666668,96.92769294120028,11.682279469164715
2024-02-25 19:00:00,65.94,70.05,18.82,0.691,441.74,208.8,37.33,59.11,746.97,19,0,6,25,2,2024,1,0,-0.9659258262890684,0.2588190451025203,-0.7818314824680299,0.6234898018587334,0.8660254037844386,0.5000000000000001,735.53,795.77,870.76,900.0710416666667,99.57545812074504,11.328025477707007
2024-03-02 04:00:00,64.59,69.63,21.65,0.667,446.01,202.05,44.46,57.5,750.02,4,0,5,2,3,2024,1,0,0.8660254037844386,0.5000000000000001,-0.9749279121818236,-0.2225209339563146,1.0,6.123233995736766e-17,826.49,857.66,896.72,969.1179166666666,77.59131390502884,11.612014243690973
2024-03-02 05:00:00,67.04,69.42,18.08,0.674,453.22,203.1,34.99,63.02,1120.6933,5,0,5,2,3,2024,1,0,0.9659258262890684,0.2588190451025207,-0.9749279121818236,-0.2225209339563146,1.0,6.123233995736766e-17,750.02,903.66,848.65,971.9517010416666,78.11131094164374,16.716785501193314
2024-03-02 07:00:00,62.82,65.42,22.72,0.639,455.64,201.15,46.52,59.3,762.61,7,0,5,2,3,2024,1,0,0.9659258262890684,-0.2588190451025206,-0.9749279121818236,-0.2225209339563146,1.0,6.123233995736766e-17,783.2,826.49,884.2,969.4297218750002,82.46947985511524,12.139605221267113
2024-03-02 08:00:00,68.84,69.95,20.79,0.693,464.86,200.47,46.71,65.89,777.92,8,0,5,2,3,2024,1,0,0.8660254037844387,-0.4999999999999998,-0.9749279121818236,-0.2225209339563146,1.0,6.123233995736766e-17,762.61,750.02,894.23,968.218159375,84.41722783685476,11.300406740267285
2024-03-02 17:00:00,63.77,68.65,19.48,0.73,433.0,207.42,38.92,47.58,726.93,17,0,5,2,3,2024,1,0,-0.9659258262890684,-0.2588190451025206,-0.9749279121818236,-0.2225209339563146,1.0,6.123233995736766e-17,811.06,863.94,912.25,950.5427427083332,92.24620509545645,11.399247294966283
2024-03-02 19:00:00,63.66,74.41,19.31,0.712,440.96,213.38,43.17,61.92,759.42,19,0,5,2,3,2024,1,0,-0.9659258262890684,0.2588190451025203,-0.9749279121818236,-0.2225209339563146,1.0,6.123233995736766e-17,787.88,802.25,938.84,947.5601385416668,95.54702136793556,11.929311969839773
2024-03-03 05:00:00,66.0,69.16,18.63,0.646,436.43,205.14,40.94,56.4,738.92,5,0,6,3,3,2024,1,0,0.9659258262890684,0.2588190451025207,-0.7818314824680299,0.6234898018587334,1.0,6.123233995736766e-17,756.78,909.42,875.45,930.740034375,99.86763479098263,11.195757575757575
2024-03-03 06:00:00,69.92,75.2,18.1,0.76,464.35,219.72,46.41,61.68,792.16,6,0,6,3,3,2024,1,0,1.0,6.123233995736766e-17,-0.7818314824680299,0.6234898018587334,1.0,6.123233995736766e-17,738.92,838.37,906.34,929.550659375,100.8365006435331,11.329519450800914
2024-03-03 18:00:00,66.54,71.13,20.58,0.738,454.65,218.63,43.69,60.09,777.06,18,0,6,3,3,2024,1,0,-1.0,-1.8369701987210294e-16,-0.7818314824680299,0.6234898018587334,1.0,6.123233995736766e-17,774.25,855.69,927.91,911.7358677083332,102.55726654137251,11.678088367899006
2024-03-03 19:00:00,69.08,73.92,20.67,0.718,478.54,207.1,41.94,59.59,787.17,19,0,6,3,3,2024,1,0,-0.9659258262890684,0.2588190451025203,-0.7818314824680299,0.6234898018587334,1.0,6.123233995736766e-17,777.06,801.86,926.77,910.2817010416666,103.3286507391329,11.395049218297626
2024-03-03 20:00:00,69.73,74.12,20.45,0.747,474.4,207.27,44.79,65.98,792.44,20,0,6,3,3,2024,1,0,-0.8660254037844386,0.5000000000000001,-0.7818314824680299,0.6234898018587334,1.0,6.123233995736766e-17,787.17,778.84,945.21,908.690346875,103.95953288099793,11.364405564319519
2024-03-09 04:00:00,65.55,70.43,18.65,0.753,452.14,219.19,44.15,59.24,774.71,4,0,5,9,3,2024,1,0,0.8660254037844386,0.5000000000000001,-0.9749279121818236,-0.2225209339563146,1.0,6.123233995736766e-17,800.65,875.59,941.56,960.229375,75.25739209452051,11.8186117467582
2024-03-09 07:00:00,60.99,61.14,19.45,0.552,434.25,191.22,38.2,60.14,723.81,7,0,5,9,3,2024,1,0,0.9659258262890684,-0.2588190451025206,-0.9749279121818236,-0.2225209339563146,1.0,6.123233995736766e-17,809.22,800.65,886.38,955.7169791666666,81.77630005556927,11.867683226758484
2024-03-09 16:00:00,74.12,82.84,21.68,0.766,492.35,234.08,38.89,53.75,819.07,16,0,5,9,3,2024,1,0,-0.8660254037844385,-0.5000000000000004,-0.9749279121818236,-0.2225209339563146,1.0,6.123233995736766e-17,836.32,869.95,893.54,942.4071875,84.46847040172213,11.050593631948193
2024-03-09 20:00:00,70.15,69.72,19.53,0.73,461.61,210.92,36.58,64.44,773.55,20,0,5,9,3,2024,1,0,-0.8660254037844386,0.5000000000000001,-0.9749279121818236,-0.2225209339563146,1.0,6.123233995736766e-17,752.57,819.07,946.74,937.1445833333332,90.29398980892404,11.027084818246612
2024-03-09 21:00:00,73.59,74.16,22.4,0.738,475.23,220.19,53.21,66.4,815.03,21,0,5,9,3,2024,1,0,-0.7071067811865477,0.7071067811865474,-0.9749279121818236,-0.2225209339563146,1.0,6.123233995736766e-17,773.55,818.97,916.41,936.0885416666666,91.128043150159,11.075281967658649
2024-03-10 05:00:00,64.78,74.38,19.11,0.743,455.73,209.55,37.52,63.97,766.78,5,0,6,10,3,2024,1,0,0.9659258262890684,0.2588190451025207,-0.7818314824680299,0.6234898018587334,1.0,6.123233995736766e-17,832.26,913.39,890.46,924.3103125,90.08329632480988,11.836677987033035
2024-03-10 06:00:00,55.26,67.7,23.53,0.682,390.7,203.16,46.4,48.97,689.24,6,0,6,10,3,2024,1,0,1.0,6.123233995736766e-17,-0.7818314824680299,0.6234898018587334,1.0,6.123233995736766e-17,766.78,859.01,894.95,922.1675,93.18234823805408,12.472674629026422
2024-03-10 07:00:00,62.83,71.35,23.48,0.709,424.7,202.39,38.52,64.03,729.64,7,0,6,10,3,2024,1,0,0.9659258262890684,-0.2588190451025206,-0.7818314824680299,0.6234898018587334,1.0,6.123233995736766e-17,689.24,856.77,918.43,920.2009375,95.2316761883264,11.612923762533821
2024-03-10 10:00:00,76.63,78.11,20.92,0.71,503.53,237.08,36.0,68.66,845.27,10,0,6,10,3,2024,1,0,0.4999999999999999,-0.8660254037844387,-0.7818314824680299,0.6234898018587334,1.0,6.123233995736766e-17,826.77,689.24,1045.73,914.8501041666664,96.86268095113704,11.030536343468615
2024-03-10 16:00:00,67.81,75.48,20.73,0.752,457.92,225.88,36.62,60.0,780.43,16,0,6,10,3,2024,1,0,-0.8660254037844385,-0.5000000000000004,-0.7818314824680299,0.6234898018587334,1.0,6.123233995736766e-17,829.13,924.89,856.68,905.7533333333334,94.53579334017492,11.50906945878189
2024-03-10 17:00:00,61.57,70.54,22.03,0.725,425.16,208.38,43.87,64.64,742.05,17,0,6,10,3,2024,1,0,-0.9659258262890684,-0.2588190451025206,-0.7818314824680299,0.6234898018587334,1.0,6.123233995736766e-17,780.43,874.48,942.93,903.6608333333334,95.9173370275482,12.052135780412538
2024-03-10 18:00:00,70.21,76.36,19.97,0.764,472.9,219.81,42.38,59.89,794.99,18,0,6,10,3,2024,1,0,-1.0,-1.8369701987210294e-16,-0.7818314824680299,0.6234898018587334,1.0,6.123233995736766e-17,742.05,847.07,825.3,903.3451041666668,96.22737528205462,11.323030907278167
2024-03-10 19:00:00,63.97,72.88,22.69,0.722,447.25,217.84,38.02,59.42,762.52,19,0,6,10,3,2024,1,0,-0.9659258262890684,0.2588190451025203,-0.7818314824680299,0.6234898018587334,1.0,6.123233995736766e-17,794.99,829.13,865.96,902.2676041666668,97.2243657974996,11.91996248241363
2024-03-16 03:00:00,68.95,73.71,21.73,0.66,463.94,216.6,41.97,61.84,784.35,3,0,5,16,3,2024,1,0,0.7071067811865476,0.7071067811865476,-0.9749279121818236,-0.2225209339563146,1.0,6.123233995736766e-17,853.11,1065.67,1042.11,960.7420833333334,69.47207800967567,11.375634517766498
2024-03-16 05:00:00,58.92,62.25,20.94,0.684,420.95,197.39,30.02,52.57,700.93,5,0,5,16,3,2024,1,0,0.9659258262890684,0.2588190451025207,-0.9749279121818236,-0.2225209339563146,1.0,6.123233995736766e-17,768.19,890.47,882.75,957.3294791666668,76.34383971108052,11.896300067888662
2024-03-16 07:00:00,67.29,76.93,21.44,0.736,448.42,218.28,41.24,65.58,773.52,7,0,5,16,3,2024,1,0,0.9659258262890684,-0.2588190451025206,-0.9749279121818236,-0.2225209339563146,1.0,6.123233995736766e-17,757.39,784.35,869.11,954.6158333333334,80.63837564501587,11.495318769505126
2024-03-16 08:00:00,63.05,69.13,24.08,0.679,434.82,197.39,51.89,52.47,736.58,8,0,5,16,3,2024,1,0,0.8660254037844387,-0.4999999999999998,-0.9749279121818236,-0.2225209339563146,1.0,6.123233995736766e-17,773.52,768.19,863.23,953.2965625,83.14623724534523,11.682474226804125
2024-03-16 16:00:00,60.77,69.45,20.39,0.697,438.29,204.33,43.18,58.43,744.22,16,0,5,16,3,2024,1,0,-0.8660254037844385,-0.5000000000000004,-0.9749279121818236,-0.2225209339563146,1.0,6.123233995736766e-17,789.41,906.16,966.19,939.1552083333332,87.22280178677566,12.246503208820142
2024-03-16 17:00:00,62.38,68.79,23.83,0.651,430.85,198.52,47.72,55.54,732.62,17,0,5,16,3,2024,1,0,-0.9659258262890684,-0.2588190451025206,-0.9749279121818236,-0.2225209339563146,1.0,6.123233995736766e-17,744.22,901.48,873.76,937.685,89.49656760251563,11.744469381211927
2024-03-16 18:00:00,62.91,73.4,21.52,0.728,416.27,224.2,42.78,63.41,746.66,18,0,5,16,3,2024,1,0,-1.0,-1.8369701987210294e-16,-0.9749279121818236,-0.2225209339563146,1.0,6.123233995736766e-17,732.62,835.55,868.57,936.4151041666664,91.33364155659793,11.868701319345096
2024-03-16 19:00:00,61.31,69.31,22.39,0.639,423.29,202.26,36.89,44.77,707.21,19,0,5,16,3,2024,1,0,-0.9659258262890684,0.2588190451025203,-0.9749279121818236,-0.2225209339563146,1.0,6.123233995736766e-17,746.66,789.41,923.53,934.1617708333332,94.2759527523193,11.534986136030012
2024-03-16 20:00:00,68.85,68.98,21.92,0.688,467.89,209.57,43.6,58.76,779.82,20,0,5,16,3,2024,1,0,-0.8660254037844386,0.5000000000000001,-0.9749279121818236,-0.2225209339563146,1.0,6.123233995736766e-17,707.21,744.22,923.53,932.6647916666666,95.57851372705068,11.326361655773422
2024-03-17 05:00:00,65.33,70.82,23.17,0.738,456.59,212.18,46.24,63.68,778.69,5,0,6,17,3,2024,1,0,0.9659258262890684,0.2588190451025207,-0.7818314824680299,0.6234898018587334,1.0,6.123233995736766e-17,785.94,877.28,872.49,918.0042708333334,95.22365558316244,11.919332619011175
2024-03-17 06:00:00,66.58,71.89,22.38,0.707,445.27,204.13,37.21,53.43,740.04,6,0,6,17,3,2024,1,0,1.0,6.123233995736766e-17,-0.7818314824680299,0.6234898018587334,1.0,6.123233995736766e-17,778.69,828.88,891.66,916.4248958333332,96.90768974968267,11.115049564433763
2024-03-17 08:00:00,73.19,76.19,20.77,0.726,481.35,221.07,43.24,64.57,810.22,8,0,6,17,3,2024,1,0,0.8660254037844387,-0.4999999999999998,-0.7818314824680299,0.6234898018587334,1.0,6.123233995736766e-17,749.3,785.94,894.19,914.4167708333332,98.78645753655084,11.07009154256046
2024-03-17 17:00:00,57.73,65.54,22.22,0.609,416.84,197.16,43.67,56.97,714.65,17,0,6,17,3,2024,1,0,-0.9659258262890684,-0.2588190451025206,-0.7818314824680299,0.6234898018587334,1.0,6.123233995736766e-17,789.23,907.61,919.63,899.0014583333333,96.7298034296322,12.3791789364282
2024-03-17 18:00:00,61.56,66.5,23.77,0.707,418.7,203.41,43.69,63.53,729.33,18,0,6,17,3,2024,1,0,-1.0,-1.8369701987210294e-16,-0.7818314824680299,0.6234898018587334,1.0,6.123233995736766e-17,714.65,853.36,913.27,897.0854166666667,98.25394533840158,11.847465886939572
2024-03-17 19:00:00,65.63,66.88,21.06,0.67,452.61,205.25,44.67,59.4,761.93,19,0,6,17,3,2024,1,0,-0.9659258262890684,0.2588190451025203,-0.7818314824680299,0.6234898018587334,1.0,6.123233995736766e-17,729.33,816.43,866.48,895.9963541666667,99.17188811266702,11.609477373152522
2024-03-23 05:00:00,66.04,70.33,23.82,0.725,446.01,211.47,47.74,58.61,763.82,5,0,5,23,3,2024,1,0,0.9659258262890684,0.2588190451025207,-0.9749279121818236,-0.2225209339563146,1.0,6.123233995736766e-17,814.17,881.15,880.67,961.2157979166668,79.83913856398136,11.566020593579648
2024-03-23 06:00:00,63.68,66.92,22.12,0.71,452.16,204.89,33.76,52.44,743.26,6,0,5,23,3,2024,1,0,1.0,6.123233995736766e-17,-0.9749279121818236,-0.2225209339563146,1.0,6.123233995736766e-17,763.82,846.05,837.17,960.23756875,81.9231262763314,11.671796482412061
2024-03-23 07:00:00,63.7,55.69,22.38,0.462,428.13,175.04,35.42,58.21,743.26,7,0,5,23,3,2024,1,0,0.9659258262890684,-0.2588190451025206,-0.9749279121818236,-0.2225209339563146,1.0,6.123233995736766e-17,743.26,753.61,884.53,958.76600625,84.52483973331749,11.668131868131868
2024-03-23 18:00:00,66.65,72.42,25.02,0.709,454.76,209.22,46.82,58.06,768.86,18,0,5,23,3,2024,1,0,-1.0,-1.8369701987210294e-16,-0.9749279121818236,-0.2225209339563146,1.0,6.123233995736766e-17,772.02,834.37,899.6,942.25475625,91.45589148862904,11.535783945986497
2024-03-23 19:00:00,67.32,68.95,25.13,0.681,453.65,211.48,50.66,62.9,778.7,19,0,5,23,3,2024,1,0,-0.9659258262890684,0.2588190451025203,-0.9749279121818236,-0.2225209339563146,1.0,6.123233995736766e-17,768.86,839.04,891.16,941.0832979166668,92.82722209225578,11.56714200831848
2024-03-23 20:00:00,66.81,63.93,22.88,0.629,450.96,190.98,47.53,62.42,751.89,20,0,5,23,3,2024,1,0,-0.8660254037844386,0.5000000000000001,-0.9749279121818236,-0.2225209339563146,1.0,6.123233995736766e-17,778.7,841.74,919.72,939.33506875,94.79335744590304,11.254153569824876
2024-03-24 04:00:00,69.27,73.91,24.6,0.72,469.95,211.66,44.38,58.97,784.97,4,0,6,24,3,2024,1,0,0.8660254037844386,0.5000000000000001,-0.7818314824680299,0.6234898018587334,1.0,6.123233995736766e-17,843.16,889.71,931.75,926.2124645833331,94.20174950183842,11.332034069582793
2024-03-24 05:00:00,61.73,70.26,22.32,0.693,433.96,208.9,45.83,56.82,745.51,5,0,6,24,3,2024,1,0,0.9659258262890684,0.2588190451025207,-0.7818314824680299,0.6234898018587334,1.0,6.123233995736766e-17,784.97,867.36,879.3,924.81881875,95.87784214530724,12.076947999352017
2024-03-24 06:00:00,63.1,73.59,21.96,0.748,427.27,211.8,41.02,62.78,742.88,6,0,6,24,3,2024,1,0,1.0,6.123233995736766e-17,-0.7818314824680299,0.6234898018587334,1.0,6.123233995736766e-17,745.51,852.98,919.65,922.9774645833332,97.6590621163172,11.773058637083993
2024-03-24 07:00:00,62.28,66.62,23.84,0.714,433.11,185.92,51.47,58.05,728.54,7,0,6,24,3,2024,1,0,0.9659258262890684,-0.2588190451025206,-0.7818314824680299,0.6234898018587334,1.0,6.123233995736766e-17,742.88,843.16,884.42,921.3537145833334,99.5838138763512,11.69781631342325
2024-03-24 08:00:00,66.67,78.01,23.85,0.725,448.45,218.87,47.24,64.22,778.77,8,0,6,24,3,2024,1,0,0.8660254037844387,-0.4999999999999998,-0.7818314824680299,0.6234898018587334,1.0,6.123233995736766e-17,728.54,784.97,911.08,919.9754854166669,100.63750120512924,11.680965951702415
2024-03-24 16:00:00,72.01,79.98,22.14,0.757,469.28,231.51,34.97,58.81,794.56,16,0,6,24,3,2024,1,0,-0.8660254037844385,-0.5000000000000004,-0.7818314824680299,0.6234898018587334,1.0,6.123233995736766e-17,817.73,858.81,924.04,905.9899645833334,98.16970233447148,11.034023052353838
2024-03-24 18:00:00,57.32,74.85,23.11,0.696,398.48,216.74,41.29,45.21,701.72,18,0,6,24,3,2024,1,0,-1.0,-1.8369701987210294e-16,-0.7818314824680299,0.6234898018587334,1.0,6.123233995736766e-17,835.38,833.45,819.09,904.3018395833334,100.19757077341744,12.24214933705513
2024-03-30 03:00:00,69.13,72.69,24.51,0.683,458.79,210.62,43.44,62.62,775.48,3,0,5,30,3,2024,1,0,0.7071067811865476,0.7071067811865476,-0.9749279121818236,-0.2225209339563146,1.0,6.123233995736766e-17,804.63,1048.03,980.05,963.8978125,70.81730587189918,11.217705771734414
2024-03-30 05:00:00,65.46,70.06,25.88,0.711,444.2,212.21,47.16,69.32,772.88,5,0,5,30,3,2024,1,0,0.9659258262890684,0.2588190451025207,-0.9749279121818236,-0.2225209339563146,1.0,6.123233995736766e-17,768.0,927.27,924.49,960.78625,75.84150562365794,11.806904980140544
2024-03-30 06:00:00,64.44,64.65,25.13,0.586,439.14,195.44,32.51,60.24,727.34,6,0,5,30,3,2024,1,0,1.0,6.123233995736766e-17,-0.9749279121818236,-0.2225209339563146,1.0,6.123233995736766e-17,772.88,804.63,894.53,959.0446875,79.22319017152824,11.287088764742396
2024-03-30 07:00:00,66.23,75.86,23.68,0.722,447.05,220.91,36.13,55.72,759.81,7,0,5,30,3,2024,1,0,0.9659258262890684,-0.2588190451025206,-0.9749279121818236,-0.2225209339563146,1.0,6.123233995736766e-17,727.34,775.48,904.58,957.5366666666667,81.61266408006664,11.472293522572851
2024-03-30 08:00:00,68.48,73.83,26.28,0.766,453.6,218.67,41.77,60.26,774.3,8,0,5,30,3,2024,1,0,0.8660254037844387,-0.4999999999999998,-0.9749279121818236,-0.2225209339563146,1.0,6.123233995736766e-17,759.81,768.0,917.84,956.0414583333336,83.63736180967595,11.306950934579438
2024-03-30 17:00:00,66.18,75.84,23.72,0.728,454.88,216.66,39.83,56.56,767.92,17,0,5,30,3,2024,1,0,-0.9659258262890684,-0.2588190451025206,-0.9749279121818236,-0.2225209339563146,1.0,6.123233995736766e-17,794.97,841.37,924.64,941.7722916666668,88.81643263648981,11.603505590812933
2024-03-30 18:00:00,58.71,65.35,19.0,0.717,409.8,210.6,32.4,68.87,721.67,18,0,5,30,3,2024,1,0,-1.0,-1.8369701987210294e-16,-0.9749279121818236,-0.2225209339563146,1.0,6.123233995736766e-17,767.92,861.6,884.63,940.0747916666668,91.43863227069448,12.292113779594617
2024-03-30 19:00:00,62.79,71.31,26.4,0.683,436.11,217.7,50.5,62.9,767.21,19,0,5,30,3,2024,1,0,-0.9659258262890684,0.2588190451025203,-0.9749279121818236,-0.2225209339563146,1.0,6.123233995736766e-17,721.67,897.47,924.16,938.4398958333333,93.11394199971387,12.218665392578437
2024-03-30 20:00:00,67.87,73.76,22.26,0.724,449.58,214.61,39.4,66.83,770.41,20,0,5,30,3,2024,1,0,-0.8660254037844386,0.5000000000000001,-0.9749279121818236,-0.2225209339563146,1.0,6.123233995736766e-17,767.21,794.97,936.63,936.7084375,94.68021277551772,11.351259761308382
2024-03-31 05:00:00,61.2,65.16,25.24,0.704,435.35,203.25,48.52,65.54,752.66,5,0,6,31,3,2024,1,0,0.9659258262890684,0.2588190451025207,-0.7818314824680299,0.6234898018587334,1.0,6.123233995736766e-17,826.47,869.55,897.7,923.3586458333332,95.61786150714612,12.298366013071893
2024-03-31 06:00:00,60.51,66.4,24.76,0.668,419.71,203.35,43.58,62.91,729.54,6,0,6,31,3,2024,1,0,1.0,6.123233995736766e-17,-0.7818314824680299,0.6234898018587334,1.0,6.123233995736766e-17,752.66,885.72,922.64,921.3471875,97.64276485124884,12.056519583539911
2024-03-31 07:00:00,60.23,67.6,24.44,0.7,423.62,216.71,48.12,56.12,744.58,7,0,6,31,3,2024,1,0,0.9659258262890684,-0.2588190451025206,-0.7818314824680299,0.6234898018587334,1.0,6.123233995736766e-17,729.54,855.9,932.14,919.3934375,99.2871494078318,12.362277934584096
2024-03-31 08:00:00,68.44,68.99,25.49,0.697,464.93,214.88,47.51,64.84,792.17,8,0,6,31,3,2024,1,0,0.8660254037844387,-0.4999999999999998,-0.7818314824680299,0.6234898018587334,1.0,6.123233995736766e-17,744.58,826.47,932.14,917.9354166666668,100.12220756778107,11.574663939216832
2024-03-31 09:00:00,76.87,77.39,25.24,0.718,514.5,231.47,48.69,54.12,848.78,9,0,6,31,3,2024,1,0,0.7071067811865476,-0.7071067811865475,-0.7818314824680299,0.6234898018587334,1.0,6.123233995736766e-17,792.17,752.66,967.29,916.7009375,100.23780467708023,11.041758813581371
2024-03-31 16:00:00,62.94,74.91,23.89,0.767,433.72,219.32,48.86,71.25,773.15,16,0,6,31,3,2024,1,0,-0.8660254037844385,-0.5000000000000004,-0.7818314824680299,0.6234898018587334,1.0,6.123233995736766e-17,868.8,858.7,928.73,906.1053125,97.10358105980636,12.283921194788688
2024-03-31 17:00:00,66.0,71.01,23.79,0.701,446.19,203.18,40.12,62.78,752.26,17,0,6,31,3,2024,1,0,-0.9659258262890684,-0.2588190451025206,-0.7818314824680299,0.6234898018587334,1.0,6.123233995736766e-17,773.15,898.11,915.78,904.4019791666666,98.3581677085806,11.397878787878788
2024-03-31 20:00:00,68.61,68.72,25.01,0.664,469.41,208.75,44.09,63.82,786.08,20,0,6,31,3,2024,1,0,-0.8660254037844386,0.5000000000000001,-0.7818314824680299,0.6234898018587334,1.0,6.123233995736766e-17,758.91,773.15,909.19,901.251875,100.80631634671992,11.45722197930331
2024-04-06 03:00:00,74.27,79.4,24.73,0.757,500.93,227.79,48.2,59.22,836.15,3,0,5,6,4,2024,1,0,0.7071067811865476,0.7071067811865476,-0.9749279121818236,-0.2225209339563146,0.8660254037844387,-0.4999999999999998,855.99,1051.59,987.98,968.5709375,68.78331499148135,11.258246936852027
2024-04-06 05:00:00,68.81,76.45,25.16,0.768,464.79,213.6,47.52,61.82,787.74,5,0,5,6,4,2024,1,0,0.9659258262890684,0.2588190451025207,-0.9749279121818236,-0.2225209339563146,0.8660254037844387,-0.4999999999999998,822.33,967.33,889.28,966.0614583333336,72.30098918999042,11.448045342246767
2024-04-06 06:00:00,62.47,67.75,27.32,0.7,430.22,203.21,45.17,57.4,736.0,6,0,5,6,4,2024,1,0,1.0,6.123233995736766e-17,-0.9749279121818236,-0.2225209339563146,0.8660254037844387,-0.4999999999999998,787.74,855.99,861.98,964.7491666666666,75.29144361349265,11.781655194493357
2024-04-06 08:00:00,70.3,69.57,28.64,0.647,480.19,212.09,54.7,65.66,812.65,8,0,5,6,4,2024,1,0,0.8660254037844387,-0.4999999999999998,-0.9749279121818236,-0.2225209339563146,0.8660254037844387,-0.4999999999999998,787.92,822.33,929.01,962.443125,78.53892735536824,11.559743954480798
2024-04-06 09:00:00,76.99,78.86,25.62,0.747,510.52,222.51,55.65,63.71,852.39,9,0,5,6,4,2024,1,0,0.7071067811865476,-0.7071067811865475,-0.9749279121818236,-0.2225209339563146,0.8660254037844387,-0.4999999999999998,812.65,787.74,964.69,961.2733333333332,79.33737220737879,11.071437849071309
2024-04-06 19:00:00,71.96,73.83,23.12,0.745,488.56,215.23,47.62,62.04,813.44,19,0,5,6,4,2024,1,0,-0.9659258262890684,0.2588190451025203,-0.9749279121818236,-0.2225209339563146,0.8660254037844387,-0.4999999999999998,788.99,812.81,869.7,946.5170833333332,85.098431749008,11.304057809894388
2024-04-07 05:00:00,63.83,72.73,25.19,0.739,438.13,221.55,53.16,60.97,773.82,5,0,6,7,4,2024,1,0,0.9659258262890684,0.2588190451025207,-0.7818314824680299,0.6234898018587334,0.8660254037844387,-0.4999999999999998,740.95,914.32,900.28,932.0416666666666,88.97009359941087,12.123139589534702
2024-04-07 06:00:00,67.31,70.67,24.04,0.657,466.47,209.87,43.53,50.78,770.65,6,0,6,7,4,2024,1,0,1.0,6.123233995736766e-17,-0.7818314824680299,0.6234898018587334,0.8660254037844387,-0.4999999999999998,773.82,861.97,889.63,930.8022916666664,90.38458342554324,11.4492645966424
2024-04-07 07:00:00,67.56,76.86,26.76,0.753,458.32,229.85,53.42,61.32,802.92,7,0,6,7,4,2024,1,0,0.9659258262890684,-0.2588190451025206,-0.7818314824680299,0.6234898018587334,0.8660254037844387,-0.4999999999999998,770.65,854.8,900.59,929.7848958333332,91.27357122518968,11.884547069271758
2024-04-07 08:00:00,71.38,69.15,25.73,0.586,476.86,204.02,56.62,64.26,801.76,8,0,6,7,4,2024,1,0,0.8660254037844387,-0.4999999999999998,-0.7818314824680299,0.6234898018587334,0.8660254037844387,-0.4999999999999998,802.92,740.95,916.51,928.5895833333334,92.19596665360798,11.232277949005324
2024-04-07 16:00:00,60.76,73.77,28.05,0.644,431.5,220.66,44.24,56.53,752.94,16,0,6,7,4,2024,1,0,-0.8660254037844385,-0.5000000000000004,-0.7818314824680299,0.6234898018587334,0.8660254037844387,-0.4999999999999998,793.48,915.16,947.64,914.2847916666666,89.82029423687311,12.39203423304806
2024-04-07 17:00:00,69.65,65.45,27.25,0.68,473.77,192.99,48.58,66.15,781.48,17,0,6,7,4,2024,1,0,-0.9659258262890684,-0.2588190451025206,-0.7818314824680299,0.6234898018587334,0.8660254037844387,-0.4999999999999998,752.94,889.59,932.23,912.7144791666666,90.81551322230884,11.220100502512562
2024-04-07 18:00:00,61.83,73.53,25.98,0.66,415.71,200.03,46.25,67.37,729.36,18,0,6,7,4,2024,1,0,-1.0,-1.8369701987210294e-16,-0.7818314824680299,0.6234898018587334,0.8660254037844387,-0.4999999999999998,781.48,863.78,895.88,910.9798958333332,92.71093045755198,11.796215429403203
2024-04-07 19:00:00,61.81,68.19,23.12,0.632,423.49,208.57,46.01,62.36,740.43,19,0,6,7,4,2024,1,0,-0.9659258262890684,0.2588190451025203,-0.7818314824680299,0.6234898018587334,0.8660254037844387,-0.4999999999999998,729.36,793.48,934.45,908.9588541666668,94.29513456075745,11.979129590681119
2024-04-07 21:00:00,73.43,70.02,25.27,0.708,485.43,212.81,51.4,74.55,824.18,21,0,6,7,4,2024,1,0,-0.7071067811865477,0.7071067811865474,-0.7818314824680299,0.6234898018587334,0.8660254037844387,-0.4999999999999998,796.62,781.48,970.61,906.3119791666668,95.1459608636828,11.224022878932315
2024-04-13 01:00:00,79.22,78.89,28.53,0.73,517.9,226.11,55.47,76.33,875.81,1,0,5,13,4,2024,1,0,0.2588190451025207,0.9659258262890684,-0.9749279121818236,-0.2225209339563146,0.8660254037844387,-0.4999999999999998,879.3,978.44,1013.35,971.3134375,70.2065660871094,11.055415299166876
2024-04-13 04:00:00,68.45,67.66,29.24,0.61,436.82,206.0,48.15,70.52,761.49,4,0,5,13,4,2024,1,0,0.8660254037844386,0.5000000000000001,-0.9749279121818236,-0.2225209339563146,0.8660254037844387,-0.4999999999999998,837.97,879.3,892.06,966.9347916666666,74.83619408561295,11.124762600438276
2024-04-13 05:00:00,71.07,75.73,27.74,0.753,485.02,214.91,46.44,61.75,808.12,5,0,5,13,4,2024,1,0,0.9659258262890684,0.2588190451025207,-0.9749279121818236,-0.2225209339563146,0.8660254037844387,-0.4999999999999998,761.49,875.81,880.57,966.1801041666668,76.07142754979002,11.370761221331083
2024-04-13 06:00:00,58.4,70.02,29.75,0.672,419.19,211.51,54.5,59.35,744.55,6,0,5,13,4,2024,1,0,1.0,6.123233995736766e-17,-0.9749279121818236,-0.2225209339563146,0.8660254037844387,-0.4999999999999998,808.12,861.35,887.83,964.6876041666666,78.97496054539793,12.749143835616438
2024-04-13 07:00:00,68.03,74.66,24.75,0.667,449.44,222.6,42.5,58.13,772.67,7,0,5,13,4,2024,1,0,0.9659258262890684,-0.2588190451025206,-0.9749279121818236,-0.2225209339563146,0.8660254037844387,-0.4999999999999998,744.55,837.97,909.18,963.265625,81.18301411414906,11.357783330883432
2024-04-13 08:00:00,66.95,72.4,27.7,0.653,449.35,206.8,48.04,54.74,758.94,8,0,5,13,4,2024,1,0,0.8660254037844387,-0.4999999999999998,-0.9749279121818236,-0.2225209339563146,0.8660254037844387,-0.4999999999999998,772.67,761.49,939.01,961.3898958333332,83.78780418093642,11.335922330097087
2024-04-13 17:00:00,57.58,67.5,30.43,0.664,403.95,201.95,52.56,55.8,714.25,17,0,5,13,4,2024,1,0,-0.9659258262890684,-0.2588190451025206,-0.9749279121818236,-0.2225209339563146,0.8660254037844387,-0.4999999999999998,822.65,913.24,850.07,949.7704166666668,88.3638106790303,12.404480722473082
2024-04-13 19:00:00,62.5,70.73,27.85,0.725,425.07,210.53,45.44,64.16,745.2,19,0,5,13,4,2024,1,0,-0.9659258262890684,0.2588190451025203,-0.9749279121818236,-0.2225209339563146,0.8660254037844387,-0.4999999999999998,744.0,826.6,903.21,946.8760416666664,92.65735332513825,11.923200000000001
2024-04-14 04:00:00,71.66,73.06,30.66,0.722,470.45,216.11,59.13,55.7,801.39,4,0,6,14,4,2024,1,0,0.8660254037844386,0.5000000000000001,-0.7818314824680299,0.6234898018587334,0.8660254037844387,-0.4999999999999998,834.52,873.65,990.6,932.9235416666668,95.7858562241206,11.183226346636896
2024-04-14 05:00:00,69.13,71.7,27.65,0.633,470.29,214.43,41.86,51.49,778.06,5,0,6,14,4,2024,1,0,0.9659258262890684,0.2588190451025207,-0.7818314824680299,0.6234898018587334,0.8660254037844387,-0.4999999999999998,801.39,861.93,938.91,931.2480208333332,97.07814244335526,11.255026761174598
2024-04-14 06:00:00,62.42,70.97,27.57,0.77,433.9,203.99,48.95,58.09,744.93,6,0,6,14,4,2024,1,0,1.0,6.123233995736766e-17,-0.7818314824680299,0.6234898018587334,0.8660254037844387,-0.4999999999999998,778.06,890.11,828.09,930.3817708333332,98.37075600951714,11.93415571932073
2024-04-14 07:00:00,62.81,64.57,26.84,0.676,451.56,185.7,48.25,48.48,734.0,7,0,6,14,4,2024,1,0,0.9659258262890684,-0.2588190451025206,-0.7818314824680299,0.6234898018587334,0.8660254037844387,-0.4999999999999998,744.93,834.52,930.03,928.3397916666668,100.39196458701528,11.686037255214137
2024-04-14 08:00:00,65.03,74.1,25.94,0.753,445.24,208.52,44.07,51.07,748.9,8,0,6,14,4,2024,1,0,0.8660254037844387,-0.4999999999999998,-0.7818314824680299,0.6234898018587334,0.8660254037844387,-0.4999999999999998,734.0,801.39,962.31,926.1167708333334,101.98205061361352,11.516223281562356
2024-04-14 16:00:00,71.57,72.19,25.38,0.673,474.5,218.54,45.63,57.18,795.84,16,0,6,14,4,2024,1,0,-0.8660254037844385,-0.5000000000000004,-0.7818314824680299,0.6234898018587334,0.8660254037844387,-0.4999999999999998,841.11,873.05,933.6,913.5826041666666,98.77732278897624,11.119742909040102
2024-04-14 17:00:00,64.24,76.04,28.04,0.755,447.87,223.1,52.61,58.86,782.44,17,0,6,14,4,2024,1,0,-0.9659258262890684,-0.2588190451025206,-0.7818314824680299,0.6234898018587334,0.8660254037844387,-0.4999999999999998,795.84,865.62,927.1,912.0757291666664,99.66833580213992,12.179950186799504
2024-04-14 18:00:00,63.25,75.17,28.44,0.711,441.96,216.92,50.17,59.34,768.39,18,0,6,14,4,2024,1,0,-1.0,-1.8369701987210294e-16,-0.7818314824680299,0.6234898018587334,0.8660254037844387,-0.4999999999999998,782.44,894.71,901.13,910.6930208333332,100.73681548439252,12.148458498023714
2024-04-14 19:00:00,66.57,77.16,27.13,0.728,445.8,218.78,36.63,62.4,763.6,19,0,6,14,4,2024,1,0,-0.9659258262890684,0.2588190451025203,-0.7818314824680299,0.6234898018587334,0.8660254037844387,-0.4999999999999998,768.39,841.11,869.43,909.590625,101.76692269787308,11.470632417004659
2024-04-14 21:00:00,66.12,73.12,27.57,0.697,454.2,215.2,52.76,61.85,784.01,21,0,6,14,4,2024,1,0,-0.7071067811865477,0.7071067811865474,-0.7818314824680299,0.6234898018587334,0.8660254037844387,-0.4999999999999998,818.43,782.44,1016.69,906.1648958333334,102.35781848105054,11.857380520266181
2024-04-20 03:00:00,72.39,70.79,28.73,0.685,488.82,207.49,52.86,58.66,807.83,3,0,5,20,4,2024,1,0,0.7071067811865476,0.7071067811865476,-0.9749279121818236,-0.2225209339563146,0.8660254037844387,-0.4999999999999998,824.62,1087.55,927.61,973.1349302083336,74.33941120035364,11.15941428374085
2024-04-20 06:00:00,62.27,67.28,28.06,0.684,436.93,191.45,48.25,58.53,735.15,6,0,5,20,4,2024,1,0,1.0,6.123233995736766e-17,-0.9749279121818236,-0.2225209339563146,0.8660254037844387,-0.4999999999999998,744.45,824.62,842.5,968.0234718750002,82.88832210147139,11.805845511482254
2024-04-20 07:00:00,59.63,77.42,27.11,0.737,420.29,225.41,51.42,56.7,753.82,7,0,5,20,4,2024,1,0,0.9659258262890684,-0.2588190451025206,-0.9749279121818236,-0.2225209339563146,0.8660254037844387,-0.4999999999999998,735.15,807.83,833.73,967.1910760416666,84.6340045135375,12.641623343954386
2024-04-20 08:00:00,69.44,73.15,28.42,0.751,451.65,221.25,53.02,57.16,783.07,8,0,5,20,4,2024,1,0,0.8660254037844387,-0.4999999999999998,-0.9749279121818236,-0.2225209339563146,0.8660254037844387,-0.4999999999999998,753.82,774.68,983.75,965.100659375,86.67445239231184,11.276929723502306
2024-04-20 10:00:00,76.99,75.29,28.73,0.654,503.88,228.08,54.76,63.87,850.59,10,0,5,20,4,2024,1,0,0.4999999999999999,-0.8660254037844387,-0.9749279121818236,-0.2225209339563146,0.8660254037844387,-0.4999999999999998,872.72,735.15,972.37,962.7242010416668,87.93180450413863,11.048058189375245
2024-04-20 16:00:00,65.01,72.33,28.16,0.699,440.88,197.26,60.28,54.24,752.67,16,0,5,20,4,2024,1,0,-0.8660254037844385,-0.5000000000000004,-0.9749279121818236,-0.2225209339563146,0.8660254037844387,-0.4999999999999998,833.59,880.4,901.02,951.681875,89.06767715811581,11.577757268112597
2024-04-20 17:00:00,68.82,71.85,28.25,0.719,463.03,206.37,49.58,59.34,778.33,17,0,5,20,4,2024,1,0,-0.9659258262890684,-0.2588190451025206,-0.9749279121818236,-0.2225209339563146,0.8660254037844387,-0.4999999999999998,752.67,908.74,910.62,950.3038541666666,90.71774343208898,11.309648358035457
2024-04-20 18:00:00,64.44,70.71,28.75,0.754,444.66,205.16,47.31,56.28,753.42,18,0,5,20,4,2024,1,0,-1.0,-1.8369701987210294e-16,-0.9749279121818236,-0.2225209339563146,0.8660254037844387,-0.4999999999999998,778.33,843.39,849.64,949.3015625,92.3583383216325,11.691806331471136
2024-04-20 20:00:00,64.67,73.26,26.14,0.741,450.33,215.2,45.21,59.13,769.88,20,0,5,20,4,2024,1,0,-0.8660254037844386,0.5000000000000001,-0.9749279121818236,-0.2225209339563146,0.8660254037844387,-0.4999999999999998,810.14,752.67,923.08,946.65625,95.09436833455278,11.904747177980516
2024-04-20 21:00:00,71.42,78.76,29.32,0.711,487.63,220.61,57.51,54.92,820.67,21,0,5,20,4,2024,1,0,-0.7071067811865477,0.7071067811865474,-0.9749279121818236,-0.2225209339563146,0.8660254037844387,-0.4999999999999998,769.88,778.33,964.86,945.1542708333332,95.93878436131082,11.490758891066926
2024-04-21 03:00:00,70.07,72.08,29.68,0.671,463.29,214.25,53.0,64.67,795.21,3,0,6,21,4,2024,1,0,0.7071067811865476,0.7071067811865476,-0.7818314824680299,0.6234898018587334,0.8660254037844387,-0.4999999999999998,863.24,851.72,952.32,934.1191666666668,95.45325684021316,11.34879406307978
2024-04-21 06:00:00,60.96,69.14,27.91,0.659,421.13,199.62,52.75,55.76,729.26,6,0,6,21,4,2024,1,0,1.0,6.123233995736766e-17,-0.7818314824680299,0.6234898018587334,0.8660254037844387,-0.4999999999999998,774.57,863.24,929.65,929.2101041666666,99.87040085709896,11.962926509186351
2024-04-21 07:00:00,67.59,75.53,28.47,0.678,454.99,211.99,54.56,52.92,774.46,7,0,6,21,4,2024,1,0,0.9659258262890684,-0.2588190451025206,-0.7818314824680299,0.6234898018587334,0.8660254037844387,-0.4999999999999998,729.26,795.21,877.67,928.135,100.98042868220692,11.458203876313064
2024-04-21 08:00:00,70.42,64.31,28.13,0.658,476.01,190.11,57.84,69.19,793.15,8,0,6,21,4,2024,1,0,0.8660254037844387,-0.4999999999999998,-0.7818314824680299,0.6234898018587334,0.8660254037844387,-0.4999999999999998,774.46,803.34,966.99,926.3241666666668,101.8314348495048,11.263135472877023
2024-04-21 09:00:00,72.84,76.14,25.68,0.702,490.42,225.27,46.21,66.72,828.61,9,0,6,21,4,2024,1,0,0.7071067811865476,-0.7071067811865475,-0.7818314824680299,0.6234898018587334,0.8660254037844387,-0.4999999999999998,793.15,774.57,991.49,924.6275,102.09082778533488,11.375755079626579
2024-04-21 15:00:00,73.95,77.06,27.73,0.749,504.22,222.7,48.74,63.21,838.88,15,0,6,21,4,2024,1,0,-0.7071067811865471,-0.7071067811865479,-0.7818314824680299,0.6234898018587334,0.8660254037844387,-0.4999999999999998,868.04,832.83,994.21,912.7907291666666,97.9503507448636,11.343881000676133
2024-04-21 16:00:00,72.09,75.95,27.92,0.732,476.74,221.28,49.49,54.44,801.94,16,0,6,21,4,2024,1,0,-0.8660254037844385,-0.5000000000000004,-0.7818314824680299,0.6234898018587334,0.8660254037844387,-0.4999999999999998,838.88,904.67,941.98,911.3319791666668,98.55200883551528,11.12415036759606
2024-04-21 18:00:00,62.43,68.5,28.24,0.658,433.1,197.39,52.47,62.34,745.29,18,0,6,21,4,2024,1,0,-1.0,-1.8369701987210294e-16,-0.7818314824680299,0.6234898018587334,0.8660254037844387,-0.4999999999999998,761.02,868.04,838.26,909.1660416666668,100.82874184507872,11.938010571840461
2024-04-21 19:00:00,68.18,76.23,30.67,0.743,452.17,212.44,63.6,55.68,783.89,19,0,6,21,4,2024,1,0,-0.9659258262890684,0.2588190451025203,-0.7818314824680299,0.6234898018587334,0.8660254037844387,-0.4999999999999998,745.29,838.88,907.06,907.8830208333331,101.63624321564212,11.49735992959812
2024-04-21 20:00:00,70.72,68.43,29.51,0.765,468.37,204.71,57.2,57.65,787.93,20,0,6,21,4,2024,1,0,-0.8660254037844386,0.5000000000000001,-0.7818314824680299,0.6234898018587334,0.8660254037844387,-0.4999999999999998,783.89,801.94,921.23,906.4944791666668,102.35996629922572,11.141544117647058
2024-04-27 03:00:00,72.46,74.96,27.49,0.682,489.87,213.93,51.49,59.91,815.2,3,0,5,27,4,2024,1,0,0.7071067811865476,0.7071067811865476,-0.9749279121818236,-0.2225209339563146,0.8660254037844387,-0.4999999999999998,868.26,1060.24,938.5,974.3939927083334,69.7082226865001,11.250345017940935
2024-04-27 06:00:00,71.08,72.58,30.28,0.669,466.83,218.89,62.38,63.93,812.04,6,0,5,27,4,2024,1,0,1.0,6.123233995736766e-17,-0.9749279121818236,-0.2225209339563146,0.8660254037844387,-0.4999999999999998,741.8,868.26,855.29,970.468159375,76.20356479696378,11.424310635903208
2024-04-27 07:00:00,68.51,75.9,28.63,0.74,452.87,219.83,47.9,64.83,785.42,7,0,5,27,4,2024,1,0,0.9659258262890684,-0.2588190451025206,-0.9749279121818236,-0.2225209339563146,0.8660254037844387,-0.4999999999999998,812.04,815.2,866.02,969.6285760416666,77.7938669759799,11.46431177930229
2024-04-27 08:00:00,71.3,72.96,29.43,0.688,467.91,213.7,54.14,59.98,795.72,8,0,5,27,4,2024,1,0,0.8660254037844387,-0.4999999999999998,-0.9749279121818236,-0.2225209339563146,0.8660254037844387,-0.4999999999999998,785.42,807.61,988.5,967.6204510416666,79.7647911413622,11.160168302945303
2024-04-27 15:00:00,69.38,77.01,29.78,0.72,463.3,232.33,48.97,67.18,811.78,15,0,5,27,4,2024,1,0,-0.7071067811865471,-0.7071067811865479,-0.9749279121818236,-0.2225209339563146,0.8660254037844387,-0.4999999999999998,864.2,824.58,1018.49,954.5091666666668,80.62966509936231,11.700490054770828
2024-04-27 17:00:00,72.07,81.45,29.98,0.767,481.73,222.17,53.77,58.41,816.08,17,0,5,27,4,2024,1,0,-0.9659258262890684,-0.2588190451025206,-0.9749279121818236,-0.2225209339563146,0.8660254037844387,-0.4999999999999998,809.01,906.12,900.43,952.6208333333334,82.86421228246373,11.323435548772029
2024-04-27 18:00:00,68.74,71.34,27.59,0.635,468.54,199.27,52.94,55.92,776.67,18,0,5,27,4,2024,1,0,-1.0,-1.8369701987210294e-16,-0.9749279121818236,-0.2225209339563146,0.8660254037844387,-0.4999999999999998,816.08,864.2,891.06,951.4292708333332,84.56377450427762,11.298661623508874
2024-04-27 19:00:00,65.01,67.79,28.11,0.678,437.42,193.81,42.74,56.34,730.3,19,0,5,27,4,2024,1,0,-0.9659258262890684,0.2588190451025203,-0.9749279121818236,-0.2225209339563146,0.8660254037844387,-0.4999999999999998,776.67,811.78,944.02,949.2030208333334,87.52235798709282,11.233656360559912
2024-04-27 21:00:00,73.53,71.93,31.04,0.628,480.45,216.46,57.28,63.64,817.83,21,0,5,27,4,2024,1,0,-0.7071067811865477,0.7071067811865474,-0.9749279121818236,-0.2225209339563146,0.8660254037844387,-0.4999999999999998,800.0,816.08,971.29,946.1401041666668,89.78178808990617,11.122399020807833
2024-04-27 22:00:00,73.81,79.73,28.29,0.731,499.0,232.69,45.02,53.03,829.75,22,0,5,27,4,2024,1,0,-0.5000000000000004,0.8660254037844384,-0.9749279121818236,-0.2225209339563146,0.8660254037844387,-0.4999999999999998,817.83,776.67,1079.19,943.5417708333332,89.49974144031907,11.24170166644086
2024-04-28 07:00:00,64.62,71.71,28.42,0.751,445.55,204.38,43.49,63.47,756.88,7,0,6,28,4,2024,1,0,0.9659258262890684,-0.2588190451025206,-0.7818314824680299,0.6234898018587334,0.8660254037844387,-0.4999999999999998,817.87,835.72,934.48,930.2904166666668,91.03866640541992,11.712782420303311
2024-04-28 08:00:00,70.56,66.0,27.97,0.586,484.7,191.68,49.54,61.98,787.9,8,0,6,28,4,2024,1,0,0.8660254037844387,-0.4999999999999998,-0.7818314824680299,0.6234898018587334,0.8660254037844387,-0.4999999999999998,756.88,823.63,878.0,929.3518750000002,92.04231662164466,11.166383219954648
2024-04-28 16:00:00,66.94,67.06,28.08,0.708,449.19,192.01,55.02,48.34,744.56,16,0,6,28,4,2024,1,0,-0.8660254037844385,-0.5000000000000004,-0.7818314824680299,0.6234898018587334,0.8660254037844387,-0.4999999999999998,816.05,895.83,913.99,914.3810416666666,90.7333674765818,11.122796534209739
2024-04-28 17:00:00,63.1,67.81,31.37,0.602,442.76,196.38,50.53,60.5,750.17,17,0,6,28,4,2024,1,0,-0.9659258262890684,-0.2588190451025206,-0.7818314824680299,0.6234898018587334,0.8660254037844387,-0.4999999999999998,744.56,862.0,872.11,913.1108333333332,92.17347566485938,11.888589540412044
2024-04-28 21:00:00,75.88,73.35,29.72,0.738,504.71,224.98,56.7,56.39,842.77,21,0,6,28,4,2024,1,0,-0.7071067811865477,0.7071067811865474,-0.7818314824680299,0.6234898018587334,0.8660254037844387,-0.4999999999999998,759.87,750.17,948.46,908.0809375,95.44255696577144,11.106615709014234
2024-05-02 19:00:00,75.05,80.63,29.98,0.724,514.57,225.22,48.49,61.3,849.58,19,0,3,2,5,2024,0,1,-0.9659258262890684,0.2588190451025203,0.4338837391175582,-0.900968867902419,0.4999999999999999,-0.8660254037844387,877.97,957.61,815.1,971.6414927083332,75.11455701141563,11.32018654230513
2024-05-04 04:00:00,70.43,75.12,28.84,0.728,475.6,220.79,50.07,51.86,798.32,4,0,5,4,5,2024,1,0,0.8660254037844386,0.5000000000000001,-0.9749279121818236,-0.2225209339563146,0.4999999999999999,-0.8660254037844387,845.16,946.38,864.51,973.7867010416668,75.34311613203754,11.334942496095413
2024-05-04 05:00:00,70.35,74.59,31.58,0.721,474.23,209.12,52.95,54.49,790.79,5,0,5,4,5,2024,1,0,0.9659258262890684,0.2588190451025207,-0.9749279121818236,-0.2225209339563146,0.4999999999999999,-0.8660254037844387,798.32,895.1,891.61,972.7364927083336,77.18088729185523,11.240796019900499
2024-05-04 07:00:00,66.41,72.63,30.53,0.678,459.27,213.05,48.22,61.11,781.64,7,0,5,4,5,2024,1,0,0.9659258262890684,-0.2588190451025206,-0.9749279121818236,-0.2225209339563146,0.4999999999999999,-0.8660254037844387,789.44,845.16,949.11,969.805034375,81.42337987346762,11.769914169552779
2024-05-04 16:00:00,69.66,70.2,31.9,0.647,468.88,211.66,63.62,61.68,805.84,16,0,5,4,5,2024,1,0,-0.8660254037844385,-0.5000000000000004,-0.9749279121818236,-0.2225209339563146,0.4999999999999999,-0.8660254037844387,869.88,885.63,907.94,954.3082635416667,86.35683377886176,11.568188343382143
2024-05-04 17:00:00,64.41,70.9,30.91,0.675,441.49,218.92,49.04,55.55,765.0,17,0,5,4,5,2024,1,0,-0.9659258262890684,-0.2588190451025206,-0.9749279121818236,-0.2225209339563146,0.4999999999999999,-0.8660254037844387,805.84,924.75,953.08,952.349096875,88.49206864707153,11.877037727061015
2024-05-04 18:00:00,59.94,66.97,29.16,0.699,424.62,204.7,49.26,58.37,736.95,18,0,5,4,5,2024,1,0,-1.0,-1.8369701987210294e-16,-0.9749279121818236,-0.2225209339563146,0.4999999999999999,-0.8660254037844387,765.0,903.41,874.68,950.914409375,90.84961970736522,12.294794794794797
2024-05-04 20:00:00,70.41,75.68,32.45,0.687,475.01,223.14,67.03,58.1,823.28,20,0,5,4,5,2024,1,0,-0.8660254037844386,0.5000000000000001,-0.9749279121818236,-0.2225209339563146,0.4999999999999999,-0.8660254037844387,799.72,805.84,935.06,948.816909375,92.83700003293396,11.692657292998154
2024-05-05 04:00:00,71.6,75.45,32.96,0.69,485.12,220.45,54.28,59.47,819.31,4,0,6,5,5,2024,1,0,0.8660254037844386,0.5000000000000001,-0.7818314824680299,0.6234898018587334,0.4999999999999999,-0.8660254037844387,855.36,845.99,943.16,935.666596875,93.79955160543176,11.442877094972067
2024-05-05 06:00:00,65.69,71.91,34.13,0.69,452.77,201.52,58.24,63.79,776.32,6,0,6,5,5,2024,1,0,1.0,6.123233995736766e-17,-0.7818314824680299,0.6234898018587334,0.4999999999999999,-0.8660254037844387,819.31,849.28,863.01,933.687846875,95.63900772481875,11.817932714263968
2024-05-05 07:00:00,59.07,64.34,33.22,0.689,408.64,188.02,57.54,66.18,720.37,7,0,6,5,5,2024,1,0,0.9659258262890684,-0.2588190451025206,-0.7818314824680299,0.6234898018587334,0.4999999999999999,-0.8660254037844387,776.32,855.36,896.11,931.857221875,98.01818177460638,12.195192144912815
2024-05-05 08:00:00,73.71,76.89,30.84,0.744,493.06,230.9,52.79,64.41,841.15,8,0,6,5,5,2024,1,0,0.8660254037844387,-0.4999999999999998,-0.7818314824680299,0.6234898018587334,0.4999999999999999,-0.8660254037844387,720.37,819.31,893.39,931.3130552083334,98.37833638950418,11.411613078279746
2024-05-05 16:00:00,63.3,64.49,30.33,0.564,426.22,205.54,55.89,62.43,750.08,16,0,6,5,5,2024,1,0,-0.8660254037844385,-0.5000000000000004,-0.7818314824680299,0.6234898018587334,0.4999999999999999,-0.8660254037844387,868.52,880.42,902.82,917.0442010416668,97.38710295065924,11.84960505529226
2024-05-05 17:00:00,53.93,66.61,29.77,0.605,371.82,189.7,53.59,61.68,676.79,17,0,6,5,5,2024,1,0,-0.9659258262890684,-0.2588190451025206,-0.7818314824680299,0.6234898018587334,0.4999999999999999,-0.8660254037844387,750.08,858.38,917.44,914.5374302083331,100.42657506682131,12.54941590951233
2024-05-05 18:00:00,61.95,69.24,33.75,0.716,417.23,203.32,60.61,61.43,742.59,18,0,6,5,5,2024,1,0,-1.0,-1.8369701987210294e-16,-0.7818314824680299,0.6234898018587334,0.4999999999999999,-0.8660254037844387,676.79,857.62,917.44,912.7160760416668,101.9474190135464,11.986924939467313
2024-05-05 19:00:00,67.46,69.52,29.83,0.732,449.94,203.37,54.87,68.09,776.27,19,0,6,5,5,2024,1,0,-0.9659258262890684,0.2588190451025203,-0.7818314824680299,0.6234898018587334,0.4999999999999999,-0.8660254037844387,742.59,868.52,891.3,911.517846875,102.87357055029634,11.507115327601543
2024-05-05 21:00:00,73.15,73.52,30.85,0.641,482.26,207.02,61.31,63.09,813.68,21,0,6,5,5,2024,1,0,-0.7071067811865477,0.7071067811865474,-0.7818314824680299,0.6234898018587334,0.4999999999999999,-0.8660254037844387,825.63,676.79,988.09,908.532846875,103.36052813683123,11.123444976076554
2024-05-10 06:00:00,77.36,78.08,31.77,0.741,498.98,239.07,60.37,59.29,857.72,6,0,4,10,5,2024,0,1,1.0,6.123233995736766e-17,-0.433883739117558,-0.9009688679024191,0.4999999999999999,-0.8660254037844387,938.77,1031.49,807.95,984.3178125,65.68404077901636,11.08738366080662
2024-05-11 03:00:00,72.15,67.04,33.05,0.77,490.98,212.54,64.73,65.79,834.03,3,0,5,11,5,2024,1,0,0.7071067811865476,0.7071067811865476,-0.9749279121818236,-0.2225209339563146,0.4999999999999999,-0.8660254037844387,865.63,1023.06,960.95,977.4797916666666,67.1528947995274,11.559667359667358
2024-05-11 04:00:00,68.93,71.02,29.39,0.644,463.43,211.52,56.51,62.02,793.47,4,0,5,11,5,2024,1,0,0.8660254037844386,0.5000000000000001,-0.9749279121818236,-0.2225209339563146,0.4999999999999999,-0.8660254037844387,834.03,906.44,929.37,976.0641666666668,69.5667978529199,11.511243290294502
2024-05-11 05:00:00,61.67,70.57,29.66,0.763,428.42,206.93,56.45,53.61,745.42,5,0,5,11,5,2024,1,0,0.9659258262890684,0.2588190451025207,-0.9749279121818236,-0.2225209339563146,0.4999999999999999,-0.8660254037844387,793.47,946.23,903.82,974.4141666666668,73.08771885699774,12.087238527647154
2024-05-11 06:00:00,67.12,74.83,34.31,0.665,446.14,218.85,61.47,57.94,784.39,6,0,5,11,5,2024,1,0,1.0,6.123233995736766e-17,-0.9749279121818236,-0.2225209339563146,0.4999999999999999,-0.8660254037844387,745.42,865.63,953.93,972.648125,75.5932717461661,11.686382598331345
2024-05-11 07:00:00,63.78,65.32,31.44,0.743,437.12,199.96,54.6,59.85,751.53,7,0,5,11,5,2024,1,0,0.9659258262890684,-0.2588190451025206,-0.9749279121818236,-0.2225209339563146,0.4999999999999999,-0.8660254037844387,784.39,834.03,885.0,971.2578125,78.39763866211972,11.78316086547507
2024-05-11 08:00:00,57.75,68.2,30.65,0.625,410.51,205.55,56.94,74.67,747.66,8,0,5,11,5,2024,1,0,0.8660254037844387,-0.4999999999999998,-0.9749279121818236,-0.2225209339563146,0.4999999999999999,-0.8660254037844387,751.53,793.47,931.71,969.3406250000002,81.56154408353059,12.946493506493505
2024-05-11 09:00:00,73.5,73.16,33.5,0.741,487.34,209.37,63.29,60.04,820.04,9,0,5,11,5,2024,1,0,0.7071067811865476,-0.7071067811865475,-0.9749279121818236,-0.2225209339563146,0.4999999999999999,-0.8660254037844387,747.66,745.42,991.44,967.5552083333332,82.93709688647395,11.157006802721089
2024-05-11 17:00:00,67.08,75.09,31.71,0.717,459.66,214.81,56.37,60.35,791.18,17,0,5,11,5,2024,1,0,-0.9659258262890684,-0.2588190451025206,-0.9749279121818236,-0.2225209339563146,0.4999999999999999,-0.8660254037844387,780.22,937.97,940.45,955.0202083333334,87.75692201793312,11.794573643410851
2024-05-11 18:00:00,61.91,71.63,31.85,0.646,424.42,209.47,55.85,66.45,756.19,18,0,5,11,5,2024,1,0,-1.0,-1.8369701987210294e-16,-0.9749279121818236,-0.2225209339563146,0.4999999999999999,-0.8660254037844387,791.18,925.13,919.2,953.3221875,90.00555067331551,12.214343401712163
2024-05-11 19:00:00,62.48,68.18,33.38,0.681,427.74,212.22,63.09,56.01,759.06,19,0,5,11,5,2024,1,0,-0.9659258262890684,0.2588190451025203,-0.9749279121818236,-0.2225209339563146,0.4999999999999999,-0.8660254037844387,756.19,817.33,901.62,951.8371875,92.02104445469568,12.148847631241997
2024-05-11 20:00:00,64.76,69.89,32.59,0.67,433.87,211.18,53.58,55.64,754.27,20,0,5,11,5,2024,1,0,-0.8660254037844386,0.5000000000000001,-0.9749279121818236,-0.2225209339563146,0.4999999999999999,-0.8660254037844387,759.06,780.22,936.37,949.9403125,94.19442591009869,11.647158739962938
2024-05-11 21:00:00,67.99,74.37,29.19,0.763,456.15,208.09,54.07,60.02,778.33,21,0,5,11,5,2024,1,0,-0.7071067811865477,0.7071067811865474,-0.9749279121818236,-0.2225209339563146,0.4999999999999999,-0.8660254037844387,754.27,791.18,991.92,947.7154166666666,95.70286403806256,11.44771289895573
2024-05-12 04:00:00,64.11,70.06,31.69,0.74,443.23,211.66,51.76,60.27,766.92,4,0,6,12,5,2024,1,0,0.8660254037844386,0.5000000000000001,-0.7818314824680299,0.6234898018587334,0.4999999999999999,-0.8660254037844387,861.96,878.56,956.75,934.3458333333332,95.07346196402388,11.962564342536265
2024-05-12 06:00:00,59.74,67.99,30.62,0.712,410.28,198.62,49.14,59.22,717.27,6,0,6,12,5,2024,1,0,1.0,6.123233995736766e-17,-0.7818314824680299,0.6234898018587334,0.4999999999999999,-0.8660254037844387,809.3,826.37,930.14,930.8539583333333,98.42252502647878,12.006528289253431
2024-05-12 09:00:00,72.99,73.64,33.48,0.706,483.45,213.33,61.24,58.24,816.26,9,0,6,12,5,2024,1,0,0.7071067811865476,-0.7071067811865475,-0.7818314824680299,0.6234898018587334,0.4999999999999999,-0.8660254037844387,780.93,809.3,969.03,925.5121875,101.45029324958966,11.183175777503768
2024-05-12 17:00:00,70.58,75.51,28.99,0.737,466.14,217.15,45.59,58.7,787.58,17,0,6,12,5,2024,1,0,-0.9659258262890684,-0.2588190451025206,-0.7818314824680299,0.6234898018587334,0.4999999999999999,-0.8660254037844387,826.18,895.88,909.14,914.9048958333332,99.05452674897192,11.15868517993766
2024-05-12 18:00:00,58.96,72.37,32.12,0.685,414.56,209.74,62.33,64.68,751.31,18,0,6,12,5,2024,1,0,-1.0,-1.8369701987210294e-16,-0.7818314824680299,0.6234898018587334,0.4999999999999999,-0.8660254037844387,787.58,839.12,851.16,913.8647916666664,100.2479533533486,12.742706919945725
2024-05-12 19:00:00,68.83,67.16,30.98,0.717,471.5,196.19,58.89,68.56,795.14,19,0,6,12,5,2024,1,0,-0.9659258262890684,0.2588190451025203,-0.7818314824680299,0.6234898018587334,0.4999999999999999,-0.8660254037844387,751.31,857.17,911.19,912.6559375,100.97759462353028,11.552230132209793
2024-05-12 20:00:00,72.95,72.35,30.37,0.754,484.93,214.07,56.83,53.82,809.64,20,0,6,12,5,2024,1,0,-0.8660254037844386,0.5000000000000001,-0.7818314824680299,0.6234898018587334,0.4999999999999999,-0.8660254037844387,795.14,826.18,948.96,911.2046875,101.45038708601054,11.09856065798492
2024-05-16 18:00:00,76.39,77.71,34.45,0.757,499.0,227.17,57.14,62.43,845.73,18,0,3,16,5,2024,0,1,-1.0,-1.8369701987210294e-16,0.4338837391175582,-0.900968867902419,0.4999999999999999,-0.8660254037844387,896.98,1049.04,751.31,977.7471177083332,78.23128806150334,11.071213509621678
2024-05-18 04:00:00,69.16,74.52,32.27,0.764,472.4,218.53,49.84,59.18,799.95,4,0,5,18,5,2024,1,0,0.8660254037844386,0.5000000000000001,-0.9749279121818236,-0.2225209339563146,0.4999999999999999,-0.8660254037844387,833.42,963.72,890.18,978.527534375,76.47031132773711,11.566657027183345
2024-05-18 05:00:00,61.33,72.86,30.78,0.635,450.6,212.15,54.85,58.4,776.0,5,0,5,18,5,2024,1,0,0.9659258262890684,0.2588190451025207,-0.9749279121818236,-0.2225209339563146,0.4999999999999999,-0.8660254037844387,799.95,868.87,911.63,977.114721875,78.93253689725609,12.652861568563509
2024-05-18 07:00:00,74.54,80.9,32.03,0.765,486.2,227.65,48.64,67.34,829.83,7,0,5,18,5,2024,1,0,0.9659258262890684,-0.2588190451025206,-0.9749279121818236,-0.2225209339563146,0.4999999999999999,-0.8660254037844387,816.12,833.42,925.7,975.1133677083334,81.58149447993907,11.132680440032198
2024-05-18 10:00:00,74.43,73.18,32.46,0.724,495.84,215.19,61.44,51.69,824.16,10,0,5,18,5,2024,1,0,0.4999999999999999,-0.8660254037844387,-0.9749279121818236,-0.2225209339563146,0.4999999999999999,-0.8660254037844387,801.84,816.12,999.4,970.083471875,86.02974736313958,11.072954453849253
2024-05-18 15:00:00,72.64,78.92,30.84,0.758,479.2,221.14,57.72,54.54,812.6,15,0,5,18,5,2024,1,0,-0.7071067811865471,-0.7071067811865479,-0.9749279121818236,-0.2225209339563146,0.4999999999999999,-0.8660254037844387,881.9,911.38,926.66,962.1064927083332,85.41399587384304,11.186674008810574
2024-05-18 17:00:00,68.6,64.2,33.1,0.595,459.9,196.32,58.51,65.42,780.15,17,0,5,18,5,2024,1,0,-0.9659258262890684,-0.2588190451025206,-0.9749279121818236,-0.2225209339563146,0.4999999999999999,-0.8660254037844387,785.55,920.2,952.16,958.8096177083332,89.15905494085317,11.372448979591837
2024-05-18 19:00:00,59.07,62.98,31.89,0.635,426.3,192.29,55.99,56.78,731.36,19,0,5,18,5,2024,1,0,-0.9659258262890684,0.2588190451025203,-0.9749279121818236,-0.2225209339563146,0.4999999999999999,-0.8660254037844387,774.33,812.6,901.3,956.0527427083332,93.40682386391669,12.381242593533097
2024-05-18 20:00:00,75.73,77.83,33.48,0.741,507.91,220.16,62.63,66.71,857.42,20,0,5,18,5,2024,1,0,-0.8660254037844386,0.5000000000000001,-0.9749279121818236,-0.2225209339563146,0.4999999999999999,-0.8660254037844387,731.36,785.55,987.63,954.6963885416668,93.88761392401771,11.322065231744354
2024-05-18 21:00:00,77.3,77.09,34.45,0.715,517.66,229.33,63.96,60.99,871.94,21,0,5,18,5,2024,1,0,-0.7071067811865477,0.7071067811865474,-0.9749279121818236,-0.2225209339563146,0.4999999999999999,-0.8660254037844387,857.42,780.15,964.08,953.736596875,94.26089868964785,11.279948253557569
2024-05-19 04:00:00,72.2,67.92,32.4,0.663,473.69,210.64,59.52,59.01,802.85,4,0,6,19,5,2024,1,0,0.8660254037844386,0.5000000000000001,-0.7818314824680299,0.6234898018587334,0.4999999999999999,-0.8660254037844387,865.22,873.47,938.37,941.8904510416666,93.16111366712327,11.119806094182826
2024-05-19 05:00:00,64.29,67.55,32.57,0.636,431.32,209.24,55.55,62.94,759.05,5,0,6,19,5,2024,1,0,0.9659258262890684,0.2588190451025207,-0.7818314824680299,0.6234898018587334,0.4999999999999999,-0.8660254037844387,802.85,875.13,951.57,939.885034375,95.00444302761451,11.806657333955512
2024-05-19 06:00:00,59.64,69.07,31.19,0.742,401.81,206.05,56.19,52.91,716.96,6,0,6,19,5,2024,1,0,1.0,6.123233995736766e-17,-0.7818314824680299,0.6234898018587334,0.4999999999999999,-0.8660254037844387,759.05,885.76,939.15,937.5705552083332,97.69102609615196,12.02146210596915
2024-05-19 08:00:00,65.52,75.08,31.32,0.744,437.68,215.16,55.03,60.09,767.95,8,0,6,19,5,2024,1,0,0.8660254037844387,-0.4999999999999998,-0.7818314824680299,0.6234898018587334,0.4999999999999999,-0.8660254037844387,819.98,802.85,945.24,935.149096875,99.72153904467127,11.720848595848597
2024-05-19 16:00:00,71.09,73.26,33.4,0.674,479.1,208.5,59.98,56.83,804.4,16,0,6,19,5,2024,1,0,-0.8660254037844385,-0.5000000000000004,-0.7818314824680299,0.6234898018587334,0.4999999999999999,-0.8660254037844387,819.79,929.96,927.8,923.6571177083332,97.56958007447372,11.31523421015614
2024-05-19 17:00:00,65.57,75.3,32.77,0.757,442.82,211.49,56.08,60.56,770.95,17,0,6,19,5,2024,1,0,-0.9659258262890684,-0.2588190451025206,-0.7818314824680299,0.6234898018587334,0.4999999999999999,-0.8660254037844387,804.4,906.08,875.27,922.5704510416666,98.68866358313365,11.757663565655028
2024-05-19 18:00:00,61.37,69.04,35.06,0.637,421.55,197.79,64.89,57.34,741.57,18,0,6,19,5,2024,1,0,-1.0,-1.8369701987210294e-16,-0.7818314824680299,0.6234898018587334,0.4999999999999999,-0.8660254037844387,770.95,844.6,936.7,920.537846875,100.38939278502365,12.083591331269352
2024-05-19 19:00:00,64.59,75.89,32.4,0.711,434.34,219.41,58.86,58.04,770.66,19,0,6,19,5,2024,1,0,-0.9659258262890684,0.2588190451025203,-0.7818314824680299,0.6234898018587334,0.4999999999999999,-0.8660254037844387,741.57,819.79,944.52,918.7268052083332,101.51412787686536,11.9315683542344
2024-05-25 01:00:00,74.33,77.68,33.06,0.754,481.59,226.0,56.89,57.97,822.45,1,0,5,25,5,2024,1,0,0.2588190451025207,0.9659258262890684,-0.9749279121818236,-0.2225209339563146,0.4999999999999999,-0.8660254037844387,859.79,928.26,1067.09,984.07819375,77.40003984499134,11.064845957217813
2024-05-25 07:00:00,67.92,70.64,31.7,0.757,461.24,210.63,58.31,54.87,785.06,7,0,5,25,5,2024,1,0,0.9659258262890684,-0.2588190451025206,-0.9749279121818236,-0.2225209339563146,0.4999999999999999,-0.8660254037844387,778.06,838.1,875.14,979.412603125,85.99612403298464,11.558598351001176
2024-05-25 09:00:00,68.61,72.97,36.14,0.722,472.55,219.48,66.22,58.35,816.6,9,0,5,25,5,2024,1,0,0.7071067811865476,-0.7071067811865475,-0.9749279121818236,-0.2225209339563146,0.4999999999999999,-0.8660254037844387,774.83,809.53,984.72,975.7883322916668,89.97168036816014,11.90205509400962
2024-05-25 16:00:00,72.64,80.4,32.7,0.73,486.15,229.04,54.43,61.67,831.28,16,0,5,25,5,2024,1,0,-0.8660254037844385,-0.5000000000000004,-0.9749279121818236,-0.2225209339563146,0.4999999999999999,-0.8660254037844387,878.77,932.18,931.29,964.132915625,90.62051385075416,11.443832599118942
2024-05-25 18:00:00,63.02,65.15,35.6,0.651,428.52,199.87,67.65,57.62,753.66,18,0,5,25,5,2024,1,0,-1.0,-1.8369701987210294e-16,-0.9749279121818236,-0.2225209339563146,0.4999999999999999,-0.8660254037844387,770.16,860.86,903.99,960.822915625,94.9624980462564,11.959060615677561
2024-05-25 19:00:00,63.83,75.48,34.7,0.733,446.27,222.58,58.93,54.41,753.66,19,0,5,25,5,2024,1,0,-0.9659258262890684,0.2588190451025203,-0.9749279121818236,-0.2225209339563146,0.4999999999999999,-0.8660254037844387,753.66,878.77,901.93,959.2784364583332,97.11183577472303,11.807300642331192
2024-05-25 21:00:00,72.49,75.8,29.27,0.67,479.01,220.96,55.21,64.4,819.58,21,0,5,25,5,2024,1,0,-0.7071067811865477,0.7071067811865474,-0.9749279121818236,-0.2225209339563146,0.4999999999999999,-0.8660254037844387,784.38,770.16,910.69,956.3195822916668,99.60425065131405,11.306111187750036
2024-05-26 04:00:00,71.38,71.26,32.37,0.623,476.77,205.87,58.94,57.94,799.53,4,0,6,26,5,2024,1,0,0.8660254037844386,0.5000000000000001,-0.7818314824680299,0.6234898018587334,0.4999999999999999,-0.8660254037844387,850.74,888.38,961.18,943.5037489583332,99.441695244549,11.201036704959373
2024-05-26 05:00:00,63.12,67.7,35.13,0.557,450.06,190.11,56.86,56.25,753.27,5,0,6,26,5,2024,1,0,0.9659258262890684,0.2588190451025207,-0.7818314824680299,0.6234898018587334,0.4999999999999999,-0.8660254037844387,799.53,854.86,908.05,941.8914572916666,101.26069440434696,11.93393536121673
2024-05-26 06:00:00,68.63,64.21,33.41,0.63,468.86,193.88,63.05,49.18,774.98,6,0,6,26,5,2024,1,0,1.0,6.123233995736766e-17,-0.7818314824680299,0.6234898018587334,0.4999999999999999,-0.8660254037844387,753.27,863.54,858.57,941.020728125,102.33836380246711,11.292146291709166
2024-05-26 07:00:00,61.75,71.72,31.87,0.69,421.02,209.49,55.0,61.95,747.46,7,0,6,26,5,2024,1,0,0.9659258262890684,-0.2588190451025206,-0.7818314824680299,0.6234898018587334,0.4999999999999999,-0.8660254037844387,774.98,850.74,892.09,939.514165625,104.11542239926462,12.104615384615386
2024-05-26 09:00:00,68.01,68.06,31.29,0.689,462.27,203.24,55.87,56.68,778.06,9,0,6,26,5,2024,1,0,0.7071067811865476,-0.7071067811865475,-0.7818314824680299,0.6234898018587334,0.4999999999999999,-0.8660254037844387,875.87,753.27,976.82,936.891978125,105.51898274204552,11.440376415233052
2024-05-26 15:00:00,66.13,67.04,33.32,0.66,460.84,202.87,57.35,55.11,776.17,15,0,6,26,5,2024,1,0,-0.7071067811865471,-0.7071067811865479,-0.7818314824680299,0.6234898018587334,0.4999999999999999,-0.8660254037844387,905.29,929.08,976.79,928.1208322916668,103.76892752407416,11.737033116588538
2024-05-26 17:00:00,55.28,65.29,32.21,0.599,378.07,191.59,53.17,57.27,680.11,17,0,6,26,5,2024,1,0,-0.9659258262890684,-0.2588190451025206,-0.7818314824680299,0.6234898018587334,0.4999999999999999,-0.8660254037844387,828.35,923.58,955.35,924.4621864583332,107.20519874117136,12.303002894356005
2024-05-26 18:00:00,59.89,73.22,32.36,0.711,425.96,205.03,62.64,62.8,756.42,18,0,6,26,5,2024,1,0,-1.0,-1.8369701987210294e-16,-0.7818314824680299,0.6234898018587334,0.4999999999999999,-0.8660254037844387,680.11,905.29,920.85,922.7493739583332,108.56839616268324,12.630155284688595
2024-05-26 21:00:00,70.3,78.19,34.21,0.672,475.66,221.06,64.88,53.69,815.29,21,0,6,26,5,2024,1,0,-0.7071067811865477,0.7071067811865474,-0.7818314824680299,0.6234898018587334,0.4999999999999999,-0.8660254037844387,769.7,680.11,1014.26,917.5134364583332,110.2251088150724,11.597297297297297
2024-06-01 03:00:00,77.2,75.0,35.89,0.728,522.23,218.35,60.6,58.16,859.35,3,0,5,1,6,2024,1,0,0.7071067811865476,0.7071067811865476,-0.9749279121818236,-0.2225209339563146,1.2246467991473532e-16,-1.0,905.19,1073.49,1012.02,982.2770833333332,68.6371507646406,11.131476683937823
2024-06-01 04:00:00,71.15,76.78,34.5,0.76,482.19,227.58,61.7,54.38,825.85,4,0,5,1,6,2024,1,0,0.8660254037844386,0.5000000000000001,-0.9749279121818236,-0.2225209339563146,1.2246467991473532e-16,-1.0,859.35,936.8,975.27,980.720625,70.46748569842812,11.607167955024595
2024-06-01 05:00:00,61.95,74.0,34.46,0.691,440.76,223.21,59.96,61.14,785.07,5,0,5,1,6,2024,1,0,0.9659258262890684,0.2588190451025207,-0.9749279121818236,-0.2225209339563146,1.2246467991473532e-16,-1.0,825.85,865.32,915.41,979.3629166666666,72.95096023922395,12.672639225181598
2024-06-01 07:00:00,66.71,72.59,34.07,0.744,457.74,213.8,56.72,53.42,781.68,7,0,5,1,6,2024,1,0,0.9659258262890684,-0.2588190451025206,-0.9749279121818236,-0.2225209339563146,1.2246467991473532e-16,-1.0,777.04,859.35,883.51,976.7795833333332,77.63657214587506,11.717583570679059
2024-06-01 08:00:00,69.4,72.0,35.59,0.737,458.35,214.68,58.18,63.04,794.26,8,0,5,1,6,2024,1,0,0.8660254037844387,-0.4999999999999998,-0.9749279121818236,-0.2225209339563146,1.2246467991473532e-16,-1.0,781.68,825.85,965.99,974.9907291666668,79.83511495240032,11.444668587896253
2024-06-01 09:00:00,66.65,74.19,34.23,0.755,442.83,212.61,65.34,54.42,775.21,9,0,5,1,6,2024,1,0,0.7071067811865476,-0.7071067811865475,-0.9749279121818236,-0.2225209339563146,1.2246467991473532e-16,-1.0,794.26,785.07,979.41,972.8636458333334,82.39537476952412,11.63105776444111
2024-06-01 17:00:00,60.23,67.08,36.23,0.637,419.19,205.3,63.3,66.03,753.82,17,0,5,1,6,2024,1,0,-0.9659258262890684,-0.2588190451025206,-0.9749279121818236,-0.2225209339563146,1.2246467991473532e-16,-1.0,843.99,873.29,935.31,960.609375,85.18567987900059,12.515689855553711
2024-06-01 18:00:00,66.68,69.76,35.63,0.68,463.6,203.75,62.7,62.38,792.43,18,0,5,1,6,2024,1,0,-1.0,-1.8369701987210294e-16,-0.9749279121818236,-0.2225209339563146,1.2246467991473532e-16,-1.0,753.82,868.67,876.4,959.7346875,86.48070312233295,11.884073185362926
2024-06-01 19:00:00,67.62,74.23,35.9,0.766,449.76,214.26,60.72,58.14,782.89,19,0,5,1,6,2024,1,0,-0.9659258262890684,0.2588190451025203,-0.9749279121818236,-0.2225209339563146,1.2246467991473532e-16,-1.0,792.43,849.57,942.36,958.0735416666666,88.32975906679715,11.577787636793847
2024-06-02 05:00:00,64.66,71.26,34.18,0.709,440.08,198.98,55.19,55.78,750.03,5,0,6,2,6,2024,1,0,0.9659258262890684,0.2588190451025207,-0.7818314824680299,0.6234898018587334,1.2246467991473532e-16,-1.0,796.98,931.64,959.54,942.4797916666666,93.7353116631499,11.59959789669038
2024-06-02 06:00:00,68.52,75.41,35.14,0.713,450.94,210.78,59.62,55.04,776.39,6,0,6,2,6,2024,1,0,1.0,6.123233995736766e-17,-0.7818314824680299,0.6234898018587334,1.2246467991473532e-16,-1.0,750.03,857.09,924.92,940.9326041666668,95.24190756334602,11.330852305896089
2024-06-02 07:00:00,64.92,75.83,33.7,0.772,445.72,221.34,63.29,58.52,788.87,7,0,6,2,6,2024,1,0,0.9659258262890684,-0.2588190451025206,-0.7818314824680299,0.6234898018587334,1.2246467991473532e-16,-1.0,776.39,827.65,866.68,940.1220833333332,96.20665862628849,12.151417128773875
2024-06-02 09:00:00,73.43,73.48,32.2,0.657,482.48,203.98,62.32,61.16,809.94,9,0,6,2,6,2024,1,0,0.7071067811865476,-0.7071067811865475,-0.7818314824680299,0.6234898018587334,1.2246467991473532e-16,-1.0,793.07,750.03,956.86,937.0716666666666,98.23122438160324,11.03009669072586
2024-06-02 17:00:00,64.65,71.77,31.18,0.751,440.46,214.14,57.06,68.65,780.31,17,0,6,2,6,2024,1,0,-0.9659258262890684,-0.2588190451025206,-0.7818314824680299,0.6234898018587334,1.2246467991473532e-16,-1.0,834.16,899.98,880.58,925.5188541666666,96.7045982781946,12.069760247486464
2024-06-02 18:00:00,65.88,71.96,32.21,0.753,464.69,208.53,59.69,63.76,796.67,18,0,6,2,6,2024,1,0,-1.0,-1.8369701987210294e-16,-0.7818314824680299,0.6234898018587334,1.2246467991473532e-16,-1.0,780.31,955.91,946.14,923.961875,97.56849739987022,12.092744383727991
2024-06-03 17:00:00,78.48,80.02,34.01,0.739,520.14,234.12,62.29,56.83,873.39,17,0,0,3,6,2024,0,1,-0.9659258262890684,-0.2588190451025206,0.0,1.0,1.2246467991473532e-16,-1.0,949.53,1079.98,892.01,916.2073958333334,96.3558538493728,11.128822629969418
2024-06-08 03:00:00,70.26,69.42,36.8,0.686,464.1,200.18,67.29,64.08,795.66,3,0,5,8,6,2024,1,0,0.7071067811865476,0.7071067811865476,-0.9749279121818236,-0.2225209339563146,1.2246467991473532e-16,-1.0,848.46,1021.19,970.06,974.425103125,75.03316864305818,11.32450896669513
2024-06-08 05:00:00,66.33,71.21,36.31,0.735,452.17,212.25,71.66,58.61,794.7,5,0,5,8,6,2024,1,0,0.9659258262890684,0.2588190451025207,-0.9749279121818236,-0.2225209339563146,1.2246467991473532e-16,-1.0,812.13,900.44,915.31,972.0423947916668,78.5738068283325,11.98100407055631
2024-06-08 06:00:00,63.57,71.3,37.37,0.624,437.26,221.23,70.89,71.72,801.09,6,0,5,8,6,2024,1,0,1.0,6.123233995736766e-17,-0.9749279121818236,-0.2225209339563146,1.2246467991473532e-16,-1.0,794.7,848.46,920.77,970.795728125,80.3257681734885,12.60169891458235
2024-06-08 08:00:00,66.69,69.85,33.45,0.707,453.9,200.81,70.34,49.49,774.55,8,0,5,8,6,2024,1,0,0.8660254037844387,-0.4999999999999998,-0.9749279121818236,-0.2225209339563146,1.2246467991473532e-16,-1.0,810.46,812.13,914.39,967.9136447916668,84.14590207374327,11.614185035237666
2024-06-08 16:00:00,73.52,72.65,33.62,0.708,481.02,219.14,62.15,60.67,822.98,16,0,5,8,6,2024,1,0,-0.8660254037844385,-0.5000000000000004,-0.9749279121818236,-0.2225209339563146,1.2246467991473532e-16,-1.0,852.52,922.49,955.9,956.8052072916666,85.27670473239725,11.193960826985855
2024-06-08 19:00:00,63.67,67.85,35.14,0.698,440.29,207.9,65.58,63.86,777.64,19,0,5,8,6,2024,1,0,-0.9659258262890684,0.2588190451025203,-0.9749279121818236,-0.2225209339563146,1.2246467991473532e-16,-1.0,759.29,852.52,868.78,952.9170822916668,90.48817612562128,12.21360138212659
2024-06-08 22:00:00,76.75,82.29,34.33,0.738,496.59,241.72,62.0,55.72,856.03,22,0,5,8,6,2024,1,0,-0.5000000000000004,0.8660254037844384,-0.9749279121818236,-0.2225209339563146,1.2246467991473532e-16,-1.0,831.6,759.29,1029.94,948.6177072916668,92.74843254252542,11.153485342019543
2024-06-09 06:00:00,68.11,75.51,34.9,0.764,462.47,221.38,70.48,59.68,814.01,6,0,6,9,6,2024,1,0,1.0,6.123233995736766e-17,-0.7818314824680299,0.6234898018587334,1.2246467991473532e-16,-1.0,829.47,911.43,864.53,938.7620822916666,93.18674973183428,11.951402143591249
2024-06-09 07:00:00,63.41,75.68,33.92,0.681,440.77,218.76,61.34,61.84,782.71,7,0,6,9,6,2024,1,0,0.9659258262890684,-0.2588190451025206,-0.7818314824680299,0.6234898018587334,1.2246467991473532e-16,-1.0,814.01,797.97,926.13,937.2681239583334,94.53134263361424,12.343636650370605
2024-06-09 08:00:00,68.78,64.13,35.54,0.61,473.2,200.74,69.54,64.11,807.58,8,0,6,9,6,2024,1,0,0.8660254037844387,-0.4999999999999998,-0.7818314824680299,0.6234898018587334,1.2246467991473532e-16,-1.0,782.71,869.78,953.46,935.748540625,95.4364906565852,11.741494620529224
2024-06-09 09:00:00,69.27,76.18,37.29,0.748,461.59,222.57,64.25,65.51,813.91,9,0,6,9,6,2024,1,0,0.7071067811865476,-0.7071067811865475,-0.7818314824680299,0.6234898018587334,1.2246467991473532e-16,-1.0,807.58,829.47,976.31,934.0568739583332,96.14662199329554,11.749819546701314
2024-06-09 10:00:00,78.53,80.36,37.61,0.761,517.92,246.48,66.61,60.27,891.29,10,0,6,9,6,2024,1,0,0.4999999999999999,-0.8660254037844387,-0.7818314824680299,0.6234898018587334,1.2246467991473532e-16,-1.0,813.91,814.01,1120.6933,931.66725625,94.29204862738057,11.34967528333121
2024-06-09 16:00:00,63.79,80.28,32.62,0.766,450.15,225.94,55.44,68.49,800.02,16,0,6,9,6,2024,1,0,-0.8660254037844385,-0.5000000000000004,-0.7818314824680299,0.6234898018587334,1.2246467991473532e-16,-1.0,844.97,935.17,975.76,921.2183333333334,89.66501642125907,12.541464179338455
2024-06-09 18:00:00,60.85,72.43,36.06,0.646,432.81,209.73,64.21,47.17,753.92,18,0,6,9,6,2024,1,0,-1.0,-1.8369701987210294e-16,-0.7818314824680299,0.6234898018587334,1.2246467991473532e-16,-1.0,790.24,876.58,842.96,919.2044791666668,91.86377356968748,12.389811010682005
2024-06-09 20:00:00,67.57,71.37,34.13,0.738,460.42,203.21,60.54,67.33,791.51,20,0,6,9,6,2024,1,0,-0.8660254037844386,0.5000000000000001,-0.7818314824680299,0.6234898018587334,1.2246467991473532e-16,-1.0,773.57,800.02,931.57,916.2528125,93.93284646858558,11.71392629865325
2024-06-09 21:00:00,71.84,75.78,31.96,0.72,474.36,220.59,48.13,55.4,798.48,21,0,6,9,6,2024,1,0,-0.7071067811865477,0.7071067811865474,-0.7818314824680299,0.6234898018587334,1.2246467991473532e-16,-1.0,791.51,790.24,1011.28,914.0361458333332,94.17730359464286,11.114699331848552
2024-06-09 22:00:00,80.6,76.72,37.33,0.757,538.19,232.63,70.74,58.0,899.56,22,0,6,9,6,2024,1,0,-0.5000000000000004,0.8660254037844384,-0.7818314824680299,0.6234898018587334,1.2246467991473532e-16,-1.0,798.48,753.92,1010.14,912.8842708333332,93.66434261423888,11.160794044665012
2024-06-15 03:00:00,72.81,72.42,35.55,0.641,486.27,207.21,56.21,60.72,810.41,3,0,5,15,6,2024,1,0,0.7071067811865476,0.7071067811865476,-0.9749279121818236,-0.2225209339563146,1.2246467991473532e-16,-1.0,902.38,1045.36,977.37,988.4752083333334,70.84046992294562,11.130476582886965
2024-06-15 05:00:00,62.16,68.94,33.67,0.71,422.21,201.99,55.6,60.72,740.53,5,0,5,15,6,2024,1,0,0.9659258262890684,0.2588190451025207,-0.9749279121818236,-0.2225209339563146,1.2246467991473532e-16,-1.0,852.36,832.24,868.32,986.2625000000002,75.33724241526954,11.913288288288289
2024-06-15 06:00:00,56.99,61.33,32.91,0.589,393.47,188.29,63.98,62.5,708.24,6,0,5,15,6,2024,1,0,1.0,6.123233995736766e-17,-0.9749279121818236,-0.2225209339563146,1.2246467991473532e-16,-1.0,740.53,902.38,886.66,984.4039583333332,79.88384728999421,12.427443411124758
2024-06-15 08:00:00,61.47,64.83,34.15,0.639,421.37,200.88,67.91,67.97,758.13,8,0,5,15,6,2024,1,0,0.8660254037844387,-0.4999999999999998,-0.9749279121818236,-0.2225209339563146,1.2246467991473532e-16,-1.0,784.98,852.36,989.69,980.3215625,85.47396843888208,12.333333333333334
2024-06-15 10:00:00,72.36,67.48,33.03,0.69,479.82,201.1,58.52,58.52,797.95,10,0,5,15,6,2024,1,0,0.4999999999999999,-0.8660254037844387,-0.9749279121818236,-0.2225209339563146,1.2246467991473532e-16,-1.0,857.21,708.24,1065.77,975.7945833333332,87.73716135099212,11.027501381978995
2024-06-15 18:00:00,63.82,68.98,36.81,0.73,442.72,207.24,66.85,61.77,778.59,18,0,5,15,6,2024,1,0,-1.0,-1.8369701987210294e-16,-0.9749279121818236,-0.2225209339563146,1.2246467991473532e-16,-1.0,781.88,889.01,925.45,960.7646875,93.4988569809469,12.199780633030398
2024-06-15 19:00:00,67.15,73.96,34.54,0.767,468.13,210.2,66.09,57.44,801.86,19,0,5,15,6,2024,1,0,-0.9659258262890684,0.2588190451025203,-0.9749279121818236,-0.2225209339563146,1.2246467991473532e-16,-1.0,778.59,843.71,883.11,959.9183333333334,94.5707825879557,11.941325390915859
2024-06-15 20:00:00,63.91,72.87,32.66,0.72,431.44,207.44,61.35,52.92,753.16,20,0,5,15,6,2024,1,0,-0.8660254037844386,0.5000000000000001,-0.9749279121818236,-0.2225209339563146,1.2246467991473532e-16,-1.0,801.86,798.48,953.72,957.8291666666668,96.89585907904836,11.784697230480363
2024-06-15 21:00:00,77.37,81.78,35.03,0.717,512.88,227.15,64.21,65.06,869.3,21,0,5,15,6,2024,1,0,-0.7071067811865477,0.7071067811865474,-0.9749279121818236,-0.2225209339563146,1.2246467991473532e-16,-1.0,753.16,781.88,974.77,956.7305208333332,97.29884839876576,11.235621041747446
2024-06-15 22:00:00,69.81,74.98,35.89,0.709,460.13,216.96,69.58,59.0,805.68,22,0,5,15,6,2024,1,0,-0.5000000000000004,0.8660254037844384,-0.9749279121818236,-0.2225209339563146,1.2246467991473532e-16,-1.0,869.3,778.59,990.18,954.8086458333332,98.44656935692096,11.54103996562097
2024-06-16 05:00:00,66.05,76.64,32.19,0.751,451.28,221.52,56.63,71.85,801.27,5,0,6,16,6,2024,1,0,0.9659258262890684,0.2588190451025207,-0.7818314824680299,0.6234898018587334,1.2246467991473532e-16,-1.0,780.78,905.22,922.51,943.3425,99.816518567557,12.131264193792582
2024-06-16 06:00:00,63.43,70.95,35.19,0.722,431.49,205.32,60.4,61.65,758.86,6,0,6,16,6,2024,1,0,1.0,6.123233995736766e-17,-0.7818314824680299,0.6234898018587334,1.2246467991473532e-16,-1.0,801.27,899.66,937.39,941.4828125,101.57617838950812,11.963739555415419
2024-06-16 07:00:00,62.94,73.06,32.05,0.748,421.96,211.08,54.66,57.94,745.65,7,0,6,16,6,2024,1,0,0.9659258262890684,-0.2588190451025206,-0.7818314824680299,0.6234898018587334,1.2246467991473532e-16,-1.0,758.86,818.14,910.03,939.7705208333332,103.47962657725458,11.84699714013346
2024-06-16 08:00:00,67.45,68.3,36.23,0.695,458.77,210.92,69.47,61.89,801.05,8,0,6,16,6,2024,1,0,0.8660254037844387,-0.4999999999999998,-0.7818314824680299,0.6234898018587334,1.2246467991473532e-16,-1.0,745.65,780.78,1001.2,937.685625,104.24241263125232,11.876204595997034
2024-06-16 16:00:00,66.66,71.49,35.74,0.666,447.43,215.5,66.1,72.4,801.42,16,0,6,16,6,2024,1,0,-0.8660254037844385,-0.5000000000000004,-0.7818314824680299,0.6234898018587334,1.2246467991473532e-16,-1.0,842.92,973.41,929.9,924.5757291666664,103.19153268757132,12.022502250225022
2024-06-16 18:00:00,60.63,71.3,36.87,0.738,426.77,207.49,67.6,62.22,764.09,18,0,6,16,6,2024,1,0,-1.0,-1.8369701987210294e-16,-0.7818314824680299,0.6234898018587334,1.2246467991473532e-16,-1.0,799.25,835.11,907.01,921.9390625,105.22478454370786,12.602507009731156
2024-06-16 19:00:00,64.22,61.94,35.84,0.616,448.1,199.21,57.88,60.13,765.32,19,0,6,16,6,2024,1,0,-0.9659258262890684,0.2588190451025203,-0.7818314824680299,0.6234898018587334,1.2246467991473532e-16,-1.0,764.09,842.92,961.04,919.9003125,106.34926942023203,11.917159763313611
2024-06-16 20:00:00,75.77,73.0,35.68,0.719,513.82,215.01,65.56,57.18,851.56,20,0,6,16,6,2024,1,0,-0.8660254037844386,0.5000000000000001,-0.7818314824680299,0.6234898018587334,1.2246467991473532e-16,-1.0,765.32,801.42,959.44,918.7765625,106.49693133041932,11.238748845189388
2024-06-21 17:00:00,76.49,69.4,32.99,0.632,513.48,209.28,61.74,61.35,845.85,17,0,4,21,6,2024,0,1,-0.9659258262890684,-0.2588190451025206,-0.433883739117558,-0.9009688679024191,1.2246467991473532e-16,-1.0,901.73,1091.5,1120.6933,994.1626729166668,73.28939735423445,11.058308275591582
2024-06-22 03:00:00,74.13,78.83,34.56,0.768,498.23,223.57,62.53,61.82,846.15,3,0,5,22,6,2024,1,0,0.7071067811865476,0.7071067811865476,-0.9749279121818236,-0.2225209339563146,1.2246467991473532e-16,-1.0,880.42,1077.42,1007.01,986.474409375,75.08003387238388,11.414407122622421
2024-06-22 05:00:00,63.35,70.38,33.1,0.654,440.01,208.51,62.16,63.74,774.42,5,0,5,22,6,2024,1,0,0.9659258262890684,0.2588190451025207,-0.9749279121818236,-0.2225209339563146,1.2246467991473532e-16,-1.0,820.36,908.11,932.62,983.2826385416666,79.7283747250681,12.22446724546172
2024-06-22 07:00:00,65.59,67.37,36.81,0.711,448.98,200.03,76.09,68.6,793.69,7,0,5,22,6,2024,1,0,0.9659258262890684,-0.2588190451025206,-0.9749279121818236,-0.2225209339563146,1.2246467991473532e-16,-1.0,757.58,846.15,951.9,980.4439927083332,84.39234046875899,12.100777557554505
2024-06-22 15:00:00,74.01,78.87,35.7,0.744,492.49,215.15,61.07,54.74,823.44,15,0,5,22,6,2024,1,0,-0.7071067811865471,-0.7071067811865479,-0.9749279121818236,-0.2225209339563146,1.2246467991473532e-16,-1.0,905.97,816.07,946.48,965.5418052083332,89.28945055787426,11.12606404539927
2024-06-22 16:00:00,73.32,69.27,33.85,0.673,487.16,199.39,60.16,69.24,815.94,16,0,5,22,6,2024,1,0,-0.8660254037844385,-0.5000000000000004,-0.9749279121818236,-0.2225209339563146,1.2246467991473532e-16,-1.0,823.44,912.92,927.53,964.379409375,90.50755474273812,11.128477905073652
2024-06-22 17:00:00,62.41,60.06,31.53,0.55,427.72,185.61,58.0,58.78,730.11,17,0,5,22,6,2024,1,0,-0.9659258262890684,-0.2588190451025206,-0.9749279121818236,-0.2225209339563146,1.2246467991473532e-16,-1.0,815.94,903.87,928.04,962.3176385416668,93.54746481234284,11.698605992629387
2024-06-22 18:00:00,57.58,65.19,36.37,0.632,413.15,190.06,64.97,60.38,728.56,18,0,5,22,6,2024,1,0,-1.0,-1.8369701987210294e-16,-0.9749279121818236,-0.2225209339563146,1.2246467991473532e-16,-1.0,730.11,905.97,900.31,960.5285760416664,96.3462828754617,12.653004515456756
2024-06-22 19:00:00,64.61,69.18,36.36,0.758,441.44,196.35,67.05,59.36,764.2,19,0,5,22,6,2024,1,0,-0.9659258262890684,0.2588190451025203,-0.9749279121818236,-0.2225209339563146,1.2246467991473532e-16,-1.0,728.56,823.44,904.5,959.0671177083332,98.25039210342972,11.827890419439717
2024-06-22 20:00:00,67.44,78.43,38.65,0.746,459.6,232.57,72.67,64.61,829.45,20,0,5,22,6,2024,1,0,-0.8660254037844386,0.5000000000000001,-0.9749279121818236,-0.2225209339563146,1.2246467991473532e-16,-1.0,764.2,815.94,942.04,957.8943052083332,99.12389295122529,12.299080664294188
2024-06-23 06:00:00,60.36,65.86,35.23,0.663,420.9,203.15,65.84,61.16,751.05,6,0,6,23,6,2024,1,0,1.0,6.123233995736766e-17,-0.7818314824680299,0.6234898018587334,1.2246467991473532e-16,-1.0,796.26,908.29,941.53,942.2667010416666,101.6263437530436,12.442842942345925
2024-06-23 08:00:00,67.46,67.8,37.64,0.675,463.52,199.19,67.28,59.9,789.9,8,0,6,23,6,2024,1,0,0.8660254037844387,-0.4999999999999998,-0.7818314824680299,0.6234898018587334,1.2246467991473532e-16,-1.0,780.01,820.48,959.09,939.135034375,104.05064929986762,11.709160984286985
2024-06-23 17:00:00,55.55,61.65,34.6,0.59,400.34,188.08,66.07,55.22,709.71,17,0,6,23,6,2024,1,0,-0.9659258262890684,-0.2588190451025206,-0.7818314824680299,0.6234898018587334,1.2246467991473532e-16,-1.0,851.31,894.61,904.51,924.296284375,102.6693150110446,12.776057605760577
2024-06-23 18:00:00,54.2,72.23,34.11,0.702,388.89,212.09,58.76,64.7,724.44,18,0,6,23,6,2024,1,0,-1.0,-1.8369701987210294e-16,-0.7818314824680299,0.6234898018587334,1.2246467991473532e-16,-1.0,709.71,877.0,911.44,922.3483677083332,104.67025280923178,13.366051660516606
2024-06-23 19:00:00,63.27,66.66,34.96,0.686,428.25,195.6,65.59,65.3,754.74,19,0,6,23,6,2024,1,0,-0.9659258262890684,0.2588190451025203,-0.7818314824680299,0.6234898018587334,1.2246467991473532e-16,-1.0,724.44,823.56,892.03,920.9182635416668,106.018066767361,11.928876244665718
2024-06-23 20:00:00,73.76,73.79,34.52,0.709,499.31,207.29,67.81,56.06,830.46,20,0,6,23,6,2024,1,0,-0.8660254037844386,0.5000000000000001,-0.7818314824680299,0.6234898018587334,1.2246467991473532e-16,-1.0,754.74,851.31,939.5,919.7824302083332,106.40030970225594,11.258947939262473
2024-06-24 07:00:00,75.59,73.53,36.07,0.759,494.98,216.28,65.86,61.09,838.21,7,0,0,24,6,2024,0,1,0.9659258262890684,-0.2588190451025206,0.0,1.0,1.2246467991473532e-16,-1.0,925.98,980.22,876.45,911.880034375,104.2014634990046,11.088900648233894
2024-06-29 03:00:00,70.69,71.61,34.76,0.627,463.47,209.54,55.45,51.44,779.9,3,0,5,29,6,2024,1,0,0.7071067811865476,0.7071067811865476,-0.9749279121818236,-0.2225209339563146,1.2246467991473532e-16,-1.0,918.41,1078.49,974.41,985.984721875,73.27274504828158,11.03267788937615
2024-06-29 04:00:00,66.32,72.54,35.22,0.724,452.21,198.75,62.52,63.27,776.76,4,0,5,29,6,2024,1,0,0.8660254037844386,0.5000000000000001,-0.9749279121818236,-0.2225209339563146,1.2246467991473532e-16,-1.0,779.9,925.95,969.35,983.9785760416668,76.30664918963588,11.71230398069964
2024-06-29 06:00:00,61.37,76.73,35.06,0.628,425.51,221.06,64.77,62.33,773.67,6,0,5,29,6,2024,1,0,1.0,6.123233995736766e-17,-0.9749279121818236,-0.2225209339563146,1.2246467991473532e-16,-1.0,805.82,918.41,857.46,979.8258333333332,78.99191903595425,12.606648199445983
2024-06-29 07:00:00,68.86,72.05,35.07,0.706,468.25,210.29,63.84,62.2,804.58,7,0,5,29,6,2024,1,0,0.9659258262890684,-0.2588190451025206,-0.9749279121818236,-0.2225209339563146,1.2246467991473532e-16,-1.0,773.67,779.9,933.52,978.4827083333332,80.86163622905883,11.684286959047343
2024-06-29 15:00:00,72.42,79.39,36.94,0.734,474.03,231.79,70.05,66.09,841.97,15,0,5,29,6,2024,1,0,-0.7071067811865471,-0.7071067811865479,-0.9749279121818236,-0.2225209339563146,1.2246467991473532e-16,-1.0,914.09,877.2,965.82,967.02875,82.4150893344188,11.626208229770782
2024-06-29 18:00:00,55.5,68.24,33.23,0.72,409.9,209.31,61.79,59.56,740.56,18,0,5,29,6,2024,1,0,-1.0,-1.8369701987210294e-16,-0.9749279121818236,-0.2225209339563146,1.2246467991473532e-16,-1.0,796.53,914.09,840.91,962.9794791666668,88.44041978250124,13.343423423423422
2024-06-29 19:00:00,63.99,72.19,34.02,0.772,438.57,213.96,65.32,64.48,782.33,19,0,5,29,6,2024,1,0,-0.9659258262890684,0.2588190451025203,-0.9749279121818236,-0.2225209339563146,1.2246467991473532e-16,-1.0,740.56,841.97,935.33,961.3857291666668,90.30289047941162,12.225816533833411
2024-06-30 04:00:00,65.61,70.07,31.37,0.743,456.02,194.11,58.98,61.47,770.59,4,0,6,30,6,2024,1,0,0.8660254037844386,0.5000000000000001,-0.7818314824680299,0.6234898018587334,1.2246467991473532e-16,-1.0,807.91,887.74,953.77,946.1253125000002,92.61565620691935,11.745008382868466
2024-06-30 05:00:00,63.01,66.57,35.12,0.65,436.33,188.77,60.7,59.22,745.02,5,0,6,30,6,2024,1,0,0.9659258262890684,0.2588190451025207,-0.7818314824680299,0.6234898018587334,1.2246467991473532e-16,-1.0,770.59,887.18,884.33,944.6741666666668,94.66284801910324,11.823837486113316
2024-06-30 06:00:00,55.61,74.16,35.54,0.738,394.44,226.1,69.33,63.31,753.18,6,0,6,30,6,2024,1,0,1.0,6.123233995736766e-17,-0.7818314824680299,0.6234898018587334,1.2246467991473532e-16,-1.0,745.02,854.95,919.1,942.9458333333332,96.62893858430782,13.543966912425821
2024-06-30 07:00:00,65.45,74.36,34.43,0.691,442.96,212.28,54.98,49.08,759.3,7,0,6,30,6,2024,1,0,0.9659258262890684,-0.2588190451025206,-0.7818314824680299,0.6234898018587334,1.2246467991473532e-16,-1.0,753.18,807.91,927.91,941.1894791666668,98.42084691846048,11.601222307104658
2024-06-30 17:00:00,61.96,65.72,37.46,0.589,435.03,192.23,64.07,48.81,740.14,17,0,6,30,6,2024,1,0,-0.9659258262890684,-0.2588190451025206,-0.7818314824680299,0.6234898018587334,1.2246467991473532e-16,-1.0,824.85,878.27,928.24,924.7207291666668,97.66051122714306,11.945448676565526
2024-06-30 18:00:00,64.86,67.82,36.3,0.638,438.53,199.61,60.17,59.4,757.71,18,0,6,30,6,2024,1,0,-1.0,-1.8369701987210294e-16,-0.7818314824680299,0.6234898018587334,1.2246467991473532e-16,-1.0,740.14,886.2,914.74,923.085,99.13339116670286,11.682238667900092
2024-07-06 04:00:00,67.02,68.97,33.57,0.748,462.59,198.71,58.92,56.86,777.08,4,0,5,6,7,2024,1,0,0.8660254037844386,0.5000000000000001,-0.9749279121818236,-0.2225209339563146,-0.4999999999999997,-0.8660254037844388,1120.6933,943.77,919.61,985.8368052083332,75.07069923472412,11.594747836466727
2024-07-06 05:00:00,63.42,69.6,36.36,0.671,430.06,213.63,63.49,59.56,766.74,5,0,5,6,7,2024,1,0,0.9659258262890684,0.2588190451025207,-0.9749279121818236,-0.2225209339563146,-0.4999999999999997,-0.8660254037844388,777.08,860.12,937.71,984.0558677083332,78.1877411800496,12.089877010406811
2024-07-06 06:00:00,67.18,72.5,34.24,0.723,464.7,210.94,56.56,61.04,793.24,6,0,5,6,7,2024,1,0,1.0,6.123233995736766e-17,-0.9749279121818236,-0.2225209339563146,-0.4999999999999997,-0.8660254037844388,766.74,880.2,924.08,982.6929510416668,80.35453934545323,11.807680857398035
2024-07-06 10:00:00,71.95,78.37,32.76,0.747,475.76,229.14,64.14,63.37,832.41,10,0,5,6,7,2024,1,0,0.4999999999999999,-0.8660254037844387,-0.9749279121818236,-0.2225209339563146,-0.4999999999999997,-0.8660254037844388,852.69,793.24,1022.38,975.5782635416668,85.90681497060807,11.569284225156357
2024-07-06 18:00:00,66.51,72.05,33.36,0.754,451.36,221.0,65.76,63.27,801.39,18,0,5,6,7,2024,1,0,-1.0,-1.8369701987210294e-16,-0.9749279121818236,-0.2225209339563146,-0.4999999999999997,-0.8660254037844388,786.36,827.32,894.4,962.2761802083332,91.64848862659407,12.049165539016688
2024-07-06 19:00:00,66.32,77.0,37.81,0.753,459.73,225.94,61.82,58.01,805.49,19,0,5,6,7,2024,1,0,-0.9659258262890684,0.2588190451025203,-0.9749279121818236,-0.2225209339563146,-0.4999999999999997,-0.8660254037844388,801.39,854.47,912.88,961.157534375,92.90454137250111,12.145506634499398
2024-07-06 20:00:00,72.01,75.03,32.95,0.756,482.22,218.48,61.49,68.45,830.63,20,0,5,6,7,2024,1,0,-0.8660254037844386,0.5000000000000001,-0.9749279121818236,-0.2225209339563146,-0.4999999999999997,-0.8660254037844388,805.49,825.72,909.74,960.333471875,93.7127522934756,11.534925704763227
2024-07-07 03:00:00,71.35,68.44,35.16,0.673,470.82,194.94,62.65,61.7,790.11,3,0,6,7,7,2024,1,0,0.7071067811865476,0.7071067811865476,-0.7818314824680299,0.6234898018587334,-0.4999999999999997,-0.8660254037844388,894.96,921.59,927.95,949.0548260416666,94.94570487217275,11.073721093202524
2024-07-07 04:00:00,67.71,72.31,35.27,0.62,456.99,212.11,67.31,59.85,796.25,4,0,6,7,7,2024,1,0,0.8660254037844386,0.5000000000000001,-0.7818314824680299,0.6234898018587334,-0.4999999999999997,-0.8660254037844388,790.11,919.0,948.12,947.472846875,96.21814243986134,11.759710530202334
2024-07-07 05:00:00,66.63,72.11,35.14,0.652,444.65,218.0,67.46,56.57,786.68,5,0,6,7,7,2024,1,0,0.9659258262890684,0.2588190451025207,-0.7818314824680299,0.6234898018587334,-0.4999999999999997,-0.8660254037844388,796.25,867.22,890.22,946.3943052083332,97.4392235791146,11.80669368152484
2024-07-07 06:00:00,65.14,68.43,35.78,0.649,445.38,212.41,65.0,61.74,784.52,6,0,6,7,7,2024,1,0,1.0,6.123233995736766e-17,-0.7818314824680299,0.6234898018587334,-0.4999999999999997,-0.8660254037844388,786.68,894.96,932.59,944.851909375,98.82214577101944,12.043598403438747
2024-07-07 07:00:00,61.67,70.94,34.2,0.72,416.04,201.45,62.06,55.58,735.13,7,0,6,7,7,2024,1,0,0.9659258262890684,-0.2588190451025206,-0.7818314824680299,0.6234898018587334,-0.4999999999999997,-0.8660254037844388,784.52,790.11,966.07,942.446284375,101.08516908603887,11.920382682017188
2024-07-07 08:00:00,67.42,71.57,34.62,0.755,459.69,208.18,66.97,50.05,784.89,8,0,6,7,7,2024,1,0,0.8660254037844387,-0.4999999999999998,-0.7818314824680299,0.6234898018587334,-0.4999999999999997,-0.8660254037844388,735.13,796.25,913.3,941.1086802083332,102.3169893271158,11.641797686146544
2024-07-07 16:00:00,69.16,71.27,35.2,0.693,463.19,211.57,61.8,63.23,799.78,16,0,6,7,7,2024,1,0,-0.8660254037844385,-0.5000000000000004,-0.7818314824680299,0.6234898018587334,-0.4999999999999997,-0.8660254037844388,861.29,951.14,940.11,930.320659375,100.62427225293736,11.564198958935801
2024-07-07 17:00:00,63.05,73.52,33.0,0.732,433.62,222.39,63.58,64.07,783.66,17,0,6,7,7,2024,1,0,-0.9659258262890684,-0.2588190451025206,-0.7818314824680299,0.6234898018587334,-0.4999999999999997,-0.8660254037844388,799.78,909.55,874.64,929.3729510416666,101.57812583046696,12.429183187946075
2024-07-07 18:00:00,64.42,80.75,36.82,0.703,455.08,231.81,67.97,53.19,808.06,18,0,6,7,7,2024,1,0,-1.0,-1.8369701987210294e-16,-0.7818314824680299,0.6234898018587334,-0.4999999999999997,-0.8660254037844388,783.66,851.48,880.6,928.6173260416666,102.2125857317144,12.543619993790747
2024-07-07 19:00:00,69.04,79.1,35.32,0.772,465.99,213.3,59.24,60.26,798.79,19,0,6,7,7,2024,1,0,-0.9659258262890684,0.2588190451025203,-0.7818314824680299,0.6234898018587334,-0.4999999999999997,-0.8660254037844388,808.06,861.29,909.63,927.4627427083332,103.05189529689147,11.569959443800693
2024-07-12 06:00:00,76.93,75.54,35.14,0.772,503.6,229.71,68.02,65.12,866.45,6,0,4,12,7,2024,0,1,1.0,6.123233995736766e-17,-0.433883739117558,-0.9009688679024191,-0.4999999999999997,-0.8660254037844388,878.8,1023.13,849.15,991.2477770833332,71.56721410162618,11.262836344728974
2024-07-13 04:00:00,75.3,73.09,32.84,0.686,503.16,220.59,55.42,66.62,845.79,4,0,5,13,7,2024,1,0,0.8660254037844386,0.5000000000000001,-0.9749279121818236,-0.2225209339563146,-0.4999999999999997,-0.8660254037844388,808.82,861.7,945.02,982.6651729166666,78.0923888432935,11.232270916334661
2024-07-13 05:00:00,64.12,73.36,34.32,0.677,451.99,206.94,60.01,58.67,777.6,5,0,5,13,7,2024,1,0,0.9659258262890684,0.2588190451025207,-0.9749279121818236,-0.2225209339563146,-0.4999999999999997,-0.8660254037844388,845.79,874.1,913.02,981.2545479166666,80.5481393652401,12.127261384903306
2024-07-13 06:00:00,61.49,67.62,34.15,0.646,414.5,194.25,60.97,60.17,729.89,6,0,5,13,7,2024,1,0,1.0,6.123233995736766e-17,-0.9749279121818236,-0.2225209339563146,-0.4999999999999997,-0.8660254037844388,777.6,878.57,902.98,979.4515270833334,84.17434338236401,11.870060172385752
2024-07-13 07:00:00,63.37,70.3,35.25,0.734,432.33,208.26,64.18,58.88,763.65,7,0,5,13,7,2024,1,0,0.9659258262890684,-0.2588190451025206,-0.9749279121818236,-0.2225209339563146,-0.4999999999999997,-0.8660254037844388,729.89,808.82,920.46,977.8180895833332,86.8113239918346,12.050654884014518
2024-07-13 08:00:00,72.25,81.25,35.02,0.744,479.39,229.0,69.0,62.69,840.08,8,0,5,13,7,2024,1,0,0.8660254037844387,-0.4999999999999998,-0.9749279121818236,-0.2225209339563146,-0.4999999999999997,-0.8660254037844388,763.65,845.79,987.06,976.2870479166668,87.93543704363297,11.627404844290657
2024-07-13 16:00:00,71.3,77.38,35.22,0.758,480.94,221.16,68.48,59.42,830.0,16,0,5,13,7,2024,1,0,-0.8660254037844385,-0.5000000000000004,-0.9749279121818236,-0.2225209339563146,-0.4999999999999997,-0.8660254037844388,807.32,895.13,888.93,962.914096875,90.5964233317258,11.640953716690042
2024-07-13 17:00:00,61.04,72.55,33.97,0.702,405.5,213.04,58.7,65.64,742.88,17,0,5,13,7,2024,1,0,-0.9659258262890684,-0.2588190451025206,-0.9749279121818236,-0.2225209339563146,-0.4999999999999997,-0.8660254037844388,830.0,886.74,927.99,960.9858677083334,93.27779727874774,12.17038007863696
2024-07-13 18:00:00,67.04,67.19,33.96,0.725,458.81,192.49,59.43,62.4,773.13,18,0,5,13,7,2024,1,0,-1.0,-1.8369701987210294e-16,-0.9749279121818236,-0.2225209339563146,-0.4999999999999997,-0.8660254037844388,742.88,873.21,869.0,959.987221875,94.7741745963582,11.532368735083532
2024-07-13 19:00:00,61.41,76.54,34.18,0.723,424.83,209.9,66.01,62.57,763.32,19,0,5,13,7,2024,1,0,-0.9659258262890684,0.2588190451025203,-0.9749279121818236,-0.2225209339563146,-0.4999999999999997,-0.8660254037844388,773.13,807.32,915.57,958.401284375,96.7779522393812,12.429897410845141
2024-07-13 20:00:00,72.15,61.97,36.89,0.562,483.99,190.02,56.24,65.65,795.9,20,0,5,13,7,2024,1,0,-0.8660254037844386,0.5000000000000001,-0.9749279121818236,-0.2225209339563146,-0.4999999999999997,-0.8660254037844388,763.32,830.0,919.05,957.118471875,98.11204707662408,11.03118503118503
2024-07-14 07:00:00,61.46,66.16,33.01,0.658,428.91,207.9,68.62,62.28,767.71,7,0,6,14,7,2024,1,0,0.9659258262890684,-0.2588190451025206,-0.7818314824680299,0.6234898018587334,-0.4999999999999997,-0.8660254037844388,755.86,853.39,909.67,942.4805552083334,100.01830863277586,12.49121379759193
2024-07-14 08:00:00,63.6,72.52,34.03,0.695,437.48,211.6,68.63,58.35,776.06,8,0,6,14,7,2024,1,0,0.8660254037844387,-0.4999999999999998,-0.7818314824680299,0.6234898018587334,-0.4999999999999997,-0.8660254037844388,767.71,821.2,990.27,940.2492010416668,101.3218887170786,12.202201257861635
2024-07-14 09:00:00,73.07,72.47,35.63,0.686,482.29,216.56,63.94,56.16,818.95,9,0,6,14,7,2024,1,0,0.7071067811865476,-0.7071067811865475,-0.7818314824680299,0.6234898018587334,-0.4999999999999997,-0.8660254037844388,776.06,827.08,950.68,938.8770135416668,102.06838904436816,11.20774599698919
2024-07-14 16:00:00,71.42,71.41,38.58,0.738,469.42,201.29,69.84,51.37,791.92,16,0,6,14,7,2024,1,0,-0.8660254037844385,-0.5000000000000004,-0.7818314824680299,0.6234898018587334,-0.4999999999999997,-0.8660254037844388,840.95,923.27,956.04,926.8135760416668,98.70137243173372,11.088210585270232
2024-07-14 17:00:00,70.35,75.31,35.31,0.717,471.12,219.62,68.67,52.24,811.64,17,0,6,14,7,2024,1,0,-0.9659258262890684,-0.2588190451025206,-0.7818314824680299,0.6234898018587334,-0.4999999999999997,-0.8660254037844388,791.92,917.6,918.35,925.7020135416666,99.39612366981969,11.537171286425018
2024-07-14 18:00:00,64.26,75.88,34.65,0.733,444.02,220.57,57.86,59.04,781.48,18,0,6,14,7,2024,1,0,-1.0,-1.8369701987210294e-16,-0.7818314824680299,0.6234898018587334,-0.4999999999999997,-0.8660254037844388,811.64,869.85,929.33,924.161909375,100.478859549706,12.161220043572984
2024-07-14 19:00:00,63.38,71.43,33.35,0.712,424.24,212.55,63.33,62.28,762.4,19,0,6,14,7,2024,1,0,-0.9659258262890684,0.2588190451025203,-0.7818314824680299,0.6234898018587334,-0.4999999999999997,-0.8660254037844388,781.48,840.95,905.99,922.6661802083336,101.81210975652915,12.029031240138844
2024-07-14 20:00:00,65.4,70.75,31.91,0.609,450.45,203.32,59.39,51.62,764.78,20,0,6,14,7,2024,1,0,-0.8660254037844386,0.5000000000000001,-0.7818314824680299,0.6234898018587334,-0.4999999999999997,-0.8660254037844388,762.4,791.92,939.43,920.846909375,103.06213381093052,11.693883792048927
2024-07-14 21:00:00,69.22,75.63,35.0,0.732,458.42,212.66,65.65,60.91,797.64,21,0,6,14,7,2024,1,0,-0.7071067811865477,0.7071067811865474,-0.7818314824680299,0.6234898018587334,-0.4999999999999997,-0.8660254037844388,764.78,811.64,1018.25,918.5488885416668,103.32661243364976,11.523259173649235
2024-07-16 19:00:00,82.67,80.53,33.35,0.729,542.34,218.28,63.07,65.73,929.19,19,0,1,16,7,2024,0,1,-0.9659258262890684,0.2588190451025203,0.7818314824680298,0.6234898018587336,-0.4999999999999997,-0.8660254037844388,929.19,997.0,925.04,918.786978125,103.57029490696677,11.239748397242048
2024-07-20 04:00:00,73.07,73.01,34.69,0.727,486.46,218.64,62.94,56.81,824.85,4,0,5,20,7,2024,1,0,0.8660254037844386,0.5000000000000001,-0.9749279121818236,-0.2225209339563146,-0.4999999999999997,-0.8660254037844388,851.55,921.4,907.5,982.0692010416668,71.53590090530189,11.288490488572602
2024-07-20 05:00:00,61.05,71.55,35.15,0.705,427.52,216.03,60.23,64.42,768.21,5,0,5,20,7,2024,1,0,0.9659258262890684,0.2588190451025207,-0.9749279121818236,-0.2225209339563146,-0.4999999999999997,-0.8660254037844388,824.85,907.9,902.69,980.6683677083332,74.36736002243758,12.583292383292385
2024-07-20 06:00:00,67.23,69.01,32.3,0.669,472.87,205.76,57.11,54.83,790.56,6,0,5,20,7,2024,1,0,1.0,6.123233995736766e-17,-0.9749279121818236,-0.2225209339563146,-0.4999999999999997,-0.8660254037844388,768.21,879.53,908.6,979.438784375,76.51625931918456,11.759036144578312
2024-07-20 08:00:00,71.73,68.01,33.77,0.613,482.59,207.33,59.15,53.92,802.99,8,0,5,20,7,2024,1,0,0.8660254037844387,-0.4999999999999998,-0.9749279121818236,-0.2225209339563146,-0.4999999999999997,-0.8660254037844388,790.56,824.85,927.72,976.6654510416666,80.6129456990493,11.194618709047818
2024-07-20 10:00:00,72.98,76.68,33.33,0.756,484.67,224.14,63.94,65.97,838.71,10,0,5,20,7,2024,1,0,0.4999999999999999,-0.8660254037844387,-0.9749279121818236,-0.2225209339563146,-0.4999999999999997,-0.8660254037844388,867.63,790.56,1007.54,973.3536802083332,82.37664367849526,11.492326664839682
2024-07-20 17:00:00,65.56,73.06,33.38,0.771,439.79,226.42,59.55,57.73,783.48,17,0,5,20,7,2024,1,0,-0.9659258262890684,-0.2588190451025206,-0.9749279121818236,-0.2225209339563146,-0.4999999999999997,-0.8660254037844388,773.97,886.06,917.0,960.7220135416666,85.58716800793155,11.95057962172056
2024-07-21 04:00:00,71.5,70.47,32.42,0.677,483.38,212.98,56.69,60.77,813.81,4,0,6,21,7,2024,1,0,0.8660254037844386,0.5000000000000001,-0.7818314824680299,0.6234898018587334,-0.4999999999999997,-0.8660254037844388,884.1,897.24,914.98,943.632846875,89.59520837333685,11.381958041958042
2024-07-21 05:00:00,65.85,69.32,35.13,0.655,449.61,211.99,62.05,69.16,792.81,5,0,6,21,7,2024,1,0,0.9659258262890684,0.2588190451025207,-0.7818314824680299,0.6234898018587334,-0.4999999999999997,-0.8660254037844388,813.81,889.36,957.59,941.9163885416668,90.8940111825343,12.039635535307518
2024-07-21 07:00:00,74.63,78.0,35.35,0.751,481.83,228.04,66.03,57.04,832.95,7,0,6,21,7,2024,1,0,0.9659258262890684,-0.2588190451025206,-0.7818314824680299,0.6234898018587334,-0.4999999999999997,-0.8660254037844388,816.66,884.1,931.01,939.6443052083332,92.4397282251102,11.161061235428113
2024-07-21 16:00:00,69.07,71.58,32.83,0.747,465.78,217.29,62.55,58.18,803.8,16,0,6,21,7,2024,1,0,-0.8660254037844385,-0.5000000000000004,-0.7818314824680299,0.6234898018587334,-0.4999999999999997,-0.8660254037844388,804.09,929.83,1004.11,924.2808677083334,90.79351087666858,11.637469234110323
2024-07-21 18:00:00,64.51,69.09,31.73,0.709,451.17,206.64,54.85,69.85,782.5,18,0,6,21,7,2024,1,0,-1.0,-1.8369701987210294e-16,-0.7818314824680299,0.6234898018587334,-0.4999999999999997,-0.8660254037844388,746.06,865.03,907.71,920.804096875,93.61949006335176,12.129902340722367
2024-07-21 19:00:00,65.11,79.59,33.3,0.731,442.68,228.96,55.11,48.71,775.46,19,0,6,21,7,2024,1,0,-0.9659258262890684,0.2588190451025203,-0.7818314824680299,0.6234898018587334,-0.4999999999999997,-0.8660254037844388,782.5,804.09,893.69,919.572534375,94.75075180850342,11.909998464137614
2024-07-27 04:00:00,72.22,84.52,34.52,0.76,478.97,238.84,66.11,56.94,840.86,4,0,5,27,7,2024,1,0,0.8660254037844386,0.5000000000000001,-0.9749279121818236,-0.2225209339563146,-0.4999999999999997,-0.8660254037844388,819.18,901.51,957.7,987.0036802083332,76.69495366400173,11.643035170312933
2024-07-27 06:00:00,66.98,77.08,33.52,0.734,454.34,211.55,60.37,60.07,786.33,6,0,5,27,7,2024,1,0,1.0,6.123233995736766e-17,-0.9749279121818236,-0.2225209339563146,-0.4999999999999997,-0.8660254037844388,814.76,848.76,903.46,984.9573260416668,80.31008721741466,11.739773066587041
2024-07-27 07:00:00,61.86,70.43,35.74,0.711,433.01,208.8,71.23,58.32,771.36,7,0,5,27,7,2024,1,0,0.9659258262890684,-0.2588190451025206,-0.9749279121818236,-0.2225209339563146,-0.4999999999999997,-0.8660254037844388,786.33,819.18,880.53,983.8201385416666,82.54613159038902,12.469447138700291
2024-07-27 08:00:00,67.68,83.34,32.62,0.766,446.14,233.26,53.88,63.35,796.63,8,0,5,27,7,2024,1,0,0.8660254037844387,-0.4999999999999998,-0.9749279121818236,-0.2225209339563146,-0.4999999999999997,-0.8660254037844388,771.36,840.86,974.71,981.9651385416668,84.72518297065808,11.770537825059101
2024-07-27 10:00:00,73.44,74.92,36.16,0.681,507.54,207.24,68.08,53.73,836.59,10,0,5,27,7,2024,1,0,0.4999999999999999,-0.8660254037844387,-0.9749279121818236,-0.2225209339563146,-0.4999999999999997,-0.8660254037844388,830.08,786.33,1042.56,977.9436802083334,87.06483551207316,11.391476034858389
2024-07-27 16:00:00,66.44,68.6,35.18,0.709,447.49,210.16,53.67,72.75,784.07,16,0,5,27,7,2024,1,0,-0.8660254037844385,-0.5000000000000004,-0.9749279121818236,-0.2225209339563146,-0.4999999999999997,-0.8660254037844388,822.1,905.87,997.38,965.957221875,90.095652397473,11.801173991571345
2024-07-27 17:00:00,64.69,72.82,33.13,0.723,461.0,214.53,55.71,70.74,801.98,17,0,5,27,7,2024,1,0,-0.9659258262890684,-0.2588190451025206,-0.9749279121818236,-0.2225209339563146,-0.4999999999999997,-0.8660254037844388,784.07,858.46,934.03,964.5817010416667,91.58396029753484,12.397279332199723
2024-07-27 18:00:00,70.14,76.57,31.63,0.744,491.67,218.14,54.67,56.46,820.94,18,0,5,27,7,2024,1,0,-1.0,-1.8369701987210294e-16,-0.9749279121818236,-0.2225209339563146,-0.4999999999999997,-0.8660254037844388,801.98,879.83,841.58,964.3667010416668,91.89943884360729,11.704305674365555
2024-07-27 19:00:00,68.19,64.2,36.04,0.665,458.84,207.61,66.54,69.51,802.51,19,0,5,27,7,2024,1,0,-0.9659258262890684,0.2588190451025203,-0.9749279121818236,-0.2225209339563146,-0.4999999999999997,-0.8660254037844388,820.94,822.1,937.17,962.9639927083334,93.33539939371543,11.768734418536443
2024-07-27 20:00:00,69.41,74.02,32.32,0.735,474.03,211.63,62.42,59.8,807.88,20,0,5,27,7,2024,1,0,-0.8660254037844386,0.5000000000000001,-0.9749279121818236,-0.2225209339563146,-0.4999999999999997,-0.8660254037844388,802.51,784.07,979.52,961.1760760416668,94.64961753745756,11.639245065552515
2024-07-28 05:00:00,62.32,67.44,33.15,0.691,433.81,202.49,66.56,65.09,767.95,5,0,6,28,7,2024,1,0,0.9659258262890684,0.2588190451025207,-0.7818314824680299,0.6234898018587334,-0.4999999999999997,-0.8660254037844388,824.02,934.54,907.13,944.2963541666668,94.25682005334242,12.322689345314506
2024-07-28 06:00:00,63.01,69.91,31.94,0.697,425.54,205.17,60.2,58.19,749.1,6,0,6,28,7,2024,1,0,1.0,6.123233995736766e-17,-0.7818314824680299,0.6234898018587334,-0.4999999999999997,-0.8660254037844388,767.95,872.78,919.81,942.518125,96.31153101770248,11.888589112839233
2024-07-28 07:00:00,58.86,69.17,33.82,0.764,398.53,204.36,55.98,51.78,710.64,7,0,6,28,7,2024,1,0,0.9659258262890684,-0.2588190451025206,-0.7818314824680299,0.6234898018587334,-0.4999999999999997,-0.8660254037844388,749.1,848.68,922.91,940.3069791666668,99.16096282116658,12.073394495412844
2024-07-28 14:00:00,75.68,73.74,33.5,0.765,498.35,208.87,60.67,68.99,836.87,14,0,6,28,7,2024,1,0,-0.4999999999999997,-0.8660254037844388,-0.7818314824680299,0.6234898018587334,-0.4999999999999997,-0.8660254037844388,905.16,843.52,1001.74,928.1159375,95.9435252699065,11.058007399577166
2024-07-28 18:00:00,66.61,69.3,33.22,0.664,437.99,210.45,56.7,55.52,760.66,18,0,6,28,7,2024,1,0,-1.0,-1.8369701987210294e-16,-0.7818314824680299,0.6234898018587334,-0.4999999999999997,-0.8660254037844388,802.99,836.87,910.46,922.3035416666668,98.28154918106382,11.419606665665816
2024-07-28 20:00:00,78.12,77.05,35.96,0.753,515.18,227.96,64.55,60.02,867.72,20,0,6,28,7,2024,1,0,-0.8660254037844386,0.5000000000000001,-0.7818314824680299,0.6234898018587334,-0.4999999999999997,-0.8660254037844388,849.11,838.52,956.43,921.0755208333334,98.55375533307814,11.10752688172043
2024-08-03 05:00:00,69.15,71.64,32.9,0.655,472.47,211.36,61.01,61.58,806.43,5,0,5,3,8,2024,1,0,0.9659258262890684,0.2588190451025207,-0.9749279121818236,-0.2225209339563146,-0.8660254037844385,-0.5000000000000004,853.38,852.3,893.55,980.1058677083332,76.64125877988182,11.662039045553144
2024-08-03 06:00:00,61.74,60.87,34.43,0.585,431.16,189.19,65.19,68.12,753.65,6,0,5,3,8,2024,1,0,1.0,6.123233995736766e-17,-0.9749279121818236,-0.2225209339563146,-0.8660254037844385,-0.5000000000000004,806.43,862.46,877.66,978.814096875,79.3822036073203,12.206835114998379
2024-08-03 07:00:00,64.65,61.84,32.63,0.6,444.25,181.47,69.27,56.27,751.26,7,0,5,3,8,2024,1,0,0.9659258262890684,-0.2588190451025206,-0.9749279121818236,-0.2225209339563146,-0.8660254037844385,-0.5000000000000004,753.65,869.94,923.75,977.0173260416668,82.53131086515813,11.620417633410671
2024-08-03 09:00:00,70.49,75.01,34.23,0.731,477.81,216.53,65.61,55.63,815.58,9,0,5,3,8,2024,1,0,0.7071067811865476,-0.7071067811865475,-0.9749279121818236,-0.2225209339563146,-0.8660254037844385,-0.5000000000000004,817.69,806.43,955.55,973.9007635416666,85.66388086548774,11.570151794580793
2024-08-03 16:00:00,64.17,66.9,31.46,0.633,445.48,202.5,49.23,68.83,766.05,16,0,5,3,8,2024,1,0,-0.8660254037844385,-0.5000000000000004,-0.9749279121818236,-0.2225209339563146,-0.8660254037844385,-0.5000000000000004,864.89,908.0,942.71,960.6330552083332,87.92463479778881,11.937821411874706
2024-08-03 17:00:00,57.85,65.0,32.5,0.633,408.23,202.42,55.62,62.85,729.12,17,0,5,3,8,2024,1,0,-0.9659258262890684,-0.2588190451025206,-0.9749279121818236,-0.2225209339563146,-0.8660254037844385,-0.5000000000000004,766.05,882.08,902.21,958.830034375,90.86099214484372,12.60363007778738
2024-08-04 05:00:00,72.18,78.93,32.38,0.721,487.32,222.2,56.07,53.91,819.5,5,0,6,4,8,2024,1,0,0.9659258262890684,0.2588190451025207,-0.7818314824680299,0.6234898018587334,-0.8660254037844385,-0.5000000000000004,805.77,862.74,945.05,939.9907635416666,95.29671868625802,11.353560543086726
2024-08-04 06:00:00,61.21,67.45,30.45,0.756,423.53,204.73,56.16,45.48,729.89,6,0,6,4,8,2024,1,0,1.0,6.123233995736766e-17,-0.7818314824680299,0.6234898018587334,-0.8660254037844385,-0.5000000000000004,819.5,891.31,885.11,938.3738885416666,97.5283277375194,11.924358764907694
2024-08-04 07:00:00,65.09,74.29,31.77,0.742,461.2,221.19,59.19,64.77,806.35,7,0,6,4,8,2024,1,0,0.9659258262890684,-0.2588190451025206,-0.7818314824680299,0.6234898018587334,-0.8660254037844385,-0.5000000000000004,729.89,864.05,896.19,937.4380552083334,98.36480698201248,12.388231679213396
2024-08-04 10:00:00,73.24,73.74,32.97,0.703,485.39,218.32,62.18,62.04,827.93,10,0,6,4,8,2024,1,0,0.4999999999999999,-0.8660254037844387,-0.7818314824680299,0.6234898018587334,-0.8660254037844385,-0.5000000000000004,847.43,729.89,1026.47,932.946284375,99.53287455697291,11.304341889677772
2024-08-04 16:00:00,68.05,70.69,34.02,0.767,449.53,222.93,61.25,63.87,797.58,16,0,6,4,8,2024,1,0,-0.8660254037844385,-0.5000000000000004,-0.7818314824680299,0.6234898018587334,-0.8660254037844385,-0.5000000000000004,847.13,905.48,941.4,921.8695135416668,95.62318117431889,11.720499632623072
2024-08-04 17:00:00,63.22,73.41,34.3,0.705,437.22,210.34,66.87,55.89,770.32,17,0,6,4,8,2024,1,0,-0.9659258262890684,-0.2588190451025206,-0.7818314824680299,0.6234898018587334,-0.8660254037844385,-0.5000000000000004,797.58,913.35,936.48,920.1386802083332,96.85184058646524,12.184751660866816
2024-08-10 03:00:00,73.98,75.63,34.24,0.752,488.28,220.29,64.74,67.35,840.66,3,0,5,10,8,2024,1,0,0.7071067811865476,0.7071067811865476,-0.9749279121818236,-0.2225209339563146,-0.8660254037844385,-0.5000000000000004,864.98,1082.19,1063.61,980.4176041666666,70.14315777480412,11.363341443633413
2024-08-10 04:00:00,70.4,67.74,33.43,0.765,468.84,202.96,55.39,63.92,791.11,4,0,5,10,8,2024,1,0,0.8660254037844386,0.5000000000000001,-0.9749279121818236,-0.2225209339563146,-0.8660254037844385,-0.5000000000000004,840.66,906.91,923.61,979.0373958333332,72.53553269724905,11.237357954545454
2024-08-10 05:00:00,70.03,73.02,33.04,0.716,464.69,212.62,64.61,70.0,811.92,5,0,5,10,8,2024,1,0,0.9659258262890684,0.2588190451025207,-0.9749279121818236,-0.2225209339563146,-0.8660254037844385,-0.5000000000000004,791.11,822.49,939.98,977.7034375000002,74.41457482917585,11.593888333571325
2024-08-10 06:00:00,60.66,69.83,33.86,0.681,421.94,210.57,64.4,55.57,752.48,6,0,5,10,8,2024,1,0,1.0,6.123233995736766e-17,-0.9749279121818236,-0.2225209339563146,-0.8660254037844385,-0.5000000000000004,811.92,864.98,927.44,975.8809375,77.72729446872606,12.404879657105177
2024-08-10 07:00:00,63.27,68.49,29.72,0.591,431.32,198.69,55.3,64.86,750.18,7,0,5,10,8,2024,1,0,0.9659258262890684,-0.2588190451025206,-0.9749279121818236,-0.2225209339563146,-0.8660254037844385,-0.5000000000000004,752.48,840.66,925.38,974.0559375,80.91687726599855,11.856804172593645
2024-08-10 09:00:00,71.79,80.49,32.75,0.769,477.59,228.36,59.85,69.47,835.26,9,0,5,10,8,2024,1,0,0.7071067811865476,-0.7071067811865475,-0.9749279121818236,-0.2225209339563146,-0.8660254037844385,-0.5000000000000004,793.64,811.92,960.02,971.3607291666668,84.0288144970456,11.634768073547846
2024-08-10 19:00:00,56.45,70.56,32.98,0.748,391.95,210.54,53.76,51.5,707.76,19,0,5,10,8,2024,1,0,-0.9659258262890684,0.2588190451025203,-0.9749279121818236,-0.2225209339563146,-0.8660254037844385,-0.5000000000000004,800.55,829.49,929.35,954.8194791666666,91.65458734745047,12.537821080602303
2024-08-11 04:00:00,62.85,74.14,33.66,0.767,427.02,220.7,56.58,58.82,763.12,4,0,6,11,8,2024,1,0,0.8660254037844386,0.5000000000000001,-0.7818314824680299,0.6234898018587334,-0.8660254037844385,-0.5000000000000004,863.51,911.44,975.09,940.7232291666668,95.00408538024352,12.14192521877486
2024-08-11 05:00:00,61.64,78.83,31.67,0.759,431.61,227.05,55.56,63.6,777.82,5,0,6,11,8,2024,1,0,0.9659258262890684,0.2588190451025207,-0.7818314824680299,0.6234898018587334,-0.8660254037844385,-0.5000000000000004,763.12,929.26,891.41,939.54,96.32292218858169,12.618754055807917
2024-08-11 06:00:00,56.52,64.32,30.97,0.626,409.17,197.8,61.54,60.55,729.07,6,0,6,11,8,2024,1,0,1.0,6.123233995736766e-17,-0.7818314824680299,0.6234898018587334,-0.8660254037844385,-0.5000000000000004,777.82,845.45,920.77,937.543125,98.6745055466132,12.899327671620666
2024-08-11 07:00:00,64.16,67.73,31.74,0.687,432.75,205.49,55.7,60.15,754.09,7,0,6,11,8,2024,1,0,0.9659258262890684,-0.2588190451025206,-0.7818314824680299,0.6234898018587334,-0.8660254037844385,-0.5000000000000004,729.07,863.51,934.89,935.6597916666666,100.43536898480632,11.753273067331673
2024-08-11 08:00:00,69.19,61.2,35.49,0.696,455.58,194.72,64.44,61.16,775.89,8,0,6,11,8,2024,1,0,0.8660254037844387,-0.4999999999999998,-0.7818314824680299,0.6234898018587334,-0.8660254037844385,-0.5000000000000004,754.09,763.12,965.29,933.686875,101.69949460426687,11.213903743315509
2024-08-11 09:00:00,75.46,76.26,32.98,0.727,506.05,229.37,55.74,58.35,849.51,9,0,6,11,8,2024,1,0,0.7071067811865476,-0.7071067811865475,-0.7818314824680299,0.6234898018587334,-0.8660254037844385,-0.5000000000000004,775.89,777.82,995.43,932.166875,101.85730569165524,11.257752451630003
2024-08-11 11:00:00,81.03,77.46,32.37,0.721,529.12,239.63,62.0,62.83,893.57,11,0,6,11,8,2024,1,0,0.258819045102521,-0.9659258262890682,-0.7818314824680299,0.6234898018587334,-0.8660254037844385,-0.5000000000000004,905.69,754.09,1057.92,928.9603125,100.38434594311882,11.027644082438604
2024-08-11 15:00:00,73.79,70.08,31.39,0.722,491.73,204.71,58.68,63.32,818.44,15,0,6,11,8,2024,1,0,-0.7071067811865471,-0.7071067811865479,-0.7818314824680299,0.6234898018587334,-0.8660254037844385,-0.5000000000000004,909.13,893.57,1041.23,920.6719791666668,96.60200109750176,11.091475809730316
2024-08-11 17:00:00,71.61,65.91,33.31,0.621,488.86,202.23,60.67,68.5,820.27,17,0,6,11,8,2024,1,0,-0.9659258262890684,-0.2588190451025206,-0.7818314824680299,0.6234898018587334,-0.8660254037844385,-0.5000000000000004,795.82,839.8,918.35,918.4228125,97.96150173681976,11.45468509984639
2024-08-11 18:00:00,58.78,72.86,34.14,0.754,415.32,216.4,63.25,63.48,758.44,18,0,6,11,8,2024,1,0,-1.0,-1.8369701987210294e-16,-0.7818314824680299,0.6234898018587334,-0.8660254037844385,-0.5000000000000004,820.27,909.13,875.54,917.2030208333334,99.22202802030787,12.903028240898266
2024-08-11 19:00:00,60.75,74.0,36.22,0.746,426.22,212.67,63.56,59.76,762.2,19,0,6,11,8,2024,1,0,-0.9659258262890684,0.2588190451025203,-0.7818314824680299,0.6234898018587334,-0.8660254037844385,-0.5000000000000004,758.44,818.44,921.81,915.5404166666668,100.47337296823504,12.54650205761317
2024-08-17 05:00:00,67.39,73.29,28.62,0.698,466.39,206.46,51.29,55.08,779.23,5,0,5,17,8,2024,1,0,0.9659258262890684,0.2588190451025207,-0.9749279121818236,-0.2225209339563146,-0.8660254037844385,-0.5000000000000004,800.74,900.26,912.86,978.9223958333332,78.99968483274898,11.562991541771776
2024-08-17 06:00:00,64.41,74.5,33.9,0.716,447.79,217.82,65.72,53.35,784.69,6,0,5,17,8,2024,1,0,1.0,6.123233995736766e-17,-0.9749279121818236,-0.2225209339563146,-0.8660254037844385,-0.5000000000000004,779.23,852.35,876.67,977.9642708333334,80.79035977854875,12.182735600062104
2024-08-17 07:00:00,59.73,74.41,32.22,0.725,413.7,220.48,61.26,61.62,757.07,7,0,5,17,8,2024,1,0,0.9659258262890684,-0.2588190451025206,-0.9749279121818236,-0.2225209339563146,-0.8660254037844385,-0.5000000000000004,784.69,866.43,944.36,976.0133333333332,83.8151131286735,12.674870249455886
2024-08-17 15:00:00,77.91,83.7,31.32,0.691,510.01,240.39,57.05,61.99,869.44,15,0,5,17,8,2024,1,0,-0.7071067811865471,-0.7071067811865479,-0.9749279121818236,-0.2225209339563146,-0.8660254037844385,-0.5000000000000004,873.85,845.25,990.64,961.960625,88.26378267577917,11.159543062508023
2024-08-17 16:00:00,71.93,69.05,30.4,0.713,472.96,207.84,54.92,61.07,796.8,16,0,5,17,8,2024,1,0,-0.8660254037844385,-0.5000000000000004,-0.9749279121818236,-0.2225209339563146,-0.8660254037844385,-0.5000000000000004,869.44,888.23,930.31,960.5698958333334,89.80608643651048,11.077436396496593
2024-08-17 17:00:00,66.29,62.68,32.41,0.635,449.24,197.81,52.94,55.95,755.94,17,0,5,17,8,2024,1,0,-0.9659258262890684,-0.2588190451025206,-0.9749279121818236,-0.2225209339563146,-0.8660254037844385,-0.5000000000000004,796.8,885.82,850.38,959.5861458333334,91.5266039019883,11.403529944184642
2024-08-17 18:00:00,68.53,81.81,30.0,0.724,463.64,234.25,52.28,55.84,806.01,18,0,5,17,8,2024,1,0,-1.0,-1.8369701987210294e-16,-0.9749279121818236,-0.2225209339563146,-0.8660254037844385,-0.5000000000000004,755.94,873.85,862.63,958.9963541666666,92.33680171974474,11.761418356923974
2024-08-17 19:00:00,59.18,72.15,34.42,0.742,411.0,220.2,61.32,61.9,754.42,19,0,5,17,8,2024,1,0,-0.9659258262890684,0.2588190451025203,-0.9749279121818236,-0.2225209339563146,-0.8660254037844385,-0.5000000000000004,806.01,869.44,864.98,957.8446875,94.19258837703092,12.747887799932409
2024-08-18 03:00:00,72.54,74.29,30.16,0.763,474.33,208.91,53.35,65.79,802.38,3,0,6,18,8,2024,1,0,0.7071067811865476,0.7071067811865476,-0.7818314824680299,0.6234898018587334,-0.8660254037844385,-0.5000000000000004,893.55,863.99,1005.88,941.8480208333334,94.15786672694006,11.061207609594705
2024-08-18 04:00:00,65.95,71.08,33.23,0.762,448.02,223.03,59.28,58.47,788.81,4,0,6,18,8,2024,1,0,0.8660254037844386,0.5000000000000001,-0.7818314824680299,0.6234898018587334,-0.8660254037844385,-0.5000000000000004,802.38,847.59,916.88,940.5139583333332,95.4142352667321,11.960727824109172
2024-08-18 05:00:00,62.81,61.33,32.64,0.508,436.85,186.45,57.11,55.14,735.54,5,0,6,18,8,2024,1,0,0.9659258262890684,0.2588190451025207,-0.7818314824680299,0.6234898018587334,-0.8660254037844385,-0.5000000000000004,788.81,906.82,874.99,939.0613541666668,97.46182067725849,11.71055564400573
2024-08-18 06:00:00,68.22,77.08,30.95,0.759,483.33,223.59,51.18,55.63,813.72,6,0,6,18,8,2024,1,0,1.0,6.123233995736766e-17,-0.7818314824680299,0.6234898018587334,-0.8660254037844385,-0.5000000000000004,735.54,893.55,880.32,938.3676041666666,98.1191714272404,11.92788038698329
2024-08-18 07:00:00,65.31,73.96,30.08,0.586,429.67,214.09,58.44,55.62,757.82,7,0,6,18,8,2024,1,0,0.9659258262890684,-0.2588190451025206,-0.7818314824680299,0.6234898018587334,-0.8660254037844385,-0.5000000000000004,813.72,802.38,883.71,937.05625,99.68609777169316,11.603429796355842
2024-08-18 08:00:00,68.66,73.36,31.89,0.646,453.7,214.54,55.98,57.41,781.62,8,0,6,18,8,2024,1,0,0.8660254037844387,-0.4999999999999998,-0.7818314824680299,0.6234898018587334,-0.8660254037844385,-0.5000000000000004,757.82,788.81,959.75,935.2007291666667,100.90955387709052,11.3839207690067
2024-08-18 16:00:00,65.15,70.84,33.33,0.66,454.22,213.93,56.48,54.52,779.15,16,0,6,18,8,2024,1,0,-0.8660254037844385,-0.5000000000000004,-0.7818314824680299,0.6234898018587334,-0.8660254037844385,-0.5000000000000004,913.78,907.11,905.79,922.5011458333332,98.08141480551916,11.959324635456637
2024-08-18 17:00:00,63.84,67.53,29.92,0.639,449.84,210.82,45.68,53.69,760.03,17,0,6,18,8,2024,1,0,-0.9659258262890684,-0.2588190451025206,-0.7818314824680299,0.6234898018587334,-0.8660254037844385,-0.5000000000000004,779.15,891.66,893.35,921.1123958333334,99.43305122167531,11.905231829573934
2024-08-18 20:00:00,76.13,78.78,31.65,0.734,502.73,227.63,53.38,59.3,843.03,20,0,6,18,8,2024,1,0,-0.8660254037844386,0.5000000000000001,-0.7818314824680299,0.6234898018587334,-0.8660254037844385,-0.5000000000000004,828.13,779.15,975.12,917.9560416666668,101.21606633938802,11.073558386969658
2024-08-20 19:00:00,76.05,68.9,29.67,0.744,501.6,215.44,54.13,69.7,840.88,19,0,1,20,8,2024,0,1,-0.9659258262890684,0.2588190451025203,0.7818314824680298,0.6234898018587336,-0.8660254037844385,-0.5000000000000004,878.84,987.34,923.5,909.3802427083332,99.13765998805792,11.056936226166997
2024-08-24 04:00:00,62.45,67.41,30.51,0.719,426.97,191.24,55.09,68.46,741.76,4,0,5,24,8,2024,1,0,0.8660254037844386,0.5000000000000001,-0.9749279121818236,-0.2225209339563146,-0.8660254037844385,-0.5000000000000004,843.62,881.43,931.47,976.154721875,77.67965444760965,11.877662129703761
2024-08-24 05:00:00,70.59,80.52,35.41,0.718,469.71,228.19,67.29,57.52,822.71,5,0,5,24,8,2024,1,0,0.9659258262890684,0.2588190451025207,-0.9749279121818236,-0.2225209339563146,-0.8660254037844385,-0.5000000000000004,741.76,866.86,888.46,975.4698260416668,78.74356210677425,11.65476696415923
2024-08-24 07:00:00,65.44,68.91,29.49,0.748,440.23,216.41,49.98,56.6,763.22,7,0,5,24,8,2024,1,0,0.9659258262890684,-0.2588190451025206,-0.9749279121818236,-0.2225209339563146,-0.8660254037844385,-0.5000000000000004,809.66,843.62,877.35,973.8386802083334,81.8533284249919,11.662897310513449
2024-08-24 08:00:00,66.81,80.64,32.03,0.767,462.48,226.21,50.32,62.69,801.7,8,0,5,24,8,2024,1,0,0.8660254037844387,-0.4999999999999998,-0.9749279121818236,-0.2225209339563146,-0.8660254037844385,-0.5000000000000004,763.22,741.76,926.99,972.5335760416666,83.58861106251713,11.999700643616226
2024-08-24 10:00:00,75.35,78.63,29.75,0.723,502.86,226.45,51.1,58.05,838.47,10,0,5,24,8,2024,1,0,0.4999999999999999,-0.8660254037844387,-0.9749279121818236,-0.2225209339563146,-0.8660254037844385,-0.5000000000000004,888.28,809.66,982.2,969.945659375,85.08121017661749,11.12767086927671
2024-08-24 15:00:00,73.01,70.83,29.53,0.724,475.41,211.17,63.81,59.72,810.1,15,0,5,24,8,2024,1,0,-0.7071067811865471,-0.7071067811865479,-0.9749279121818236,-0.2225209339563146,-0.8660254037844385,-0.5000000000000004,886.76,838.47,987.34,959.539375,84.1189085047269,11.095740309546636
2024-08-24 16:00:00,65.57,79.06,29.79,0.75,450.28,232.86,53.55,65.97,802.66,16,0,5,24,8,2024,1,0,-0.8660254037844385,-0.5000000000000004,-0.9749279121818236,-0.2225209339563146,-0.8660254037844385,-0.5000000000000004,810.1,907.95,947.84,958.0270833333332,85.62303129559187,12.241268872960196
2024-08-24 17:00:00,63.89,74.82,30.72,0.718,442.08,213.6,54.77,68.19,778.64,17,0,5,24,8,2024,1,0,-0.9659258262890684,-0.2588190451025206,-0.9749279121818236,-0.2225209339563146,-0.8660254037844385,-0.5000000000000004,802.66,914.68,889.49,956.8723958333334,87.2882839035768,12.187196744404444
2024-08-24 18:00:00,59.72,75.48,31.49,0.646,412.95,214.93,53.73,62.65,744.25,18,0,5,24,8,2024,1,0,-1.0,-1.8369701987210294e-16,-0.9749279121818236,-0.2225209339563146,-0.8660254037844385,-0.5000000000000004,778.64,886.76,878.84,955.4704166666668,89.6049084759464,12.462324179504353
2024-08-24 20:00:00,67.12,71.49,30.94,0.762,442.95,206.81,60.64,67.91,778.31,20,0,5,24,8,2024,1,0,-0.8660254037844386,0.5000000000000001,-0.9749279121818236,-0.2225209339563146,-0.8660254037844385,-0.5000000000000004,793.68,802.66,966.36,953.0198958333334,92.13803630246036,11.595798569725863
2024-08-24 21:00:00,69.02,69.79,29.79,0.673,457.7,206.21,52.03,47.37,763.32,21,0,5,24,8,2024,1,0,-0.7071067811865477,0.7071067811865474,-0.9749279121818236,-0.2225209339563146,-0.8660254037844385,-0.5000000000000004,778.31,778.64,1023.84,950.3061458333332,93.85084817910088,11.059403071573458
2024-08-25 03:00:00,68.01,74.76,30.46,0.721,464.75,219.69,55.07,57.67,797.18,3,0,6,25,8,2024,1,0,0.7071067811865476,0.7071067811865476,-0.7818314824680299,0.6234898018587334,-0.8660254037844385,-0.5000000000000004,869.23,881.88,960.04,939.359375,91.95595127202084,11.721511542420231
2024-08-25 04:00:00,70.7,74.88,33.73,0.671,479.84,211.71,68.47,62.78,822.8,4,0,6,25,8,2024,1,0,0.8660254037844386,0.5000000000000001,-0.7818314824680299,0.6234898018587334,-0.8660254037844385,-0.5000000000000004,797.18,878.61,951.83,938.0153124999998,92.71162759022076,11.637906647807636
2024-08-25 05:00:00,61.07,74.55,33.27,0.754,426.35,221.22,61.89,65.79,775.25,5,0,6,25,8,2024,1,0,0.9659258262890684,0.2588190451025207,-0.7818314824680299,0.6234898018587334,-0.8660254037844385,-0.5000000000000004,822.8,897.16,910.73,936.6040625,94.15129046356236,12.6944489929589
2024-08-25 06:00:00,70.59,71.96,32.07,0.728,469.86,211.2,53.66,63.74,798.47,6,0,6,25,8,2024,1,0,1.0,6.123233995736766e-17,-0.7818314824680299,0.6234898018587334,-0.8660254037844385,-0.5000000000000004,775.25,869.23,886.9,935.6829166666666,95.07079304576676,11.311375548944609
2024-08-25 07:00:00,67.35,62.69,29.89,0.578,452.31,193.07,56.74,60.31,762.43,7,0,6,25,8,2024,1,0,0.9659258262890684,-0.2588190451025206,-0.7818314824680299,0.6234898018587334,-0.8660254037844385,-0.5000000000000004,798.47,797.18,917.27,934.07,96.68620345709874,11.320415738678545
2024-08-25 08:00:00,67.78,76.24,31.79,0.736,450.42,230.49,56.26,65.17,802.34,8,0,6,25,8,2024,1,0,0.8660254037844387,-0.4999999999999998,-0.7818314824680299,0.6234898018587334,-0.8660254037844385,-0.5000000000000004,762.43,822.8,926.54,932.77625,97.61452073010724,11.837415166715846
2024-08-25 15:00:00,72.58,75.66,29.87,0.751,481.27,220.64,54.53,54.0,810.44,15,0,6,25,8,2024,1,0,-0.7071067811865471,-0.7071067811865479,-0.7818314824680299,0.6234898018587334,-0.8660254037844385,-0.5000000000000004,863.88,916.74,966.03,920.8563541666666,95.57221209359314,11.166161476990908
2024-08-25 16:00:00,68.0,83.11,29.58,0.755,463.22,233.8,54.59,54.55,806.15,16,0,6,25,8,2024,1,0,-0.8660254037844385,-0.5000000000000004,-0.7818314824680299,0.6234898018587334,-0.8660254037844385,-0.5000000000000004,810.44,876.27,969.41,919.1557291666668,96.14993669149516,11.85514705882353
2024-08-25 17:00:00,56.91,63.72,31.25,0.727,393.22,194.79,54.6,56.87,699.48,17,0,6,25,8,2024,1,0,-0.9659258262890684,-0.2588190451025206,-0.7818314824680299,0.6234898018587334,-0.8660254037844385,-0.5000000000000004,806.15,876.27,904.61,917.0189583333332,98.72153889100784,12.290985767000528
2024-08-25 19:00:00,66.45,73.39,31.96,0.694,442.33,213.92,61.9,59.02,777.17,19,0,6,25,8,2024,1,0,-0.9659258262890684,0.2588190451025203,-0.7818314824680299,0.6234898018587334,-0.8660254037844385,-0.5000000000000004,800.6,810.44,928.81,914.4322916666666,100.40993040090216,11.69556057185854
2024-08-25 20:00:00,66.28,63.96,29.19,0.662,448.36,191.48,50.9,60.65,751.4,20,0,6,25,8,2024,1,0,-0.8660254037844386,0.5000000000000001,-0.7818314824680299,0.6234898018587334,-0.8660254037844385,-0.5000000000000004,777.17,806.15,956.87,912.2919791666668,101.67768687190214,11.336753168376584
2024-08-31 04:00:00,61.76,71.69,32.05,0.737,409.27,210.42,57.94,63.57,741.2,4,0,5,31,8,2024,1,0,0.8660254037844386,0.5000000000000001,-0.9749279121818236,-0.2225209339563146,-0.8660254037844385,-0.5000000000000004,791.17,895.95,964.66,972.8536104166668,80.52999827187327,12.001295336787566
2024-08-31 06:00:00,58.84,61.33,27.93,0.618,414.65,191.19,54.47,62.74,723.05,6,0,5,31,8,2024,1,0,1.0,6.123233995736766e-17,-0.9749279121818236,-0.2225209339563146,-0.8660254037844385,-0.5000000000000004,831.82,877.95,923.49,970.2257979166668,85.05837089896745,12.288409245411284
2024-08-31 15:00:00,71.02,70.84,28.78,0.728,468.9,222.54,52.5,62.38,806.31,15,0,5,31,8,2024,1,0,-0.7071067811865471,-0.7071067811865479,-0.9749279121818236,-0.2225209339563146,-0.8660254037844385,-0.5000000000000004,927.73,852.81,961.97,957.1813187499998,90.85532595615128,11.353280765981413
2024-08-31 16:00:00,65.69,71.57,27.05,0.655,461.96,215.36,49.38,57.71,784.41,16,0,5,31,8,2024,1,0,-0.8660254037844385,-0.5000000000000004,-0.9749279121818236,-0.2225209339563146,-0.8660254037844385,-0.5000000000000004,806.31,898.13,956.23,955.3915270833332,92.55081538825544,11.941086923428223
2024-08-31 19:00:00,63.38,72.32,29.37,0.718,440.12,213.7,52.75,67.07,773.65,19,0,5,31,8,2024,1,0,-0.9659258262890684,0.2588190451025203,-0.9749279121818236,-0.2225209339563146,-0.8660254037844385,-0.5000000000000004,783.15,806.31,881.32,952.2246520833332,96.83165015135056,12.206532029031239
2024-08-31 21:00:00,71.09,75.76,29.31,0.769,483.91,223.63,56.27,57.52,821.34,21,0,5,31,8,2024,1,0,-0.7071067811865477,0.7071067811865474,-0.9749279121818236,-0.2225209339563146,-0.8660254037844385,-0.5000000000000004,838.26,772.29,962.99,949.4184020833331,98.3983208318797,11.553523702349136
2024-09-01 03:00:00,72.47,79.31,29.79,0.68,477.82,229.49,58.4,57.17,822.89,3,0,6,1,9,2024,1,0,0.7071067811865476,0.7071067811865476,-0.7818314824680299,0.6234898018587334,-1.0,-1.8369701987210294e-16,890.1,866.43,976.13,937.3026729166668,96.85632318482592,11.354905478128881
2024-09-01 06:00:00,62.41,70.33,30.96,0.683,425.68,217.87,52.62,58.57,754.74,6,0,6,1,9,2024,1,0,1.0,6.123233995736766e-17,-0.7818314824680299,0.6234898018587334,-1.0,-1.8369701987210294e-16,819.1,890.1,911.19,933.6929854166666,99.59806237632152,12.093254286172089
2024-09-01 07:00:00,58.08,65.0,27.5,0.646,415.34,184.81,51.63,63.88,715.67,7,0,6,1,9,2024,1,0,0.9659258262890684,-0.2588190451025206,-0.7818314824680299,0.6234898018587334,-1.0,-1.8369701987210294e-16,754.74,822.89,894.5,931.8301729166666,101.9826269039009,12.322141873278236
2024-09-01 08:00:00,67.11,64.23,31.41,0.644,461.91,194.28,51.58,66.15,773.91,8,0,6,1,9,2024,1,0,0.8660254037844387,-0.4999999999999998,-0.7818314824680299,0.6234898018587334,-1.0,-1.8369701987210294e-16,715.67,857.72,940.23,930.0976729166669,103.2433717811271,11.531962449709432
2024-09-01 16:00:00,70.82,74.37,28.88,0.766,452.6,224.33,51.93,58.08,786.93,16,0,6,1,9,2024,1,0,-0.8660254037844385,-0.5000000000000004,-0.7818314824680299,0.6234898018587334,-1.0,-1.8369701987210294e-16,821.01,888.17,956.05,915.4152770833334,100.07779990663124,11.11169161253883
2024-09-01 17:00:00,61.61,68.15,29.61,0.651,434.81,202.93,53.11,56.53,747.38,17,0,6,1,9,2024,1,0,-0.9659258262890684,-0.2588190451025206,-0.7818314824680299,0.6234898018587334,-1.0,-1.8369701987210294e-16,786.93,872.28,882.22,914.01069375,101.48493832514622,12.13082291835741
2024-09-01 18:00:00,68.83,77.4,28.62,0.675,475.61,224.17,54.82,58.53,813.13,18,0,6,1,9,2024,1,0,-1.0,-1.8369701987210294e-16,-0.7818314824680299,0.6234898018587334,-1.0,-1.8369701987210294e-16,747.38,837.33,888.83,913.2221520833332,101.9755626856987,11.813598721487724
2024-09-01 19:00:00,61.34,70.41,29.76,0.763,431.13,214.28,51.39,53.92,750.73,19,0,6,1,9,2024,1,0,-0.9659258262890684,0.2588190451025203,-0.7818314824680299,0.6234898018587334,-1.0,-1.8369701987210294e-16,813.13,821.01,916.48,911.4955895833332,103.31420495201752,12.23883273557222
2024-09-01 20:00:00,62.9,74.59,30.23,0.697,437.56,215.24,54.69,56.48,763.97,20,0,6,1,9,2024,1,0,-0.8660254037844386,0.5000000000000001,-0.7818314824680299,0.6234898018587334,-1.0,-1.8369701987210294e-16,750.73,786.93,917.62,909.89506875,104.40274955621705,12.145786963434023
2024-09-01 21:00:00,76.52,76.81,30.48,0.748,503.3,215.6,61.28,65.11,845.28,21,0,6,1,9,2024,1,0,-0.7071067811865477,0.7071067811865474,-0.7818314824680299,0.6234898018587334,-1.0,-1.8369701987210294e-16,763.97,747.38,989.61,908.39163125,104.28187442172629,11.04652378463147
2024-09-07 03:00:00,72.81,73.97,28.19,0.758,475.72,212.45,57.67,61.56,807.4,3,0,5,7,9,2024,1,0,0.7071067811865476,0.7071067811865476,-0.9749279121818236,-0.2225209339563146,-1.0,-1.8369701987210294e-16,835.27,1034.24,915.22,976.9811802083332,72.11111864507743,11.089136107677517
2024-09-07 06:00:00,62.47,72.07,30.86,0.652,422.75,208.23,55.13,59.13,745.25,6,0,5,7,9,2024,1,0,1.0,6.123233995736766e-17,-0.9749279121818236,-0.2225209339563146,-1.0,-1.8369701987210294e-16,813.31,835.27,920.03,972.8560760416668,78.51424061315787,11.929726268608933
2024-09-07 09:00:00,71.65,71.75,27.05,0.724,496.89,212.29,52.3,59.47,820.95,9,0,5,7,9,2024,1,0,0.7071067811865476,-0.7071067811865475,-0.9749279121818236,-0.2225209339563146,-1.0,-1.8369701987210294e-16,803.16,813.31,985.81,967.8199302083334,84.24090032085391,11.45778087927425
2024-09-07 15:00:00,71.55,73.76,27.6,0.662,492.17,212.17,42.49,64.58,811.42,15,0,5,7,9,2024,1,0,-0.7071067811865471,-0.7071067811865479,-0.9749279121818236,-0.2225209339563146,-1.0,-1.8369701987210294e-16,889.73,885.29,966.74,957.6361802083334,85.50138111782059,11.340600978336827
2024-09-07 17:00:00,66.03,67.85,29.14,0.55,452.04,201.08,54.51,58.82,766.46,17,0,5,7,9,2024,1,0,-0.9659258262890684,-0.2588190451025206,-0.9749279121818236,-0.2225209339563146,-1.0,-1.8369701987210294e-16,877.67,898.73,924.59,955.1313885416666,88.00353871005953,11.607754051188854
2024-09-07 18:00:00,63.16,70.96,27.72,0.714,435.88,213.6,52.47,53.36,755.31,18,0,5,7,9,2024,1,0,-1.0,-1.8369701987210294e-16,-0.9749279121818236,-0.2225209339563146,-1.0,-1.8369701987210294e-16,766.46,889.73,923.16,953.3829510416668,90.28330327777236,11.958676377454085
2024-09-07 19:00:00,69.11,72.11,31.31,0.634,460.71,214.23,56.16,62.77,793.88,19,0,5,7,9,2024,1,0,-0.9659258262890684,0.2588190451025203,-0.9749279121818236,-0.2225209339563146,-1.0,-1.8369701987210294e-16,755.31,811.42,913.87,952.1330552083332,91.65622578623416,11.487194327883085
2024-09-08 03:00:00,68.97,72.4,27.16,0.744,460.1,210.68,48.96,53.41,773.15,3,0,6,8,9,2024,1,0,0.7071067811865476,0.7071067811865476,-0.7818314824680299,0.6234898018587334,-1.0,-1.8369701987210294e-16,891.98,878.15,955.6,939.6880208333332,91.85930879247552,11.209946353487023
2024-09-08 04:00:00,61.51,69.01,29.22,0.729,421.43,211.75,50.98,62.85,747.02,4,0,6,8,9,2024,1,0,0.8660254037844386,0.5000000000000001,-0.7818314824680299,0.6234898018587334,-1.0,-1.8369701987210294e-16,773.15,882.54,925.09,937.833125,93.93167510497474,12.144691920013006
2024-09-08 05:00:00,62.91,71.58,29.43,0.769,439.01,216.89,53.88,56.45,766.23,5,0,6,8,9,2024,1,0,0.9659258262890684,0.2588190451025207,-0.7818314824680299,0.6234898018587334,-1.0,-1.8369701987210294e-16,747.02,896.01,865.38,936.8003125,95.27223788981291,12.179780639008108
2024-09-08 06:00:00,57.21,69.86,27.97,0.732,409.71,212.18,51.95,56.65,730.48,6,0,6,8,9,2024,1,0,1.0,6.123233995736766e-17,-0.7818314824680299,0.6234898018587334,-1.0,-1.8369701987210294e-16,766.23,891.98,942.83,934.5883333333336,97.56821824718342,12.768397133368293
2024-09-08 08:00:00,71.38,75.79,26.04,0.766,487.97,220.4,49.22,57.74,815.33,8,0,6,8,9,2024,1,0,0.8660254037844387,-0.4999999999999998,-0.7818314824680299,0.6234898018587334,-1.0,-1.8369701987210294e-16,781.63,747.02,961.45,932.1976041666668,99.25335675346862,11.422387223311853
2024-09-08 19:00:00,63.83,72.12,28.05,0.756,445.97,219.09,52.7,64.56,782.32,19,0,6,8,9,2024,1,0,-0.9659258262890684,0.2588190451025203,-0.7818314824680299,0.6234898018587334,-1.0,-1.8369701987210294e-16,758.9,846.78,949.14,914.0948958333332,99.10365193754212,12.25630581231396
2024-09-08 20:00:00,69.81,77.48,28.36,0.77,465.13,216.0,53.77,58.3,793.2,20,0,6,8,9,2024,1,0,-0.8660254037844386,0.5000000000000001,-0.7818314824680299,0.6234898018587334,-1.0,-1.8369701987210294e-16,782.32,822.1,910.69,912.8710416666668,99.86864559830768,11.362269015900301
2024-09-08 22:00:00,80.63,80.69,27.87,0.758,547.24,236.76,50.39,61.7,896.09,22,0,6,8,9,2024,1,0,-0.5000000000000004,0.8660254037844384,-0.7818314824680299,0.6234898018587334,-1.0,-1.8369701987210294e-16,807.27,758.9,1024.79,910.341875,99.77484767227824,11.113605357807268
2024-09-14 04:00:00,67.85,73.5,29.07,0.695,450.59,214.43,52.38,61.45,778.85,4,0,5,14,9,2024,1,0,0.8660254037844386,0.5000000000000001,-0.9749279121818236,-0.2225209339563146,-1.0,-1.8369701987210294e-16,829.19,875.75,899.74,970.8625,75.57271500106374,11.478997789240974
2024-09-14 06:00:00,65.1,78.07,29.39,0.744,443.48,215.38,59.93,55.33,774.12,6,0,5,14,9,2024,1,0,1.0,6.123233995736766e-17,-0.9749279121818236,-0.2225209339563146,-1.0,-1.8369701987210294e-16,733.99,857.14,864.65,968.6496875,80.28985010839193,11.891244239631337
2024-09-14 07:00:00,64.2,69.54,27.01,0.736,438.04,199.1,46.28,55.28,738.7,7,0,5,14,9,2024,1,0,0.9659258262890684,-0.2588190451025206,-0.9749279121818236,-0.2225209339563146,-1.0,-1.8369701987210294e-16,774.12,829.19,928.79,966.6695833333332,83.56059062194402,11.506230529595015
2024-09-14 08:00:00,68.75,75.4,25.78,0.743,466.58,219.94,52.67,63.86,803.05,8,0,5,14,9,2024,1,0,0.8660254037844387,-0.4999999999999998,-0.9749279121818236,-0.2225209339563146,-1.0,-1.8369701987210294e-16,738.7,778.85,975.05,964.8779166666668,85.20676640930702,11.680727272727273
2024-09-14 16:00:00,69.13,74.36,28.68,0.642,467.34,218.34,46.11,59.14,790.92,16,0,5,14,9,2024,1,0,-0.8660254037844385,-0.5000000000000004,-0.9749279121818236,-0.2225209339563146,-1.0,-1.8369701987210294e-16,884.49,923.19,950.09,952.3017708333332,87.55195505340559,11.441053088384203
2024-09-14 18:00:00,65.42,73.12,26.25,0.681,436.24,216.19,52.31,65.14,769.87,18,0,5,14,9,2024,1,0,-1.0,-1.8369701987210294e-16,-0.9749279121818236,-0.2225209339563146,-1.0,-1.8369701987210294e-16,752.84,838.73,871.68,949.8454166666668,91.18574230560856,11.768113726689085
2024-09-14 19:00:00,69.93,73.3,26.89,0.718,478.92,213.82,48.07,61.66,802.48,19,0,5,14,9,2024,1,0,-0.9659258262890684,0.2588190451025203,-0.9749279121818236,-0.2225209339563146,-1.0,-1.8369701987210294e-16,769.87,884.49,867.54,949.1677083333332,92.04164130240528,11.475475475475475
2024-09-15 04:00:00,63.65,71.54,29.28,0.685,437.5,210.09,49.5,64.27,761.36,4,0,6,15,9,2024,1,0,0.8660254037844386,0.5000000000000001,-0.7818314824680299,0.6234898018587334,-1.0,-1.8369701987210294e-16,828.97,892.75,912.62,934.603125,94.83958246830989,11.96166535742341
2024-09-15 05:00:00,63.35,69.17,25.37,0.627,443.8,208.25,36.19,54.03,742.27,5,0,6,15,9,2024,1,0,0.9659258262890684,0.2588190451025207,-0.7818314824680299,0.6234898018587334,-1.0,-1.8369701987210294e-16,761.36,928.86,906.13,932.89625,96.81145712156274,11.716969218626677
2024-09-15 06:00:00,62.55,68.09,28.24,0.687,432.74,204.57,55.67,51.65,744.64,6,0,6,15,9,2024,1,0,1.0,6.123233995736766e-17,-0.7818314824680299,0.6234898018587334,-1.0,-1.8369701987210294e-16,742.27,781.08,858.21,931.7132291666668,98.41435260639872,11.904716227018385
2024-09-15 07:00:00,63.82,73.32,26.6,0.704,432.53,223.08,46.95,58.21,760.77,7,0,6,15,9,2024,1,0,0.9659258262890684,-0.2588190451025206,-0.7818314824680299,0.6234898018587334,-1.0,-1.8369701987210294e-16,744.64,828.97,905.24,930.2083333333334,99.91653882028103,11.920557818865559
2024-09-15 09:00:00,70.61,74.67,27.75,0.734,473.85,216.42,49.5,60.35,800.11,9,0,6,15,9,2024,1,0,0.7071067811865476,-0.7071067811865475,-0.7818314824680299,0.6234898018587334,-1.0,-1.8369701987210294e-16,799.29,742.27,1008.15,926.5898958333332,101.31127071394074,11.331397819005806
2024-09-15 16:00:00,69.12,76.12,26.96,0.724,484.62,228.76,48.56,58.83,820.78,16,0,6,15,9,2024,1,0,-0.8660254037844385,-0.5000000000000004,-0.7818314824680299,0.6234898018587334,-1.0,-1.8369701987210294e-16,862.83,862.81,956.37,915.060625,95.81841005187096,11.874710648148147
2024-09-15 18:00:00,67.69,76.03,26.88,0.747,461.25,218.22,50.26,59.8,789.54,18,0,6,15,9,2024,1,0,-1.0,-1.8369701987210294e-16,-0.7818314824680299,0.6234898018587334,-1.0,-1.8369701987210294e-16,744.73,841.51,903.46,912.3110416666668,98.1785064427271,11.664056729206678
2024-09-15 19:00:00,65.76,71.57,26.5,0.642,449.26,210.48,46.3,61.3,767.34,19,0,6,15,9,2024,1,0,-0.9659258262890684,0.2588190451025203,-0.7818314824680299,0.6234898018587334,-1.0,-1.8369701987210294e-16,789.54,862.83,884.51,911.0905208333334,99.25021615641114,11.668795620437956
2024-09-15 21:00:00,69.78,73.44,27.6,0.688,466.21,220.97,50.19,61.99,799.36,21,0,6,15,9,2024,1,0,-0.7071067811865477,0.7071067811865474,-0.7818314824680299,0.6234898018587334,-1.0,-1.8369701987210294e-16,795.31,744.73,979.99,907.4578125,100.15482586268892,11.45543135568931
2024-09-21 04:00:00,65.67,80.2,24.68,0.762,436.9,232.61,44.21,61.25,774.96,4,0,5,21,9,2024,1,0,0.8660254037844386,0.5000000000000001,-0.9749279121818236,-0.2225209339563146,-1.0,-1.8369701987210294e-16,797.98,914.06,901.38,972.14975625,75.09392513408318,11.800822293284606
2024-09-21 05:00:00,64.8,65.3,27.85,0.582,434.42,196.5,45.91,50.11,726.94,5,0,5,21,9,2024,1,0,0.9659258262890684,0.2588190451025207,-0.9749279121818236,-0.2225209339563146,-1.0,-1.8369701987210294e-16,774.96,1120.6933,904.28,970.3024645833332,78.86752338651887,11.218209876543211
2024-09-21 07:00:00,64.6,64.71,27.04,0.628,441.85,199.94,47.52,63.06,752.36,7,0,5,21,9,2024,1,0,0.9659258262890684,-0.2588190451025206,-0.9749279121818236,-0.2225209339563146,-1.0,-1.8369701987210294e-16,790.58,797.98,920.65,967.21913125,83.64234290643387,11.646439628482973
2024-09-21 15:00:00,70.85,76.38,29.29,0.761,474.11,221.86,42.66,53.8,792.43,15,0,5,21,9,2024,1,0,-0.7071067811865471,-0.7071067811865479,-0.9749279121818236,-0.2225209339563146,-1.0,-1.8369701987210294e-16,958.27,900.82,938.36,953.9383677083332,86.16058287353145,11.184615384615384
2024-09-21 16:00:00,63.96,70.38,26.96,0.637,441.42,201.69,46.19,58.22,747.51,16,0,5,21,9,2024,1,0,-0.8660254037844385,-0.5000000000000004,-0.9749279121818236,-0.2225209339563146,-1.0,-1.8369701987210294e-16,792.43,865.24,958.77,951.7377427083334,88.69645434032199,11.687148217636022
2024-09-21 17:00:00,68.2,71.4,28.01,0.643,468.29,212.96,48.37,65.07,794.69,17,0,5,21,9,2024,1,0,-0.9659258262890684,-0.2588190451025206,-0.9749279121818236,-0.2225209339563146,-1.0,-1.8369701987210294e-16,747.51,855.4,868.59,950.9679510416668,89.74023066372024,11.652346041055718
2024-09-21 18:00:00,55.44,63.06,24.08,0.653,403.91,193.19,43.97,63.77,704.84,18,0,5,21,9,2024,1,0,-1.0,-1.8369701987210294e-16,-0.9749279121818236,-0.2225209339563146,-1.0,-1.8369701987210294e-16,794.69,958.27,853.37,949.4207635416668,92.67306197124238,12.713564213564215
2024-09-21 19:00:00,64.32,69.02,29.52,0.725,436.98,216.95,52.3,56.53,762.75,19,0,5,21,9,2024,1,0,-0.9659258262890684,0.2588190451025203,-0.9749279121818236,-0.2225209339563146,-1.0,-1.8369701987210294e-16,704.84,792.43,895.55,948.0374302083334,94.45959133640962,11.85867537313433
2024-09-21 21:00:00,68.82,71.97,26.43,0.768,468.85,206.8,47.03,56.11,778.8,21,0,5,21,9,2024,1,0,-0.7071067811865477,0.7071067811865474,-0.9749279121818236,-0.2225209339563146,-1.0,-1.8369701987210294e-16,838.1,794.69,1001.63,944.2255552083334,96.40967485029796,11.316477768090671
2024-09-22 05:00:00,72.41,75.0,24.53,0.706,488.59,208.35,43.04,62.97,802.95,5,0,6,22,9,2024,1,0,0.9659258262890684,0.2588190451025207,-0.7818314824680299,0.6234898018587334,-1.0,-1.8369701987210294e-16,821.26,934.75,922.39,931.3801385416668,96.91106157900155,11.088937991990058
2024-09-22 06:00:00,62.76,73.64,26.35,0.734,432.4,210.42,43.82,57.56,744.2,6,0,6,22,9,2024,1,0,1.0,6.123233995736766e-17,-0.7818314824680299,0.6234898018587334,-1.0,-1.8369701987210294e-16,802.95,881.64,879.39,929.971909375,98.64127819704302,11.857871255576802
2024-09-22 07:00:00,56.05,69.36,27.96,0.665,404.11,209.4,46.67,61.85,722.03,7,0,6,22,9,2024,1,0,0.9659258262890684,-0.2588190451025206,-0.7818314824680299,0.6234898018587334,-1.0,-1.8369701987210294e-16,744.2,844.31,894.44,928.175971875,100.84001665583814,12.881891168599465
2024-09-22 08:00:00,66.09,71.75,25.41,0.699,445.98,205.95,36.26,61.56,749.76,8,0,6,22,9,2024,1,0,0.8660254037844387,-0.4999999999999998,-0.7818314824680299,0.6234898018587334,-1.0,-1.8369701987210294e-16,722.03,821.26,940.22,926.1920135416668,102.46111903503892,11.34453018610985
2024-09-22 16:00:00,70.81,72.72,26.46,0.759,457.87,218.31,51.12,68.15,795.44,16,0,6,22,9,2024,1,0,-0.8660254037844385,-0.5000000000000004,-0.7818314824680299,0.6234898018587334,-1.0,-1.8369701987210294e-16,883.63,902.19,925.69,914.2904510416666,101.27151312613243,11.23344160429318
2024-09-22 17:00:00,65.52,76.63,25.74,0.73,449.94,221.06,45.45,65.26,781.71,17,0,6,22,9,2024,1,0,-0.9659258262890684,-0.2588190451025206,-0.7818314824680299,0.6234898018587334,-1.0,-1.8369701987210294e-16,795.44,914.33,892.38,913.1376385416668,102.14964598467888,11.930860805860807
2024-09-22 21:00:00,69.25,69.58,27.4,0.661,455.76,205.97,58.11,56.26,776.11,21,0,6,22,9,2024,1,0,-0.7071067811865477,0.7071067811865474,-0.7818314824680299,0.6234898018587334,-1.0,-1.8369701987210294e-16,865.84,781.71,973.33,907.6942010416668,104.89156754610951,11.207364620938629
2024-09-28 05:00:00,70.96,70.93,26.04,0.684,478.43,220.52,46.46,59.79,805.2,5,0,5,28,9,2024,1,0,0.9659258262890684,0.2588190451025207,-0.9749279121818236,-0.2225209339563146,-1.0,-1.8369701987210294e-16,788.07,882.31,886.99,964.5575,69.38584800345289,11.347237880496056
2024-09-28 06:00:00,69.95,74.03,22.64,0.743,469.07,215.49,43.97,60.98,789.5,6,0,5,28,9,2024,1,0,1.0,6.123233995736766e-17,-0.9749279121818236,-0.2225209339563146,-1.0,-1.8369701987210294e-16,805.2,897.75,920.13,963.1967708333332,71.51453178046314,11.28663330950679
2024-09-28 08:00:00,66.33,73.68,25.72,0.718,460.98,214.85,44.35,66.61,786.79,8,0,5,28,9,2024,1,0,0.8660254037844387,-0.4999999999999998,-0.9749279121818236,-0.2225209339563146,-1.0,-1.8369701987210294e-16,800.16,788.07,922.06,961.0138541666664,74.94108889647511,11.861751846826474
2024-09-28 09:00:00,73.78,81.47,22.06,0.72,495.93,237.2,37.97,59.79,830.89,9,0,5,28,9,2024,1,0,0.7071067811865476,-0.7071067811865475,-0.9749279121818236,-0.2225209339563146,-1.0,-1.8369701987210294e-16,786.79,805.2,1005.72,959.1927083333334,75.96058766823653,11.261724044456493
2024-09-28 17:00:00,64.96,67.68,26.56,0.668,443.78,209.19,48.74,60.21,761.92,17,0,5,28,9,2024,1,0,-0.9659258262890684,-0.2588190451025206,-0.9749279121818236,-0.2225209339563146,-1.0,-1.8369701987210294e-16,760.38,860.95,897.92,944.86125,83.36187591648854,11.729064039408868
2024-09-28 19:00:00,68.49,77.82,25.0,0.717,456.37,224.36,46.72,55.24,782.68,19,0,5,28,9,2024,1,0,-0.9659258262890684,0.2588190451025203,-0.9749279121818236,-0.2225209339563146,-1.0,-1.8369701987210294e-16,753.41,844.99,932.15,941.81625,87.04002654858954,11.427653672068915
2024-09-29 06:00:00,61.01,59.78,25.89,0.663,416.3,186.85,47.96,53.24,704.35,6,0,6,29,9,2024,1,0,1.0,6.123233995736766e-17,-0.7818314824680299,0.6234898018587334,-1.0,-1.8369701987210294e-16,789.15,879.65,924.66,928.3385760416668,96.05284700710868,11.544828716603837
2024-09-29 07:00:00,68.54,74.78,23.75,0.684,470.57,217.75,37.96,65.28,791.56,7,0,6,29,9,2024,1,0,0.9659258262890684,-0.2588190451025206,-0.7818314824680299,0.6234898018587334,-1.0,-1.8369701987210294e-16,704.35,847.49,932.52,926.8702427083334,97.06037800837636,11.548876568427193
2024-09-29 08:00:00,65.57,69.64,25.04,0.706,452.8,200.02,51.11,68.96,772.88,8,0,6,29,9,2024,1,0,0.8660254037844387,-0.4999999999999998,-0.7818314824680299,0.6234898018587334,-1.0,-1.8369701987210294e-16,791.56,807.33,870.19,925.856596875,98.1604390285886,11.787097758121092
2024-09-29 16:00:00,69.7,77.67,25.87,0.767,468.23,219.47,51.24,57.76,796.7,16,0,6,29,9,2024,1,0,-0.8660254037844385,-0.5000000000000004,-0.7818314824680299,0.6234898018587334,-1.0,-1.8369701987210294e-16,816.08,875.9,904.39,911.751909375,96.70357311555128,11.43041606886657
2024-09-29 17:00:00,63.78,67.0,24.15,0.664,434.35,206.43,43.63,56.69,741.11,17,0,6,29,9,2024,1,0,-0.9659258262890684,-0.2588190451025206,-0.7818314824680299,0.6234898018587334,-1.0,-1.8369701987210294e-16,796.7,816.66,897.18,910.1261802083332,98.25063509671112,11.619786767011602
2024-09-29 18:00:00,57.43,69.08,27.63,0.666,413.9,204.08,52.91,64.15,735.04,18,0,6,29,9,2024,1,0,-1.0,-1.8369701987210294e-16,-0.7818314824680299,0.6234898018587334,-1.0,-1.8369701987210294e-16,741.11,838.77,888.74,908.5251385416668,99.84221841422683,12.7988855998607
2024-09-29 19:00:00,61.99,74.97,21.84,0.705,422.35,221.01,39.56,59.63,742.56,19,0,6,29,9,2024,1,0,-0.9659258262890684,0.2588190451025203,-0.7818314824680299,0.6234898018587334,-1.0,-1.8369701987210294e-16,735.04,816.08,884.06,907.0511802083332,101.24185913997032,11.978706242942408
2024-10-05 05:00:00,61.67,79.91,22.85,0.768,427.0,222.64,43.4,53.92,746.96,5,0,5,5,10,2024,1,0,0.9659258262890684,0.2588190451025207,-0.9749279121818236,-0.2225209339563146,-0.8660254037844386,0.5000000000000001,786.87,887.92,897.59,963.9464927083332,77.81287281637289,12.11221015080266
2024-10-05 06:00:00,61.14,71.07,21.73,0.676,418.28,210.56,42.55,56.85,728.24,6,0,5,5,10,2024,1,0,1.0,6.123233995736766e-17,-0.9749279121818236,-0.2225209339563146,-0.8660254037844386,0.5000000000000001,746.96,848.63,887.24,962.2902427083336,81.08607659344847,11.911023879620544
2024-10-05 08:00:00,68.11,75.16,22.56,0.723,459.43,222.79,41.15,59.66,783.03,8,0,5,5,10,2024,1,0,0.8660254037844387,-0.4999999999999998,-0.9749279121818236,-0.2225209339563146,-0.8660254037844386,0.5000000000000001,766.83,786.87,956.05,959.3132635416669,85.05304573874082,11.496549699016297
2024-10-05 15:00:00,71.3,65.7,24.49,0.583,469.15,205.68,51.97,60.89,787.7,15,0,5,5,10,2024,1,0,-0.7071067811865471,-0.7071067811865479,-0.9749279121818236,-0.2225209339563146,-0.8660254037844386,0.5000000000000001,822.15,881.23,941.4,946.356596875,87.27237081188693,11.047685834502104
2024-10-05 16:00:00,62.35,75.86,23.74,0.764,431.74,217.22,40.5,60.79,750.24,16,0,5,5,10,2024,1,0,-0.8660254037844385,-0.5000000000000004,-0.9749279121818236,-0.2225209339563146,-0.8660254037844386,0.5000000000000001,787.7,857.16,952.31,944.2517010416668,89.53477874324248,12.032718524458701
2024-10-05 17:00:00,62.48,76.71,23.7,0.729,427.86,226.62,43.82,63.84,762.14,17,0,5,5,10,2024,1,0,-0.9659258262890684,-0.2588190451025206,-0.9749279121818236,-0.2225209339563146,-0.8660254037844386,0.5000000000000001,750.24,899.11,896.14,942.8558677083332,91.3194607523576,12.198143405889885
2024-10-05 18:00:00,65.64,82.01,22.84,0.689,459.95,233.43,42.15,55.89,791.42,18,0,5,5,10,2024,1,0,-1.0,-1.8369701987210294e-16,-0.9749279121818236,-0.2225209339563146,-0.8660254037844386,0.5000000000000001,762.14,822.15,855.11,942.1924302083332,92.19084336561065,12.0569774527727
2024-10-05 19:00:00,62.45,73.33,22.88,0.729,441.66,219.1,37.16,68.08,766.0,19,0,5,5,10,2024,1,0,-0.9659258262890684,0.2588190451025203,-0.9749279121818236,-0.2225209339563146,-0.8660254037844386,0.5000000000000001,791.42,787.7,911.66,940.6751385416666,93.88178100860718,12.265812650120095
2024-10-05 20:00:00,68.42,72.97,25.15,0.756,468.56,212.52,45.65,51.2,777.94,20,0,5,5,10,2024,1,0,-0.8660254037844386,0.5000000000000001,-0.9749279121818236,-0.2225209339563146,-0.8660254037844386,0.5000000000000001,766.0,750.24,895.29,939.4527427083332,95.23319870456244,11.370067231803567
2024-10-06 06:00:00,54.87,70.37,23.79,0.733,381.32,212.54,42.49,58.32,694.67,6,0,6,6,10,2024,1,0,1.0,6.123233995736766e-17,-0.7818314824680299,0.6234898018587334,-0.8660254037844386,0.5000000000000001,739.56,818.31,895.95,923.7380552083332,99.79921079836716,12.660287953344268
2024-10-06 08:00:00,68.38,74.88,24.2,0.741,468.72,209.51,45.85,63.98,788.05,8,0,6,6,10,2024,1,0,0.8660254037844387,-0.4999999999999998,-0.7818314824680299,0.6234898018587334,-0.8660254037844386,0.5000000000000001,739.34,787.02,917.66,920.756596875,102.44075332842768,11.52456858730623
2024-10-06 17:00:00,66.4,79.81,23.07,0.733,446.36,230.86,41.92,60.71,779.85,17,0,6,6,10,2024,1,0,-0.9659258262890684,-0.2588190451025206,-0.7818314824680299,0.6234898018587334,-0.8660254037844386,0.5000000000000001,848.86,862.14,983.97,905.1625,99.1861443846606,11.74472891566265
2024-10-06 18:00:00,55.9,63.55,22.88,0.55,398.79,204.29,42.87,65.12,711.08,18,0,6,6,10,2024,1,0,-1.0,-1.8369701987210294e-16,-0.7818314824680299,0.6234898018587334,-0.8660254037844386,0.5000000000000001,779.85,891.61,861.67,903.5938541666666,101.05443371475634,12.72057245080501
2024-10-06 19:00:00,67.1,72.62,24.86,0.694,459.31,224.82,46.19,66.16,796.48,19,0,6,6,10,2024,1,0,-0.9659258262890684,0.2588190451025203,-0.7818314824680299,0.6234898018587334,-0.8660254037844386,0.5000000000000001,711.08,833.77,876.19,902.7635416666668,101.60791964553242,11.870044709388972
2024-10-12 06:00:00,64.12,73.28,20.5,0.748,448.36,220.7,44.73,60.84,774.63,6,0,5,12,10,2024,1,0,1.0,6.123233995736766e-17,-0.9749279121818236,-0.2225209339563146,-0.8660254037844386,0.5000000000000001,770.07,917.68,908.64,953.4523958333332,77.67155348334164,12.080941983780411
2024-10-12 09:00:00,71.03,70.39,22.99,0.727,484.28,207.75,36.45,57.29,785.77,9,0,5,12,10,2024,1,0,0.7071067811865476,-0.7071067811865475,-0.9749279121818236,-0.2225209339563146,-0.8660254037844386,0.5000000000000001,840.96,770.07,971.24,949.4654166666668,81.92763859736579,11.062508799098971
2024-10-12 19:00:00,68.85,72.63,25.22,0.613,472.51,213.3,47.09,64.0,796.9,19,0,5,12,10,2024,1,0,-0.9659258262890684,0.2588190451025203,-0.9749279121818236,-0.2225209339563146,-0.8660254037844386,0.5000000000000001,770.92,862.61,917.77,932.4477083333333,87.86195634994978,11.57443718228032
2024-10-13 04:00:00,67.27,63.98,24.01,0.6,471.21,193.79,38.73,61.74,765.48,4,0,6,13,10,2024,1,0,0.8660254037844386,0.5000000000000001,-0.7818314824680299,0.6234898018587334,-0.8660254037844386,0.5000000000000001,816.37,894.08,885.34,918.7672916666666,86.79326073133352,11.379218076408504
2024-10-13 05:00:00,59.97,72.14,23.0,0.765,414.48,206.0,36.0,58.76,715.24,5,0,6,13,10,2024,1,0,0.9659258262890684,0.2588190451025207,-0.7818314824680299,0.6234898018587334,-0.8660254037844386,0.5000000000000001,765.48,919.3,837.71,917.4915625,88.8723801547761,11.926629981657495
2024-10-13 06:00:00,65.39,78.4,22.79,0.744,453.53,224.23,48.38,54.11,780.25,6,0,6,13,10,2024,1,0,1.0,6.123233995736766e-17,-0.7818314824680299,0.6234898018587334,-0.8660254037844386,0.5000000000000001,715.24,868.37,860.2,916.65875,89.78482087454272,11.932252638018046
2024-10-13 07:00:00,67.92,71.32,22.82,0.731,480.44,207.43,44.38,63.13,795.38,7,0,6,13,10,2024,1,0,0.9659258262890684,-0.2588190451025206,-0.7818314824680299,0.6234898018587334,-0.8660254037844386,0.5000000000000001,780.25,816.37,932.02,915.2354166666668,90.61793238260448,11.710541813898704
2024-10-13 08:00:00,63.98,59.44,23.76,0.609,438.36,184.39,48.77,59.02,730.55,8,0,6,13,10,2024,1,0,0.8660254037844387,-0.4999999999999998,-0.7818314824680299,0.6234898018587334,-0.8660254037844386,0.5000000000000001,795.38,765.48,972.58,912.7142708333334,92.35589215802553,11.418412003751172
2024-10-13 16:00:00,70.12,76.05,21.46,0.708,468.73,220.67,34.98,63.1,787.48,16,0,6,13,10,2024,1,0,-0.8660254037844385,-0.5000000000000004,-0.7818314824680299,0.6234898018587334,-0.8660254037844386,0.5000000000000001,753.02,925.99,928.26,897.9097916666666,90.11478356406442,11.230462065031375
2024-10-13 18:00:00,60.83,67.69,25.17,0.645,426.94,200.73,47.1,57.75,732.52,18,0,6,13,10,2024,1,0,-1.0,-1.8369701987210294e-16,-0.7818314824680299,0.6234898018587334,-0.8660254037844386,0.5000000000000001,747.75,839.74,901.57,894.7229166666666,92.9176953167822,12.042084497780701
2024-10-13 19:00:00,64.5,76.14,23.78,0.76,429.19,207.47,40.51,57.29,734.45,19,0,6,13,10,2024,1,0,-0.9659258262890684,0.2588190451025203,-0.7818314824680299,0.6234898018587334,-0.8660254037844386,0.5000000000000001,732.52,753.02,848.43,893.535625,94.23433087465862,11.386821705426357
2024-10-19 06:00:00,62.51,77.79,22.57,0.728,437.31,229.67,41.36,58.69,767.04,6,0,5,19,10,2024,1,0,1.0,6.123233995736766e-17,-0.9749279121818236,-0.2225209339563146,-0.8660254037844386,0.5000000000000001,784.9,835.1,932.96,965.2743052083332,81.78381898276781,12.270676691729323
2024-10-19 16:00:00,73.92,80.58,21.17,0.716,497.49,234.5,40.61,63.18,835.79,16,0,5,19,10,2024,1,0,-0.8660254037844385,-0.5000000000000004,-0.9749279121818236,-0.2225209339563146,-0.8660254037844386,0.5000000000000001,802.09,934.81,926.24,951.1876385416668,90.54087349604646,11.3066829004329
2024-10-19 18:00:00,64.99,65.31,21.67,0.656,440.93,199.41,41.44,63.68,745.46,18,0,5,19,10,2024,1,0,-1.0,-1.8369701987210294e-16,-0.9749279121818236,-0.2225209339563146,-0.8660254037844386,0.5000000000000001,765.36,861.68,879.54,948.8514927083334,94.0788376864408,11.470380058470536
2024-10-19 20:00:00,64.75,66.35,20.69,0.621,440.52,190.97,31.35,57.6,720.43,20,0,5,19,10,2024,1,0,-0.8660254037844386,0.5000000000000001,-0.9749279121818236,-0.2225209339563146,-0.8660254037844386,0.5000000000000001,739.82,835.79,931.93,945.052846875,99.04316333678176,11.126332046332045
2024-10-20 04:00:00,63.09,69.97,21.53,0.755,439.42,211.96,40.09,59.19,750.65,4,0,6,20,10,2024,1,0,0.8660254037844386,0.5000000000000001,-0.7818314824680299,0.6234898018587334,-0.8660254037844386,0.5000000000000001,841.94,866.91,908.71,931.1460760416668,100.29052279813716,11.898082104929465
2024-10-20 05:00:00,61.53,71.92,22.11,0.669,430.86,214.47,41.93,58.57,745.83,5,0,6,20,10,2024,1,0,0.9659258262890684,0.2588190451025207,-0.7818314824680299,0.6234898018587334,-0.8660254037844386,0.5000000000000001,750.65,862.9,887.25,929.6729510416668,101.966702754373,12.121404193076549
2024-10-20 06:00:00,54.61,63.54,23.4,0.609,390.05,192.4,44.64,66.01,693.11,6,0,6,20,10,2024,1,0,1.0,6.123233995736766e-17,-0.7818314824680299,0.6234898018587334,-0.8660254037844386,0.5000000000000001,745.83,897.66,896.73,927.551909375,104.73926072244016,12.691997802600257
2024-10-20 16:00:00,64.29,76.58,18.91,0.728,457.13,210.05,39.13,57.38,763.69,16,0,6,20,10,2024,1,0,-0.8660254037844385,-0.5000000000000004,-0.7818314824680299,0.6234898018587334,-0.8660254037844386,0.5000000000000001,797.69,883.74,893.38,910.452221875,105.17078428722068,11.878830300202209
2024-10-20 17:00:00,60.64,70.5,21.69,0.701,412.47,210.46,43.91,63.42,730.26,17,0,6,20,10,2024,1,0,-0.9659258262890684,-0.2588190451025206,-0.7818314824680299,0.6234898018587334,-0.8660254037844386,0.5000000000000001,763.69,879.62,894.83,908.7379510416667,106.7573728689134,12.04254617414248
2024-10-20 18:00:00,67.62,64.82,23.37,0.632,460.96,193.83,46.06,62.08,762.93,18,0,6,20,10,2024,1,0,-1.0,-1.8369701987210294e-16,-0.7818314824680299,0.6234898018587334,-0.8660254037844386,0.5000000000000001,730.26,853.29,886.25,907.4533677083332,107.76796803201086,11.282608695652172
2024-10-20 19:00:00,66.85,82.16,23.97,0.754,453.77,231.38,37.73,57.02,779.91,19,0,6,20,10,2024,1,0,-0.9659258262890684,0.2588190451025203,-0.7818314824680299,0.6234898018587334,-0.8660254037844386,0.5000000000000001,762.93,797.69,851.77,906.7048260416668,108.40648173032456,11.66656694091249
2024-10-26 06:00:00,66.67,71.47,22.18,0.67,451.7,213.53,42.56,59.89,767.69,6,0,5,26,10,2024,1,0,1.0,6.123233995736766e-17,-0.9749279121818236,-0.2225209339563146,-0.8660254037844386,0.5000000000000001,776.73,854.24,864.71,958.0643052083334,82.37820742031859,11.514774261286936
2024-10-26 16:00:00,69.05,70.25,22.51,0.687,467.46,206.45,46.56,60.9,781.37,16,0,5,26,10,2024,1,0,-0.8660254037844385,-0.5000000000000004,-0.9749279121818236,-0.2225209339563146,-0.8660254037844386,0.5000000000000001,820.12,860.8,1001.12,940.8893052083334,88.38890038345005,11.316002896451847
2024-10-26 17:00:00,69.22,80.51,21.37,0.723,471.09,231.47,38.81,68.85,810.23,17,0,5,26,10,2024,1,0,-0.9659258262890684,-0.2588190451025206,-0.9749279121818236,-0.2225209339563146,-0.8660254037844386,0.5000000000000001,781.37,830.45,912.25,939.826596875,89.3449853848676,11.705143022247906
2024-10-26 19:00:00,66.45,76.37,17.98,0.755,448.16,218.15,37.43,59.94,763.69,19,0,5,26,10,2024,1,0,-0.9659258262890684,0.2588190451025203,-0.9749279121818236,-0.2225209339563146,-0.8660254037844386,0.5000000000000001,778.52,820.12,868.29,937.6172218750002,92.16133937897246,11.492701279157261
2024-10-26 20:00:00,71.18,73.05,19.7,0.758,486.59,213.41,43.87,52.95,796.82,20,0,5,26,10,2024,1,0,-0.8660254037844386,0.5000000000000001,-0.9749279121818236,-0.2225209339563146,-0.8660254037844386,0.5000000000000001,763.69,781.37,937.28,936.154096875,93.27497090033866,11.19443663950548
2024-10-27 03:00:00,71.62,76.57,21.6,0.731,475.42,231.21,34.82,64.85,806.31,3,0,6,27,10,2024,1,0,0.7071067811865476,0.7071067811865476,-0.7818314824680299,0.6234898018587334,-0.8660254037844386,0.5000000000000001,859.05,811.36,986.29,924.614096875,93.32028701580158,11.258168109466627
2024-10-27 04:00:00,62.4,68.96,20.26,0.734,424.28,211.69,35.48,59.97,731.43,4,0,6,27,10,2024,1,0,0.8660254037844386,0.5000000000000001,-0.7818314824680299,0.6234898018587334,-0.8660254037844386,0.5000000000000001,806.31,875.96,870.49,923.1655552083332,95.22900156693244,11.721634615384614
2024-10-27 05:00:00,65.88,79.04,20.26,0.744,458.49,231.88,45.05,55.66,791.09,5,0,6,27,10,2024,1,0,0.9659258262890684,0.2588190451025207,-0.7818314824680299,0.6234898018587334,-0.8660254037844386,0.5000000000000001,731.43,869.06,902.3,922.0071177083332,96.15739352482524,12.008044930176078
2024-10-27 06:00:00,64.87,70.47,18.75,0.724,447.63,206.84,36.88,65.37,756.71,6,0,6,27,10,2024,1,0,1.0,6.123233995736766e-17,-0.7818314824680299,0.6234898018587334,-0.8660254037844386,0.5000000000000001,791.09,859.05,847.68,921.0595135416668,97.3385640268127,11.665022352397102
2024-10-27 08:00:00,64.29,69.58,20.84,0.691,447.11,207.65,35.83,63.39,753.98,8,0,6,27,10,2024,1,0,0.8660254037844387,-0.4999999999999998,-0.7818314824680299,0.6234898018587334,-0.8660254037844386,0.5000000000000001,799.57,731.43,931.27,918.212846875,99.53832765643844,11.72779592471613
2024-10-27 17:00:00,71.48,75.94,20.7,0.764,485.48,227.21,41.63,57.1,811.42,17,0,6,27,10,2024,1,0,-0.9659258262890684,-0.2588190451025206,-0.7818314824680299,0.6234898018587334,-0.8660254037844386,0.5000000000000001,790.83,904.27,869.72,906.2726041666666,96.45271109932632,11.351706771124789
2024-10-27 18:00:00,59.29,61.11,19.46,0.591,410.69,203.51,38.73,67.82,720.76,18,0,6,27,10,2024,1,0,-1.0,-1.8369701987210294e-16,-0.7818314824680299,0.6234898018587334,-0.8660254037844386,0.5000000000000001,811.42,867.58,844.22,904.9865625,98.09783228280602,12.156518805869455
2024-10-27 19:00:00,58.3,74.81,22.0,0.762,401.68,211.5,45.68,64.82,723.68,19,0,6,27,10,2024,1,0,-0.9659258262890684,0.2588190451025203,-0.7818314824680299,0.6234898018587334,-0.8660254037844386,0.5000000000000001,720.76,851.22,900.29,903.146875,99.82762253860668,12.41303602058319
2024-10-27 21:00:00,65.9,70.87,18.2,0.744,438.74,211.58,36.78,56.53,743.63,21,0,6,27,10,2024,1,0,-0.7071067811865477,0.7071067811865474,-0.7818314824680299,0.6234898018587334,-0.8660254037844386,0.5000000000000001,793.33,811.42,925.69,899.5819791666668,101.56508862088374,11.28421851289833
2024-11-02 03:00:00,69.85,78.85,19.6,0.747,476.58,227.77,32.17,58.4,794.91,3,0,5,2,11,2024,1,0,0.7071067811865476,0.7071067811865476,-0.9749279121818236,-0.2225209339563146,-0.5000000000000004,0.8660254037844384,846.78,1005.87,952.77,963.0017708333336,75.88378585560189,11.380243378668576
2024-11-02 04:00:00,65.77,69.93,19.93,0.598,463.95,203.55,39.97,55.54,763.01,4,0,5,2,11,2024,1,0,0.8660254037844386,0.5000000000000001,-0.9749279121818236,-0.2225209339563146,-0.5000000000000004,0.8660254037844384,794.91,864.41,944.08,961.115625,78.56209755497348,11.60118595104151
2024-11-02 06:00:00,60.09,69.16,17.83,0.694,417.77,212.14,40.82,70.24,740.97,6,0,5,2,11,2024,1,0,1.0,6.123233995736766e-17,-0.9749279121818236,-0.2225209339563146,-0.5000000000000004,0.8660254037844384,793.65,846.78,899.03,958.5466666666666,82.8527453493856,12.331003494757862
2024-11-02 17:00:00,67.91,67.9,23.24,0.635,464.11,208.5,45.64,66.88,785.12,17,0,5,2,11,2024,1,0,-0.9659258262890684,-0.2588190451025206,-0.9749279121818236,-0.2225209339563146,-0.5000000000000004,0.8660254037844384,760.55,872.24,864.99,941.0035416666666,88.49896992536746,11.561183919893978
2024-11-02 18:00:00,67.99,77.38,22.12,0.725,467.16,218.56,35.06,67.09,787.87,18,0,5,2,11,2024,1,0,-1.0,-1.8369701987210294e-16,-0.9749279121818236,-0.2225209339563146,-0.5000000000000004,0.8660254037844384,785.12,807.05,911.1,939.7198958333332,89.82110322301642,11.588027651125167
2024-11-02 19:00:00,63.04,66.11,17.79,0.728,445.0,204.76,38.64,57.11,745.51,19,0,5,2,11,2024,1,0,-0.9659258262890684,0.2588190451025203,-0.9749279121818236,-0.2225209339563146,-0.5000000000000004,0.8660254037844384,787.87,861.21,889.96,938.2152083333334,91.8504499485213,11.82598350253807
2024-11-03 04:00:00,67.8,68.64,18.52,0.749,479.89,199.93,40.51,57.04,777.36,4,0,6,3,11,2024,1,0,0.8660254037844386,0.5000000000000001,-0.7818314824680299,0.6234898018587334,-0.5000000000000004,0.8660254037844384,793.73,878.97,904.29,923.9655208333334,92.32449211307112,11.465486725663718
2024-11-03 05:00:00,57.62,58.38,20.03,0.536,423.55,181.04,40.75,62.67,708.0,5,0,6,3,11,2024,1,0,0.9659258262890684,0.2588190451025207,-0.7818314824680299,0.6234898018587334,-0.5000000000000004,0.8660254037844384,777.36,887.72,905.92,921.9038541666664,94.90546795150644,12.28740020826102
2024-11-03 06:00:00,65.63,67.4,20.99,0.607,448.23,208.32,36.6,60.26,753.42,6,0,6,3,11,2024,1,0,1.0,6.123233995736766e-17,-0.7818314824680299,0.6234898018587334,-0.5000000000000004,0.8660254037844384,708.0,864.89,848.48,920.9136458333334,96.1671331875681,11.479811062014322
2024-11-03 17:00:00,66.51,71.9,16.99,0.614,439.16,199.22,42.64,57.08,738.09,17,0,6,3,11,2024,1,0,-0.9659258262890684,-0.2588190451025206,-0.7818314824680299,0.6234898018587334,-0.5000000000000004,0.8660254037844384,787.66,890.57,880.48,902.0672916666668,95.70610610756212,11.09742895805142
2024-11-03 19:00:00,66.51,80.42,18.84,0.632,442.36,235.54,44.17,59.97,782.04,19,0,6,3,11,2024,1,0,-0.9659258262890684,0.2588190451025203,-0.7818314824680299,0.6234898018587334,-0.5000000000000004,0.8660254037844384,752.0,786.11,875.99,900.5379166666667,97.15654444372554,11.758231844835361
2024-11-03 20:00:00,71.13,72.67,20.65,0.705,479.97,218.2,37.89,69.38,805.44,20,0,6,3,11,2024,1,0,-0.8660254037844386,0.5000000000000001,-0.7818314824680299,0.6234898018587334,-0.5000000000000004,0.8660254037844384,782.04,787.66,895.45,899.6003125000001,97.63928109928668,11.323492197385072
2024-11-09 05:00:00,64.27,70.34,17.56,0.61,431.82,215.38,41.67,57.63,746.5,5,0,5,9,11,2024,1,0,0.9659258262890684,0.2588190451025207,-0.9749279121818236,-0.2225209339563146,-0.5000000000000004,0.8660254037844384,823.57,839.77,909.71,959.9273260416668,83.58706314789185,11.61506145946787
2024-11-09 06:00:00,54.23,74.72,19.94,0.669,384.17,220.56,36.98,58.57,700.29,6,0,5,9,11,2024,1,0,1.0,6.123233995736766e-17,-0.9749279121818236,-0.2225209339563146,-0.5000000000000004,0.8660254037844384,746.5,801.78,853.23,958.3342010416668,87.02868831855885,12.913332104001475
2024-11-09 07:00:00,67.94,80.28,17.78,0.749,457.34,224.46,37.14,62.15,781.08,7,0,5,9,11,2024,1,0,0.9659258262890684,-0.2588190451025206,-0.9749279121818236,-0.2225209339563146,-0.5000000000000004,0.8660254037844384,700.29,810.96,919.33,956.8940968750002,88.80658615805831,11.496614659994114
2024-11-09 09:00:00,68.66,71.66,17.71,0.73,458.68,217.12,38.43,58.2,772.43,9,0,5,9,11,2024,1,0,0.7071067811865476,-0.7071067811865475,-0.9749279121818236,-0.2225209339563146,-0.5000000000000004,0.8660254037844384,795.16,746.5,992.67,953.392534375,92.04438480682228,11.250072822604135
2024-11-09 17:00:00,57.06,77.05,18.41,0.747,399.64,218.26,35.2,64.33,717.43,17,0,5,9,11,2024,1,0,-0.9659258262890684,-0.2588190451025206,-0.9749279121818236,-0.2225209339563146,-0.5000000000000004,0.8660254037844384,735.08,851.33,870.19,940.6933677083332,98.07032672752494,12.573256221521204
2024-11-09 20:00:00,69.73,74.32,18.55,0.726,457.76,220.61,31.14,64.43,773.94,20,0,5,9,11,2024,1,0,-0.8660254037844386,0.5000000000000001,-0.9749279121818236,-0.2225209339563146,-0.5000000000000004,0.8660254037844384,765.11,735.08,887.39,936.8717010416668,102.11116018933431,11.099096515129787
2024-11-10 04:00:00,71.81,75.05,18.93,0.767,481.53,210.42,40.37,61.53,793.85,4,0,6,10,11,2024,1,0,0.8660254037844386,0.5000000000000001,-0.7818314824680299,0.6234898018587334,-0.5000000000000004,0.8660254037844384,810.85,877.08,875.68,921.7682635416668,101.95528579743254,11.054867010165715
2024-11-10 07:00:00,70.65,73.73,18.12,0.673,470.23,210.8,41.01,61.87,783.91,7,0,6,10,11,2024,1,0,0.9659258262890684,-0.2588190451025206,-0.7818314824680299,0.6234898018587334,-0.5000000000000004,0.8660254037844384,746.33,810.85,887.16,917.282221875,105.5487423218084,11.095682944090585
2024-11-10 08:00:00,73.61,74.37,16.95,0.711,490.48,220.62,38.26,65.75,815.12,8,0,6,10,11,2024,1,0,0.8660254037844387,-0.4999999999999998,-0.7818314824680299,0.6234898018587334,-0.5000000000000004,0.8660254037844384,783.91,793.85,965.3,915.717846875,105.9417660429216,11.07349544898791
2024-11-10 16:00:00,63.27,61.65,19.12,0.64,448.57,185.56,36.45,57.85,728.43,16,0,6,10,11,2024,1,0,-0.8660254037844385,-0.5000000000000004,-0.7818314824680299,0.6234898018587334,-0.5000000000000004,0.8660254037844384,836.66,909.89,880.35,902.8627427083334,104.49413949654566,11.513039355144617
2024-11-10 17:00:00,60.64,70.81,18.13,0.714,418.1,210.55,42.83,72.56,744.04,17,0,6,10,11,2024,1,0,-0.9659258262890684,-0.2588190451025206,-0.7818314824680299,0.6234898018587334,-0.5000000000000004,0.8660254037844384,728.43,886.4,920.89,901.0205552083332,105.72463158220326,12.269788918205805
2024-11-10 18:00:00,67.17,74.46,17.44,0.693,474.56,217.04,36.94,61.1,789.63,18,0,6,10,11,2024,1,0,-1.0,-1.8369701987210294e-16,-0.7818314824680299,0.6234898018587334,-0.5000000000000004,0.8660254037844384,744.04,872.32,861.39,900.2730552083334,106.26010381614977,11.755694506476106
2024-11-10 19:00:00,66.31,79.46,19.19,0.71,451.18,234.14,35.49,58.09,778.9,19,0,6,10,11,2024,1,0,-0.9659258262890684,0.2588190451025203,-0.7818314824680299,0.6234898018587334,-0.5000000000000004,0.8660254037844384,789.63,836.66,865.77,899.3681593749999,106.92482688405816,11.746342934700648
2024-11-16 05:00:00,68.87,65.82,16.41,0.68,479.91,209.21,37.74,66.1,792.97,5,0,5,16,11,2024,1,0,0.9659258262890684,0.2588190451025207,-0.9749279121818236,-0.2225209339563146,-0.5000000000000004,0.8660254037844384,791.52,895.82,911.18,955.3158333333332,74.14496785518158,11.51401190649049
2024-11-16 07:00:00,67.43,73.3,16.52,0.752,464.81,223.13,40.48,58.33,786.76,7,0,5,16,11,2024,1,0,0.9659258262890684,-0.2588190451025206,-0.9749279121818236,-0.2225209339563146,-0.5000000000000004,0.8660254037844384,734.12,857.59,866.83,953.5498958333332,77.73879735160259,11.66780364822779
2024-11-16 08:00:00,68.44,74.38,16.83,0.763,449.68,209.31,40.02,59.62,758.63,8,0,5,16,11,2024,1,0,0.8660254037844387,-0.4999999999999998,-0.9749279121818236,-0.2225209339563146,-0.5000000000000004,0.8660254037844384,786.76,791.52,920.76,951.8610416666668,80.18138863298836,11.08459964932788
2024-11-16 17:00:00,59.62,62.48,15.34,0.676,419.54,198.9,40.67,59.18,718.28,17,0,5,16,11,2024,1,0,-0.9659258262890684,-0.2588190451025206,-0.9749279121818236,-0.2225209339563146,-0.5000000000000004,0.8660254037844384,832.32,880.18,879.97,939.4741666666667,84.44752242374544,12.047635021804764
2024-11-16 18:00:00,65.53,72.81,16.84,0.731,445.96,208.89,41.05,57.17,753.06,18,0,5,16,11,2024,1,0,-1.0,-1.8369701987210294e-16,-0.9749279121818236,-0.2225209339563146,-0.5000000000000004,0.8660254037844384,718.28,865.9,896.51,937.9798958333332,86.46091011482578,11.491835800396764
2024-11-16 19:00:00,68.66,82.38,17.23,0.765,456.81,236.1,45.23,64.8,802.94,19,0,5,16,11,2024,1,0,-0.9659258262890684,0.2588190451025203,-0.9749279121818236,-0.2225209339563146,-0.5000000000000004,0.8660254037844384,753.06,862.36,859.2,937.3938541666666,87.18811988568035,11.694436353043987
2024-11-16 21:00:00,70.55,79.93,19.07,0.713,482.39,227.05,45.55,66.25,821.24,21,0,5,16,11,2024,1,0,-0.7071067811865477,0.7071067811865474,-0.9749279121818236,-0.2225209339563146,-0.5000000000000004,0.8660254037844384,803.25,718.28,975.32,934.3735416666668,88.93150311488118,11.64053862508859
2024-11-17 04:00:00,66.47,71.89,16.77,0.771,436.34,222.65,44.3,66.71,769.99,4,0,6,17,11,2024,1,0,0.8660254037844386,0.5000000000000001,-0.7818314824680299,0.6234898018587334,-0.5000000000000004,0.8660254037844384,805.23,864.89,907.11,923.6391666666668,89.30072382174656,11.584022867459005
2024-11-17 05:00:00,61.75,72.14,14.82,0.761,404.87,220.37,42.68,59.27,727.19,5,0,6,17,11,2024,1,0,0.9659258262890684,0.2588190451025207,-0.7818314824680299,0.6234898018587334,-0.5000000000000004,0.8660254037844384,769.99,860.5,907.3,921.7630208333334,91.51222093963707,11.776356275303645
2024-11-17 06:00:00,65.08,81.46,19.32,0.726,447.52,224.53,38.68,54.51,765.23,6,0,6,17,11,2024,1,0,1.0,6.123233995736766e-17,-0.7818314824680299,0.6234898018587334,-0.5000000000000004,0.8660254037844384,727.19,879.24,907.19,920.2842708333332,92.8868307219495,11.758297480024586
2024-11-17 07:00:00,59.92,71.98,17.59,0.708,427.66,221.12,40.79,67.66,757.23,7,0,6,17,11,2024,1,0,0.9659258262890684,-0.2588190451025206,-0.7818314824680299,0.6234898018587334,-0.5000000000000004,0.8660254037844384,765.23,805.23,857.35,919.2413541666668,94.15430065499532,12.637349799732977
2024-11-17 08:00:00,68.39,77.32,16.52,0.719,448.24,218.1,43.04,60.2,769.57,8,0,6,17,11,2024,1,0,0.8660254037844387,-0.4999999999999998,-0.7818314824680299,0.6234898018587334,-0.5000000000000004,0.8660254037844384,757.23,769.99,932.66,917.5425,95.37308787350037,11.252668518789298
2024-11-17 17:00:00,71.01,77.06,18.14,0.762,470.59,215.65,43.17,62.52,791.92,17,0,6,17,11,2024,1,0,-0.9659258262890684,-0.2588190451025206,-0.7818314824680299,0.6234898018587334,-0.5000000000000004,0.8660254037844384,774.38,895.83,857.8,904.8478125,94.09755596359776,11.152232079988732
2024-11-17 18:00:00,64.41,72.94,17.45,0.657,441.35,208.44,38.59,58.89,747.27,18,0,6,17,11,2024,1,0,-1.0,-1.8369701987210294e-16,-0.7818314824680299,0.6234898018587334,-0.5000000000000004,0.8660254037844384,791.92,844.92,912.38,903.1279166666668,95.45753063857282,11.601769911504425
2024-11-17 19:00:00,65.31,74.3,19.08,0.718,438.61,205.55,47.11,63.28,754.56,19,0,6,17,11,2024,1,0,-0.9659258262890684,0.2588190451025203,-0.7818314824680299,0.6234898018587334,-0.5000000000000004,0.8660254037844384,747.27,823.78,889.16,901.7258333333334,96.64595820412258,11.55351401010565
2024-11-17 21:00:00,69.27,69.05,16.22,0.652,465.12,197.51,44.27,65.59,772.49,21,0,6,17,11,2024,1,0,-0.7071067811865477,0.7071067811865474,-0.7818314824680299,0.6234898018587334,-0.5000000000000004,0.8660254037844384,818.58,791.92,963.17,899.0640625,97.66574372859311,11.15186949617439
2024-11-17 22:00:00,75.48,75.36,16.17,0.68,506.68,224.89,41.84,60.06,833.48,22,0,6,17,11,2024,1,0,-0.5000000000000004,0.8660254037844384,-0.7818314824680299,0.6234898018587334,-0.5000000000000004,0.8660254037844384,772.49,747.27,1028.99,897.0275,96.9638627205219,11.042395336512984
2024-11-23 04:00:00,70.82,73.52,16.31,0.591,480.44,208.61,38.3,62.56,789.9,4,0,5,23,11,2024,1,0,0.8660254037844386,0.5000000000000001,-0.9749279121818236,-0.2225209339563146,-0.5000000000000004,0.8660254037844384,788.84,846.12,901.61,963.8048958333334,72.25290177374328,11.153628918384637
2024-11-23 07:00:00,61.84,62.52,17.31,0.65,421.3,180.71,38.88,56.72,697.62,7,0,5,23,11,2024,1,0,0.9659258262890684,-0.2588190451025206,-0.9749279121818236,-0.2225209339563146,-0.5000000000000004,0.8660254037844384,736.64,788.84,871.59,959.290625,81.04551018847883,11.281047865459248
2024-11-23 08:00:00,64.55,73.66,18.38,0.682,433.62,211.21,40.83,61.53,747.19,8,0,5,23,11,2024,1,0,0.8660254037844387,-0.4999999999999998,-0.9749279121818236,-0.2225209339563146,-0.5000000000000004,0.8660254037844384,697.62,789.9,941.54,957.2661458333332,83.8716896891026,11.575367931835787
2024-11-23 16:00:00,67.54,77.9,17.88,0.755,475.9,220.75,44.33,62.61,803.59,16,0,5,23,11,2024,1,0,-0.8660254037844385,-0.5000000000000004,-0.9749279121818236,-0.2225209339563146,-0.5000000000000004,0.8660254037844384,783.05,916.48,963.8,941.9798958333332,87.55489172056464,11.897986378442404
2024-11-23 17:00:00,61.19,63.42,15.55,0.564,427.55,186.94,39.15,53.67,707.32,17,0,5,23,11,2024,1,0,-0.9659258262890684,-0.2588190451025206,-0.9749279121818236,-0.2225209339563146,-0.5000000000000004,0.8660254037844384,803.59,872.59,909.22,939.8767708333334,90.71784169082672,11.559405131557446
2024-11-23 18:00:00,67.19,66.38,17.68,0.693,449.4,200.21,39.6,69.17,758.38,18,0,5,23,11,2024,1,0,-1.0,-1.8369701987210294e-16,-0.9749279121818236,-0.2225209339563146,-0.5000000000000004,0.8660254037844384,707.32,827.83,884.06,938.5676041666668,92.42266046746327,11.287096294091382
2024-11-23 19:00:00,68.5,71.84,16.92,0.672,465.31,213.96,41.52,64.26,785.05,19,0,5,23,11,2024,1,0,-0.9659258262890684,0.2588190451025203,-0.9749279121818236,-0.2225209339563146,-0.5000000000000004,0.8660254037844384,758.38,783.05,900.15,937.3686458333332,93.66450871532928,11.460583941605838
2024-11-23 20:00:00,64.75,79.57,14.88,0.737,452.64,236.77,38.23,63.35,790.99,20,0,5,23,11,2024,1,0,-0.8660254037844386,0.5000000000000001,-0.9749279121818236,-0.2225209339563146,-0.5000000000000004,0.8660254037844384,785.05,803.59,910.38,936.125,94.8122055433804,12.216061776061776
2024-11-24 03:00:00,73.58,72.64,13.06,0.711,494.74,216.58,44.65,69.62,932.82,3,0,6,24,11,2024,1,0,0.7071067811865476,0.7071067811865476,-0.7818314824680299,0.6234898018587334,-0.5000000000000004,0.8660254037844384,932.82,923.81,957.13,927.2057291666666,91.97802365376404,12.677629790703996
2024-11-24 05:00:00,66.57,69.28,17.81,0.697,447.3,205.5,43.32,57.72,753.84,5,0,6,24,11,2024,1,0,0.9659258262890684,0.2588190451025207,-0.7818314824680299,0.6234898018587334,-0.5000000000000004,0.8660254037844384,791.58,844.0,927.96,923.9467708333332,94.65260852184268,11.324019828751691
2024-11-24 06:00:00,61.42,66.3,18.12,0.639,426.94,195.31,45.53,52.58,720.36,6,0,6,24,11,2024,1,0,1.0,6.123233995736766e-17,-0.7818314824680299,0.6234898018587334,-0.5000000000000004,0.8660254037844384,753.84,932.82,896.22,922.1148958333332,96.87065138077976,11.728427222403125
2024-11-24 08:00:00,64.09,72.45,18.42,0.705,443.14,210.26,42.55,66.01,761.96,8,0,6,24,11,2024,1,0,0.8660254037844387,-0.4999999999999998,-0.7818314824680299,0.6234898018587334,-0.5000000000000004,0.8660254037844384,776.15,791.58,918.19,918.7858333333334,99.31587599453349,11.888906225620222
2024-11-24 09:00:00,74.04,78.66,16.06,0.733,500.15,224.63,47.47,59.83,832.07,9,0,6,24,11,2024,1,0,0.7071067811865476,-0.7071067811865475,-0.7818314824680299,0.6234898018587334,-0.5000000000000004,0.8660254037844384,761.96,753.84,998.98,917.0471875,99.35817399906146,11.238114532685035
2024-11-24 15:00:00,68.38,71.55,18.49,0.667,452.94,211.9,37.49,57.82,760.16,15,0,6,24,11,2024,1,0,-0.7071067811865471,-0.7071067811865479,-0.7818314824680299,0.6234898018587334,-0.5000000000000004,0.8660254037844384,903.07,865.69,943.68,907.2176041666668,96.03870339054204,11.116700789704593
2024-11-24 17:00:00,64.18,73.08,15.41,0.672,454.41,210.97,35.26,62.41,763.05,17,0,6,24,11,2024,1,0,-0.9659258262890684,-0.2588190451025206,-0.7818314824680299,0.6234898018587334,-0.5000000000000004,0.8660254037844384,810.64,900.21,880.55,905.224375,97.58820648992966,11.889217824867558
2024-11-30 04:00:00,59.83,75.14,14.92,0.753,427.0,214.49,47.01,63.24,751.74,4,0,5,30,11,2024,1,0,0.8660254037844386,0.5000000000000001,-0.9749279121818236,-0.2225209339563146,-0.5000000000000004,0.8660254037844384,819.74,868.32,937.77,965.9715625,79.28173676105372,12.564599699147585
2024-11-30 05:00:00,63.0,72.23,14.4,0.742,448.76,218.6,48.45,69.38,785.19,5,0,5,30,11,2024,1,0,0.9659258262890684,0.2588190451025207,-0.9749279121818236,-0.2225209339563146,-0.5000000000000004,0.8660254037844384,751.74,877.36,907.2,964.700625,81.18881302005585,12.463333333333335
2024-11-30 06:00:00,56.5,75.25,15.95,0.698,403.36,219.88,44.06,60.28,727.58,6,0,5,30,11,2024,1,0,1.0,6.123233995736766e-17,-0.9749279121818236,-0.2225209339563146,-0.5000000000000004,0.8660254037844384,785.19,900.11,873.18,963.1839583333334,84.21986004661994,12.877522123893806
2024-11-30 08:00:00,56.82,65.32,15.08,0.602,412.29,199.04,41.63,63.97,716.92,8,0,5,30,11,2024,1,0,0.8660254037844387,-0.4999999999999998,-0.9749279121818236,-0.2225209339563146,-0.5000000000000004,0.8660254037844384,734.08,751.74,930.5,959.0683333333336,90.72860407387124,12.617388243576205
2024-11-30 18:00:00,62.44,75.79,17.7,0.69,432.47,216.13,41.97,64.06,754.62,18,0,5,30,11,2024,1,0,-1.0,-1.8369701987210294e-16,-0.9749279121818236,-0.2225209339563146,-0.5000000000000004,0.8660254037844384,808.2,832.11,914.98,941.1597916666666,97.974141475448,12.085522101217169
2024-11-30 19:00:00,73.2,76.73,15.82,0.762,497.27,223.68,39.45,62.24,822.64,19,0,5,30,11,2024,1,0,-0.9659258262890684,0.2588190451025203,-0.9749279121818236,-0.2225209339563146,-0.5000000000000004,0.8660254037844384,754.62,855.93,884.67,940.5136458333332,98.55345019589916,11.238251366120219
2024-11-30 20:00:00,63.16,64.54,16.2,0.621,448.09,200.9,35.27,68.31,752.56,20,0,5,30,11,2024,1,0,-0.8660254037844386,0.5000000000000001,-0.9749279121818236,-0.2225209339563146,-0.5000000000000004,0.8660254037844384,822.64,816.31,893.73,939.043125,100.29664484405198,11.91513616212793
2024-11-30 21:00:00,69.39,72.19,17.31,0.673,479.13,196.38,31.83,58.46,765.8,21,0,5,30,11,2024,1,0,-0.7071067811865477,0.7071067811865474,-0.9749279121818236,-0.2225209339563146,-0.5000000000000004,0.8660254037844384,752.56,808.2,974.96,936.864375,101.76919516148293,11.036172359129557
2024-12-01 02:00:00,74.86,77.67,20.22,0.69,502.81,223.36,45.56,69.71,841.44,2,0,6,1,12,2024,1,0,0.4999999999999999,0.8660254037844387,-0.7818314824680299,0.6234898018587334,-2.4492935982947064e-16,1.0,888.7,850.88,1043.81,928.7165625,99.7137922659618,11.24018167245525
2024-12-01 06:00:00,61.23,81.44,15.95,0.767,426.01,227.35,44.63,58.02,756.01,6,0,6,1,12,2024,1,0,1.0,6.123233995736766e-17,-0.7818314824680299,0.6234898018587334,-2.4492935982947064e-16,1.0,748.43,841.44,818.92,923.3763541666666,103.43434041504032,12.347052098644456
2024-12-01 18:00:00,64.48,62.64,16.98,0.625,442.79,195.82,38.1,64.03,740.73,18,0,6,1,12,2024,1,0,-1.0,-1.8369701987210294e-16,-0.7818314824680299,0.6234898018587334,-2.4492935982947064e-16,1.0,769.06,839.39,854.05,902.7626041666666,106.2820914284722,11.487748138957816
2024-12-01 19:00:00,61.29,73.93,17.07,0.674,423.65,207.37,44.26,61.91,737.2,19,0,6,1,12,2024,1,0,-0.9659258262890684,0.2588190451025203,-0.7818314824680299,0.6234898018587334,-2.4492935982947064e-16,1.0,740.73,809.75,927.66,900.7786458333334,107.58214056069272,12.028063305596346
2024-12-01 20:00:00,69.8,68.44,15.45,0.658,475.17,201.41,37.44,65.13,779.15,20,0,6,1,12,2024,1,0,-0.8660254037844386,0.5000000000000001,-0.7818314824680299,0.6234898018587334,-2.4492935982947064e-16,1.0,737.2,767.72,902.16,899.4972916666667,108.29570200422424,11.162607449856734
2024-12-07 05:00:00,69.04,74.79,14.9,0.686,463.21,211.52,36.46,60.89,772.08,5,0,5,7,12,2024,1,0,0.9659258262890684,0.2588190451025207,-0.9749279121818236,-0.2225209339563146,-2.4492935982947064e-16,1.0,784.24,854.3,849.57,961.175346875,75.49661962445529,11.18308227114716
2024-12-07 07:00:00,63.62,71.06,14.49,0.704,425.72,212.42,39.36,60.52,738.02,7,0,5,7,12,2024,1,0,0.9659258262890684,-0.2588190451025206,-0.9749279121818236,-0.2225209339563146,-2.4492935982947064e-16,1.0,801.52,828.88,968.16,958.0026385416668,80.03200767565154,11.600440113171958
2024-12-07 08:00:00,69.09,74.11,14.86,0.701,473.63,218.79,36.49,59.47,788.38,8,0,5,7,12,2024,1,0,0.8660254037844387,-0.4999999999999998,-0.9749279121818236,-0.2225209339563146,-2.4492935982947064e-16,1.0,738.02,784.24,938.44,956.4395135416668,81.86260595709331,11.410913301490808
2024-12-07 16:00:00,54.03,59.05,16.4,0.575,383.09,193.73,40.45,60.13,677.4,16,0,5,7,12,2024,1,0,-0.8660254037844385,-0.5000000000000004,-0.9749279121818236,-0.2225209339563146,-2.4492935982947064e-16,1.0,808.01,912.06,889.59,944.2679510416666,86.89021269939518,12.537479178234314
2024-12-07 17:00:00,70.2,77.36,15.07,0.718,469.71,215.86,45.02,63.66,794.25,17,0,5,7,12,2024,1,0,-0.9659258262890684,-0.2588190451025206,-0.9749279121818236,-0.2225209339563146,-2.4492935982947064e-16,1.0,677.4,928.4,874.53,943.4317010416668,87.94832398086673,11.314102564102564
2024-12-07 18:00:00,61.59,62.23,13.93,0.689,425.77,183.63,41.25,53.8,704.44,18,0,5,7,12,2024,1,0,-1.0,-1.8369701987210294e-16,-0.9749279121818236,-0.2225209339563146,-2.4492935982947064e-16,1.0,794.25,867.59,880.16,941.601284375,91.05280797696454,11.43757103425881
2024-12-07 19:00:00,62.05,68.69,14.32,0.62,437.33,208.27,39.03,58.61,743.24,19,0,5,7,12,2024,1,0,-0.9659258262890684,0.2588190451025203,-0.9749279121818236,-0.2225209339563146,-2.4492935982947064e-16,1.0,704.44,808.01,922.13,939.737846875,93.25928951814988,11.978082191780823
2024-12-07 20:00:00,67.78,72.07,14.41,0.752,443.96,216.53,40.84,53.29,754.63,20,0,5,7,12,2024,1,0,-0.8660254037844386,0.5000000000000001,-0.9749279121818236,-0.2225209339563146,-2.4492935982947064e-16,1.0,743.24,677.4,957.64,937.623159375,95.13193928847456,11.133520212452051
2024-12-08 04:00:00,66.23,74.73,15.46,0.766,443.74,220.69,31.88,65.04,761.36,4,0,6,8,12,2024,1,0,0.8660254037844386,0.5000000000000001,-0.7818314824680299,0.6234898018587334,-2.4492935982947064e-16,1.0,823.41,851.8,899.18,926.2549302083336,98.3800311403336,11.495696814132568
2024-12-08 05:00:00,61.34,65.69,15.44,0.609,418.69,209.61,38.29,73.21,739.8,5,0,6,8,12,2024,1,0,0.9659258262890684,0.2588190451025207,-0.7818314824680299,0.6234898018587334,-2.4492935982947064e-16,1.0,761.36,896.58,907.18,924.5113885416666,100.18822570351794,12.060645582001955
2024-12-08 06:00:00,61.72,64.3,15.83,0.632,426.37,197.38,34.88,61.62,720.24,6,0,6,8,12,2024,1,0,1.0,6.123233995736766e-17,-0.7818314824680299,0.6234898018587334,-2.4492935982947064e-16,1.0,739.8,874.93,891.79,922.724409375,102.28593609898898,11.66947504860661
2024-12-08 09:00:00,66.81,73.01,17.88,0.746,452.82,212.37,37.13,55.81,758.13,9,0,6,8,12,2024,1,0,0.7071067811865476,-0.7071067811865475,-0.7818314824680299,0.6234898018587334,-2.4492935982947064e-16,1.0,831.77,739.8,955.44,918.3332635416668,105.03358877618412,11.347552761562639
2024-12-08 16:00:00,73.06,72.3,14.31,0.716,485.4,215.34,43.03,62.65,806.41,16,0,6,8,12,2024,1,0,-0.8660254037844385,-0.5000000000000004,-0.7818314824680299,0.6234898018587334,-2.4492935982947064e-16,1.0,807.36,854.45,914.71,905.422534375,102.07827883676644,11.037640295647412
2024-12-08 18:00:00,62.02,71.94,16.13,0.717,438.03,217.08,48.18,54.9,758.2,18,0,6,8,12,2024,1,0,-1.0,-1.8369701987210294e-16,-0.7818314824680299,0.6234898018587334,-2.4492935982947064e-16,1.0,744.49,832.67,881.43,902.5757635416668,104.42824449120556,12.225088681070622
2024-12-08 20:00:00,68.39,75.48,17.0,0.761,466.4,213.38,45.41,53.34,778.53,20,0,6,8,12,2024,1,0,-0.8660254037844386,0.5000000000000001,-0.7818314824680299,0.6234898018587334,-2.4492935982947064e-16,1.0,810.52,806.41,937.06,899.7933677083333,105.51406640384428,11.38368182482819
2024-12-14 04:00:00,69.15,70.82,15.65,0.628,462.46,208.54,40.97,63.39,775.36,4,0,5,14,12,2024,1,0,0.8660254037844386,0.5000000000000001,-0.9749279121818236,-0.2225209339563146,-2.4492935982947064e-16,1.0,830.69,894.18,939.27,964.0044791666668,72.38150801747666,11.212725958062183
2024-12-14 05:00:00,61.7,73.95,15.75,0.689,431.66,219.59,32.07,66.74,750.06,5,0,5,14,12,2024,1,0,0.9659258262890684,0.2588190451025207,-0.9749279121818236,-0.2225209339563146,-2.4492935982947064e-16,1.0,775.36,901.93,934.43,962.0839583333332,75.55105354351684,12.156564019448945
2024-12-14 06:00:00,61.49,73.02,16.96,0.722,445.51,214.96,47.63,55.88,763.98,6,0,5,14,12,2024,1,0,1.0,6.123233995736766e-17,-0.9749279121818236,-0.2225209339563146,-2.4492935982947064e-16,1.0,750.06,901.35,899.12,960.67625,77.95726503061077,12.424459261668565
2024-12-14 17:00:00,66.2,60.27,13.35,0.563,466.3,190.0,42.27,60.84,759.4,17,0,5,14,12,2024,1,0,-0.9659258262890684,-0.2588190451025206,-0.9749279121818236,-0.2225209339563146,-2.4492935982947064e-16,1.0,812.31,903.17,862.79,945.275625,87.13102695683575,11.471299093655588
2024-12-14 19:00:00,61.59,79.74,17.53,0.754,430.63,216.87,40.86,63.62,751.98,19,0,5,14,12,2024,1,0,-0.9659258262890684,0.2588190451025203,-0.9749279121818236,-0.2225209339563146,-2.4492935982947064e-16,1.0,718.68,844.25,895.84,942.4455208333334,91.59199239728888,12.209449585971749
2024-12-14 21:00:00,65.24,71.08,15.59,0.747,432.48,205.8,45.97,61.41,745.66,21,0,5,14,12,2024,1,0,-0.7071067811865477,0.7071067811865474,-0.9749279121818236,-0.2225209339563146,-2.4492935982947064e-16,1.0,767.35,759.4,979.67,937.6060416666666,95.12508449381964,11.429491109748621
2024-12-15 06:00:00,64.12,68.78,14.36,0.65,454.94,196.15,43.73,58.66,753.48,6,0,6,15,12,2024,1,0,1.0,6.123233995736766e-17,-0.7818314824680299,0.6234898018587334,-2.4492935982947064e-16,1.0,803.91,835.57,886.45,923.8348958333336,97.22415334510966,11.751091703056767
2024-12-15 07:00:00,70.23,83.5,11.92,0.703,475.25,238.15,42.65,64.41,820.46,7,0,6,15,12,2024,1,0,0.9659258262890684,-0.2588190451025206,-0.7818314824680299,0.6234898018587334,-2.4492935982947064e-16,1.0,753.48,811.62,874.23,923.2747916666666,97.66680877759032,11.682471878114766
2024-12-15 08:00:00,69.87,70.98,13.94,0.67,456.59,205.78,43.51,65.12,771.0,8,0,6,15,12,2024,1,0,0.8660254037844387,-0.4999999999999998,-0.7818314824680299,0.6234898018587334,-2.4492935982947064e-16,1.0,820.46,805.95,874.23,922.1994791666666,98.77447689048614,11.03477887505367
2024-12-15 19:00:00,68.84,73.97,16.61,0.679,464.37,220.35,42.46,64.3,791.48,19,0,6,15,12,2024,1,0,-0.9659258262890684,0.2588190451025203,-0.7818314824680299,0.6234898018587334,-2.4492935982947064e-16,1.0,727.49,839.29,906.22,902.7161458333334,97.59548970779808,11.497385241138872
2024-12-21 03:00:00,70.94,68.42,19.04,0.733,477.23,197.07,43.45,71.22,788.97,3,0,5,21,12,2024,1,0,0.7071067811865476,0.7071067811865476,-0.9749279121818236,-0.2225209339563146,-2.4492935982947064e-16,1.0,847.87,1053.73,952.36,962.9416666666666,74.45302145318884,11.121652100366507
2024-12-21 04:00:00,62.4,75.32,14.12,0.77,422.96,220.73,34.23,56.2,734.11,4,0,5,21,12,2024,1,0,0.8660254037844386,0.5000000000000001,-0.9749279121818236,-0.2225209339563146,-2.4492935982947064e-16,1.0,788.97,872.52,841.78,961.8201041666666,77.06265406517093,11.764583333333334
2024-12-21 05:00:00,61.04,72.03,14.97,0.637,429.39,208.87,45.88,64.13,748.27,5,0,5,21,12,2024,1,0,0.9659258262890684,0.2588190451025207,-0.9749279121818236,-0.2225209339563146,-2.4492935982947064e-16,1.0,734.11,874.2,878.64,960.4620833333332,79.6492094640357,12.258682830930537
2024-12-21 06:00:00,62.45,68.05,14.59,0.689,432.61,195.73,39.23,56.05,723.61,6,0,5,21,12,2024,1,0,1.0,6.123233995736766e-17,-0.9749279121818236,-0.2225209339563146,-2.4492935982947064e-16,1.0,748.27,847.87,871.03,958.9264583333334,82.75226846919945,11.587029623698959
2024-12-21 07:00:00,66.1,69.3,16.22,0.713,455.73,213.61,47.45,54.47,771.26,7,0,5,21,12,2024,1,0,0.9659258262890684,-0.2588190451025206,-0.9749279121818236,-0.2225209339563146,-2.4492935982947064e-16,1.0,723.61,788.97,879.7,957.796875,84.56535808489507,11.668078668683814
2024-12-21 08:00:00,73.42,75.04,16.95,0.696,494.65,211.79,40.28,66.85,813.57,8,0,5,21,12,2024,1,0,0.8660254037844387,-0.4999999999999998,-0.9749279121818236,-0.2225209339563146,-2.4492935982947064e-16,1.0,771.26,734.11,918.99,956.69875,85.75074855895582,11.081040588395533
2024-12-21 09:00:00,73.22,70.11,17.55,0.695,496.83,213.07,45.28,67.78,822.97,9,0,5,21,12,2024,1,0,0.7071067811865476,-0.7071067811865475,-0.9749279121818236,-0.2225209339563146,-2.4492935982947064e-16,1.0,813.57,748.27,976.15,955.103125,86.80369523195,11.23968860966949
2024-12-21 18:00:00,65.08,66.95,15.5,0.706,435.89,202.74,42.08,59.1,739.81,18,0,5,21,12,2024,1,0,-1.0,-1.8369701987210294e-16,-0.9749279121818236,-0.2225209339563146,-2.4492935982947064e-16,1.0,787.0,893.08,861.66,941.8913541666666,89.97940635290271,11.367701290719115
2024-12-21 19:00:00,67.84,81.66,14.15,0.717,472.87,235.89,33.93,67.41,810.1,19,0,5,21,12,2024,1,0,-0.9659258262890684,0.2588190451025203,-0.9749279121818236,-0.2225209339563146,-2.4492935982947064e-16,1.0,739.81,852.47,871.28,941.2540625,90.69856942617189,11.94133254716981
2024-12-21 20:00:00,68.09,65.11,13.6,0.708,464.29,198.91,43.62,54.44,761.25,20,0,5,21,12,2024,1,0,-0.8660254037844386,0.5000000000000001,-0.9749279121818236,-0.2225209339563146,-2.4492935982947064e-16,1.0,810.1,825.12,909.63,939.7084375,92.48976833686388,11.180055808488765
2024-12-21 21:00:00,69.55,69.73,14.81,0.697,457.61,209.39,37.03,63.25,767.27,21,0,5,21,12,2024,1,0,-0.7071067811865477,0.7071067811865474,-0.9749279121818236,-0.2225209339563146,-2.4492935982947064e-16,1.0,761.25,787.0,945.56,937.85125,94.14622414375673,11.031919482386773
2024-12-22 05:00:00,64.01,71.44,13.04,0.763,435.26,218.53,37.62,65.37,756.78,5,0,6,22,12,2024,1,0,0.9659258262890684,0.2588190451025207,-0.7818314824680299,0.6234898018587334,-2.4492935982947064e-16,1.0,781.23,940.15,877.27,925.3759375,94.94699789692297,11.822840181221682
2024-12-22 06:00:00,58.43,66.96,14.04,0.703,415.85,204.24,37.44,60.35,717.88,6,0,6,22,12,2024,1,0,1.0,6.123233995736766e-17,-0.7818314824680299,0.6234898018587334,-2.4492935982947064e-16,1.0,756.78,845.58,890.72,923.5755208333334,97.22252960545671,12.286154372753723
2024-12-22 16:00:00,67.77,72.44,13.63,0.747,470.21,210.81,34.93,65.5,781.45,16,0,6,22,12,2024,1,0,-0.8660254037844385,-0.5000000000000004,-0.7818314824680299,0.6234898018587334,-2.4492935982947064e-16,1.0,849.1,883.43,963.71,908.311875,97.82102574882728,11.530913383503027
2024-12-22 18:00:00,67.46,71.17,14.53,0.701,455.86,204.93,35.04,51.13,746.95,18,0,6,22,12,2024,1,0,-1.0,-1.8369701987210294e-16,-0.7818314824680299,0.6234898018587334,-2.4492935982947064e-16,1.0,793.35,865.64,875.52,905.8041666666668,99.82182139525789,11.072487399940707
2024-12-28 05:00:00,64.78,68.32,13.17,0.719,441.99,201.02,39.92,69.39,752.32,5,0,5,28,12,2024,1,0,0.9659258262890684,0.2588190451025207,-0.9749279121818236,-0.2225209339563146,-2.4492935982947064e-16,1.0,780.94,904.43,888.56,961.6892708333334,79.3146067286193,11.61346094473603
2024-12-28 06:00:00,63.61,70.26,17.41,0.722,440.86,216.74,38.22,64.34,760.16,6,0,5,28,12,2024,1,0,1.0,6.123233995736766e-17,-0.9749279121818236,-0.2225209339563146,-2.4492935982947064e-16,1.0,752.32,867.32,888.56,960.3517708333334,81.61018200142071,11.95032227637164
2024-12-28 07:00:00,68.88,78.95,17.9,0.714,456.64,220.3,33.48,55.92,766.34,7,0,5,28,12,2024,1,0,0.9659258262890684,-0.2588190451025206,-0.9749279121818236,-0.2225209339563146,-2.4492935982947064e-16,1.0,760.16,818.23,892.44,959.0382291666666,83.70273167893349,11.125725900116144
2024-12-28 09:00:00,69.4,64.85,12.93,0.618,468.1,201.24,42.76,61.42,773.51,9,0,5,28,12,2024,1,0,0.7071067811865476,-0.7071067811865475,-0.9749279121818236,-0.2225209339563146,-2.4492935982947064e-16,1.0,814.24,752.32,965.35,956.0058333333332,86.93468962589708,11.145677233429394
2024-12-28 17:00:00,67.91,68.05,15.37,0.635,451.52,214.76,39.56,63.0,768.84,17,0,5,28,12,2024,1,0,-0.9659258262890684,-0.2588190451025206,-0.9749279121818236,-0.2225209339563146,-2.4492935982947064e-16,1.0,826.87,867.75,842.92,943.1573958333332,88.86448040927398,11.321454866735387
2024-12-28 18:00:00,64.57,70.96,16.32,0.696,442.9,206.26,42.46,63.39,755.01,18,0,5,28,12,2024,1,0,-1.0,-1.8369701987210294e-16,-0.9749279121818236,-0.2225209339563146,-2.4492935982947064e-16,1.0,768.84,797.23,832.9,942.3460416666668,90.22688718744118,11.692891435651232
2024-12-28 19:00:00,66.89,68.92,15.14,0.735,451.72,205.67,34.6,58.84,750.83,19,0,5,28,12,2024,1,0,-0.9659258262890684,0.2588190451025203,-0.9749279121818236,-0.2225209339563146,-2.4492935982947064e-16,1.0,755.01,837.84,893.59,940.8589583333332,92.19393791555572,11.224846763342802
2024-12-28 21:00:00,71.5,80.1,13.7,0.76,484.59,226.25,50.14,57.03,818.01,21,0,5,28,12,2024,1,0,-0.7071067811865477,0.7071067811865474,-0.9749279121818236,-0.2225209339563146,-2.4492935982947064e-16,1.0,798.26,768.84,998.25,937.4246875,93.94438579851034,11.4406993006993
2024-12-29 05:00:00,65.84,71.92,14.16,0.678,446.1,210.64,38.05,69.09,763.88,5,0,6,29,12,2024,1,0,0.9659258262890684,0.2588190451025207,-0.7818314824680299,0.6234898018587334,-2.4492935982947064e-16,1.0,787.3,853.08,876.85,924.4788541666668,95.54240522153223,11.602065613608747
2024-12-29 06:00:00,65.84,74.98,17.67,0.684,460.7,226.56,43.35,60.2,790.82,6,0,6,29,12,2024,1,0,1.0,6.123233995736766e-17,-0.7818314824680299,0.6234898018587334,-2.4492935982947064e-16,1.0,763.88,888.06,874.59,923.60625,96.38170043879596,12.01123936816525
2024-12-29 07:00:00,62.05,67.95,15.1,0.646,442.42,214.92,33.33,58.5,749.17,7,0,6,29,12,2024,1,0,0.9659258262890684,-0.2588190451025206,-0.7818314824680299,0.6234898018587334,-2.4492935982947064e-16,1.0,790.82,870.71,915.01,921.87875,98.0098640712417,12.07365028203062
2024-12-29 17:00:00,64.32,72.51,15.83,0.704,430.83,211.85,41.1,61.59,745.37,17,0,6,29,12,2024,1,0,-0.9659258262890684,-0.2588190451025206,-0.7818314824680299,0.6234898018587334,-2.4492935982947064e-16,1.0,777.9,848.39,920.73,904.7038541666668,97.74383712293807,11.58846393034826
2024-12-29 18:00:00,61.95,61.86,13.68,0.662,439.88,188.16,43.99,59.68,731.71,18,0,6,29,12,2024,1,0,-1.0,-1.8369701987210294e-16,-0.7818314824680299,0.6234898018587334,-2.4492935982947064e-16,1.0,745.37,951.73,854.08,903.4291666666668,99.19807916929282,11.811299435028248
2024-12-29 19:00:00,64.73,66.93,14.46,0.669,443.91,203.74,42.3,60.72,750.67,19,0,6,29,12,2024,1,0,-0.9659258262890684,0.2588190451025203,-0.7818314824680299,0.6234898018587334,-2.4492935982947064e-16,1.0,731.71,847.59,855.98,902.3321875,100.30443203938457,11.5969411401205
2024-12-29 21:00:00,67.48,68.79,17.66,0.653,458.95,207.75,42.68,50.76,760.15,21,0,6,29,12,2024,1,0,-0.7071067811865477,0.7071067811865474,-0.7818314824680299,0.6234898018587334,-2.4492935982947064e-16,1.0,786.7,745.37,926.05,898.8701041666667,101.82973049985615,11.264819205690573
