timestamp,production_load_t,equipment_utilization_pct,ambient_temp_c,equipment_run_frac,furnace_kwh,compressor_kwh,ventilation_kwh,auxiliary_kwh,energy_kwh,hour,minute,dayofweek,day,month,year,is_weekend,is_weekday,hour_sin,hour_cos,dow_sin,dow_cos,month_sin,month_cos,energy_lag_15min,energy_lag_1h,energy_lag_24h,energy_roll_mean_24h,energy_roll_std_24h,expected_kwh_per_load,dominant_equipment
2024-01-05 06:00:00,83.63,79.69,17.36,0.747,555.04,223.54,44.84,57.72,1120.6933,6,0,4,5,1,2024,0,1,1.0,6.123233995736766e-17,-0.433883739117558,-0.9009688679024191,0.4999999999999999,0.8660254037844387,885.73,1001.02,923.97,965.1088885416666,68.50912676964998,13.400613416238192,Furnace
2024-01-08 11:00:00,123.87,100.0,12.78,1.0,729.9,257.3,48.95,64.06,1100.21,11,0,0,8,1,2024,0,1,0.258819045102521,-0.9659258262890682,0.0,1.0,0.4999999999999999,0.8660254037844387,1003.92,911.46,1027.22,893.6069093749999,99.56424684974476,8.881973036247679,Furnace
2024-01-08 12:00:00,117.5,100.0,14.82,0.931,724.06,274.0,45.79,59.25,1103.1,12,0,0,8,1,2024,0,1,1.2246467991473532e-16,-1.0,0.0,1.0,0.4999999999999999,0.8660254037844387,1100.21,907.61,1044.74,894.2148260416666,100.66878441299151,9.388085106382977,Furnace
2024-01-11 12:00:00,123.49,89.14,12.79,0.895,730.02,249.81,38.42,61.99,1080.24,12,0,3,11,1,2024,0,1,1.2246467991473532e-16,-1.0,0.4338837391175582,-0.900968867902419,0.4999999999999999,0.8660254037844387,1037.31,973.69,922.85,955.2138541666668,84.08998899512055,8.747590898048426,Furnace
2024-01-11 13:00:00,117.12,99.3,15.22,0.97,699.51,268.48,54.98,57.88,1080.86,13,0,3,11,1,2024,0,1,-0.2588190451025208,-0.9659258262890684,0.4338837391175582,-0.900968867902419,0.4999999999999999,0.8660254037844387,1080.24,973.93,888.24,957.2203125,84.77039990410123,9.228654371584698,Furnace
2024-01-16 12:00:00,120.8,100.0,15.04,0.972,718.79,275.06,37.25,60.87,1091.96,12,0,1,16,1,2024,0,1,1.2246467991473532e-16,-1.0,0.7818314824680298,0.6234898018587336,0.4999999999999999,0.8660254037844387,1052.36,927.62,1072.22,896.3128125,96.37203314243553,9.039403973509934,Furnace
2024-01-18 12:00:00,123.24,100.0,16.71,1.0,736.98,270.17,35.45,57.78,1100.38,12,0,3,18,1,2024,0,1,1.2246467991473532e-16,-1.0,0.4338837391175582,-0.900968867902419,0.4999999999999999,0.8660254037844387,1058.03,983.48,872.89,953.6272916666668,81.44485185473837,8.92875689711133,Furnace
2024-01-18 13:00:00,120.01,98.06,14.17,0.986,734.17,263.19,33.96,62.08,1093.41,13,0,3,18,1,2024,0,1,-0.2588190451025208,-0.9659258262890684,0.4338837391175582,-0.900968867902419,0.4999999999999999,0.8660254037844387,1100.38,969.67,844.31,956.2220833333334,81.89226829280206,9.11099075077077,Furnace
2024-01-23 12:00:00,118.34,100.0,15.98,0.982,726.55,266.84,43.38,66.27,1103.03,12,0,1,23,1,2024,0,1,1.2246467991473532e-16,-1.0,0.7818314824680298,0.6234898018587336,0.4999999999999999,0.8660254037844387,1020.15,898.07,1001.38,887.8146874999999,96.48754537520938,9.320855163089403,Furnace
2024-01-25 12:00:00,118.32,100.0,15.5,1.0,721.12,266.6,45.02,56.22,1088.95,12,0,3,25,1,2024,0,1,1.2246467991473532e-16,-1.0,0.4338837391175582,-0.900968867902419,0.4999999999999999,0.8660254037844387,1023.22,938.38,896.89,947.6513541666668,84.33829700887605,9.203431372549021,Furnace
2024-01-26 00:00:00,118.03,100.0,17.02,0.986,710.66,275.33,37.65,65.33,1088.97,0,0,4,26,1,2024,0,1,0.0,1.0,-0.433883739117558,-0.9009688679024191,0.4999999999999999,0.8660254037844387,1057.59,947.81,1022.51,965.465,67.51582899002564,9.226213674489538,Furnace
2024-01-26 23:00:00,118.37,94.16,15.98,0.951,715.34,265.26,40.35,64.78,1085.73,23,0,4,26,1,2024,0,1,-0.2588190451025215,0.965925826289068,-0.433883739117558,-0.9009688679024191,0.4999999999999999,0.8660254037844387,1035.13,910.32,1047.64,969.9303125,68.47377891462196,9.172340964771479,Furnace
2024-01-30 11:00:00,120.01,90.71,17.65,0.993,731.03,260.85,39.35,66.93,1098.15,11,0,1,30,1,2024,0,1,0.258819045102521,-0.9659258262890682,0.7818314824680298,0.6234898018587336,0.4999999999999999,0.8660254037844387,1006.64,865.78,1057.0,892.5907291666667,101.49156442254956,9.150487459378386,Furnace
2024-01-30 13:00:00,119.78,99.42,17.39,0.942,721.39,266.25,45.53,59.52,1092.69,13,0,1,30,1,2024,0,1,-0.2588190451025208,-0.9659258262890684,0.7818314824680298,0.6234898018587336,0.4999999999999999,0.8660254037844387,990.04,959.86,1041.41,892.5027083333333,101.63059593686629,9.122474536650527,Furnace
2024-02-01 11:00:00,123.52,95.03,16.18,0.937,736.64,263.34,37.7,54.77,1092.45,11,0,3,1,2,2024,0,1,0.258819045102521,-0.9659258262890682,0.4338837391175582,-0.900968867902419,0.8660254037844386,0.5000000000000001,982.17,839.17,875.19,946.7719791666668,84.91357821641554,8.844316709844561,Furnace
2024-02-01 23:00:00,120.07,100.0,16.01,1.0,728.77,267.38,40.36,58.97,1095.48,23,0,3,1,2,2024,0,1,-0.2588190451025215,0.965925826289068,0.4338837391175582,-0.900968867902419,0.8660254037844386,0.5000000000000001,1008.13,925.3,811.78,968.9072916666664,66.1692171947543,9.123677854584827,Furnace
2024-02-02 01:00:00,120.24,99.36,19.19,0.95,718.76,273.29,41.99,63.62,1097.67,1,0,4,2,2,2024,0,1,0.2588190451025207,0.9659258262890684,-0.433883739117558,-0.9009688679024191,0.8660254037844386,0.5000000000000001,1043.32,947.52,1043.15,969.3152083333334,66.84425710055025,9.128992015968064,Furnace
2024-02-05 23:00:00,120.17,100.0,15.55,1.0,719.6,267.0,48.02,58.92,1093.54,23,0,0,5,2,2024,0,1,-0.2588190451025215,0.965925826289068,0.0,1.0,0.8660254037844386,0.5000000000000001,1061.6,915.54,1095.48,897.01625,97.81635171935356,9.099941749188648,Furnace
2024-02-08 12:00:00,119.78,95.99,15.83,0.999,715.06,259.91,34.04,70.73,1079.74,12,0,3,8,2,2024,0,1,1.2246467991473532e-16,-1.0,0.4338837391175582,-0.900968867902419,0.8660254037844386,0.5000000000000001,996.61,948.51,879.38,958.425,84.23253480692523,9.014359659375522,Furnace
2024-02-12 00:00:00,119.2,100.0,15.07,0.913,715.8,283.46,40.99,59.88,1100.13,0,0,0,12,2,2024,0,1,0.0,1.0,0.0,1.0,0.8660254037844386,0.5000000000000001,889.93,821.15,1046.81,893.8291666666665,97.07283824847254,9.229278523489933,Furnace
2024-02-13 12:00:00,114.31,100.0,18.72,1.0,701.38,280.6,40.16,69.11,1091.25,12,0,1,13,2,2024,0,1,1.2246467991473532e-16,-1.0,0.7818314824680298,0.6234898018587336,0.8660254037844386,0.5000000000000001,1026.9,956.72,1038.49,896.261875,99.58757554415727,9.546408888111277,Furnace
2024-02-14 00:00:00,114.9,98.02,17.57,0.959,711.15,264.52,43.59,64.92,1084.17,0,0,2,14,2,2024,0,1,0.0,1.0,0.9749279121818236,-0.2225209339563143,0.8660254037844386,0.5000000000000001,1042.19,941.47,902.68,897.7688541666666,100.3800132954745,9.435770234986945,Furnace
2024-02-15 12:00:00,117.91,100.0,18.18,1.0,718.03,269.7,34.55,65.08,1087.37,12,0,3,15,2,2024,0,1,1.2246467991473532e-16,-1.0,0.4338837391175582,-0.900968867902419,0.8660254037844386,0.5000000000000001,1057.23,909.16,925.06,955.6841666666666,81.89229777633312,9.222033754558561,Furnace
2024-02-21 12:00:00,121.71,90.86,20.41,0.892,732.63,255.06,40.69,52.56,1080.94,12,0,2,21,2,2024,0,1,1.2246467991473532e-16,-1.0,0.9749279121818236,-0.2225209339563143,0.8660254037844386,0.5000000000000001,1071.45,939.38,869.73,912.3954166666666,97.69887915013686,8.881275162270972,Furnace
2024-02-22 12:00:00,117.23,100.0,18.52,1.0,709.3,272.62,44.08,59.22,1085.21,12,0,3,22,2,2024,0,1,1.2246467991473532e-16,-1.0,0.4338837391175582,-0.900968867902419,0.8660254037844386,0.5000000000000001,1052.09,936.42,903.01,950.5351041666668,81.8479839573568,9.25710142455003,Furnace
2024-02-23 11:00:00,116.82,99.03,20.64,0.977,696.22,282.81,46.49,57.8,1083.32,11,0,4,23,2,2024,0,1,0.258819045102521,-0.9659258262890682,-0.433883739117558,-0.9009688679024191,0.8660254037844386,0.5000000000000001,1033.4,898.3,1036.36,969.4640625,71.18910395009205,9.273412086971408,Furnace
2024-02-27 11:00:00,120.29,93.67,19.16,0.817,731.77,259.66,40.25,56.98,1088.66,11,0,1,27,2,2024,0,1,0.258819045102521,-0.9659258262890682,0.7818314824680298,0.6234898018587336,0.8660254037844386,0.5000000000000001,1025.75,884.2,1083.32,889.8714583333334,93.79959268208312,9.050295120126362,Furnace
2024-02-27 12:00:00,117.71,97.96,19.17,0.957,712.08,270.69,41.82,63.38,1087.97,12,0,1,27,2,2024,0,1,1.2246467991473532e-16,-1.0,0.7818314824680298,0.6234898018587336,0.8660254037844386,0.5000000000000001,1088.66,894.23,1016.49,890.6160416666667,95.0901010452633,9.242800101945459,Furnace
2024-02-28 00:00:00,123.05,99.24,19.36,1.0,742.11,260.71,43.41,62.92,1109.14,0,0,2,28,2,2024,0,1,0.0,1.0,0.9749279121818236,-0.2225209339563143,0.8660254037844386,0.5000000000000001,1048.41,936.23,911.11,894.6437499999998,98.54419271789274,9.013734254368144,Furnace
2024-02-29 23:00:00,115.93,99.5,18.42,0.99,704.18,273.24,44.14,60.63,1082.19,23,0,3,29,2,2024,0,1,-0.2588190451025215,0.965925826289068,0.4338837391175582,-0.900968867902419,0.8660254037844386,0.5000000000000001,1039.72,880.89,875.02,972.0811458333332,70.11766537485796,9.3348572414388,Furnace
2024-03-01 00:00:00,117.65,100.0,19.74,0.964,713.76,263.41,42.76,59.9,1079.83,0,0,4,1,3,2024,0,1,0.0,1.0,-0.433883739117558,-0.9009688679024191,1.0,6.123233995736766e-17,1082.19,935.23,1059.61,972.2917708333332,70.41310592712671,9.178325541861453,Furnace
2024-03-01 01:00:00,117.68,99.91,17.92,1.0,705.09,273.95,38.72,63.44,1081.2,1,0,4,1,3,2024,0,1,0.2588190451025207,0.9659258262890684,-0.433883739117558,-0.9009688679024191,1.0,6.123233995736766e-17,1079.83,1027.52,1000.13,973.13625,71.23187449228153,9.187627464309992,Furnace
2024-03-01 11:00:00,119.8,100.0,22.18,0.957,722.63,259.89,37.17,61.6,1081.28,11,0,4,1,3,2024,0,1,0.258819045102521,-0.9659258262890682,-0.433883739117558,-0.9009688679024191,1.0,6.123233995736766e-17,1024.96,903.87,977.04,975.37,70.94461190178342,9.025709515859766,Furnace
2024-03-01 13:00:00,123.4,100.0,19.25,1.0,737.25,263.99,40.48,77.68,1119.39,13,0,4,1,3,2024,0,1,-0.2588190451025208,-0.9659258262890684,-0.433883739117558,-0.9009688679024191,1.0,6.123233995736766e-17,1070.0,961.01,1050.59,976.4298958333334,72.42232776524331,9.071231766612643,Furnace
2024-03-02 05:00:00,67.04,69.42,18.08,0.674,453.22,203.1,34.99,63.02,1120.6933,5,0,5,2,3,2024,1,0,0.9659258262890684,0.2588190451025207,-0.9749279121818236,-0.2225209339563146,1.0,6.123233995736766e-17,750.02,903.66,848.65,971.9517010416666,78.11131094164374,16.716785501193314,Furnace
2024-03-05 13:00:00,117.9,100.0,22.06,1.0,705.39,272.33,39.5,66.03,1083.25,13,0,1,5,3,2024,0,1,-0.2588190451025208,-0.9659258262890684,0.7818314824680298,0.6234898018587336,1.0,6.123233995736766e-17,1062.75,960.09,1119.39,898.2930552083334,94.75141827877904,9.187871077184054,Furnace
2024-03-06 00:00:00,114.91,98.72,20.14,0.985,706.57,265.05,41.48,72.32,1085.41,0,0,2,6,3,2024,0,1,0.0,1.0,0.9749279121818236,-0.2225209339563143,1.0,6.123233995736766e-17,1052.37,946.74,857.66,900.9308677083332,97.7922435496279,9.445740144460883,Furnace
2024-03-06 12:00:00,116.17,100.0,21.65,0.998,709.07,269.24,42.09,61.79,1082.2,12,0,2,6,3,2024,0,1,1.2246467991473532e-16,-1.0,0.9749279121818236,-0.2225209339563143,1.0,6.123233995736766e-17,999.83,903.51,895.38,915.9733333333334,94.25579302779413,9.315658087285874,Furnace
2024-03-07 00:00:00,116.72,100.0,19.97,1.0,710.79,270.59,41.73,61.42,1084.53,0,0,3,7,3,2024,0,1,0.0,1.0,0.4338837391175582,-0.900968867902419,1.0,6.123233995736766e-17,1047.25,916.16,858.66,935.083125,89.03086040141275,9.291723783413296,Furnace
2024-03-07 13:00:00,121.22,90.65,21.01,0.9,731.67,251.82,40.12,59.25,1082.85,13,0,3,7,3,2024,0,1,-0.2588190451025208,-0.9659258262890684,0.4338837391175582,-0.900968867902419,1.0,6.123233995736766e-17,1068.51,961.47,843.51,952.2741666666666,83.80892661495483,8.932931859429136,Furnace
2024-03-07 23:00:00,119.49,100.0,19.88,0.954,725.0,267.81,39.23,53.43,1085.48,23,0,3,7,3,2024,0,1,-0.2588190451025215,0.965925826289068,0.4338837391175582,-0.900968867902419,1.0,6.123233995736766e-17,1004.03,865.92,881.92,965.7698958333334,72.11711672863913,9.084274834714202,Furnace
2024-03-08 11:00:00,117.58,98.06,24.69,0.957,704.83,268.09,46.55,59.44,1078.92,11,0,4,8,3,2024,0,1,0.258819045102521,-0.9659258262890682,-0.433883739117558,-0.9009688679024191,1.0,6.123233995736766e-17,1008.8,972.36,1034.24,966.1321875,73.74298451132911,9.176050348698759,Furnace
2024-03-13 01:00:00,120.34,96.3,25.11,1.0,744.49,262.4,45.12,58.87,1110.89,1,0,2,13,3,2024,0,1,0.2588190451025207,0.9659258262890684,0.9749279121818236,-0.2225209339563143,1.0,6.123233995736766e-17,1057.95,997.36,900.87,902.6145833333334,98.81461178885738,9.231261425959781,Furnace
2024-03-13 11:00:00,119.83,100.0,21.13,1.0,721.45,261.25,36.82,60.83,1080.34,11,0,2,13,3,2024,0,1,0.258819045102521,-0.9659258262890682,0.9749279121818236,-0.2225209339563143,1.0,6.123233995736766e-17,1052.31,858.11,891.64,916.0769791666668,96.24587542899906,9.015605441041474,Furnace
2024-03-15 13:00:00,118.35,100.0,20.36,0.94,714.11,279.67,33.31,58.14,1085.23,13,0,4,15,3,2024,0,1,-0.2588190451025208,-0.9659258262890684,-0.433883739117558,-0.9009688679024191,1.0,6.123233995736766e-17,1075.34,931.7,1033.11,969.4752083333332,66.47185400372824,9.16966624419096,Furnace
2024-03-18 13:00:00,116.23,100.0,22.81,1.0,714.76,269.06,39.39,59.24,1082.44,13,0,0,18,3,2024,0,1,-0.2588190451025208,-0.9659258262890684,0.0,1.0,1.0,6.123233995736766e-17,1049.03,955.27,1026.29,891.063125,101.77434825516389,9.312914049728986,Furnace
2024-03-20 01:00:00,119.38,95.26,22.24,0.871,718.08,259.76,38.2,65.64,1081.68,1,0,2,20,3,2024,0,1,0.2588190451025207,0.9659258262890684,0.9749279121818236,-0.2225209339563143,1.0,6.123233995736766e-17,1064.51,949.89,890.47,896.9977083333333,106.93353684444187,9.060814206734797,Furnace
2024-03-21 08:00:00,96.9,94.51,24.99,0.991,603.67,254.83,49.1,51.43,1120.6933,8,0,3,21,3,2024,0,1,0.8660254037844387,-0.4999999999999998,0.4338837391175582,-0.900968867902419,1.0,6.123233995736766e-17,880.72,928.11,810.22,947.8792010416664,90.14473382730688,11.56546233230134,Furnace
2024-03-22 00:00:00,117.49,100.0,22.1,1.0,711.21,269.4,41.89,60.29,1082.79,0,0,4,22,3,2024,0,1,0.0,1.0,-0.433883739117558,-0.9009688679024191,1.0,6.123233995736766e-17,1045.77,925.68,1077.16,973.2585760416669,72.67308314088879,9.216018384543366,Furnace
2024-03-22 13:00:00,125.54,100.0,22.73,1.0,754.82,264.41,34.96,69.9,1120.6933,13,0,4,22,3,2024,0,1,-0.2588190451025208,-0.9659258262890684,-0.433883739117558,-0.9009688679024191,1.0,6.123233995736766e-17,995.9,952.62,1082.44,972.16475625,72.9401347426405,8.926981838457861,Furnace
2024-03-28 12:00:00,116.51,97.5,26.99,0.95,708.57,268.14,50.77,61.88,1089.36,12,0,3,28,3,2024,0,1,1.2246467991473532e-16,-1.0,0.4338837391175582,-0.900968867902419,1.0,6.123233995736766e-17,1052.53,894.09,858.81,954.8511458333334,80.75631994000456,9.34992704488885,Furnace
2024-03-29 12:00:00,115.09,100.0,26.97,0.98,708.08,263.52,50.03,66.53,1088.17,12,0,4,29,3,2024,0,1,1.2246467991473532e-16,-1.0,-0.433883739117558,-0.9009688679024191,1.0,6.123233995736766e-17,1036.05,998.95,1048.79,971.4435416666666,66.96947320241475,9.454948301329395,Furnace
2024-04-01 01:00:00,119.12,100.0,24.22,0.997,715.85,258.32,50.89,64.89,1089.95,1,0,0,1,4,2024,0,1,0.2588190451025207,0.9659258262890684,0.0,1.0,0.8660254037844387,-0.4999999999999998,1004.48,798.77,1066.66,896.6658333333335,99.62400077202682,9.150016789791806,Furnace
2024-04-02 23:00:00,116.15,100.0,24.97,0.904,719.21,269.53,46.0,54.03,1088.77,23,0,1,2,4,2024,0,1,-0.2588190451025215,0.965925826289068,0.7818314824680298,0.6234898018587336,0.8660254037844387,-0.4999999999999998,1003.51,869.7,1048.03,896.9925,99.01487058969968,9.373826947912182,Furnace
2024-04-03 10:00:00,115.41,100.0,27.8,1.0,694.98,274.63,57.54,67.29,1094.43,10,0,2,3,4,2024,0,1,0.4999999999999999,-0.8660254037844387,0.9749279121818236,-0.2225209339563143,0.8660254037844387,-0.4999999999999998,981.31,889.63,810.67,915.5516666666668,95.72314232274552,9.48297374577593,Furnace
2024-04-03 12:00:00,121.47,100.0,25.41,1.0,725.51,280.05,48.98,58.56,1113.1,12,0,2,3,4,2024,0,1,1.2246467991473532e-16,-1.0,0.9749279121818236,-0.2225209339563143,0.8660254037844387,-0.4999999999999998,1018.12,916.51,884.82,919.7436458333332,97.9939663139351,9.163579484646414,Furnace
2024-04-05 12:00:00,115.34,99.61,26.96,0.979,696.66,272.25,55.77,69.06,1093.74,12,0,4,5,4,2024,0,1,1.2246467991473532e-16,-1.0,-0.433883739117558,-0.9009688679024191,0.8660254037844387,-0.4999999999999998,1065.82,907.06,1068.77,973.9419791666668,69.07848682735963,9.482746662042656,Furnace
2024-04-08 00:00:00,117.73,99.03,28.64,1.0,703.12,276.95,52.5,65.12,1097.7,0,0,0,8,4,2024,0,1,0.0,1.0,0.0,1.0,0.8660254037844387,-0.4999999999999998,905.18,796.62,1074.49,903.6042708333334,93.883809430312,9.3238766669498,Furnace
2024-04-08 11:00:00,117.44,100.0,28.54,1.0,700.69,280.46,49.94,64.86,1095.96,11,0,0,8,4,2024,0,1,0.258819045102521,-0.9659258262890682,0.0,1.0,0.8660254037844387,-0.4999999999999998,990.23,927.65,1042.47,903.480625,95.00812945618588,9.332084468664851,Furnace
2024-04-08 13:00:00,119.13,100.0,24.85,1.0,719.28,271.29,43.29,62.61,1096.46,13,0,0,8,4,2024,0,1,-0.2588190451025208,-0.9659258262890684,0.0,1.0,0.8660254037844387,-0.4999999999999998,1062.46,946.85,1050.67,903.8957291666666,95.76053299487704,9.20389490472593,Furnace
2024-04-08 23:00:00,118.78,92.68,24.66,1.0,721.67,264.23,45.16,52.95,1084.01,23,0,0,8,4,2024,0,1,-0.2588190451025215,0.965925826289068,0.0,1.0,0.8660254037844387,-0.4999999999999998,1042.08,890.03,1043.75,905.1354166666666,96.6232708803332,9.126199696918674,Furnace
2024-04-09 13:00:00,117.13,100.0,25.01,0.953,700.42,270.59,48.27,65.39,1084.67,13,0,1,9,4,2024,0,1,-0.2588190451025208,-0.9659258262890684,0.7818314824680298,0.6234898018587336,0.8660254037844387,-0.4999999999999998,1036.83,951.72,1037.7,902.3878125,93.6432237265544,9.260394433535389,Furnace
2024-04-11 13:00:00,116.29,100.0,22.92,1.0,712.28,276.64,36.48,56.96,1082.37,13,0,3,11,4,2024,0,1,-0.2588190451025208,-0.9659258262890684,0.4338837391175582,-0.900968867902419,0.8660254037844387,-0.4999999999999998,1035.44,962.63,889.59,956.4094791666666,87.90741354725562,9.30750709433313,Furnace
2024-04-12 23:00:00,122.45,98.28,26.31,0.979,721.14,269.03,50.2,55.7,1096.06,23,0,4,12,4,2024,0,1,-0.2588190451025215,0.965925826289068,-0.433883739117558,-0.9009688679024191,0.8660254037844387,-0.4999999999999998,1034.14,895.58,1084.01,974.4725,69.35091230758955,8.951082074316046,Furnace
2024-04-15 00:00:00,115.7,100.0,26.99,0.94,712.24,271.57,47.89,57.33,1089.03,0,0,0,15,4,2024,0,1,0.0,1.0,0.0,1.0,0.8660254037844387,-0.4999999999999998,854.32,818.43,1024.75,902.9870833333334,101.51636164643584,9.412532411408815,Furnace
2024-04-15 01:00:00,124.93,100.0,27.4,0.946,736.93,273.92,48.96,66.42,1120.6933,1,0,0,15,4,2024,0,1,0.2588190451025207,0.9659258262890684,0.0,1.0,0.8660254037844387,-0.4999999999999998,1089.03,784.01,1070.67,903.508159375,102.50964935703234,8.970569919154725,Furnace
2024-04-16 00:00:00,124.71,97.39,25.08,0.949,750.67,248.49,47.54,65.36,1112.05,0,0,1,16,4,2024,0,1,0.0,1.0,0.7818314824680298,0.6234898018587336,0.8660254037844387,-0.4999999999999998,1027.74,918.95,1060.33,902.9801385416666,101.06443676632924,8.91708764333253,Furnace
2024-04-16 15:00:00,103.7,87.86,27.44,0.909,637.31,253.36,51.12,63.49,1120.6933,15,0,1,16,4,2024,0,1,-0.7071067811865471,-0.7071067811865479,0.7818314824680298,0.6234898018587336,0.8660254037844387,-0.4999999999999998,1037.93,1053.32,920.66,903.13975625,102.30412565514692,10.807071359691417,Furnace
2024-04-17 11:00:00,120.02,100.0,28.91,1.0,711.7,267.69,47.89,58.57,1085.86,11,0,2,17,4,2024,0,1,0.258819045102521,-0.9659258262890682,0.9749279121818236,-0.2225209339563143,0.8660254037844387,-0.4999999999999998,1032.66,877.67,883.94,920.7942354166668,101.23470007232416,9.04732544575904,Furnace
2024-04-18 00:00:00,114.83,100.0,27.32,0.965,707.43,279.26,51.12,60.8,1098.61,0,0,3,18,4,2024,0,1,0.0,1.0,0.4338837391175582,-0.900968867902419,0.8660254037844387,-0.4999999999999998,1062.52,921.23,873.65,942.48944375,96.86000555506558,9.567273360620046,Furnace
2024-04-19 01:00:00,113.32,100.0,30.52,0.979,691.17,277.32,56.58,62.12,1087.2,1,0,4,19,4,2024,0,1,0.2588190451025207,0.9659258262890684,-0.433883739117558,-0.9009688679024191,0.8660254037844387,-0.4999999999999998,1058.58,971.21,1120.6933,977.4932635416666,71.18425466118127,9.594069890575362,Furnace
2024-04-19 23:00:00,114.58,96.24,28.01,0.983,706.55,264.88,50.29,65.83,1087.55,23,0,4,19,4,2024,0,1,-0.2588190451025215,0.965925826289068,-0.433883739117558,-0.9009688679024191,0.8660254037844387,-0.4999999999999998,992.24,903.51,1027.74,980.066284375,71.22369420779754,9.491621574445801,Furnace
2024-04-22 00:00:00,118.03,100.0,25.54,0.973,704.02,268.27,42.48,74.43,1089.2,0,0,0,22,4,2024,0,1,0.0,1.0,0.0,1.0,0.8660254037844387,-0.4999999999999998,829.78,787.93,1098.61,901.1819791666668,100.20330598201828,9.228162331610609,Furnace
2024-04-22 11:00:00,118.31,97.24,30.42,0.977,711.56,268.15,60.07,53.02,1092.79,11,0,0,22,4,2024,0,1,0.258819045102521,-0.9659258262890682,0.0,1.0,0.8660254037844387,-0.4999999999999998,1037.69,954.9,1051.68,901.4195833333334,100.64460742650446,9.23666638492097,Furnace
2024-04-22 12:00:00,116.55,100.0,30.85,0.935,710.81,272.33,55.39,52.29,1090.82,12,0,0,22,4,2024,0,1,1.2246467991473532e-16,-1.0,0.0,1.0,0.8660254037844387,-0.4999999999999998,1092.79,982.02,1052.82,901.8154166666668,101.31879886790604,9.35924495924496,Furnace
2024-04-22 13:00:00,117.35,100.0,28.3,0.993,712.51,271.28,53.17,66.21,1103.17,13,0,0,22,4,2024,0,1,-0.2588190451025208,-0.9659258262890684,0.0,1.0,0.8660254037844387,-0.4999999999999998,1090.82,952.87,1078.0,902.0776041666668,101.81089110125328,9.4006817213464,Furnace
2024-04-22 23:00:00,119.12,98.94,26.71,1.0,712.93,263.33,49.17,59.0,1084.44,23,0,0,22,4,2024,0,1,-0.2588190451025215,0.965925826289068,0.0,1.0,0.8660254037844387,-0.4999999999999998,1014.77,922.49,1055.58,904.4091666666668,103.80769230869288,9.103760913364674,Furnace
2024-04-23 11:00:00,118.92,97.06,27.64,0.917,712.59,260.9,51.8,58.12,1083.41,11,0,1,23,4,2024,0,1,0.258819045102521,-0.9659258262890682,0.7818314824680298,0.6234898018587336,0.8660254037844387,-0.4999999999999998,1009.65,866.02,1044.85,902.9259375,102.74542197078205,9.110410359905819,Furnace
2024-04-23 12:00:00,122.85,98.46,27.62,0.953,753.13,261.92,50.66,58.19,1120.6933,12,0,1,23,4,2024,0,1,1.2246467991473532e-16,-1.0,0.7818314824680298,0.6234898018587336,0.8660254037844387,-0.4999999999999998,1083.41,988.5,1072.8,903.4248260416666,103.69086639759632,9.122452584452585,Furnace
2024-04-23 22:00:00,115.45,100.0,27.55,0.982,696.25,271.4,49.99,61.55,1079.19,22,0,1,23,4,2024,0,1,-0.5000000000000004,0.8660254037844384,0.7818314824680298,0.6234898018587336,0.8660254037844387,-0.4999999999999998,971.29,891.06,992.24,904.8910760416668,105.5690635296328,9.347682979644867,Furnace
2024-04-24 12:00:00,116.55,100.0,27.93,0.926,700.73,273.91,49.65,59.86,1084.15,12,0,2,24,4,2024,0,1,1.2246467991473532e-16,-1.0,0.9749279121818236,-0.2225209339563143,0.8660254037844387,-0.4999999999999998,1015.19,878.0,880.4,926.8302427083336,103.36588074363765,9.302016302016304,Furnace
2024-04-24 23:00:00,115.48,96.32,29.3,0.982,698.43,273.93,47.25,61.29,1080.91,23,0,2,24,4,2024,0,1,-0.2588190451025215,0.965925826289068,0.9749279121818236,-0.2225209339563143,0.8660254037844387,-0.4999999999999998,1006.69,887.65,851.72,944.330346875,97.76132495846905,9.360148943540008,Furnace
2024-04-25 00:00:00,117.52,100.0,27.98,1.0,705.73,273.41,55.6,70.12,1104.85,0,0,3,25,4,2024,0,1,0.0,1.0,0.4338837391175582,-0.900968867902419,0.8660254037844387,-0.4999999999999998,1080.91,917.7,899.4,946.4704510416668,99.00820917816456,9.401378488767868,Furnace
2024-04-25 12:00:00,114.29,94.0,30.69,0.87,702.5,260.47,60.97,56.91,1080.84,12,0,3,25,4,2024,0,1,1.2246467991473532e-16,-1.0,0.4338837391175582,-0.900968867902419,0.8660254037844387,-0.4999999999999998,1038.51,911.77,904.67,966.271909375,86.64639253479629,9.456995362673899,Furnace
2024-04-26 12:00:00,117.29,100.0,28.8,1.0,705.7,260.18,49.78,66.76,1082.42,12,0,4,26,4,2024,0,1,1.2246467991473532e-16,-1.0,-0.433883739117558,-0.9009688679024191,0.8660254037844387,-0.4999999999999998,1040.96,941.04,1090.82,982.5755552083332,68.34329649800343,9.228578736465172,Furnace
2024-04-29 12:00:00,117.14,100.0,30.57,1.0,711.05,274.99,56.19,59.82,1102.05,12,0,0,29,4,2024,0,1,1.2246467991473532e-16,-1.0,0.0,1.0,0.8660254037844387,-0.4999999999999998,1026.53,981.12,1080.84,904.8139583333332,93.7549355610756,9.407973365204029,Furnace
2024-04-29 13:00:00,117.91,100.0,29.89,0.983,691.02,273.37,57.53,60.84,1082.76,13,0,0,29,4,2024,0,1,-0.2588190451025208,-0.9659258262890684,0.0,1.0,0.8660254037844387,-0.4999999999999998,1102.05,952.37,995.76,905.7202083333332,95.0547555218812,9.182936137732169,Furnace
2024-04-30 12:00:00,118.07,100.0,28.19,1.0,717.58,268.91,45.26,59.59,1091.34,12,0,1,30,4,2024,0,1,1.2246467991473532e-16,-1.0,0.7818314824680298,0.6234898018587336,0.8660254037844387,-0.4999999999999998,1011.02,941.24,1082.42,903.9423958333332,94.51496930444748,9.243160836791734,Furnace
2024-05-01 01:00:00,115.99,94.23,33.56,0.928,710.6,263.53,67.09,54.05,1095.27,1,0,2,1,5,2024,0,1,0.2588190451025207,0.9659258262890684,0.9749279121818236,-0.2225209339563143,0.4999999999999999,-0.8660254037844387,1036.7,971.02,863.51,907.9921875,98.7449988522073,9.442796792826968,Furnace
2024-05-01 11:00:00,120.38,96.19,30.08,0.967,712.2,262.31,55.81,52.43,1082.74,11,0,2,1,5,2024,0,1,0.258819045102521,-0.9659258262890682,0.9749279121818236,-0.2225209339563143,0.4999999999999999,-0.8660254037844387,1013.89,896.11,824.58,922.5048958333332,96.3555782450426,8.99435122113308,Furnace
2024-05-02 00:00:00,121.31,99.13,31.0,1.0,729.92,278.88,51.95,60.73,1120.6933,0,0,3,2,5,2024,0,1,0.0,1.0,0.4338837391175582,-0.900968867902419,0.4999999999999999,-0.8660254037844387,1048.71,937.78,957.01,943.3367010416669,92.79498271805146,9.238259830187124,Furnace
2024-05-02 12:00:00,118.99,100.0,30.5,1.0,713.25,273.08,56.61,65.48,1108.42,12,0,3,2,5,2024,0,1,1.2246467991473532e-16,-1.0,0.4338837391175582,-0.900968867902419,0.4999999999999999,-0.8660254037844387,1044.08,915.65,895.83,961.5408677083334,86.28356766948802,9.31523657450206,Furnace
2024-05-02 23:00:00,116.1,98.27,29.72,0.969,706.34,268.71,52.29,67.26,1094.61,23,0,3,2,5,2024,0,1,-0.2588190451025215,0.965925826289068,0.4338837391175582,-0.900968867902419,0.4999999999999999,-0.8660254037844387,1060.97,849.58,869.24,978.4017010416666,71.19448065886647,9.428165374677002,Furnace
2024-05-03 00:00:00,116.87,100.0,28.87,0.996,695.04,277.97,52.05,61.61,1086.66,0,0,4,3,5,2024,0,1,0.0,1.0,-0.433883739117558,-0.9009688679024191,0.4999999999999999,-0.8660254037844387,1094.61,946.13,1064.19,978.6357635416668,71.51570345904202,9.298023444853255,Furnace
2024-05-03 01:00:00,119.07,100.0,28.75,0.936,712.87,264.24,52.01,60.88,1090.0,1,0,4,3,5,2024,0,1,0.2588190451025207,0.9659258262890684,-0.433883739117558,-0.9009688679024191,0.4999999999999999,-0.8660254037844387,1086.66,931.35,1045.83,979.0958677083336,72.09231726829171,9.154278995548838,Furnace
2024-05-03 12:00:00,119.89,100.0,32.14,0.966,704.56,284.87,63.08,62.71,1115.22,12,0,4,3,5,2024,0,1,1.2246467991473532e-16,-1.0,-0.433883739117558,-0.9009688679024191,0.4999999999999999,-0.8660254037844387,1009.21,914.99,1102.05,979.3598260416668,71.16919797851774,9.302026857953123,Furnace
2024-05-07 00:00:00,116.7,100.0,28.83,0.999,715.11,268.71,56.24,60.17,1100.22,0,0,1,7,5,2024,0,1,0.0,1.0,0.7818314824680298,0.6234898018587336,0.4999999999999999,-0.8660254037844387,1059.5,978.49,1086.66,904.9046875,99.8069850836118,9.427763496143958,Furnace
2024-05-07 01:00:00,117.78,100.0,30.13,0.981,715.5,275.06,56.28,58.53,1105.37,1,0,1,7,5,2024,0,1,0.2588190451025207,0.9659258262890684,0.7818314824680298,0.6234898018587336,0.4999999999999999,-0.8660254037844387,1100.22,930.89,1090.0,905.0647916666668,100.11886944479323,9.385039904907453,Furnace
2024-05-07 12:00:00,116.27,95.4,30.7,0.959,714.88,259.4,61.46,46.65,1082.39,12,0,1,7,5,2024,0,1,1.2246467991473532e-16,-1.0,0.7818314824680298,0.6234898018587336,0.4999999999999999,-0.8660254037844387,1055.52,931.71,1115.22,904.9654166666668,99.66447324494835,9.309280123849662,Furnace
2024-05-07 23:00:00,119.8,96.82,28.54,0.953,720.94,266.03,47.83,62.87,1097.67,23,0,1,7,5,2024,0,1,-0.2588190451025215,0.965925826289068,0.7818314824680298,0.6234898018587336,0.4999999999999999,-0.8660254037844387,991.97,901.62,1052.75,905.6805208333334,98.63818402701348,9.162520868113523,Furnace
2024-05-08 00:00:00,115.81,100.0,30.23,1.0,690.54,269.33,57.12,71.42,1088.4,0,0,2,8,5,2024,0,1,0.0,1.0,0.9749279121818236,-0.2225209339563143,0.4999999999999999,-0.8660254037844387,1097.67,936.37,946.38,907.1598958333332,100.30592875897024,9.39815214575598,Furnace
2024-05-08 01:00:00,119.52,91.74,31.99,0.89,718.58,247.32,57.38,57.89,1081.18,1,0,2,8,5,2024,0,1,0.2588190451025207,0.9659258262890684,0.9749279121818236,-0.2225209339563143,0.4999999999999999,-0.8660254037844387,1088.4,991.92,895.1,909.0982291666668,101.8563698857606,9.046017402945115,Furnace
2024-05-09 00:00:00,119.17,98.4,31.2,1.0,715.25,260.92,55.63,57.63,1089.43,0,0,3,9,5,2024,0,1,0.0,1.0,0.4338837391175582,-0.900968867902419,0.4999999999999999,-0.8660254037844387,1071.69,948.96,845.99,945.2460416666668,95.55118253121832,9.141814214986994,Furnace
2024-05-09 01:00:00,115.32,100.0,31.38,0.983,704.9,272.8,57.33,62.76,1097.78,1,0,3,9,5,2024,0,1,0.2588190451025207,0.9659258262890684,0.4338837391175582,-0.900968867902419,0.4999999999999999,-0.8660254037844387,1089.43,989.07,874.8,947.56875,96.52590337095592,9.519424210891433,Furnace
2024-05-09 12:00:00,116.8,100.0,32.07,1.0,696.72,271.34,59.27,66.9,1094.23,12,0,3,9,5,2024,0,1,1.2246467991473532e-16,-1.0,0.4338837391175582,-0.900968867902419,0.4999999999999999,-0.8660254037844387,1053.85,918.82,880.42,965.168125,86.88741635391234,9.368407534246575,Furnace
2024-05-09 23:00:00,119.61,96.69,32.59,0.809,721.21,267.15,56.33,54.2,1098.88,23,0,3,9,5,2024,0,1,-0.2588190451025215,0.965925826289068,0.4338837391175582,-0.900968867902419,0.4999999999999999,-0.8660254037844387,1037.24,918.31,927.37,983.7751041666668,66.88122760764112,9.187191706379066,Furnace
2024-05-10 13:00:00,118.97,98.09,31.68,1.0,710.64,268.06,61.24,53.8,1093.75,13,0,4,10,5,2024,0,1,-0.2588190451025208,-0.9659258262890684,-0.433883739117558,-0.9009688679024191,0.4999999999999999,-0.8660254037844387,1022.89,972.78,1037.06,984.6798958333334,66.35003379200221,9.193494158191141,Furnace
2024-05-13 00:00:00,124.13,100.0,30.66,1.0,741.58,264.32,55.68,54.21,1115.8,0,0,0,13,5,2024,0,1,0.0,1.0,0.0,1.0,0.4999999999999999,-0.8660254037844387,874.78,809.64,1089.43,906.8605208333332,99.98166835522572,8.988963183758962,Furnace
2024-05-13 23:00:00,120.12,93.18,31.43,0.845,722.99,258.92,51.69,62.57,1096.17,23,0,0,13,5,2024,0,1,-0.2588190451025215,0.965925826289068,0.0,1.0,0.4999999999999999,-0.8660254037844387,1034.99,871.77,1098.88,906.2077083333334,99.70505888531736,9.125624375624376,Furnace
2024-05-14 11:00:00,117.99,100.0,30.39,1.0,713.15,264.49,51.23,65.75,1094.61,11,0,1,14,5,2024,0,1,0.258819045102521,-0.9659258262890682,0.7818314824680298,0.6234898018587336,0.4999999999999999,-0.8660254037844387,999.4,925.7,1078.76,906.1859375,99.56411353683134,9.277142130689041,Furnace
2024-05-14 12:00:00,118.12,100.0,31.49,1.0,702.54,263.58,58.46,56.62,1081.2,12,0,1,14,5,2024,0,1,1.2246467991473532e-16,-1.0,0.7818314824680298,0.6234898018587336,0.4999999999999999,-0.8660254037844387,1094.61,971.85,1022.89,906.7933333333334,100.4574208588598,9.153403318658992,Furnace
2024-05-14 13:00:00,112.83,100.0,33.45,0.993,680.53,284.38,64.23,55.66,1084.8,13,0,1,14,5,2024,0,1,-0.2588190451025208,-0.9659258262890684,0.7818314824680298,0.6234898018587336,0.4999999999999999,-0.8660254037844387,1081.2,967.45,1093.75,906.7001041666668,100.28609691640176,9.614464238234511,Furnace
2024-05-15 00:00:00,115.05,100.0,31.32,0.884,693.13,268.0,58.93,61.07,1081.13,0,0,2,15,5,2024,0,1,0.0,1.0,0.9749279121818236,-0.2225209339563143,0.4999999999999999,-0.8660254037844387,1040.19,987.63,906.44,909.0557291666664,102.387939891631,9.397044763146459,Furnace
2024-05-15 01:00:00,124.46,92.84,32.82,0.89,730.63,262.12,63.05,58.35,1114.15,1,0,2,15,5,2024,0,1,0.2588190451025207,0.9659258262890684,0.9749279121818236,-0.2225209339563143,0.4999999999999999,-0.8660254037844387,1081.13,964.08,946.23,910.8048958333334,104.4434163503687,8.951872087417646,Furnace
2024-05-15 12:00:00,117.55,95.54,34.35,0.989,708.03,256.96,64.39,59.9,1089.28,12,0,2,15,5,2024,0,1,1.2246467991473532e-16,-1.0,0.9749279121818236,-0.2225209339563143,0.4999999999999999,-0.8660254037844387,1047.5,945.24,889.2,929.9240625,100.31475752878694,9.266524883028499,Furnace
2024-05-15 23:00:00,117.68,100.0,32.81,0.983,715.65,267.63,64.11,59.5,1106.89,23,0,2,15,5,2024,0,1,-0.2588190451025215,0.965925826289068,0.9749279121818236,-0.2225209339563143,0.4999999999999999,-0.8660254037844387,1013.76,944.52,877.63,948.0304166666668,93.41237684157886,9.405931339225017,Furnace
2024-05-16 00:00:00,117.66,100.0,33.49,1.0,703.86,266.0,66.54,64.64,1101.03,0,0,3,16,5,2024,0,1,0.0,1.0,0.4338837391175582,-0.900968867902419,0.4999999999999999,-0.8660254037844387,1106.89,926.76,878.56,950.3478125,94.42485381121804,9.35772565017848,Furnace
2024-05-16 01:00:00,120.76,100.0,31.29,0.96,733.35,270.52,54.81,61.8,1120.48,1,0,3,16,5,2024,0,1,0.2588190451025207,0.9659258262890684,0.4338837391175582,-0.900968867902419,0.4999999999999999,-0.8660254037844387,1101.03,998.2,865.62,953.0026041666666,95.59313978077662,9.27856906260351,Furnace
2024-05-16 11:00:00,118.41,95.64,30.93,0.966,703.08,267.43,54.52,57.62,1082.64,11,0,3,16,5,2024,0,1,0.258819045102521,-0.9659258262890682,0.4338837391175582,-0.900968867902419,0.4999999999999999,-0.8660254037844387,1005.9,868.16,914.87,967.5983333333334,83.8658409185925,9.143146693691412,Furnace
2024-05-16 12:00:00,119.68,98.53,29.11,1.0,732.9,265.7,56.17,67.58,1120.6933,12,0,3,16,5,2024,0,1,1.2246467991473532e-16,-1.0,0.4338837391175582,-0.900968867902419,0.4999999999999999,-0.8660254037844387,1082.64,868.16,929.02,969.5949302083332,85.20857491056208,9.364081717914438,Furnace
2024-05-17 11:00:00,117.54,100.0,33.95,1.0,715.61,264.11,59.6,58.29,1097.61,11,0,4,17,5,2024,0,1,0.258819045102521,-0.9659258262890682,-0.433883739117558,-0.9009688679024191,0.4999999999999999,-0.8660254037844387,1024.69,911.22,1036.5,986.7670135416666,73.11825315536157,9.33818274629913,Furnace
2024-05-20 12:00:00,120.8,95.19,34.77,0.956,731.85,264.97,62.67,60.87,1120.37,12,0,0,20,5,2024,0,1,1.2246467991473532e-16,-1.0,0.0,1.0,0.4999999999999999,-0.8660254037844387,1048.06,959.33,1120.6933,911.2902083333332,97.83134313145028,9.27458609271523,Furnace
2024-05-20 13:00:00,120.22,100.0,31.47,1.0,727.69,270.72,56.67,67.59,1120.6933,13,0,0,20,5,2024,0,1,-0.2588190451025208,-0.9659258262890684,0.0,1.0,0.4999999999999999,-0.8660254037844387,1120.37,988.45,1035.5,912.1776385416666,99.34460442751003,9.322020462485442,Furnace
2024-05-20 23:00:00,117.1,100.0,30.73,1.0,709.73,269.2,57.72,55.3,1091.96,23,0,0,20,5,2024,0,1,-0.2588190451025215,0.965925826289068,0.0,1.0,0.4999999999999999,-0.8660254037844387,1056.3,920.15,1074.38,912.0533677083332,98.80606342709494,9.325021349274126,Furnace
2024-05-21 00:00:00,119.42,97.95,33.31,0.943,717.53,273.0,64.16,58.68,1113.38,0,0,1,21,5,2024,0,1,0.0,1.0,0.7818314824680298,0.6234898018587336,0.4999999999999999,-0.8660254037844387,1091.96,970.22,1068.74,912.5183677083334,99.65263778572972,9.323228939876069,Furnace
2024-05-21 13:00:00,118.95,100.0,31.08,1.0,703.08,276.93,60.87,65.34,1106.22,13,0,1,21,5,2024,0,1,-0.2588190451025208,-0.9659258262890684,0.7818314824680298,0.6234898018587336,0.4999999999999999,-0.8660254037844387,1067.79,984.72,1016.1,912.5436802083332,100.90706409994444,9.299873896595209,Furnace
2024-05-21 14:00:00,116.59,95.0,32.61,0.871,715.85,256.73,58.49,57.14,1088.21,14,0,1,21,5,2024,0,1,-0.4999999999999997,-0.8660254037844388,0.7818314824680298,0.6234898018587336,0.4999999999999999,-0.8660254037844387,1106.22,1068.24,1051.59,912.9251385416666,101.50567463826336,9.33364782571404,Furnace
2024-05-22 01:00:00,121.18,100.0,34.13,1.0,719.85,268.1,57.75,57.26,1102.96,1,0,2,22,5,2024,0,1,0.2588190451025207,0.9659258262890684,0.9749279121818236,-0.2225209339563143,0.4999999999999999,-0.8660254037844387,1053.97,910.69,868.87,915.2117010416669,103.75903837871142,9.101831985476151,Furnace
2024-05-22 23:00:00,118.38,100.0,32.79,0.902,717.62,270.04,63.54,66.88,1118.09,23,0,2,22,5,2024,0,1,-0.2588190451025215,0.965925826289068,0.9749279121818236,-0.2225209339563143,0.4999999999999999,-0.8660254037844387,1062.37,938.19,867.44,948.583784375,97.79648038882844,9.44492312890691,Furnace
2024-05-23 00:00:00,117.09,99.85,31.75,0.979,714.26,262.83,64.76,51.45,1093.29,0,0,3,23,5,2024,0,1,0.0,1.0,0.4338837391175582,-0.900968867902419,0.4999999999999999,-0.8660254037844387,1118.09,950.74,873.47,950.8735760416666,98.58946596847944,9.337176530873686,Furnace
2024-05-23 02:00:00,116.59,100.0,32.5,1.0,702.3,261.8,59.94,62.63,1086.66,2,0,3,23,5,2024,0,1,0.4999999999999999,0.8660254037844387,0.4338837391175582,-0.900968867902419,0.4999999999999999,-0.8660254037844387,1077.47,1062.37,885.76,955.0739927083332,99.79889411751476,9.32035337507505,Furnace
2024-05-23 11:00:00,119.34,100.0,33.99,1.0,719.61,271.9,62.41,72.34,1120.6933,11,0,3,23,5,2024,0,1,0.258819045102521,-0.9659258262890682,0.4338837391175582,-0.900968867902419,0.4999999999999999,-0.8660254037844387,1022.38,919.01,954.88,968.6927770833336,90.90636417310336,9.390760013407071,Furnace
2024-05-23 12:00:00,117.78,100.0,34.26,0.98,704.35,257.31,63.13,64.98,1089.77,12,0,3,23,5,2024,0,1,1.2246467991473532e-16,-1.0,0.4338837391175582,-0.900968867902419,0.4999999999999999,-0.8660254037844387,1120.6933,958.97,929.96,970.3574645833332,91.64980843352508,9.252589573781627,Furnace
2024-05-23 23:00:00,121.2,98.43,33.96,1.0,723.62,268.7,71.39,58.35,1120.6933,23,0,3,23,5,2024,0,1,-0.2588190451025215,0.965925826289068,0.4338837391175582,-0.900968867902419,0.4999999999999999,-0.8660254037844387,991.74,890.02,858.6,987.938228125,75.46938772783044,9.246644389438943,Furnace
2024-05-24 00:00:00,119.36,97.82,31.37,1.0,715.5,271.29,49.91,68.96,1105.66,0,0,4,24,5,2024,0,1,0.0,1.0,-0.433883739117558,-0.9009688679024191,0.4999999999999999,-0.8660254037844387,1120.6933,923.43,1048.59,988.5327072916668,76.17366288858523,9.263237265415551,Furnace
2024-05-24 11:00:00,113.52,96.3,35.24,0.968,698.86,261.08,66.7,68.57,1095.22,11,0,4,24,5,2024,0,1,0.258819045102521,-0.9659258262890682,-0.433883739117558,-0.9009688679024191,0.4999999999999999,-0.8660254037844387,1009.72,960.99,1048.06,990.1214572916668,76.64323935679718,9.647815362931643,Furnace
2024-05-24 23:00:00,118.54,97.3,29.63,1.0,718.64,264.83,53.24,58.82,1095.53,23,0,4,24,5,2024,0,1,-0.2588190451025215,0.965925826289068,-0.433883739117558,-0.9009688679024191,0.4999999999999999,-0.8660254037844387,1076.56,874.38,1091.96,989.2680895833332,75.99000717652758,9.241859288004049,Furnace
2024-05-25 02:00:00,79.18,82.84,32.62,0.863,519.75,236.13,59.43,60.18,1120.6933,2,0,5,25,5,2024,1,0,0.4999999999999999,0.8660254037844387,-0.9749279121818236,-0.2225209339563146,0.4999999999999999,-0.8660254037844387,822.45,1076.56,1036.8,984.9520822916668,78.46779902532177,14.153742106592572,Furnace
2024-05-27 12:00:00,116.32,99.3,36.03,0.909,704.74,275.22,64.42,61.43,1105.81,12,0,0,27,5,2024,0,1,1.2246467991473532e-16,-1.0,0.0,1.0,0.4999999999999999,-0.8660254037844387,1047.65,972.37,1089.77,912.8686104166668,104.37388800594704,9.506619669876203,Furnace
2024-05-27 13:00:00,118.79,99.01,31.93,0.948,714.65,268.23,60.11,60.28,1103.26,13,0,0,27,5,2024,0,1,-0.2588190451025208,-0.9659258262890684,0.0,1.0,0.4999999999999999,-0.8660254037844387,1105.81,945.67,1044.38,913.48194375,105.32350314156528,9.287482111288828,Furnace
2024-05-28 00:00:00,116.39,94.0,35.43,0.874,696.29,264.06,59.29,59.44,1079.07,0,0,1,28,5,2024,0,1,0.0,1.0,0.7818314824680298,0.6234898018587336,0.4999999999999999,-0.8660254037844387,1039.64,920.24,1105.66,915.5842010416668,104.79268097396724,9.271157315920611,Furnace
2024-05-28 01:00:00,123.04,94.97,33.67,0.912,739.17,257.35,59.48,67.38,1120.6933,1,0,1,28,5,2024,0,1,0.2588190451025207,0.9659258262890684,0.7818314824680298,0.6234898018587336,0.4999999999999999,-0.8660254037844387,1079.07,1018.52,1073.72,916.07350625,105.6450310648365,9.10836557217165,Furnace
2024-05-28 11:00:00,117.77,96.82,33.37,0.97,724.34,258.9,67.99,60.21,1111.43,11,0,1,28,5,2024,0,1,0.258819045102521,-0.9659258262890682,0.7818314824680298,0.6234898018587336,0.4999999999999999,-0.8660254037844387,948.19,883.51,1095.22,914.8318395833334,105.19166086364292,9.437293028784921,Furnace
2024-05-28 12:00:00,118.83,100.0,33.89,0.98,708.63,275.09,66.44,64.95,1115.1,12,0,1,28,5,2024,0,1,1.2246467991473532e-16,-1.0,0.7818314824680298,0.6234898018587336,0.4999999999999999,-0.8660254037844387,1111.43,965.99,1071.57,915.2852770833332,105.96538019364272,9.38399394092401,Furnace
2024-05-29 12:00:00,119.96,96.7,33.75,1.0,709.08,255.45,55.54,61.32,1081.39,12,0,2,29,5,2024,0,1,1.2246467991473532e-16,-1.0,0.9749279121818236,-0.2225209339563143,0.4999999999999999,-0.8660254037844387,1033.12,938.99,932.18,933.6588885416668,100.59561930350566,9.014588196065356,Furnace
2024-05-30 02:00:00,115.7,100.0,32.85,1.0,710.19,271.57,61.07,67.28,1110.11,2,0,3,30,5,2024,0,1,0.4999999999999999,0.8660254037844387,0.4338837391175582,-0.900968867902419,0.4999999999999999,-0.8660254037844387,1042.44,1030.94,863.54,958.747534375,95.63488067872872,9.594727744165946,Furnace
2024-05-31 00:00:00,122.59,99.32,34.92,0.912,718.2,268.09,61.67,64.34,1112.29,0,0,4,31,5,2024,0,1,0.0,1.0,-0.433883739117558,-0.9009688679024191,0.4999999999999999,-0.8660254037844387,1071.05,889.72,1002.95,993.1352427083332,66.0631771682281,9.0732523044294,Furnace
2024-05-31 11:00:00,114.06,96.23,34.69,1.0,687.7,267.83,62.41,73.68,1091.62,11,0,4,31,5,2024,0,1,0.258819045102521,-0.9659258262890682,-0.433883739117558,-0.9009688679024191,0.4999999999999999,-0.8660254037844387,1042.4,934.3,1047.65,991.1530552083336,67.46272224279653,9.570576889356477,Furnace
2024-05-31 12:00:00,113.64,100.0,32.7,1.0,687.37,276.43,57.56,62.42,1083.78,12,0,4,31,5,2024,0,1,1.2246467991473532e-16,-1.0,-0.433883739117558,-0.9009688679024191,0.4999999999999999,-0.8660254037844387,1091.62,959.82,1105.81,990.9235760416668,67.10512375647043,9.536958817317846,Furnace
2024-06-03 00:00:00,112.71,100.0,36.06,1.0,695.66,267.08,64.31,60.11,1087.16,0,0,0,3,6,2024,0,1,0.0,1.0,0.0,1.0,1.2246467991473532e-16,-1.0,894.18,822.41,1071.02,916.5565625,96.7254300402965,9.645639251175584,Furnace
2024-06-03 01:00:00,114.32,95.62,34.33,0.889,701.81,266.41,59.81,58.88,1086.92,1,0,0,3,6,2024,0,1,0.2588190451025207,0.9659258262890684,0.0,1.0,1.2246467991473532e-16,-1.0,1087.16,862.9,1042.44,917.0198958333334,97.43868730745297,9.507697690692794,Furnace
2024-06-03 11:00:00,118.4,100.0,33.94,1.0,713.84,267.58,63.13,54.66,1099.22,11,0,0,3,6,2024,0,1,0.258819045102521,-0.9659258262890682,0.0,1.0,1.2246467991473532e-16,-1.0,999.49,892.09,1077.61,916.6413541666668,96.3738070838294,9.283952702702702,Furnace
2024-06-03 12:00:00,116.7,100.0,32.13,1.0,699.34,277.18,64.06,65.71,1106.29,12,0,0,3,6,2024,0,1,1.2246467991473532e-16,-1.0,0.0,1.0,1.2246467991473532e-16,-1.0,1099.22,959.76,1072.73,916.9909375,97.00475990576456,9.479777206512425,Furnace
2024-06-03 13:00:00,113.15,100.0,33.26,1.0,685.12,271.64,58.05,65.16,1079.98,13,0,0,3,6,2024,0,1,-0.2588190451025208,-0.9659258262890684,0.0,1.0,1.2246467991473532e-16,-1.0,1106.29,1006.76,1074.83,917.0445833333332,97.09434997835524,9.544675209898365,Furnace
2024-06-04 00:00:00,118.98,98.31,33.21,0.884,713.6,269.26,63.01,60.69,1106.56,0,0,1,4,6,2024,0,1,0.0,1.0,0.7818314824680298,0.6234898018587336,1.2246467991473532e-16,-1.0,1064.6,1026.23,1112.29,918.0758333333332,97.66303550761384,9.300386619599932,Furnace
2024-06-04 01:00:00,119.8,99.23,32.95,0.94,731.14,261.7,51.39,55.16,1099.39,1,0,1,4,6,2024,0,1,0.2588190451025207,0.9659258262890684,0.7818314824680298,0.6234898018587336,1.2246467991473532e-16,-1.0,1106.56,1055.85,1025.26,918.8480208333334,98.80579820637855,9.176878130217029,Furnace
2024-06-05 01:00:00,112.26,100.0,35.04,1.0,681.63,276.04,71.55,55.66,1084.88,1,0,2,5,6,2024,0,1,0.2588190451025207,0.9659258262890684,0.9749279121818236,-0.2225209339563143,1.2246467991473532e-16,-1.0,1035.29,979.29,865.32,920.4283333333332,99.1768427094985,9.66399429894887,Furnace
2024-06-05 10:00:00,104.73,91.58,33.72,0.89,642.27,259.93,65.26,57.59,1120.6933,10,0,2,5,6,2024,0,1,0.4999999999999999,-0.8660254037844387,0.9749279121818236,-0.2225209339563143,1.2246467991473532e-16,-1.0,976.31,864.53,906.97,933.378471875,95.8054563402053,10.700785830230114,Furnace
2024-06-05 12:00:00,115.41,100.0,35.12,0.951,713.07,274.58,70.99,63.37,1120.6933,12,0,2,5,6,2024,0,1,1.2246467991473532e-16,-1.0,0.9749279121818236,-0.2225209339563143,1.2246467991473532e-16,-1.0,1031.55,953.46,888.6,936.6464229166668,98.05453084469296,9.710538948098085,Furnace
2024-06-05 13:00:00,121.16,100.0,34.69,1.0,728.39,271.89,58.6,62.85,1120.6933,13,0,2,5,6,2024,0,1,-0.2588190451025208,-0.9659258262890684,0.9749279121818236,-0.2225209339563143,1.2246467991473532e-16,-1.0,1120.6933,976.31,873.29,939.223540625,99.61067772161898,9.249697094750742,Furnace
2024-06-05 23:00:00,118.2,100.0,33.66,0.941,710.91,278.06,62.77,62.32,1114.06,23,0,2,5,6,2024,0,1,-0.2588190451025215,0.965925826289068,0.9749279121818236,-0.2225209339563143,1.2246467991473532e-16,-1.0,1010.14,916.87,932.88,953.4489572916668,95.0045473360596,9.425211505922166,Furnace
2024-06-06 00:00:00,117.66,100.0,33.73,0.923,699.02,269.61,60.85,54.52,1084.0,0,0,3,6,6,2024,0,1,0.0,1.0,0.4338837391175582,-0.900968867902419,1.2246467991473532e-16,-1.0,1114.06,931.57,856.82,955.815415625,95.40086553403586,9.212986571477138,Furnace
2024-06-06 12:00:00,114.4,92.9,33.85,0.945,712.99,247.65,63.27,56.82,1080.73,12,0,3,6,6,2024,0,1,1.2246467991473532e-16,-1.0,0.4338837391175582,-0.900968867902419,1.2246467991473532e-16,-1.0,1063.09,919.1,884.05,973.063228125,84.6664878776719,9.44694055944056,Furnace
2024-06-07 00:00:00,116.03,100.0,32.79,1.0,709.8,265.87,59.46,56.77,1091.89,0,0,4,7,6,2024,0,1,0.0,1.0,-0.433883739117558,-0.9009688679024191,1.2246467991473532e-16,-1.0,1031.34,946.78,1087.16,987.481040625,73.58307383936798,9.410411100577438,Furnace
2024-06-07 13:00:00,115.04,95.35,33.94,0.864,698.12,262.53,59.6,62.25,1082.5,13,0,4,7,6,2024,0,1,-0.2588190451025208,-0.9659258262890684,-0.433883739117558,-0.9009688679024191,1.2246467991473532e-16,-1.0,1064.93,941.5,1079.98,983.6399989583332,73.77622718825926,9.409770514603615,Furnace
2024-06-10 11:00:00,117.76,100.0,34.61,1.0,713.0,270.31,63.19,62.49,1108.99,11,0,0,10,6,2024,0,1,0.258819045102521,-0.9659258262890682,0.0,1.0,1.2246467991473532e-16,-1.0,997.82,903.95,1063.09,912.1620833333332,92.13756426831738,9.417374320652174,Furnace
2024-06-10 12:00:00,118.8,100.0,31.36,1.0,728.72,264.14,53.97,62.69,1109.53,12,0,0,10,6,2024,0,1,1.2246467991473532e-16,-1.0,0.0,1.0,1.2246467991473532e-16,-1.0,1108.99,911.54,1080.73,912.4620833333332,92.73713462670712,9.339478114478114,Furnace
2024-06-10 13:00:00,113.96,100.0,31.32,1.0,686.76,279.28,61.14,64.0,1091.19,13,0,0,10,6,2024,0,1,-0.2588190451025208,-0.9659258262890684,0.0,1.0,1.2246467991473532e-16,-1.0,1109.53,944.59,1046.15,912.93125,93.5311268790408,9.575201825201827,Furnace
2024-06-11 00:00:00,115.57,88.81,36.36,0.87,712.55,249.16,65.4,54.07,1081.18,0,0,1,11,6,2024,0,1,0.0,1.0,0.7818314824680298,0.6234898018587336,1.2246467991473532e-16,-1.0,1040.66,930.61,1091.89,911.805625,92.47669285669008,9.355195985117247,Furnace
2024-06-11 01:00:00,116.39,100.0,33.77,1.0,703.04,277.24,56.13,66.98,1103.39,1,0,1,11,6,2024,0,1,0.2588190451025207,0.9659258262890684,0.7818314824680298,0.6234898018587336,1.2246467991473532e-16,-1.0,1081.18,1025.3,1061.24,912.2446875,93.29013105082625,9.48010997508377,Furnace
2024-06-11 11:00:00,114.51,100.0,30.98,0.988,697.35,269.79,59.59,56.3,1083.02,11,0,1,11,6,2024,0,1,0.258819045102521,-0.9659258262890682,0.7818314824680298,0.6234898018587336,1.2246467991473532e-16,-1.0,1065.77,945.33,1077.6,916.0076041666669,95.975223071756,9.457863942013798,Furnace
2024-06-12 00:00:00,119.04,97.97,33.21,0.956,724.97,261.4,58.53,67.07,1111.97,0,0,2,12,6,2024,0,1,0.0,1.0,0.9749279121818236,-0.2225209339563143,1.2246467991473532e-16,-1.0,1067.07,953.72,935.11,919.6789583333334,99.26153191898462,9.341145833333334,Furnace
2024-06-12 23:00:00,114.54,100.0,32.24,0.953,710.46,273.98,61.57,60.41,1106.42,23,0,2,12,6,2024,0,1,-0.2588190451025215,0.965925826289068,0.9749279121818236,-0.2225209339563143,1.2246467991473532e-16,-1.0,1029.13,961.04,898.97,956.3355208333332,90.84322494066797,9.659682207089226,Furnace
2024-06-13 00:00:00,120.0,100.0,33.08,1.0,716.94,282.8,56.56,60.75,1117.05,0,0,3,13,6,2024,0,1,0.0,1.0,0.4338837391175582,-0.900968867902419,1.2246467991473532e-16,-1.0,1106.42,959.44,899.86,958.5979166666668,92.11748698399128,9.30875,Furnace
2024-06-14 01:00:00,120.55,99.21,33.93,0.985,724.08,260.27,61.48,59.27,1105.09,1,0,4,14,6,2024,0,1,0.2588190451025207,0.9659258262890684,-0.433883739117558,-0.9009688679024191,1.2246467991473532e-16,-1.0,1051.56,991.09,1048.22,992.1494791666668,69.48891112400474,9.167067606802156,Furnace
2024-06-14 13:00:00,113.34,100.0,36.66,1.0,682.48,275.98,65.25,61.11,1084.81,13,0,4,14,6,2024,0,1,-0.2588190451025208,-0.9659258262890684,-0.433883739117558,-0.9009688679024191,1.2246467991473532e-16,-1.0,1065.89,1035.66,1091.19,992.6214583333334,67.68761480397391,9.57128992412211,Furnace
2024-06-14 22:00:00,120.11,100.0,35.03,0.994,721.56,271.4,63.15,64.52,1120.64,22,0,4,14,6,2024,0,1,-0.5000000000000004,0.8660254037844384,-0.433883739117558,-0.9009688679024191,1.2246467991473532e-16,-1.0,1046.59,931.9,988.88,996.1941666666668,67.45875590886786,9.330114062109734,Furnace
2024-06-17 00:00:00,110.4,100.0,34.46,0.974,677.31,271.35,65.76,64.57,1078.99,0,0,0,17,6,2024,0,1,0.0,1.0,0.0,1.0,1.2246467991473532e-16,-1.0,875.02,851.56,1117.05,912.8754166666666,103.07952485355692,9.773460144927537,Furnace
2024-06-17 12:00:00,118.73,94.56,36.28,0.923,726.19,256.52,66.58,60.4,1109.7,12,0,0,17,6,2024,0,1,1.2246467991473532e-16,-1.0,0.0,1.0,1.2246467991473532e-16,-1.0,1063.59,977.32,1059.84,914.1183333333332,103.28896419031778,9.346416238524384,Furnace
2024-06-17 17:00:00,88.58,85.41,32.2,0.829,551.39,231.9,59.33,54.25,1120.6933,17,0,0,17,6,2024,0,1,-0.9659258262890684,-0.2588190451025206,0.0,1.0,1.2246467991473532e-16,-1.0,931.23,1027.95,940.97,916.1380552083332,105.81515977241168,12.651764506660644,Furnace
2024-06-18 00:00:00,120.85,100.0,32.35,0.91,749.07,275.1,59.02,61.5,1120.6933,0,0,1,18,6,2024,0,1,0.0,1.0,0.7818314824680298,0.6234898018587336,1.2246467991473532e-16,-1.0,1054.15,965.65,1051.56,917.0051729166668,106.39033389318932,9.27342407943732,Furnace
2024-06-18 01:00:00,114.78,100.0,35.35,1.0,697.74,273.95,55.07,58.3,1085.07,1,0,1,18,6,2024,0,1,0.2588190451025207,0.9659258262890684,0.7818314824680298,0.6234898018587336,1.2246467991473532e-16,-1.0,1120.6933,1003.42,1105.09,916.79663125,106.03681127351982,9.45347621536853,Furnace
2024-06-18 11:00:00,114.18,89.75,34.62,1.0,714.91,251.6,64.41,63.82,1094.75,11,0,1,18,6,2024,0,1,0.258819045102521,-0.9659258262890682,0.7818314824680298,0.6234898018587336,1.2246467991473532e-16,-1.0,1034.39,951.9,1065.26,916.8492354166666,106.42526226881417,9.58793133648625,Furnace
2024-06-18 13:00:00,117.21,93.1,32.94,0.954,712.81,266.45,58.22,55.08,1092.56,13,0,1,18,6,2024,0,1,-0.2588190451025208,-0.9659258262890684,0.7818314824680298,0.6234898018587336,1.2246467991473532e-16,-1.0,1062.28,1003.59,1084.81,916.8923604166666,106.5043708639479,9.321388959986349,Furnace
2024-06-18 14:00:00,109.79,99.59,35.23,0.999,682.54,273.32,63.43,65.94,1085.24,14,0,1,18,6,2024,0,1,-0.4999999999999997,-0.8660254037844388,0.7818314824680298,0.6234898018587336,1.2246467991473532e-16,-1.0,1092.56,1034.39,1047.79,917.2824645833334,107.0560267754894,9.884688951634939,Furnace
2024-06-19 02:00:00,114.21,98.52,34.55,1.0,704.63,274.11,63.07,62.98,1104.78,2,0,2,19,6,2024,0,1,0.4999999999999999,0.8660254037844387,0.9749279121818236,-0.2225209339563143,1.2246467991473532e-16,-1.0,1050.01,1037.75,902.38,919.7159020833332,108.21481883217582,9.67323351720515,Furnace
2024-06-19 11:00:00,118.67,100.0,37.35,1.0,714.53,275.42,71.1,57.36,1118.41,11,0,2,19,6,2024,0,1,0.258819045102521,-0.9659258262890682,0.9749279121818236,-0.2225209339563143,1.2246467991473532e-16,-1.0,1025.71,911.46,862.98,936.52850625,101.96630241199584,9.424538636555154,Furnace
2024-06-19 13:00:00,113.88,94.64,35.66,0.908,695.28,263.34,62.23,59.8,1080.65,13,0,2,19,6,2024,0,1,-0.2588190451025208,-0.9659258262890684,0.9749279121818236,-0.2225209339563143,1.2246467991473532e-16,-1.0,1077.26,988.87,889.01,940.66975625,103.62632574379364,9.489374780470673,Furnace
2024-06-19 23:00:00,116.54,90.99,34.28,0.886,711.48,259.52,61.8,58.39,1091.19,23,0,2,19,6,2024,0,1,-0.2588190451025215,0.965925826289068,0.9749279121818236,-0.2225209339563143,1.2246467991473532e-16,-1.0,1069.14,892.03,892.9,956.50475625,96.80798830990938,9.36322292775013,Furnace
2024-06-20 00:00:00,114.75,96.42,33.9,0.899,701.89,265.25,58.98,62.18,1088.3,0,0,3,20,6,2024,0,1,0.0,1.0,0.4338837391175582,-0.900968867902419,1.2246467991473532e-16,-1.0,1091.19,939.5,889.21,958.5786104166668,97.4813474999425,9.484095860566448,Furnace
2024-06-20 23:00:00,120.19,100.0,35.75,0.925,727.79,268.43,60.51,60.26,1117.0,23,0,3,20,6,2024,0,1,-0.2588190451025215,0.965925826289068,0.4338837391175582,-0.900968867902419,1.2246467991473532e-16,-1.0,1013.52,940.52,875.02,994.2279854166668,70.70872405820215,9.293618437474,Furnace
2024-06-21 01:00:00,119.62,96.61,34.93,0.924,736.73,257.89,64.37,60.24,1119.23,1,0,4,21,6,2024,0,1,0.2588190451025207,0.9659258262890684,-0.433883739117558,-0.9009688679024191,1.2246467991473532e-16,-1.0,1066.04,954.29,988.77,995.4520479166669,71.7009864343216,9.356545728139107,Furnace
2024-06-21 09:00:00,101.35,89.75,35.96,0.885,632.64,248.07,65.68,61.94,1120.6933,9,0,4,21,6,2024,0,1,0.7071067811865476,-0.7071067811865475,-0.433883739117558,-0.9009688679024191,1.2246467991473532e-16,-1.0,935.3,930.29,994.6,996.5973947916668,71.96652652910767,11.057654662062161,Furnace
2024-06-21 11:00:00,113.01,100.0,34.76,1.0,678.0,273.19,67.89,67.42,1086.5,11,0,4,21,6,2024,0,1,0.258819045102521,-0.9659258262890682,-0.433883739117558,-0.9009688679024191,1.2246467991473532e-16,-1.0,1042.59,902.99,1063.59,997.335728125,72.3788087052251,9.614193434209362,Furnace
2024-06-21 12:00:00,117.48,95.48,33.39,0.89,709.72,254.3,55.67,62.12,1081.81,12,0,4,21,6,2024,0,1,1.2246467991473532e-16,-1.0,-0.433883739117558,-0.9009688679024191,1.2246467991473532e-16,-1.0,1086.5,935.3,1109.7,997.0452072916664,71.97790637627264,9.20846101464079,Furnace
2024-06-21 13:00:00,119.54,99.27,34.9,0.981,715.15,259.28,57.28,59.8,1091.5,13,0,4,21,6,2024,0,1,-0.2588190451025208,-0.9659258262890684,-0.433883739117558,-0.9009688679024191,1.2246467991473532e-16,-1.0,1081.81,1120.6933,1027.95,997.7071864583332,72.55504904457592,9.130834866990128,Furnace
2024-06-24 00:00:00,115.97,100.0,34.37,0.978,703.59,273.65,61.18,70.77,1109.18,0,0,0,24,6,2024,0,1,0.0,1.0,0.0,1.0,1.2246467991473532e-16,-1.0,902.06,830.46,1088.3,913.6055552083334,105.36693314030028,9.564370095714409,Furnace
2024-06-24 12:00:00,118.19,97.95,34.79,1.0,721.5,260.07,55.65,52.63,1089.85,12,0,0,24,6,2024,0,1,1.2246467991473532e-16,-1.0,0.0,1.0,1.2246467991473532e-16,-1.0,1078.38,922.93,1052.29,911.9682635416666,104.95221250261386,9.221169303663592,Furnace
2024-06-24 23:00:00,117.7,100.0,34.47,0.976,709.48,262.72,68.35,59.85,1100.4,23,0,0,24,6,2024,0,1,-0.2588190451025215,0.965925826289068,0.0,1.0,1.2246467991473532e-16,-1.0,1043.77,846.47,1117.0,912.234409375,106.34814570330052,9.349192863211556,Furnace
2024-06-25 01:00:00,115.07,88.02,33.93,0.864,711.47,249.97,61.0,64.16,1086.59,1,0,1,25,6,2024,0,1,0.2588190451025207,0.9659258262890684,0.7818314824680298,0.6234898018587336,1.2246467991473532e-16,-1.0,1045.55,1018.49,1119.23,911.680971875,105.43560515590364,9.442860867298165,Furnace
2024-06-25 05:00:00,87.04,85.8,36.95,0.901,539.52,237.49,64.93,63.46,1120.6933,5,0,1,25,6,2024,0,1,0.9659258262890684,0.2588190451025207,0.7818314824680298,0.6234898018587336,1.2246467991473532e-16,-1.0,969.35,1086.59,930.29,913.9537145833332,107.83955467877902,12.875612362132351,Furnace
2024-06-25 12:00:00,120.74,99.98,34.78,0.953,737.04,268.61,59.71,53.57,1118.93,12,0,1,25,6,2024,0,1,1.2246467991473532e-16,-1.0,0.7818314824680298,0.6234898018587336,1.2246467991473532e-16,-1.0,1034.4,943.92,1081.81,911.7914927083334,105.59401289531796,9.26726851084976,Furnace
2024-06-25 23:00:00,121.78,99.14,34.16,0.986,723.79,269.16,61.92,57.61,1112.48,23,0,1,25,6,2024,0,1,-0.2588190451025215,0.965925826289068,0.7818314824680298,0.6234898018587336,1.2246467991473532e-16,-1.0,972.49,935.33,1077.42,911.527221875,105.21150407510996,9.135161767121039,Furnace
2024-06-26 01:00:00,112.76,94.67,34.76,0.931,690.02,265.64,66.66,57.46,1079.78,1,0,2,26,6,2024,0,1,0.2588190451025207,0.9659258262890684,0.9749279121818236,-0.2225209339563143,1.2246467991473532e-16,-1.0,1067.65,972.49,908.11,915.0380552083334,107.75223018514032,9.57591344448386,Furnace
2024-06-26 12:00:00,118.99,98.7,36.48,0.983,719.95,266.59,71.19,60.71,1118.45,12,0,2,26,6,2024,0,1,1.2246467991473532e-16,-1.0,0.9749279121818236,-0.2225209339563143,1.2246467991473532e-16,-1.0,1052.56,915.66,912.92,934.340034375,106.06826870716108,9.399529372216154,Furnace
2024-06-27 11:00:00,116.88,93.57,36.52,0.948,700.28,266.54,68.16,61.62,1096.6,11,0,3,27,6,2024,0,1,0.258819045102521,-0.9659258262890682,0.4338837391175582,-0.900968867902419,1.2246467991473532e-16,-1.0,1068.9,928.9,871.07,969.2563885416666,92.87033274505394,9.382272416153318,Furnace
2024-06-28 11:00:00,115.92,100.0,33.59,0.958,692.26,270.34,59.91,67.06,1089.58,11,0,4,28,6,2024,0,1,0.258819045102521,-0.9659258262890682,-0.433883739117558,-0.9009688679024191,1.2246467991473532e-16,-1.0,1065.08,917.18,1078.38,992.8214927083332,71.6230153202769,9.399413388543822,Furnace
2024-07-01 01:00:00,113.88,100.0,36.29,0.954,691.09,266.12,70.23,56.11,1083.54,1,0,0,1,7,2024,0,1,0.2588190451025207,0.9659258262890684,0.0,1.0,-0.4999999999999997,-0.8660254037844388,1062.58,878.06,1042.11,917.0696875,98.99672561786664,9.514752370916755,Furnace
2024-07-02 00:00:00,116.3,93.62,36.76,0.987,699.68,261.48,72.01,56.92,1090.09,0,0,1,2,7,2024,0,1,0.0,1.0,0.7818314824680298,0.6234898018587336,-0.4999999999999997,-0.8660254037844388,1075.96,939.82,1058.73,914.9036458333334,98.53339459684952,9.373086844368013,Furnace
2024-07-02 13:00:00,116.38,94.11,33.56,0.987,713.86,260.17,60.38,56.43,1090.84,13,0,1,2,7,2024,0,1,-0.2588190451025208,-0.9659258262890684,0.7818314824680298,0.6234898018587336,-0.4999999999999997,-0.8660254037844388,1064.36,1031.06,1052.26,916.0629166666666,98.72955191267276,9.373088159477573,Furnace
2024-07-02 23:00:00,115.43,100.0,36.47,1.0,704.16,275.38,64.97,61.23,1105.74,23,0,1,2,7,2024,0,1,-0.2588190451025215,0.965925826289068,0.7818314824680298,0.6234898018587336,-0.4999999999999997,-0.8660254037844388,1038.68,912.88,1078.49,915.4679166666666,98.02849033683648,9.579312137226024,Furnace
2024-07-03 12:00:00,115.41,100.0,35.06,0.966,698.66,273.57,62.27,63.54,1098.04,12,0,2,3,7,2024,0,1,1.2246467991473532e-16,-1.0,0.9749279121818236,-0.2225209339563143,-0.4999999999999997,-0.8660254037844388,1074.64,913.3,944.65,933.9028125,98.17014018854324,9.51425353088987,Furnace
2024-07-04 12:00:00,119.6,100.0,36.27,1.0,711.09,273.26,64.18,61.03,1109.56,12,0,3,4,7,2024,0,1,1.2246467991473532e-16,-1.0,0.4338837391175582,-0.900968867902419,-0.4999999999999997,-0.8660254037844388,1078.43,966.76,914.57,972.2967708333334,82.19923185061694,9.277257525083613,Furnace
2024-07-04 23:00:00,117.64,98.0,36.86,0.961,714.91,269.68,75.5,59.78,1119.87,23,0,3,4,7,2024,0,1,-0.2588190451025215,0.965925826289068,0.4338837391175582,-0.900968867902419,-0.4999999999999997,-0.8660254037844388,1056.09,892.03,906.31,989.7690625,70.67336397046466,9.519466167970076,Furnace
2024-07-05 11:00:00,115.05,100.0,36.62,0.948,695.19,268.65,67.46,60.04,1091.34,11,0,4,5,7,2024,0,1,0.258819045102521,-0.9659258262890682,-0.433883739117558,-0.9009688679024191,-0.4999999999999997,-0.8660254037844388,1075.35,934.64,1067.84,991.8279166666666,70.10736184658636,9.485788787483703,Furnace
2024-07-06 03:00:00,71.17,76.07,37.3,0.775,468.41,223.65,62.43,65.6,1120.6933,3,0,5,6,7,2024,1,0,0.7071067811865476,0.7071067811865476,-0.9749279121818236,-0.2225209339563146,-0.4999999999999997,-0.8660254037844388,880.2,1025.95,980.0,987.3214927083332,72.25524293044157,15.746709287621186,Furnace
2024-07-08 00:00:00,115.87,100.0,34.17,1.0,710.1,268.71,66.75,65.1,1110.66,0,0,0,8,7,2024,0,1,0.0,1.0,0.0,1.0,-0.4999999999999997,-0.8660254037844388,906.67,830.48,1055.49,921.3042010416666,102.90268843557782,9.58539742815224,Furnace
2024-07-08 12:00:00,116.64,100.0,35.79,0.974,699.89,268.49,69.76,61.6,1099.73,12,0,0,8,7,2024,0,1,1.2246467991473532e-16,-1.0,0.0,1.0,-0.4999999999999997,-0.8660254037844388,1049.61,942.25,1109.56,919.076909375,101.2842927875426,9.4284122085048,Furnace
2024-07-08 23:00:00,115.61,93.52,34.47,1.0,694.67,261.48,66.78,56.87,1079.81,23,0,0,8,7,2024,0,1,-0.2588190451025215,0.965925826289068,0.0,1.0,-0.4999999999999997,-0.8660254037844388,1043.26,923.66,1119.87,918.9708677083332,99.040079292259,9.340108987111842,Furnace
2024-07-09 01:00:00,119.87,95.8,35.83,0.968,724.55,262.3,72.44,64.43,1120.6933,1,0,1,9,7,2024,0,1,0.2588190451025207,0.9659258262890684,0.7818314824680298,0.6234898018587336,-0.4999999999999997,-0.8660254037844388,1058.92,1001.99,1052.76,919.51256875,99.9947755142778,9.349239175773754,Furnace
2024-07-09 12:00:00,118.24,100.0,33.59,1.0,724.36,277.79,66.86,62.93,1120.6933,12,0,1,9,7,2024,0,1,1.2246467991473532e-16,-1.0,0.7818314824680298,0.6234898018587336,-0.4999999999999997,-0.8660254037844388,1063.43,987.06,1030.69,919.1540614583332,99.85484648075862,9.478123308525033,Furnace
2024-07-09 23:00:00,116.13,97.19,33.75,1.0,693.27,259.97,60.82,65.14,1079.2,23,0,1,9,7,2024,0,1,-0.2588190451025215,0.965925826289068,0.7818314824680298,0.6234898018587336,-0.4999999999999997,-0.8660254037844388,952.47,915.57,1025.95,917.979165625,99.45259003395256,9.293033669163869,Furnace
2024-07-10 00:00:00,114.25,97.78,34.63,0.961,712.02,275.43,61.45,67.13,1116.03,0,0,2,10,7,2024,0,1,0.0,1.0,0.9749279121818236,-0.2225209339563143,-0.4999999999999997,-0.8660254037844388,1079.2,919.05,943.77,919.773540625,101.45663034779226,9.768315098468271,Furnace
2024-07-10 01:00:00,117.76,100.0,32.46,0.98,708.31,272.38,57.62,59.28,1097.6,1,0,2,10,7,2024,0,1,0.2588190451025207,0.9659258262890684,0.9749279121818236,-0.2225209339563143,-0.4999999999999997,-0.8660254037844388,1116.03,952.47,860.12,922.247290625,102.87211189473967,9.320652173913043,Furnace
2024-07-10 12:00:00,113.89,94.34,32.6,0.977,698.06,258.25,56.54,66.31,1079.16,12,0,2,10,7,2024,0,1,1.2246467991473532e-16,-1.0,0.9749279121818236,-0.2225209339563143,-0.4999999999999997,-0.8660254037844388,1067.62,990.27,891.13,936.6534020833334,99.05817093950787,9.475458776011942,Furnace
2024-07-10 13:00:00,118.16,95.34,35.25,0.923,717.29,262.99,61.99,62.71,1104.97,13,0,2,10,7,2024,0,1,-0.2588190451025208,-0.9659258262890684,0.9749279121818236,-0.2225209339563143,-0.4999999999999997,-0.8660254037844388,1079.16,950.68,865.24,939.1505895833334,100.2534403775816,9.351472579553148,Furnace
2024-07-11 00:00:00,117.75,97.93,34.53,1.0,703.03,265.0,61.37,60.79,1090.18,0,0,3,11,7,2024,0,1,0.0,1.0,0.4338837391175582,-0.900968867902419,-0.4999999999999997,-0.8660254037844388,1047.42,939.43,919.0,956.31600625,95.05594246905362,9.258428874734609,Furnace
2024-07-11 12:00:00,113.19,100.0,33.49,0.997,706.61,269.4,62.79,57.23,1096.03,12,0,3,11,7,2024,0,1,1.2246467991473532e-16,-1.0,0.4338837391175582,-0.900968867902419,-0.4999999999999997,-0.8660254037844388,1070.39,961.83,951.14,974.9746520833334,84.6591284876996,9.683099213711458,Furnace
2024-07-11 13:00:00,119.9,100.0,33.74,0.985,723.85,267.2,61.38,58.1,1110.53,13,0,3,11,7,2024,0,1,-0.2588190451025208,-0.9659258262890684,0.4338837391175582,-0.900968867902419,-0.4999999999999997,-0.8660254037844388,1096.03,931.36,909.55,977.06819375,85.50500574405399,9.262135112593828,Furnace
2024-07-11 23:00:00,110.83,96.25,32.79,0.987,683.24,273.34,62.46,61.72,1080.76,23,0,3,11,7,2024,0,1,-0.2588190451025215,0.965925826289068,0.4338837391175582,-0.900968867902419,-0.4999999999999997,-0.8660254037844388,1006.65,921.15,906.67,992.26756875,71.14684853754962,9.751511323648831,Furnace
2024-07-12 00:00:00,116.55,100.0,34.13,1.0,699.1,266.19,59.87,55.58,1080.74,0,0,4,12,7,2024,0,1,0.0,1.0,-0.433883739117558,-0.9009688679024191,-0.4999999999999997,-0.8660254037844388,1080.76,989.92,1110.66,991.9559020833334,70.68680466795323,9.272758472758474,Furnace
2024-07-12 01:00:00,116.34,93.08,36.15,1.0,697.43,263.73,67.21,56.53,1084.89,1,0,4,12,7,2024,0,1,0.2588190451025207,0.9659258262890684,-0.433883739117558,-0.9009688679024191,-0.4999999999999997,-0.8660254037844388,1080.74,984.58,1058.14,992.2345479166668,71.00246634768999,9.325167612171223,Furnace
2024-07-12 11:00:00,118.55,95.41,34.43,0.976,727.93,249.07,59.3,55.94,1092.24,11,0,4,12,7,2024,0,1,0.258819045102521,-0.9659258262890682,-0.433883739117558,-0.9009688679024191,-0.4999999999999997,-0.8660254037844388,1046.59,874.51,1049.61,991.7764229166668,72.11565758196018,9.213327709827077,Furnace
2024-07-12 12:00:00,117.55,94.35,33.3,0.933,716.02,258.29,57.12,66.04,1097.47,12,0,4,12,7,2024,0,1,1.2246467991473532e-16,-1.0,-0.433883739117558,-0.9009688679024191,-0.4999999999999997,-0.8660254037844388,1092.24,960.55,1099.73,991.75288125,72.08040618006336,9.33619736282433,Furnace
2024-07-12 13:00:00,119.46,100.0,36.29,1.0,725.87,260.08,63.86,60.42,1110.23,13,0,4,12,7,2024,0,1,-0.2588190451025208,-0.9659258262890684,-0.433883739117558,-0.9009688679024191,-0.4999999999999997,-0.8660254037844388,1097.47,974.96,1049.88,992.3815270833334,72.85173824389835,9.293738489871087,Furnace
2024-07-12 23:00:00,121.61,100.0,34.27,0.97,724.93,276.51,63.48,62.49,1120.6933,23,0,4,12,7,2024,0,1,-0.2588190451025215,0.965925826289068,-0.433883739117558,-0.9009688679024191,-0.4999999999999997,-0.8660254037844388,1071.1,925.04,1079.81,991.8111447916668,73.5382126896521,9.215469944905847,Furnace
2024-07-15 00:00:00,117.31,99.96,36.36,0.969,706.3,263.81,60.92,55.05,1086.08,0,0,0,15,7,2024,0,1,0.0,1.0,0.0,1.0,-0.4999999999999997,-0.8660254037844388,902.72,764.78,1090.18,915.8514927083334,101.97241540013002,9.258204756627737,Furnace
2024-07-15 02:00:00,113.13,99.43,35.23,0.891,692.49,265.73,69.18,62.6,1090.0,2,0,0,15,7,2024,0,1,0.4999999999999999,0.8660254037844387,0.0,1.0,-0.4999999999999997,-0.8660254037844388,1068.92,899.63,1052.89,916.3535760416668,102.73325212859883,9.634933262618228,Furnace
2024-07-15 12:00:00,124.55,100.0,34.84,0.97,756.42,267.74,59.55,61.16,1120.6933,12,0,0,15,7,2024,0,1,1.2246467991473532e-16,-1.0,0.0,1.0,-0.4999999999999997,-0.8660254037844388,1076.34,915.56,1096.03,916.5651729166666,103.07754206722286,8.997938980329184,Furnace
2024-07-15 13:00:00,117.73,93.88,32.46,0.934,716.2,263.95,62.48,58.35,1100.99,13,0,0,15,7,2024,0,1,-0.2588190451025208,-0.9659258262890684,0.0,1.0,-0.4999999999999997,-0.8660254037844388,1120.6933,999.53,1110.53,916.4657979166668,102.89300953855748,9.351821965514311,Furnace
2024-07-16 00:00:00,121.37,100.0,33.9,0.982,736.59,273.85,59.96,71.18,1120.6933,0,0,1,16,7,2024,0,1,0.0,1.0,0.7818314824680298,0.6234898018587336,-0.4999999999999997,-0.8660254037844388,1062.21,942.19,1080.74,916.201353125,103.69485109071351,9.2336928400758,Furnace
2024-07-16 11:00:00,115.8,96.88,32.94,0.915,698.19,268.3,53.73,60.24,1080.47,11,0,1,16,7,2024,0,1,0.258819045102521,-0.9659258262890682,0.7818314824680298,0.6234898018587336,-0.4999999999999997,-0.8660254037844388,1007.54,932.07,1092.24,917.1161447916668,103.08820449610172,9.330483592400691,Furnace
2024-07-16 12:00:00,117.08,100.0,35.38,0.947,699.67,275.77,67.21,63.61,1106.26,12,0,1,16,7,2024,0,1,1.2246467991473532e-16,-1.0,0.7818314824680298,0.6234898018587336,-0.4999999999999997,-0.8660254037844388,1080.47,927.72,1097.47,917.2077072916668,103.25385075689331,9.448752989408952,Furnace
2024-07-16 13:00:00,114.97,98.67,32.9,0.9,690.48,265.86,63.55,60.61,1080.5,13,0,1,16,7,2024,0,1,-0.2588190451025208,-0.9659258262890684,0.7818314824680298,0.6234898018587336,-0.4999999999999997,-0.8660254037844388,1106.26,1016.73,1110.23,916.8980197916668,102.71199086962756,9.39810385317909,Furnace
2024-07-17 11:00:00,114.53,95.4,33.39,0.911,692.94,262.88,58.35,69.32,1083.49,11,0,2,17,7,2024,0,1,0.258819045102521,-0.9659258262890682,0.9749279121818236,-0.2225209339563143,-0.4999999999999997,-0.8660254037844388,1050.18,931.01,903.22,938.18256875,100.24098642352578,9.46031607439099,Furnace
2024-07-17 13:00:00,113.99,100.0,35.5,1.0,695.33,264.79,56.28,63.22,1079.62,13,0,2,17,7,2024,0,1,-0.2588190451025208,-0.9659258262890684,0.9749279121818236,-0.2225209339563143,-0.4999999999999997,-0.8660254037844388,1051.86,1012.56,886.74,941.8243395833332,101.65671352246588,9.471181682603737,Furnace
2024-07-17 23:00:00,116.12,100.0,31.28,1.0,701.52,281.41,52.81,47.41,1083.16,23,0,2,17,7,2024,0,1,-0.2588190451025215,0.965925826289068,0.9749279121818236,-0.2225209339563143,-0.4999999999999997,-0.8660254037844388,1001.07,893.69,913.34,957.7377770833332,93.9173482818207,9.327936617292456,Furnace
2024-07-18 01:00:00,117.8,100.0,35.0,0.948,708.79,265.17,65.24,54.7,1093.9,1,0,3,18,7,2024,0,1,0.2588190451025207,0.9659258262890684,0.4338837391175582,-0.900968867902419,-0.4999999999999997,-0.8660254037844388,1076.1,1009.25,887.6,961.4301729166668,95.3319740447718,9.286078098471988,Furnace
2024-07-18 11:00:00,110.39,100.0,32.44,1.0,673.67,277.61,55.59,73.19,1080.06,11,0,3,18,7,2024,0,1,0.258819045102521,-0.9659258262890682,0.4338837391175582,-0.900968867902419,-0.4999999999999997,-0.8660254037844388,1053.28,889.42,903.69,974.6436104166664,86.11938143802395,9.784038409276201,Furnace
2024-07-18 23:00:00,115.95,100.0,34.16,1.0,704.16,270.07,61.68,63.19,1099.09,23,0,3,18,7,2024,0,1,-0.2588190451025215,0.965925826289068,0.4338837391175582,-0.900968867902419,-0.4999999999999997,-0.8660254037844388,1024.76,873.0,902.72,992.2370479166668,70.24907490121038,9.478999568779646,Furnace
2024-07-19 00:00:00,117.03,98.77,31.84,0.985,710.61,270.68,55.89,65.51,1102.7,0,0,4,19,7,2024,0,1,0.0,1.0,-0.433883739117558,-0.9009688679024191,-0.4999999999999997,-0.8660254037844388,1099.09,942.58,1086.08,992.4101729166669,70.50280148334215,9.422370332393404,Furnace
2024-07-19 01:00:00,112.76,97.23,36.44,1.0,697.87,255.67,66.86,59.45,1079.85,1,0,4,19,7,2024,0,1,0.2588190451025207,0.9659258262890684,-0.433883739117558,-0.9009688679024191,-0.4999999999999997,-0.8660254037844388,1102.7,927.16,1068.92,992.5240270833334,70.6363557733296,9.576534231997162,Furnace
2024-07-19 12:00:00,117.64,99.21,32.45,1.0,711.84,283.15,56.9,69.37,1120.6933,12,0,4,19,7,2024,0,1,1.2246467991473532e-16,-1.0,-0.433883739117558,-0.9009688679024191,-0.4999999999999997,-0.8660254037844388,1002.59,976.65,1120.6933,991.1699645833334,69.87453922158265,9.526464637878272,Furnace
2024-07-19 23:00:00,112.93,100.0,34.28,0.92,687.94,276.07,60.02,60.04,1084.06,23,0,4,19,7,2024,0,1,-0.2588190451025215,0.965925826289068,-0.433883739117558,-0.9009688679024191,-0.4999999999999997,-0.8660254037844388,975.4,894.0,1062.21,989.7039229166668,69.17071501669321,9.599397857079605,Furnace
2024-07-22 12:00:00,117.53,100.0,36.59,1.0,712.36,268.88,66.78,57.55,1105.57,12,0,0,22,7,2024,0,1,1.2246467991473532e-16,-1.0,0.0,1.0,-0.4999999999999997,-0.8660254037844388,1070.17,977.73,1037.77,914.383784375,93.9810278324427,9.406704671147791,Furnace
2024-07-23 02:00:00,110.18,95.94,35.99,1.0,685.49,267.01,72.8,58.77,1084.07,2,0,1,23,7,2024,0,1,0.4999999999999999,0.8660254037844387,0.7818314824680298,0.6234898018587336,-0.4999999999999997,-0.8660254037844388,1058.52,1018.52,992.16,914.790971875,93.2456839221393,9.839081502995098,Furnace
2024-07-23 12:00:00,116.07,98.2,35.86,0.983,711.3,281.9,64.08,56.97,1114.25,12,0,1,23,7,2024,0,1,1.2246467991473532e-16,-1.0,0.7818314824680298,0.6234898018587336,-0.4999999999999997,-0.8660254037844388,1039.52,974.71,1120.6933,915.5730208333332,93.8331592620343,9.599810459205653,Furnace
2024-07-23 22:00:00,112.9,100.0,36.9,1.0,692.12,266.31,63.55,63.0,1084.98,22,0,1,23,7,2024,0,1,-0.5000000000000004,0.8660254037844384,0.7818314824680298,0.6234898018587336,-0.4999999999999997,-0.8660254037844388,1004.33,841.58,975.4,918.449375,96.74738156459468,9.61009743135518,Furnace
2024-07-23 23:00:00,118.16,99.18,34.36,0.955,721.04,271.24,63.47,65.19,1120.6933,23,0,1,23,7,2024,0,1,-0.2588190451025215,0.965925826289068,0.7818314824680298,0.6234898018587336,-0.4999999999999997,-0.8660254037844388,1084.98,937.17,1084.06,918.830971875,97.47696363196556,9.484540453622207,Furnace
2024-07-24 00:00:00,121.65,92.35,35.74,0.929,730.05,265.4,65.84,52.13,1113.43,0,0,2,24,7,2024,0,1,0.0,1.0,0.9749279121818236,-0.2225209339563143,-0.4999999999999997,-0.8660254037844388,1120.6933,979.52,921.4,920.831284375,99.4799696066092,9.152733251130291,Furnace
2024-07-24 10:00:00,111.89,100.0,33.47,0.9,691.23,275.11,62.71,69.98,1099.03,10,0,2,24,7,2024,0,1,0.4999999999999999,-0.8660254037844387,0.9749279121818236,-0.2225209339563143,-0.4999999999999997,-0.8660254037844388,997.76,919.81,838.71,936.962221875,97.80943729383485,9.82241487174904,Furnace
2024-07-24 12:00:00,121.14,100.0,33.99,1.0,718.3,277.82,63.48,55.64,1115.23,12,0,2,24,7,2024,0,1,1.2246467991473532e-16,-1.0,0.9749279121818236,-0.2225209339563143,-0.4999999999999997,-0.8660254037844388,1040.08,911.98,914.04,940.5448260416666,99.89048399780532,9.206125144460954,Furnace
2024-07-24 13:00:00,117.48,95.99,32.2,0.947,702.81,267.55,54.83,65.06,1090.25,13,0,2,24,7,2024,0,1,-0.2588190451025208,-0.9659258262890684,0.9749279121818236,-0.2225209339563143,-0.4999999999999997,-0.8660254037844388,1115.23,997.76,886.06,942.6718052083334,100.8870692423785,9.28030303030303,Furnace
2024-07-25 00:00:00,121.99,100.0,37.16,1.0,723.23,267.62,63.05,66.31,1120.21,0,0,3,25,7,2024,0,1,0.0,1.0,0.4338837391175582,-0.900968867902419,-0.4999999999999997,-0.8660254037844388,1044.7,956.43,897.24,959.5188885416666,95.4801766317202,9.182801869005656,Furnace
2024-07-25 12:00:00,114.22,100.0,34.11,0.977,693.21,270.11,64.98,57.09,1085.38,12,0,3,25,7,2024,0,1,1.2246467991473532e-16,-1.0,0.4338837391175582,-0.900968867902419,-0.4999999999999997,-0.8660254037844388,1019.6,965.43,929.83,977.0068052083334,87.31344660529479,9.502538959901944,Furnace
2024-07-25 13:00:00,117.23,100.0,31.71,1.0,711.09,270.96,51.12,62.76,1095.93,13,0,3,25,7,2024,0,1,-0.2588190451025208,-0.9659258262890684,0.4338837391175582,-0.900968867902419,-0.4999999999999997,-0.8660254037844388,1085.38,1004.96,887.14,979.1817010416668,87.65111420909798,9.348545594131195,Furnace
2024-07-25 23:00:00,117.47,100.0,34.6,0.991,715.66,270.86,59.38,59.89,1105.79,23,0,3,25,7,2024,0,1,-0.2588190451025215,0.965925826289068,0.4338837391175582,-0.900968867902419,-0.4999999999999997,-0.8660254037844388,984.96,949.96,889.29,995.168159375,69.34616798259717,9.413382140120882,Furnace
2024-07-26 00:00:00,113.82,98.32,32.86,1.0,699.15,262.84,64.69,66.17,1092.85,0,0,4,26,7,2024,0,1,0.0,1.0,-0.433883739117558,-0.9009688679024191,-0.4999999999999997,-0.8660254037844388,1105.79,929.94,1072.17,995.3835760416669,69.61946567094799,9.601563872781584,Furnace
2024-07-26 01:00:00,118.8,100.0,35.69,1.0,699.36,265.77,62.34,65.9,1093.37,1,0,4,26,7,2024,0,1,0.2588190451025207,0.9659258262890684,-0.433883739117558,-0.9009688679024191,-0.4999999999999997,-0.8660254037844388,1092.85,985.05,1067.33,995.6548260416666,69.95266354652297,9.203451178451179,Furnace
2024-07-29 00:00:00,117.0,99.05,33.7,0.989,709.15,269.23,63.42,69.59,1111.39,0,0,0,29,7,2024,0,1,0.0,1.0,0.0,1.0,-0.4999999999999997,-0.8660254037844388,878.44,867.72,1120.21,916.885625,96.84439358076604,9.49905982905983,Furnace
2024-07-29 11:00:00,114.4,97.47,35.24,0.948,682.02,267.44,66.07,64.12,1079.65,11,0,0,29,7,2024,0,1,0.258819045102521,-0.9659258262890682,0.0,1.0,-0.4999999999999997,-0.8660254037844388,1063.92,920.77,1019.6,916.8901041666668,98.00782971401928,9.4375,Furnace
2024-07-29 12:00:00,116.37,99.62,33.52,0.986,696.88,266.56,64.0,68.01,1095.44,12,0,0,29,7,2024,0,1,1.2246467991473532e-16,-1.0,0.0,1.0,-0.4999999999999997,-0.8660254037844388,1079.65,997.41,1085.38,916.9948958333332,98.19507765554502,9.413422703445905,Furnace
2024-07-29 13:00:00,111.91,94.62,34.25,0.96,689.09,266.93,64.67,64.01,1084.7,13,0,0,29,7,2024,0,1,-0.2588190451025208,-0.9659258262890684,0.0,1.0,-0.4999999999999997,-0.8660254037844388,1095.44,972.77,1095.93,916.8779166666668,97.9861363976576,9.692610133142704,Furnace
2024-07-29 14:00:00,102.63,89.88,31.91,0.884,631.72,244.79,68.67,61.06,1084.7,14,0,0,29,7,2024,0,1,-0.4999999999999997,-0.8660254037844388,0.0,1.0,-0.4999999999999997,-0.8660254037844388,1084.7,1063.92,1044.91,917.2923958333332,98.61554394126289,10.569034395400957,Furnace
2024-07-30 00:00:00,117.97,100.0,33.14,0.989,697.71,275.45,64.58,57.58,1095.32,0,0,1,30,7,2024,0,1,0.0,1.0,0.7818314824680298,0.6234898018587336,-0.4999999999999997,-0.8660254037844388,1049.34,922.05,1092.85,917.3733333333332,98.52312583098843,9.284733406798338,Furnace
2024-07-30 01:00:00,112.17,100.0,35.33,0.996,687.79,271.63,73.92,61.2,1094.55,1,0,1,30,7,2024,0,1,0.2588190451025207,0.9659258262890684,0.7818314824680298,0.6234898018587336,-0.4999999999999997,-0.8660254037844388,1095.32,1046.34,1093.37,917.385625,98.54538525671686,9.757956672907193,Furnace
2024-07-30 12:00:00,115.17,100.0,34.62,0.978,701.72,276.04,58.86,61.55,1098.16,12,0,1,30,7,2024,0,1,1.2246467991473532e-16,-1.0,0.7818314824680298,0.6234898018587336,-0.4999999999999997,-0.8660254037844388,1072.64,976.91,1064.57,919.0105208333332,98.62386525924276,9.535121993574716,Furnace
2024-07-30 13:00:00,117.14,98.22,32.98,0.95,708.97,262.13,57.72,51.27,1080.09,13,0,1,30,7,2024,0,1,-0.2588190451025208,-0.9659258262890684,0.7818314824680298,0.6234898018587336,-0.4999999999999997,-0.8660254037844388,1098.16,955.55,1074.83,919.0653125,98.7127649288649,9.220505378179954,Furnace
2024-07-30 23:00:00,115.01,100.0,31.73,1.0,693.46,275.68,60.87,57.17,1087.18,23,0,1,30,7,2024,0,1,-0.2588190451025215,0.965925826289068,0.7818314824680298,0.6234898018587336,-0.4999999999999997,-0.8660254037844388,1044.58,884.24,1063.75,919.5960416666668,100.28568196569532,9.452917137640206,Furnace
2024-07-31 11:00:00,113.26,96.86,34.31,0.963,693.97,256.86,63.14,67.71,1081.68,11,0,2,31,7,2024,0,1,0.258819045102521,-0.9659258262890682,0.9749279121818236,-0.2225209339563143,-0.4999999999999997,-0.8660254037844388,1026.47,896.19,876.16,937.6515624999998,98.0957262369473,9.550414974395197,Furnace
2024-07-31 12:00:00,119.12,100.0,35.86,0.974,717.68,273.84,54.81,67.1,1113.42,12,0,2,31,7,2024,0,1,1.2246467991473532e-16,-1.0,0.9749279121818236,-0.2225209339563143,-0.4999999999999997,-0.8660254037844388,1081.68,959.38,905.87,939.8135416666668,99.66253850373748,9.347044996642042,Furnace
2024-07-31 13:00:00,115.0,100.0,33.65,0.946,694.96,273.31,56.28,57.73,1082.28,13,0,2,31,7,2024,0,1,-0.2588190451025208,-0.9659258262890684,0.9749279121818236,-0.2225209339563143,-0.4999999999999997,-0.8660254037844388,1113.42,947.22,858.46,942.145,100.35492363029482,9.411130434782608,Furnace
2024-07-31 23:00:00,123.15,100.0,31.52,1.0,743.82,274.14,55.42,58.59,1120.6933,23,0,2,31,7,2024,0,1,-0.2588190451025215,0.965925826289068,0.9749279121818236,-0.2225209339563143,-0.4999999999999997,-0.8660254037844388,1010.48,902.32,883.89,957.0777427083334,95.36122024054616,9.100229801055622,Furnace
2024-08-01 11:00:00,112.71,100.0,32.04,0.998,701.97,270.94,54.77,51.32,1078.99,11,0,3,1,8,2024,0,1,0.258819045102521,-0.9659258262890682,0.4338837391175582,-0.900968867902419,-0.8660254037844385,-0.5000000000000004,1028.9,917.78,904.6,974.9808677083332,83.57911180902693,9.57315233785822,Furnace
2024-08-01 12:00:00,117.76,100.0,34.92,0.993,705.94,268.78,69.35,53.3,1097.38,12,0,3,1,8,2024,0,1,1.2246467991473532e-16,-1.0,0.4338837391175582,-0.900968867902419,-0.8660254037844385,-0.5000000000000004,1078.99,885.82,949.26,976.523784375,84.46181953734269,9.318783967391305,Furnace
2024-08-01 23:00:00,113.19,99.44,32.14,1.0,693.12,275.37,59.49,64.3,1092.27,23,0,3,1,8,2024,0,1,-0.2588190451025215,0.965925826289068,0.4338837391175582,-0.900968867902419,-0.8660254037844385,-0.5000000000000004,1007.38,930.33,878.44,990.9120135416666,72.7320594243171,9.649880731513385,Furnace
2024-08-02 00:00:00,116.92,100.0,34.95,0.915,706.77,265.2,61.9,59.02,1092.89,0,0,4,2,8,2024,0,1,0.0,1.0,-0.433883739117558,-0.9009688679024191,-0.8660254037844385,-0.5000000000000004,1092.27,950.88,1111.39,990.7193052083334,72.43338019875137,9.347331508723915,Furnace
2024-08-02 12:00:00,117.99,95.61,34.31,0.941,714.12,253.87,62.82,67.25,1098.06,12,0,4,2,8,2024,0,1,1.2246467991473532e-16,-1.0,-0.433883739117558,-0.9009688679024191,-0.8660254037844385,-0.5000000000000004,1073.58,961.14,1095.44,989.434409375,72.15002654997909,9.306381896770914,Furnace
2024-08-02 13:00:00,114.29,100.0,31.62,1.0,694.25,269.18,54.37,62.34,1080.14,13,0,4,2,8,2024,0,1,-0.2588190451025208,-0.9659258262890684,-0.433883739117558,-0.9009688679024191,-0.8660254037844385,-0.5000000000000004,1098.06,967.59,1084.7,989.386909375,72.08812270036367,9.450870592352787,Furnace
2024-08-02 14:00:00,116.6,94.0,33.42,0.918,704.5,255.93,62.63,61.34,1084.4,14,0,4,2,8,2024,0,1,-0.4999999999999997,-0.8660254037844388,-0.433883739117558,-0.9009688679024191,-0.8660254037844385,-0.5000000000000004,1080.14,1012.77,1084.7,989.383784375,72.08395379381055,9.300171526586622,Furnace
2024-08-05 12:00:00,122.14,100.0,32.61,0.972,721.68,269.62,61.51,59.51,1112.32,12,0,0,5,8,2024,0,1,1.2246467991473532e-16,-1.0,0.0,1.0,-0.8660254037844385,-0.5000000000000004,1028.42,965.52,1097.38,913.8901041666668,95.3316529694297,9.106926477812346,Furnace
2024-08-06 11:00:00,115.61,100.0,36.05,1.0,699.17,267.01,66.64,70.14,1102.97,11,0,1,6,8,2024,0,1,0.258819045102521,-0.9659258262890682,0.7818314824680298,0.6234898018587336,-0.8660254037844385,-0.5000000000000004,1057.54,925.38,1073.58,916.813125,98.12778617499367,9.540437678401522,Furnace
2024-08-06 12:00:00,118.89,100.0,30.6,0.992,713.63,279.61,56.95,54.59,1104.79,12,0,1,6,8,2024,0,1,1.2246467991473532e-16,-1.0,0.7818314824680298,0.6234898018587336,-0.8660254037844385,-0.5000000000000004,1102.97,927.62,1098.06,916.8832291666668,98.2609487082314,9.29253932206241,Furnace
2024-08-07 13:00:00,115.89,100.0,33.28,0.99,704.46,279.79,66.52,65.7,1116.46,13,0,2,7,8,2024,0,1,-0.2588190451025208,-0.9659258262890684,0.9749279121818236,-0.2225209339563143,-0.8660254037844385,-0.5000000000000004,1064.83,995.43,882.08,937.3604166666664,96.6487234529659,9.633790663560273,Furnace
2024-08-07 23:00:00,113.31,99.33,31.51,0.934,687.9,278.3,56.87,64.18,1087.25,23,0,2,7,8,2024,0,1,-0.2588190451025215,0.965925826289068,0.9749279121818236,-0.2225209339563143,-0.8660254037844385,-0.5000000000000004,1037.26,921.81,899.83,953.5215625,89.47229148652089,9.595357867796311,Furnace
2024-08-09 01:00:00,117.32,100.0,32.76,1.0,712.35,270.44,57.54,53.62,1093.95,1,0,4,9,8,2024,0,1,0.2588190451025207,0.9659258262890684,-0.433883739117558,-0.9009688679024191,-0.8660254037844385,-0.5000000000000004,1053.8,983.06,1060.17,990.3279166666666,65.52254874094328,9.324497101943404,Furnace
2024-08-09 23:00:00,113.86,90.59,32.95,0.961,698.47,253.31,63.98,66.44,1082.19,23,0,4,9,8,2024,0,1,-0.2588190451025215,0.965925826289068,-0.433883739117558,-0.9009688679024191,-0.8660254037844385,-0.5000000000000004,1037.79,913.8,1073.71,988.2480208333332,66.2233479994231,9.504567012120148,Furnace
2024-08-12 00:00:00,125.29,100.0,33.66,1.0,747.79,267.48,62.99,64.89,1120.6933,0,0,0,12,8,2024,0,1,0.0,1.0,0.0,1.0,-0.8660254037844385,-0.5000000000000004,925.76,764.21,1029.66,910.1170135416666,101.25125752132254,8.94479447681379,Furnace
2024-08-12 10:00:00,112.9,90.81,35.61,0.95,692.88,259.01,65.5,63.96,1081.35,10,0,0,12,8,2024,0,1,0.4999999999999999,-0.8660254037844387,0.0,1.0,-0.8660254037844385,-0.5000000000000004,985.92,892.59,1063.79,909.1432635416668,100.09742056292858,9.57794508414526,Furnace
2024-08-13 11:00:00,110.9,100.0,32.42,1.0,691.3,266.09,56.47,67.44,1081.3,11,0,1,13,8,2024,0,1,0.258819045102521,-0.9659258262890682,0.7818314824680298,0.6234898018587336,-0.8660254037844385,-0.5000000000000004,1011.37,944.36,1063.59,908.4468052083332,99.6910745260496,9.750225428313795,Furnace
2024-08-14 00:00:00,114.29,98.7,33.31,0.986,707.28,269.63,55.82,62.33,1095.06,0,0,2,14,8,2024,0,1,0.0,1.0,0.9749279121818236,-0.2225209339563143,-0.8660254037844385,-0.5000000000000004,1071.44,974.58,906.91,908.6870135416666,101.97376581385866,9.581415696911364,Furnace
2024-08-14 01:00:00,115.61,100.0,33.99,1.0,703.71,270.69,63.63,55.5,1093.53,1,0,2,14,8,2024,0,1,0.2588190451025207,0.9659258262890684,0.9749279121818236,-0.2225209339563143,-0.8660254037844385,-0.5000000000000004,1095.06,967.98,822.49,911.510346875,103.30554655142085,9.458783842228181,Furnace
2024-08-14 13:00:00,117.73,96.66,31.13,0.985,721.28,256.53,55.7,62.97,1096.49,13,0,2,14,8,2024,0,1,-0.2588190451025208,-0.9659258262890684,0.9749279121818236,-0.2225209339563143,-0.8660254037844385,-0.5000000000000004,1073.89,967.01,904.29,930.565659375,102.89777031977252,9.3135989127665,Furnace
2024-08-14 23:00:00,120.06,99.4,30.16,0.998,722.86,268.49,56.08,56.73,1104.17,23,0,2,14,8,2024,0,1,-0.2588190451025215,0.965925826289068,0.9749279121818236,-0.2225209339563143,-0.8660254037844385,-0.5000000000000004,1005.99,884.31,887.07,946.186284375,96.67680705839302,9.196818257537899,Furnace
2024-08-15 00:00:00,116.28,93.98,32.95,0.954,695.61,253.9,64.2,61.62,1104.17,0,0,3,15,8,2024,0,1,0.0,1.0,0.4338837391175582,-0.900968867902419,-0.8660254037844385,-0.5000000000000004,1104.17,975.12,911.44,948.1938885416668,97.94053522199977,9.495786033711731,Furnace
2024-08-15 13:00:00,115.63,100.0,31.57,0.953,704.99,273.73,53.71,54.97,1087.4,13,0,3,15,8,2024,0,1,-0.2588190451025208,-0.9659258262890684,0.4338837391175582,-0.900968867902419,-0.8660254037844385,-0.5000000000000004,1075.52,959.07,839.8,969.915346875,87.61861485193856,9.40413387529188,Furnace
2024-08-16 13:00:00,115.97,99.68,28.19,1.0,703.84,272.94,53.47,66.05,1096.3,13,0,4,16,8,2024,0,1,-0.2588190451025208,-0.9659258262890684,-0.433883739117558,-0.9009688679024191,-0.8660254037844385,-0.5000000000000004,1050.15,1000.87,1015.8,986.518125,72.76261799509734,9.453306889712856,Furnace
2024-08-19 00:00:00,113.54,95.1,34.04,0.941,699.92,255.96,69.85,57.23,1082.96,0,0,0,19,8,2024,0,1,0.0,1.0,0.0,1.0,-0.8660254037844385,-0.5000000000000004,879.48,843.03,1104.17,913.7408333333332,98.47771564825376,9.538136339615994,Furnace
2024-08-19 12:00:00,115.3,100.0,29.47,0.958,691.93,273.55,55.13,61.26,1081.86,12,0,0,19,8,2024,0,1,1.2246467991473532e-16,-1.0,0.0,1.0,-0.8660254037844385,-0.5000000000000004,1018.41,924.29,1075.52,912.9078125,97.75545286396164,9.383000867302687,Furnace
2024-08-19 13:00:00,117.19,100.0,31.44,0.967,699.08,272.0,53.36,59.33,1083.77,13,0,0,19,8,2024,0,1,-0.2588190451025208,-0.9659258262890684,0.0,1.0,-0.8660254037844385,-0.5000000000000004,1081.86,988.73,1087.4,912.87,97.68792631317592,9.247973376567966,Furnace
2024-08-20 00:00:00,116.09,100.0,32.53,1.0,704.04,270.0,60.34,61.11,1095.48,0,0,1,20,8,2024,0,1,0.0,1.0,0.7818314824680298,0.6234898018587336,-0.8660254037844385,-0.5000000000000004,1052.92,916.34,1055.57,913.5320833333334,98.45034683231736,9.43647170298906,Furnace
2024-08-20 12:00:00,122.6,100.0,32.71,1.0,738.89,270.66,58.99,55.51,1120.6933,12,0,1,20,8,2024,0,1,1.2246467991473532e-16,-1.0,0.7818314824680298,0.6234898018587336,-0.8660254037844385,-0.5000000000000004,1068.09,926.99,1050.15,910.8346177083332,98.5413817877046,9.141054649265905,Furnace
2024-08-20 13:00:00,117.08,100.0,29.7,0.934,706.51,278.96,56.26,53.07,1094.8,13,0,1,20,8,2024,0,1,-0.2588190451025208,-0.9659258262890684,0.7818314824680298,0.6234898018587336,-0.8660254037844385,-0.5000000000000004,1120.6933,992.99,1096.3,910.8189927083334,98.51177879108728,9.350871199180048,Furnace
2024-08-20 14:00:00,114.07,99.5,33.31,1.0,688.48,273.61,64.44,59.51,1086.04,14,0,1,20,8,2024,0,1,-0.4999999999999997,-0.8660254037844388,0.7818314824680298,0.6234898018587336,-0.8660254037844385,-0.5000000000000004,1094.8,982.2,1064.41,911.0443052083332,98.89077087593868,9.520820548785833,Furnace
2024-08-21 01:00:00,114.52,100.0,30.4,1.0,714.85,270.45,54.47,53.66,1093.43,1,0,2,21,8,2024,0,1,0.2588190451025207,0.9659258262890684,0.9749279121818236,-0.2225209339563143,-0.8660254037844385,-0.5000000000000004,1055.24,1023.84,900.26,913.5420135416666,102.33968777462216,9.547939224589593,Furnace
2024-08-21 12:00:00,116.68,91.99,32.47,0.993,712.34,255.32,62.06,55.79,1085.51,12,0,2,21,8,2024,0,1,1.2246467991473532e-16,-1.0,0.9749279121818236,-0.2225209339563143,-0.8660254037844385,-0.5000000000000004,1052.43,926.54,888.23,931.3979510416668,99.63926037259957,9.30330819334933,Furnace
2024-08-22 00:00:00,114.33,94.26,32.02,0.98,700.97,251.87,57.89,72.0,1082.73,0,0,3,22,8,2024,0,1,0.0,1.0,0.4338837391175582,-0.900968867902419,-0.8660254037844385,-0.5000000000000004,1022.6,956.87,847.59,950.364409375,93.14726332236825,9.47021779060614,Furnace
2024-08-22 11:00:00,116.8,95.48,32.74,0.976,715.79,269.11,63.96,54.7,1103.55,11,0,3,22,8,2024,0,1,0.258819045102521,-0.9659258262890682,0.4338837391175582,-0.900968867902419,-0.8660254037844385,-0.5000000000000004,1033.48,926.11,875.27,968.7320135416668,83.14305376927855,9.448202054794521,Furnace
2024-08-22 23:00:00,113.92,98.19,30.78,0.973,684.24,278.38,56.36,65.58,1084.56,23,0,3,22,8,2024,0,1,-0.2588190451025215,0.965925826289068,0.4338837391175582,-0.900968867902419,-0.8660254037844385,-0.5000000000000004,1017.44,911.73,879.48,985.5754510416664,71.79242135273392,9.520365168539325,Furnace
2024-08-23 00:00:00,118.15,98.8,31.43,1.0,705.91,275.33,59.0,66.72,1106.97,0,0,4,23,8,2024,0,1,0.0,1.0,-0.433883739117558,-0.9009688679024191,-0.8660254037844385,-0.5000000000000004,1084.56,1015.68,1082.96,985.8255552083332,72.17604929252711,9.369191705459162,Furnace
2024-08-23 13:00:00,117.5,96.17,28.52,0.993,723.32,274.7,53.87,61.39,1113.28,13,0,4,23,8,2024,0,1,-0.2588190451025208,-0.9659258262890684,-0.433883739117558,-0.9009688679024191,-0.8660254037844385,-0.5000000000000004,1062.37,1012.16,1083.77,986.681909375,72.80476351730005,9.474723404255318,Furnace
2024-08-27 01:00:00,118.64,100.0,29.06,0.958,708.75,269.75,56.48,61.29,1096.28,1,0,1,27,8,2024,0,1,0.2588190451025207,0.9659258262890684,0.7818314824680298,0.6234898018587336,-0.8660254037844385,-0.5000000000000004,1065.82,983.19,1035.04,905.0426041666666,96.55769741994465,9.240391099123398,Furnace
2024-08-28 00:00:00,115.12,100.0,26.98,1.0,694.04,279.64,53.51,57.5,1084.68,0,0,2,28,8,2024,0,1,0.0,1.0,0.9749279121818236,-0.2225209339563143,-0.8660254037844385,-0.5000000000000004,1069.89,966.01,881.43,905.7602083333333,97.52415032594833,9.422168172341904,Furnace
2024-08-28 01:00:00,115.06,98.3,29.98,0.932,702.62,276.47,54.0,64.2,1097.28,1,0,2,28,8,2024,0,1,0.2588190451025207,0.9659258262890684,0.9749279121818236,-0.2225209339563143,-0.8660254037844385,-0.5000000000000004,1084.68,962.99,866.86,908.1604166666666,99.3746096229778,9.536589605423258,Furnace
2024-08-28 10:00:00,115.05,95.93,33.07,0.901,695.15,272.79,58.8,56.42,1083.16,10,0,2,28,8,2024,0,1,0.4999999999999999,-0.8660254037844387,0.9749279121818236,-0.2225209339563143,-0.8660254037844385,-0.5000000000000004,932.62,911.19,838.47,920.84875,96.570792601512,9.414689265536724,Furnace
2024-08-28 12:00:00,117.79,100.0,31.0,0.965,711.52,267.73,58.53,61.28,1099.06,12,0,2,28,8,2024,0,1,1.2246467991473532e-16,-1.0,0.9749279121818236,-0.2225209339563143,-0.8660254037844385,-0.5000000000000004,1070.37,940.23,907.95,925.2551041666668,99.00885097058456,9.330673232023091,Furnace
2024-08-28 23:00:00,121.38,100.0,29.88,1.0,720.81,276.91,51.56,66.63,1115.91,23,0,2,28,8,2024,0,1,-0.2588190451025215,0.965925826289068,0.9749279121818236,-0.2225209339563143,-0.8660254037844385,-0.5000000000000004,1045.1,916.48,881.88,942.9858333333332,94.08551444708236,9.193524468610974,Furnace
2024-08-29 00:00:00,114.45,100.0,29.03,1.0,695.04,275.81,56.2,56.0,1083.05,0,0,3,29,8,2024,0,1,0.0,1.0,0.4338837391175582,-0.900968867902419,-0.8660254037844385,-0.5000000000000004,1115.91,917.62,878.61,945.1154166666666,94.92303439509378,9.463084316295324,Furnace
2024-08-29 01:00:00,115.35,89.96,31.82,0.912,705.51,254.24,67.03,63.03,1089.82,1,0,3,29,8,2024,0,1,0.2588190451025207,0.9659258262890684,0.4338837391175582,-0.900968867902419,-0.8660254037844385,-0.5000000000000004,1083.05,989.61,897.16,947.1222916666668,95.92976506940988,9.447941048981361,Furnace
2024-08-29 12:00:00,127.39,95.29,30.66,0.933,769.06,249.92,55.2,52.24,1120.6933,12,0,3,29,8,2024,0,1,1.2246467991473532e-16,-1.0,0.4338837391175582,-0.900968867902419,-0.8660254037844385,-0.5000000000000004,1029.57,961.04,876.27,963.9311802083332,89.0876018187898,8.79734123557579,Furnace
2024-08-30 00:00:00,125.81,99.67,33.0,0.966,756.71,262.97,57.07,57.77,1120.6933,0,0,4,30,8,2024,0,1,0.0,1.0,-0.433883739117558,-0.9009688679024191,-0.8660254037844385,-0.5000000000000004,1059.89,962.2,1059.28,982.31569375,72.6873207886192,8.907823702408393,Furnace
2024-08-30 12:00:00,115.13,97.25,30.64,1.0,699.66,266.83,53.91,65.27,1085.68,12,0,4,30,8,2024,0,1,1.2246467991473532e-16,-1.0,-0.433883739117558,-0.9009688679024191,-0.8660254037844385,-0.5000000000000004,1038.63,904.46,1063.77,980.78631875,74.2272544924227,9.430035611916963,Furnace
2024-09-02 01:00:00,118.56,100.0,28.63,1.0,708.12,272.84,46.43,62.07,1089.46,1,0,0,2,9,2024,0,1,0.2588190451025207,0.9659258262890684,0.0,1.0,-1.0,-1.8369701987210294e-16,1030.4,845.28,1089.82,903.5923604166666,100.36301018156178,9.189102564102564,Furnace
2024-09-02 06:00:00,82.05,86.17,30.36,0.804,533.08,236.54,52.81,67.44,1120.6933,6,0,0,2,9,2024,0,1,1.0,6.123233995736766e-17,0.0,1.0,-1.0,-1.8369701987210294e-16,963.02,1018.46,858.71,905.9381239583334,101.83894498796114,13.658663010359536,Furnace
2024-09-03 12:00:00,118.19,97.07,29.82,1.0,710.28,260.59,51.56,58.23,1080.65,12,0,1,3,9,2024,0,1,1.2246467991473532e-16,-1.0,0.7818314824680298,0.6234898018587336,-1.0,-1.8369701987210294e-16,1062.81,983.73,1085.68,903.0954510416668,97.1726770953514,9.143328538793469,Furnace
2024-09-04 00:00:00,119.72,100.0,29.77,0.952,723.58,275.98,54.26,67.08,1120.6933,0,0,2,4,9,2024,0,1,0.0,1.0,0.9749279121818236,-0.2225209339563143,-1.0,-1.8369701987210294e-16,1039.92,897.04,895.95,905.4273604166666,99.3561406882972,9.36095305713331,Furnace
2024-09-04 10:00:00,112.48,100.0,29.39,1.0,695.72,270.41,54.62,61.64,1082.39,10,0,2,4,9,2024,0,1,0.4999999999999999,-0.8660254037844387,0.9749279121818236,-0.2225209339563143,-1.0,-1.8369701987210294e-16,923.43,942.83,852.18,920.38663125,96.0528000519196,9.62295519203414,Furnace
2024-09-04 11:00:00,121.92,93.73,28.37,0.893,743.08,256.81,48.33,58.44,1106.66,11,0,2,4,9,2024,0,1,0.258819045102521,-0.9659258262890682,0.9749279121818236,-0.2225209339563143,-1.0,-1.8369701987210294e-16,1082.39,865.02,852.81,923.0309020833334,97.65369836722274,9.076935695538058,Furnace
2024-09-05 01:00:00,116.23,100.0,28.54,1.0,700.37,275.64,44.97,59.63,1080.61,1,0,3,5,9,2024,0,1,0.2588190451025207,0.9659258262890684,0.4338837391175582,-0.900968867902419,-1.0,-1.8369701987210294e-16,1064.05,921.37,887.96,945.3155895833332,94.44259014362196,9.297169405489115,Furnace
2024-09-05 12:00:00,120.47,98.53,29.67,1.0,726.74,270.39,57.5,49.99,1104.62,12,0,3,5,9,2024,0,1,1.2246467991473532e-16,-1.0,0.4338837391175582,-0.900968867902419,-1.0,-1.8369701987210294e-16,1018.93,923.0,888.17,963.6615270833336,85.88152693920841,9.169253756121856,Furnace
2024-09-06 00:00:00,121.61,100.0,26.72,0.913,733.59,272.12,45.17,52.91,1103.79,0,0,4,6,9,2024,0,1,0.0,1.0,-0.433883739117558,-0.9009688679024191,-1.0,-1.8369701987210294e-16,1038.4,953.18,1030.4,982.3714229166668,71.16471890151173,9.076473974179756,Furnace
2024-09-06 01:00:00,115.48,93.72,29.23,0.959,707.63,260.53,53.34,63.64,1085.14,1,0,4,6,9,2024,0,1,0.2588190451025207,0.9659258262890684,-0.433883739117558,-0.9009688679024191,-1.0,-1.8369701987210294e-16,1103.79,909.78,1089.46,982.3264229166666,71.09762437703174,9.396778662971943,Furnace
2024-09-06 12:00:00,116.74,98.93,28.57,0.94,695.4,267.0,53.81,62.62,1078.83,12,0,4,6,9,2024,0,1,1.2246467991473532e-16,-1.0,-0.433883739117558,-0.9009688679024191,-1.0,-1.8369701987210294e-16,1018.42,960.15,994.35,982.5110760416666,68.24787648809748,9.2413054651362,Furnace
2024-09-09 10:00:00,118.07,100.0,27.42,1.0,707.81,276.52,52.46,57.52,1094.31,10,0,0,9,9,2024,0,1,0.4999999999999999,-0.8660254037844387,0.0,1.0,-1.0,-1.8369701987210294e-16,972.99,903.76,1040.27,908.620625,97.83802474458004,9.268315406115017,Furnace
2024-09-09 11:00:00,115.38,99.31,29.1,1.0,689.69,272.96,52.95,64.36,1079.96,11,0,0,9,9,2024,0,1,0.258819045102521,-0.9659258262890682,0.0,1.0,-1.0,-1.8369701987210294e-16,1094.31,960.3,1018.93,909.2563541666668,98.756304945902,9.360027734442712,Furnace
2024-09-09 13:00:00,115.88,100.0,27.18,0.982,710.42,269.36,51.97,70.1,1101.86,13,0,0,9,9,2024,0,1,-0.2588190451025208,-0.9659258262890684,0.0,1.0,-1.0,-1.8369701987210294e-16,1058.85,972.99,1074.14,909.0683333333332,98.44229923817429,9.508629616845012,Furnace
2024-09-10 00:00:00,115.74,100.0,27.44,0.907,700.86,269.57,48.06,60.72,1079.22,0,0,1,10,9,2024,0,1,0.0,1.0,0.7818314824680298,0.6234898018587336,-1.0,-1.8369701987210294e-16,1023.8,967.85,1103.79,909.28625,97.48360037246752,9.324520476931053,Furnace
2024-09-10 12:00:00,114.62,98.31,31.1,1.0,694.51,267.34,60.86,60.17,1082.87,12,0,1,10,9,2024,0,1,1.2246467991473532e-16,-1.0,0.7818314824680298,0.6234898018587336,-1.0,-1.8369701987210294e-16,1068.58,975.05,1078.83,908.2257291666666,99.3604183051707,9.44747862502181,Furnace
2024-09-11 10:00:00,116.85,100.0,28.56,0.93,698.45,269.04,50.94,62.92,1081.36,10,0,2,11,9,2024,0,1,0.4999999999999999,-0.8660254037844387,0.9749279121818236,-0.2225209339563143,-1.0,-1.8369701987210294e-16,1008.15,858.21,832.48,925.3389583333332,97.70868684625444,9.25425759520753,Furnace
2024-09-11 12:00:00,117.14,100.0,27.07,0.951,698.69,267.11,52.24,62.1,1080.13,12,0,2,11,9,2024,0,1,1.2246467991473532e-16,-1.0,0.9749279121818236,-0.2225209339563143,-1.0,-1.8369701987210294e-16,1065.14,938.62,896.67,929.1234375,99.82445864013587,9.22084684992317,Furnace
2024-09-11 13:00:00,110.08,97.71,29.0,0.989,675.99,265.18,52.19,52.25,1080.13,13,0,2,11,9,2024,0,1,-0.2588190451025208,-0.9659258262890684,0.9749279121818236,-0.2225209339563143,-1.0,-1.8369701987210294e-16,1080.13,1008.15,898.73,931.0130208333334,100.95356368798964,9.812227470930234,Furnace
2024-09-11 14:00:00,111.66,97.47,28.76,0.996,692.07,276.74,56.66,57.09,1082.56,14,0,2,11,9,2024,0,1,-0.4999999999999997,-0.8660254037844388,0.9749279121818236,-0.2225209339563143,-1.0,-1.8369701987210294e-16,1080.13,1081.36,889.73,933.0216666666666,102.03605987633928,9.69514597886441,Furnace
2024-09-12 12:00:00,122.47,100.0,28.86,1.0,729.39,267.99,51.19,61.88,1110.45,12,0,3,12,9,2024,0,1,1.2246467991473532e-16,-1.0,0.4338837391175582,-0.900968867902419,-1.0,-1.8369701987210294e-16,1027.3,936.99,907.89,968.1811458333332,84.31071486965075,9.067118477994612,Furnace
2024-09-16 12:00:00,118.32,100.0,28.51,0.957,705.88,272.39,47.42,62.98,1088.67,12,0,0,16,9,2024,0,1,1.2246467991473532e-16,-1.0,0.0,1.0,-1.0,-1.8369701987210294e-16,1067.0,914.78,1110.45,902.5066666666668,98.0385522200501,9.201064908722111,Furnace
2024-09-17 00:00:00,114.13,96.35,25.25,0.945,700.82,277.37,46.9,66.43,1091.52,0,0,1,17,9,2024,0,1,0.0,1.0,0.7818314824680298,0.6234898018587336,-1.0,-1.8369701987210294e-16,1053.67,892.97,1076.49,902.0546875,98.91237268094916,9.563830719355122,Furnace
2024-09-17 12:00:00,125.55,100.0,27.58,0.993,748.35,265.44,52.21,64.66,1120.6933,12,0,1,17,9,2024,0,1,1.2246467991473532e-16,-1.0,0.7818314824680298,0.6234898018587336,-1.0,-1.8369701987210294e-16,1053.66,880.37,1055.47,903.9371177083334,100.32328607075904,8.926270808442851,Furnace
2024-09-18 12:00:00,118.64,99.54,27.84,1.0,707.92,271.2,46.57,57.55,1083.25,12,0,2,18,9,2024,0,1,1.2246467991473532e-16,-1.0,0.9749279121818236,-0.2225209339563143,-1.0,-1.8369701987210294e-16,1055.74,940.22,923.19,924.8422218749998,99.9476479619508,9.130563047875928,Furnace
2024-09-19 00:00:00,120.8,100.0,23.51,0.948,713.31,276.8,47.64,62.2,1099.95,0,0,3,19,9,2024,0,1,0.0,1.0,0.4338837391175582,-0.900968867902419,-1.0,-1.8369701987210294e-16,1076.57,928.22,892.75,942.0007635416669,96.2844783254805,9.105546357615895,Furnace
2024-09-19 23:00:00,117.84,100.0,27.32,0.962,718.01,263.34,48.39,60.08,1089.81,23,0,3,19,9,2024,0,1,-0.2588190451025215,0.965925826289068,0.4338837391175582,-0.900968867902419,-1.0,-1.8369701987210294e-16,1000.84,932.67,869.78,977.434096875,70.76285958754505,9.248217922606925,Furnace
2024-09-20 11:00:00,118.21,99.8,23.76,1.0,724.34,267.58,40.78,49.46,1082.16,11,0,4,20,9,2024,0,1,0.258819045102521,-0.9659258262890682,-0.433883739117558,-0.9009688679024191,-1.0,-1.8369701987210294e-16,1014.26,867.6,1067.0,978.937846875,71.18651367069612,9.154555452161409,Furnace
2024-09-21 01:00:00,82.96,85.25,28.47,0.787,527.08,245.93,56.54,66.9,1120.6933,1,0,5,21,9,2024,1,0,0.2588190451025207,0.9659258262890684,-0.9749279121818236,-0.2225209339563146,-1.0,-1.8369701987210294e-16,914.06,963.78,1027.13,977.9196520833332,70.11189235967555,13.508839199614272,Furnace
2024-09-23 11:00:00,116.23,98.22,24.58,0.828,710.07,267.24,50.85,65.46,1093.61,11,0,0,23,9,2024,0,1,0.258819045102521,-0.9659258262890682,0.0,1.0,-1.0,-1.8369701987210294e-16,974.23,884.59,1047.72,902.3908677083332,102.9647012952856,9.409016605007311,Furnace
2024-09-23 12:00:00,115.47,96.03,25.34,0.901,707.35,282.07,40.92,57.16,1087.49,12,0,0,23,9,2024,0,1,1.2246467991473532e-16,-1.0,0.0,1.0,-1.0,-1.8369701987210294e-16,1093.61,889.08,1059.16,902.685971875,103.4581578454333,9.417944054732832,Furnace
2024-09-25 11:00:00,116.6,100.0,25.49,1.0,718.36,271.24,47.54,52.96,1090.1,11,0,2,25,9,2024,0,1,0.258819045102521,-0.9659258262890682,0.9749279121818236,-0.2225209339563143,-1.0,-1.8369701987210294e-16,989.18,932.52,900.82,915.15625,96.31558913280868,9.349056603773585,Furnace
2024-09-27 12:00:00,118.83,100.0,25.85,0.909,704.16,269.27,50.3,59.75,1083.48,12,0,4,27,9,2024,0,1,1.2246467991473532e-16,-1.0,-0.433883739117558,-0.9009688679024191,-1.0,-1.8369701987210294e-16,1030.71,955.24,1087.49,972.0071875,65.52485019486599,9.117899520323151,Furnace
2024-09-29 00:00:00,86.33,91.66,23.91,0.974,553.0,247.11,44.48,63.36,1120.6933,0,0,6,29,9,2024,1,0,0.0,1.0,-0.7818314824680299,0.6234898018587334,-1.0,-1.8369701987210294e-16,892.52,793.39,1046.69,936.9754510416666,91.24302923686705,12.981504691300822,Furnace
2024-09-30 11:00:00,118.88,100.0,25.32,0.965,717.51,267.41,48.57,53.82,1087.32,11,0,0,30,9,2024,0,1,0.258819045102521,-0.9659258262890682,0.0,1.0,-1.0,-1.8369701987210294e-16,1012.19,920.23,1043.02,903.327846875,101.73119592139996,9.146366083445491,Furnace
2024-10-01 23:00:00,119.95,95.31,25.85,0.894,724.61,272.41,50.36,52.91,1100.31,23,0,1,1,10,2024,0,1,-0.2588190451025215,0.965925826289068,0.7818314824680298,0.6234898018587336,-0.8660254037844386,0.5000000000000001,969.22,911.66,1033.97,900.0713885416667,100.01448387833852,9.173072113380574,Furnace
2024-10-02 13:00:00,121.78,100.0,24.74,1.0,736.27,275.88,53.06,58.39,1120.6933,13,0,2,2,10,2024,0,1,-0.2588190451025208,-0.9659258262890684,0.9749279121818236,-0.2225209339563143,-0.8660254037844386,0.5000000000000001,1036.23,952.11,860.95,919.9318395833334,103.29664191968352,9.202605518147479,Furnace
2024-10-03 12:00:00,116.53,100.0,25.74,0.984,713.82,267.24,47.6,55.43,1084.09,12,0,3,3,10,2024,0,1,1.2246467991473532e-16,-1.0,0.4338837391175582,-0.900968867902419,-0.8660254037844386,0.5000000000000001,1035.64,951.89,875.9,955.028471875,85.88592317981978,9.303097914700077,Furnace
2024-10-04 00:00:00,119.42,98.97,25.22,0.908,715.89,272.87,41.88,61.84,1092.49,0,0,4,4,10,2024,0,1,0.0,1.0,-0.433883739117558,-0.9009688679024191,-0.8660254037844386,0.5000000000000001,1035.07,905.08,1075.92,973.0580552083334,67.80901359940707,9.148300117233294,Furnace
2024-10-04 12:00:00,118.33,100.0,24.03,0.999,722.24,266.1,47.85,44.02,1080.21,12,0,4,4,10,2024,0,1,1.2246467991473532e-16,-1.0,-0.433883739117558,-0.9009688679024191,-0.8660254037844386,0.5000000000000001,1048.51,909.29,1053.51,973.255971875,68.92704949065248,9.128792360348179,Furnace
2024-10-07 00:00:00,117.27,97.05,21.92,0.944,721.45,277.15,40.65,54.31,1093.56,0,0,0,7,10,2024,0,1,0.0,1.0,0.0,1.0,-0.8660254037844386,0.5000000000000001,874.32,798.73,1044.8,897.94125,100.88745430585388,9.325147096444104,Furnace
2024-10-14 12:00:00,118.79,100.0,24.13,0.959,714.72,279.16,47.2,59.47,1100.55,12,0,0,14,10,2024,0,1,1.2246467991473532e-16,-1.0,0.0,1.0,-0.8660254037844386,0.5000000000000001,988.15,881.78,1041.37,888.3936458333334,94.2553500267922,9.264668743160199,Furnace
2024-10-15 23:00:00,114.91,96.42,22.13,0.972,705.42,261.88,41.48,71.68,1080.46,23,0,1,15,10,2024,0,1,-0.2588190451025215,0.965925826289068,0.7818314824680298,0.6234898018587336,-0.8660254037844386,0.5000000000000001,1023.8,892.99,1035.81,891.1740624999999,96.61530527741748,9.402662953615874,Furnace
2024-10-16 00:00:00,120.79,99.7,21.38,1.0,729.87,269.73,42.85,44.92,1087.37,0,0,2,16,10,2024,0,1,0.0,1.0,0.9749279121818236,-0.2225209339563143,-0.8660254037844386,0.5000000000000001,1080.46,931.93,877.67,893.3584375,98.65578426585918,9.002152496067554,Furnace
2024-10-16 22:00:00,118.17,95.86,21.97,0.945,711.92,267.74,39.2,64.45,1083.31,22,0,2,16,10,2024,0,1,-0.5000000000000004,0.8660254037844384,0.9749279121818236,-0.2225209339563143,-0.8660254037844386,0.5000000000000001,999.55,886.25,903.25,926.8215625,96.0598242799294,9.167385969366167,Furnace
2024-10-17 00:00:00,119.47,100.0,22.72,0.939,713.63,278.07,52.85,62.22,1106.78,0,0,3,17,10,2024,0,1,0.0,1.0,0.4338837391175582,-0.900968867902419,-0.8660254037844386,0.5000000000000001,1045.81,940.73,894.08,930.6177083333332,98.38845530778,9.264083033397506,Furnace
2024-10-17 01:00:00,113.92,99.95,21.54,1.0,696.54,279.15,38.84,71.22,1085.74,1,0,3,17,10,2024,0,1,0.2588190451025207,0.9659258262890684,0.4338837391175582,-0.900968867902419,-0.8660254037844386,0.5000000000000001,1106.78,999.55,919.3,932.3514583333332,99.64535231435048,9.53072331460674,Furnace
2024-10-17 12:00:00,122.65,100.0,19.49,1.0,742.2,274.2,34.6,57.49,1108.5,12,0,3,17,10,2024,0,1,1.2246467991473532e-16,-1.0,0.4338837391175582,-0.900968867902419,-0.8660254037844386,0.5000000000000001,1041.57,909.24,925.99,949.4184375,89.87161375309668,9.037912759885854,Furnace
2024-10-18 06:00:00,87.35,89.06,23.51,0.92,560.51,250.08,38.84,54.59,1120.6933,6,0,4,18,10,2024,0,1,1.0,6.123233995736766e-17,-0.433883739117558,-0.9009688679024191,-0.8660254037844386,0.5000000000000001,885.94,982.07,843.77,971.3902427083334,73.45601379022862,12.829917572982255,Furnace
2024-10-21 12:00:00,121.42,100.0,20.24,1.0,724.64,276.74,46.71,60.32,1108.42,12,0,0,21,10,2024,0,1,1.2246467991473532e-16,-1.0,0.0,1.0,-0.8660254037844386,0.5000000000000001,1025.92,950.35,1108.5,896.9645135416667,104.45820470524966,9.128809092406524,Furnace
2024-10-22 00:00:00,116.37,98.44,20.74,0.991,705.71,275.12,38.24,62.5,1081.57,0,0,1,22,10,2024,0,1,0.0,1.0,0.7818314824680298,0.6234898018587336,-0.8660254037844386,0.5000000000000001,1047.4,948.06,1035.64,897.6213885416668,104.27519371899837,9.294233909083097,Furnace
2024-10-22 11:00:00,119.7,92.45,16.02,0.994,735.74,254.82,38.04,64.07,1092.68,11,0,1,22,10,2024,0,1,0.258819045102521,-0.9659258262890682,0.7818314824680298,0.6234898018587336,-0.8660254037844386,0.5000000000000001,1015.57,849.68,1036.37,894.2152083333332,102.43571801999452,9.128487886382624,Furnace
2024-10-22 13:00:00,117.76,93.86,22.63,0.938,719.15,253.92,44.59,66.51,1084.16,13,0,1,22,10,2024,0,1,-0.2588190451025208,-0.9659258262890684,0.7818314824680298,0.6234898018587336,-0.8660254037844386,0.5000000000000001,1016.93,1003.71,1041.2,894.0851041666666,102.32205853649953,9.206521739130435,Furnace
2024-10-23 12:00:00,122.01,99.6,21.23,0.951,744.96,274.2,46.44,63.84,1120.6933,12,0,2,23,10,2024,0,1,1.2246467991473532e-16,-1.0,0.9749279121818236,-0.2225209339563143,-0.8660254037844386,0.5000000000000001,1006.05,931.27,934.81,910.9438885416666,102.0834628707159,9.185257765756903,Furnace
2024-10-24 11:00:00,118.4,93.98,23.36,0.913,723.25,264.78,43.58,55.72,1087.32,11,0,3,24,10,2024,0,1,0.258819045102521,-0.9659258262890682,0.4338837391175582,-0.900968867902419,-0.8660254037844386,0.5000000000000001,1002.81,894.8,824.0,948.9230552083336,87.85772897114151,9.183445945945945,Furnace
2024-10-29 11:00:00,122.8,100.0,20.65,0.92,735.4,273.16,33.55,57.08,1099.2,11,0,1,29,10,2024,0,1,0.258819045102521,-0.9659258262890682,0.7818314824680298,0.6234898018587336,-0.8660254037844386,0.5000000000000001,1016.51,919.95,1031.59,895.8418750000001,97.23226613372728,8.95114006514658,Furnace
2024-10-29 12:00:00,122.93,100.0,20.45,0.955,725.82,273.32,43.13,53.04,1095.31,12,0,1,29,10,2024,0,1,1.2246467991473532e-16,-1.0,0.7818314824680298,0.6234898018587336,-0.8660254037844386,0.5000000000000001,1099.2,906.53,1046.67,896.3485416666666,98.14889629622247,8.91003009843,Furnace
2024-10-30 00:00:00,118.62,95.95,18.72,0.966,716.05,263.22,45.37,56.28,1080.92,0,0,2,30,10,2024,0,1,0.0,1.0,0.9749279121818236,-0.2225209339563143,-0.8660254037844386,0.5000000000000001,1046.72,959.29,914.41,898.0871875000001,98.94338414842802,9.112459956162535,Furnace
2024-10-31 11:00:00,118.74,96.62,19.43,1.0,715.23,260.3,42.86,65.79,1084.17,11,0,3,31,10,2024,0,1,0.258819045102521,-0.9659258262890682,0.4338837391175582,-0.900968867902419,-0.8660254037844386,0.5000000000000001,1032.3,871.94,856.16,950.4430208333332,86.64011752336783,9.130621526023246,Furnace
2024-11-01 11:00:00,115.89,100.0,18.19,1.0,702.31,267.6,47.43,62.94,1080.28,11,0,4,1,11,2024,0,1,0.258819045102521,-0.9659258262890682,-0.433883739117558,-0.9009688679024191,-0.5000000000000004,0.8660254037844384,1078.45,908.15,1076.92,968.1545833333334,71.18607678644734,9.321598067132625,Furnace
2024-11-01 12:00:00,124.48,98.88,18.08,0.985,735.99,264.22,43.55,69.12,1112.89,12,0,4,1,11,2024,0,1,1.2246467991473532e-16,-1.0,-0.433883739117558,-0.9009688679024191,-0.5000000000000004,0.8660254037844384,1080.28,869.66,1055.19,968.755625,72.16552334463896,8.940311696658098,Furnace
2024-11-06 00:00:00,122.06,100.0,18.95,0.882,734.57,275.92,40.32,58.34,1109.15,0,0,2,6,11,2024,0,1,0.0,1.0,0.9749279121818236,-0.2225209339563143,-0.5000000000000004,0.8660254037844384,1055.58,887.39,864.41,896.5629166666668,94.71762330229296,9.086924463378667,Furnace
2024-11-06 01:00:00,124.16,100.0,18.47,1.0,730.59,267.76,42.25,54.69,1095.29,1,0,2,6,11,2024,0,1,0.2588190451025207,0.9659258262890684,0.9749279121818236,-0.2225209339563143,-0.5000000000000004,0.8660254037844384,1109.15,978.45,884.76,898.7559375,96.85459115904376,8.821601159793815,Furnace
2024-11-07 00:00:00,123.45,100.0,20.9,0.952,746.37,265.29,41.24,65.49,1118.39,0,0,3,7,11,2024,0,1,0.0,1.0,0.4338837391175582,-0.900968867902419,-0.5000000000000004,0.8660254037844384,1019.29,919.92,878.97,932.2215625,92.05035751470882,9.059457270149858,Furnace
2024-11-07 14:00:00,115.17,100.0,19.82,1.0,708.04,269.7,43.6,72.22,1093.56,14,0,3,7,11,2024,0,1,-0.4999999999999997,-0.8660254037844388,0.4338837391175582,-0.900968867902419,-0.5000000000000004,0.8660254037844384,1077.24,989.23,839.46,955.67875,83.01743742320714,9.495181036728313,Furnace
2024-11-08 12:00:00,121.9,100.0,18.67,0.993,741.27,273.26,47.94,59.76,1120.6933,12,0,4,8,11,2024,0,1,1.2246467991473532e-16,-1.0,-0.433883739117558,-0.9009688679024191,-0.5000000000000004,0.8660254037844384,1061.6,891.74,1031.76,969.6904510416668,73.2176601353726,9.193546349466775,Furnace
2024-11-08 23:00:00,122.61,100.0,17.07,0.954,724.75,260.66,41.59,73.38,1100.38,23,0,4,8,11,2024,0,1,-0.2588190451025215,0.965925826289068,-0.433883739117558,-0.9009688679024191,-0.5000000000000004,0.8660254037844384,1074.94,884.76,1012.12,970.3488885416668,75.86699220112556,8.974635021613246,Furnace
2024-11-11 13:00:00,118.93,100.0,18.43,1.0,727.79,266.35,39.22,69.07,1102.44,13,0,0,11,11,2024,0,1,-0.2588190451025208,-0.9659258262890684,0.0,1.0,-0.5000000000000004,0.8660254037844384,1017.27,964.26,1077.24,891.909721875,104.90464933008448,9.269654418565542,Furnace
2024-11-11 23:00:00,118.45,100.0,19.96,0.92,718.75,262.03,47.5,52.06,1080.34,23,0,0,11,11,2024,0,1,-0.2588190451025215,0.965925826289068,0.0,1.0,-0.5000000000000004,0.8660254037844384,1042.56,838.65,1048.17,890.0810760416666,103.79113504005252,9.120641620937104,Furnace
2024-11-14 12:00:00,118.78,100.0,17.18,1.0,712.62,280.33,33.64,57.1,1083.69,12,0,3,14,11,2024,0,1,1.2246467991473532e-16,-1.0,0.4338837391175582,-0.900968867902419,-0.5000000000000004,0.8660254037844384,1060.53,879.81,909.89,949.2895833333332,85.95147348073229,9.12350564068025,Furnace
2024-11-19 00:00:00,118.24,98.73,20.02,1.0,703.98,274.56,42.68,63.36,1084.58,0,0,1,19,11,2024,0,1,0.0,1.0,0.7818314824680298,0.6234898018587336,-0.5000000000000004,0.8660254037844384,1033.18,932.34,1067.89,896.8984375,96.68788026513188,9.172699594046009,Furnace
2024-11-19 12:00:00,120.87,95.94,15.58,0.937,728.52,267.96,38.31,48.9,1083.69,12,0,1,19,11,2024,0,1,1.2246467991473532e-16,-1.0,0.7818314824680298,0.6234898018587336,-0.5000000000000004,0.8660254037844384,1067.66,941.54,1056.69,897.1140624999999,98.79210352610092,8.965748324646315,Furnace
2024-11-25 00:00:00,120.32,97.12,17.98,0.985,733.39,262.5,40.07,56.23,1092.19,0,0,0,25,11,2024,0,1,0.0,1.0,0.0,1.0,-0.5000000000000004,0.8660254037844384,860.89,742.9,1038.82,895.9071875,101.69515480569372,9.077376994680852,Furnace
2024-11-25 12:00:00,118.09,99.47,16.52,0.971,711.99,277.39,38.44,67.82,1095.64,12,0,0,25,11,2024,0,1,1.2246467991473532e-16,-1.0,0.0,1.0,-0.5000000000000004,0.8660254037844384,1024.74,958.2,1068.3,894.2911458333333,101.85121483780378,9.278008298755188,Furnace
2024-11-26 01:00:00,117.67,97.93,16.96,0.996,715.32,267.24,48.98,64.64,1096.19,1,0,1,26,11,2024,0,1,0.2588190451025207,0.9659258262890684,0.7818314824680298,0.6234898018587336,-0.5000000000000004,0.8660254037844384,1078.46,936.35,1059.1,893.6795833333332,102.77687601807686,9.315798419308235,Furnace
2024-11-26 11:00:00,118.37,100.0,17.98,0.947,708.99,273.39,36.74,60.99,1080.11,11,0,1,26,11,2024,0,1,0.258819045102521,-0.9659258262890682,0.7818314824680298,0.6234898018587336,-0.5000000000000004,0.8660254037844384,1039.45,915.6,1022.38,894.4946874999999,103.54978553387689,9.124862718594237,Furnace
2024-11-26 13:00:00,118.43,97.65,14.66,0.855,711.75,266.27,41.53,61.91,1081.46,13,0,1,26,11,2024,0,1,-0.2588190451025208,-0.9659258262890684,0.7818314824680298,0.6234898018587336,-0.5000000000000004,0.8660254037844384,1044.01,934.94,1045.77,894.6525,103.82923502711482,9.13163894283543,Furnace
2024-11-27 13:00:00,121.63,100.0,14.48,0.924,729.2,265.26,36.69,66.8,1097.95,13,0,2,27,11,2024,0,1,-0.2588190451025208,-0.9659258262890684,0.9749279121818236,-0.2225209339563143,-0.5000000000000004,0.8660254037844384,1062.87,913.19,872.59,919.0978125,103.56050147469804,9.026967031160076,Furnace
2024-11-28 23:00:00,112.89,100.0,17.3,0.994,698.81,279.31,40.11,67.76,1086.0,23,0,3,28,11,2024,0,1,-0.2588190451025215,0.965925826289068,0.4338837391175582,-0.900968867902419,-0.5000000000000004,0.8660254037844384,1062.31,910.96,860.89,970.3057291666664,75.67875529944712,9.619984055275047,Furnace
2024-11-29 12:00:00,120.11,99.66,15.97,0.995,726.85,279.13,37.4,55.35,1098.72,12,0,4,29,11,2024,0,1,1.2246467991473532e-16,-1.0,-0.433883739117558,-0.9009688679024191,-0.5000000000000004,0.8660254037844384,1070.97,908.73,1095.64,973.3672916666668,74.15200360680669,9.147614686537342,Furnace
2024-11-29 23:00:00,118.37,99.27,16.89,0.97,721.01,277.35,39.28,59.07,1096.7,23,0,4,29,11,2024,0,1,-0.2588190451025215,0.965925826289068,-0.433883739117558,-0.9009688679024191,-0.5000000000000004,0.8660254037844384,1027.45,872.69,1063.37,974.4323958333332,74.82341416182174,9.265016473768691,Furnace
2024-12-02 13:00:00,117.54,95.34,17.46,0.935,703.82,271.99,50.87,63.08,1089.76,13,0,0,2,12,2024,0,1,-0.2588190451025208,-0.9659258262890684,0.0,1.0,-2.4492935982947064e-16,1.0,1070.19,941.59,1008.24,895.8937500000001,107.19054851549475,9.271396971243831,Furnace
2024-12-03 00:00:00,116.76,100.0,14.4,1.0,698.15,278.81,42.7,61.01,1080.67,0,0,1,3,12,2024,0,1,0.0,1.0,0.7818314824680298,0.6234898018587336,-2.4492935982947064e-16,1.0,1053.63,883.98,1067.32,893.5923958333333,105.618409656698,9.255481329222336,Furnace
2024-12-05 12:00:00,116.06,99.97,14.14,1.0,704.97,274.96,36.48,63.39,1079.8,12,0,3,5,12,2024,0,1,1.2246467991473532e-16,-1.0,0.4338837391175582,-0.900968867902419,-2.4492935982947064e-16,1.0,1078.62,936.64,865.18,950.69375,84.89656386636659,9.303808374978459,Furnace
2024-12-05 13:00:00,110.76,100.0,18.06,1.0,673.18,287.66,37.82,60.2,1120.6933,13,0,3,5,12,2024,0,1,-0.2588190451025208,-0.9659258262890684,0.4338837391175582,-0.900968867902419,-2.4492935982947064e-16,1.0,1079.8,993.52,849.59,953.5177427083332,85.99986584100688,10.118213253882267,Furnace
2024-12-06 01:00:00,116.5,100.0,15.24,1.0,710.88,264.07,39.98,73.98,1088.92,1,0,4,6,12,2024,0,1,0.2588190451025207,0.9659258262890684,-0.433883739117558,-0.9009688679024191,-2.4492935982947064e-16,1.0,1073.34,945.02,1064.96,969.2898260416669,69.81579835146803,9.346952789699571,Furnace
2024-12-06 11:00:00,118.05,100.0,18.49,1.0,717.11,268.12,43.35,55.63,1084.21,11,0,4,6,12,2024,0,1,0.258819045102521,-0.9659258262890682,-0.433883739117558,-0.9009688679024191,-2.4492935982947064e-16,1.0,993.34,906.86,1041.81,969.6520135416666,71.47149993534103,9.184328674290555,Furnace
2024-12-10 00:00:00,119.49,94.03,14.71,0.995,725.28,264.15,35.27,55.42,1080.11,0,0,1,10,12,2024,0,1,0.0,1.0,0.7818314824680298,0.6234898018587336,-2.4492935982947064e-16,1.0,1021.73,863.03,1073.34,894.4173958333332,100.4149065600457,9.039333835467403,Furnace
2024-12-11 11:00:00,121.83,94.9,14.99,1.0,730.26,260.76,38.51,61.03,1090.56,11,0,2,11,12,2024,0,1,0.258819045102521,-0.9659258262890682,0.9749279121818236,-0.2225209339563143,-2.4492935982947064e-16,1.0,1007.6,874.23,885.63,908.2209375,99.13887613983626,8.951489780842158,Furnace
2024-12-11 12:00:00,118.22,100.0,16.65,1.0,723.21,268.97,42.16,60.45,1094.79,12,0,2,11,12,2024,0,1,1.2246467991473532e-16,-1.0,0.9749279121818236,-0.2225209339563143,-2.4492935982947064e-16,1.0,1090.56,874.23,912.06,910.124375,100.95098101567108,9.26061580104889,Furnace
2024-12-12 01:00:00,116.18,100.0,13.7,0.971,724.38,259.0,46.76,59.0,1089.14,1,0,3,12,12,2024,0,1,0.2588190451025207,0.9659258262890684,0.4338837391175582,-0.900968867902419,-2.4492935982947064e-16,1.0,1025.2,972.89,896.58,934.8567708333334,94.41862608945743,9.374591151661216,Furnace
2024-12-12 13:00:00,116.35,100.0,19.91,0.954,698.09,280.46,36.73,64.86,1080.15,13,0,3,12,12,2024,0,1,-0.2588190451025208,-0.9659258262890684,0.4338837391175582,-0.900968867902419,-2.4492935982947064e-16,1.0,1069.53,954.98,913.4,956.0922916666668,83.99016257532817,9.283626987537604,Furnace
2024-12-16 11:00:00,117.02,100.0,13.54,1.0,719.23,273.39,46.36,53.61,1092.59,11,0,0,16,12,2024,0,1,0.258819045102521,-0.9659258262890682,0.0,1.0,-2.4492935982947064e-16,1.0,980.42,826.76,1071.3,895.2399999999999,97.04837631440948,9.336780037600409,Furnace
2024-12-17 00:00:00,117.45,100.0,15.91,0.966,704.65,276.81,53.81,63.51,1098.77,0,0,1,17,12,2024,0,1,0.0,1.0,0.7818314824680298,0.6234898018587336,-2.4492935982947064e-16,1.0,1027.61,929.63,1059.27,893.7504166666666,95.64263448039767,9.355214985100043,Furnace
2024-12-18 23:00:00,119.14,100.0,14.15,0.995,722.99,274.92,47.81,62.67,1108.39,23,0,2,18,12,2024,0,1,-0.2588190451025215,0.965925826289068,0.9749279121818236,-0.2225209339563143,-2.4492935982947064e-16,1.0,970.94,908.04,876.1,931.3659375,92.32535874005814,9.303256672821892,Furnace
2024-12-19 12:00:00,122.93,100.0,15.96,0.99,733.57,268.81,38.45,58.08,1098.92,12,0,3,19,12,2024,0,1,1.2246467991473532e-16,-1.0,0.4338837391175582,-0.900968867902419,-2.4492935982947064e-16,1.0,1011.91,930.74,868.75,951.9409375,85.20802761882825,8.939396404457822,Furnace
2024-12-23 11:00:00,114.71,100.0,13.04,0.999,697.68,279.7,50.04,57.71,1085.13,11,0,0,23,12,2024,0,1,0.258819045102521,-0.9659258262890682,0.0,1.0,-2.4492935982947064e-16,1.0,967.82,896.45,1011.91,897.3280208333334,99.65037263109171,9.459768110888328,Furnace
2024-12-24 00:00:00,122.74,100.0,16.15,0.939,735.4,272.29,37.82,59.13,1104.65,0,0,1,24,12,2024,0,1,0.0,1.0,0.7818314824680298,0.6234898018587336,-2.4492935982947064e-16,1.0,1011.12,906.02,1064.15,896.94625,99.12867435016535,8.999918526967575,Furnace
2024-12-25 11:00:00,116.83,100.0,12.28,1.0,711.94,272.34,38.47,62.63,1085.37,11,0,2,25,12,2024,0,1,0.258819045102521,-0.9659258262890682,0.9749279121818236,-0.2225209339563143,-2.4492935982947064e-16,1.0,1010.26,915.01,857.19,915.2916666666666,97.1787992112501,9.290165197295215,Furnace
2024-12-26 00:00:00,121.47,100.0,13.4,0.935,730.72,263.37,48.63,58.15,1100.87,0,0,3,26,12,2024,0,1,0.0,1.0,0.4338837391175582,-0.900968867902419,-2.4492935982947064e-16,1.0,1048.02,953.16,892.49,935.0026041666666,94.99971898290693,9.062896188359264,Furnace
2024-12-26 23:00:00,119.65,100.0,17.86,0.996,708.45,272.52,33.98,67.37,1082.32,23,0,3,26,12,2024,0,1,-0.2588190451025215,0.965925826289068,0.4338837391175582,-0.900968867902419,-2.4492935982947064e-16,1.0,1025.44,897.4,859.97,968.7252083333334,74.32011412912973,9.045716673631423,Furnace
2024-12-27 12:00:00,115.83,100.0,16.07,1.0,696.19,274.87,46.66,61.33,1079.04,12,0,4,27,12,2024,0,1,1.2246467991473532e-16,-1.0,-0.433883739117558,-0.9009688679024191,-2.4492935982947064e-16,1.0,1067.97,930.66,1077.83,970.9022916666668,73.10129277392778,9.315721315721316,Furnace
